2026-06-28T19:58:34.905602Z  INFO benchmark: Initializing Lobby Benchmark Harness
2026-06-28T19:58:34.905628Z  INFO benchmark: Phase 1: Bootstrapping infrastructure stack (PostgreSQL & Redis via Testcontainers)
2026-06-28T19:58:34.905642Z  INFO benchmark::infra::containers: Booting ephemeral infrastructure for benchmark harness...
2026-06-28T19:58:36.805538Z  INFO benchmark::infra::containers: Postgres and Redis containers are running and healthy.
2026-06-28T19:58:37.809108Z  INFO benchmark::infra::containers: Resolved dynamic host ports. pg_port=32777 redis_port=32776
2026-06-28T19:58:37.975235Z  INFO benchmark::infra::containers: Database migrations applied successfully. Infrastructure ready.
2026-06-28T19:58:37.975254Z  INFO benchmark: Infrastructure stack online.
2026-06-28T19:58:37.975259Z  INFO benchmark: Phase 2: Generating EVM test keys and API stack
2026-06-28T19:58:37.982932Z  INFO benchmark::loadgen::keys: 100 account created in test_keys.json
2026-06-28T19:58:37.983527Z  INFO benchmark: API stack built successfully. account_count=100
2026-06-28T19:58:37.983537Z  INFO benchmark: Phase 3: Spawning MockRPC servers for target EVM chains chains=[1, 137, 560048]
2026-06-28T19:58:37.983668Z  INFO benchmark::mockrpc::router: Mockrpc server online chain_id=137 port=34227
2026-06-28T19:58:37.983700Z  INFO benchmark::mockrpc::router: Mockrpc server online chain_id=560048 port=40911
2026-06-28T19:58:37.983723Z  INFO benchmark::mockrpc::router: Mockrpc server online chain_id=1 port=35279
2026-06-28T19:58:37.983729Z  INFO benchmark: MockRPC servers listening and ready. ports={560048: 40911, 1: 35279, 137: 34227}
2026-06-28T19:58:37.983735Z  INFO benchmark: Phase 4: Assembling environment variables for Lobby process
2026-06-28T19:58:37.983743Z  INFO benchmark: Parsing static environment file path="benchmark/bench.env"
2026-06-28T19:58:37.983811Z  INFO benchmark: Environment variables assembled
2026-06-28T19:58:37.983830Z  INFO benchmark: Spawning Lobby server process
2026-06-28T19:58:37.984699Z  INFO benchmark: Polling Lobby server health on port 3000 (timeout: 90s)
2026-06-28T19:59:12.088391Z  INFO benchmark: Lobby server is healthy and bound to port 3000.
2026-06-28T19:59:12.088423Z  INFO benchmark: Phase 5: Initiating load generator and UDS telemetry stream
2026-06-28T19:59:12.093981Z  INFO benchmark: Executing benchmark load test ramp_secs=5.0 steady_secs=30.0 target_tps=1000.0 worker_threads=2
2026-06-28T19:59:12.094082Z  INFO benchmark::metrics: Connecting to Lobby telemetry UDS at: /tmp/lobby_benchmark_telemetry.sock
2026-06-28T19:59:12.094524Z  INFO benchmark::metrics: Telemetry collector online. Waiting for data
2026-06-28T19:59:46.589177Z  WARN benchmark::loadgen: Dispatch failed: Unexpected status code received: 500 Internal Server Error
2026-06-28T19:59:46.590194Z  WARN benchmark::loadgen: Dispatch failed: Unexpected status code received: 500 Internal Server Error
2026-06-28T19:59:46.593201Z  WARN benchmark::loadgen: Dispatch failed: Unexpected status code received: 500 Internal Server Error
2026-06-28T19:59:46.594161Z  WARN benchmark::loadgen: Dispatch failed: Unexpected status code received: 500 Internal Server Error
2026-06-28T19:59:46.595173Z  WARN benchmark::loadgen: Dispatch failed: Unexpected status code received: 500 Internal Server Error
2026-06-28T19:59:46.599171Z  WARN benchmark::loadgen: Dispatch failed: Unexpected status code received: 500 Internal Server Error
2026-06-28T19:59:46.600720Z  WARN benchmark::loadgen: Dispatch failed: Unexpected status code received: 500 Internal Server Error
2026-06-28T19:59:46.603181Z  WARN benchmark::loadgen: Dispatch failed: Unexpected status code received: 500 Internal Server Error
2026-06-28T19:59:46.605229Z  WARN benchmark::loadgen: Dispatch failed: Unexpected status code received: 500 Internal Server Error
2026-06-28T19:59:46.607561Z  WARN benchmark::loadgen: Dispatch failed: Unexpected status code received: 500 Internal Server Error
2026-06-28T19:59:46.610442Z  WARN benchmark::loadgen: Dispatch failed: Unexpected status code received: 500 Internal Server Error
2026-06-28T19:59:46.610479Z  WARN benchmark::loadgen: Dispatch failed: Unexpected status code received: 500 Internal Server Error
2026-06-28T19:59:46.611781Z  WARN benchmark::loadgen: Dispatch failed: Unexpected status code received: 500 Internal Server Error
2026-06-28T19:59:46.614486Z  WARN benchmark::loadgen: Dispatch failed: Unexpected status code received: 500 Internal Server Error
2026-06-28T19:59:46.616526Z  WARN benchmark::loadgen: Dispatch failed: Unexpected status code received: 500 Internal Server Error
2026-06-28T19:59:46.618341Z  WARN benchmark::loadgen: Dispatch failed: Unexpected status code received: 500 Internal Server Error
2026-06-28T19:59:46.618470Z  WARN benchmark::loadgen: Dispatch failed: Unexpected status code received: 500 Internal Server Error
2026-06-28T19:59:46.622207Z  WARN benchmark::loadgen: Dispatch failed: Unexpected status code received: 500 Internal Server Error
2026-06-28T19:59:46.624227Z  WARN benchmark::loadgen: Dispatch failed: Unexpected status code received: 500 Internal Server Error
2026-06-28T19:59:46.625307Z  WARN benchmark::loadgen: Dispatch failed: Unexpected status code received: 500 Internal Server Error
2026-06-28T19:59:46.628185Z  WARN benchmark::loadgen: Dispatch failed: Unexpected status code received: 500 Internal Server Error
2026-06-28T19:59:46.629221Z  WARN benchmark::loadgen: Dispatch failed: Unexpected status code received: 500 Internal Server Error
2026-06-28T19:59:46.632183Z  WARN benchmark::loadgen: Dispatch failed: Unexpected status code received: 500 Internal Server Error
2026-06-28T19:59:46.633200Z  WARN benchmark::loadgen: Dispatch failed: Unexpected status code received: 500 Internal Server Error
2026-06-28T19:59:46.635204Z  WARN benchmark::loadgen: Dispatch failed: Unexpected status code received: 500 Internal Server Error
2026-06-28T19:59:46.636202Z  WARN benchmark::loadgen: Dispatch failed: Unexpected status code received: 500 Internal Server Error
2026-06-28T19:59:46.637214Z  WARN benchmark::loadgen: Dispatch failed: Unexpected status code received: 500 Internal Server Error
2026-06-28T19:59:46.640141Z  WARN benchmark::loadgen: Dispatch failed: Unexpected status code received: 500 Internal Server Error
2026-06-28T19:59:46.641210Z  WARN benchmark::loadgen: Dispatch failed: Unexpected status code received: 500 Internal Server Error
2026-06-28T19:59:46.644754Z  WARN benchmark::loadgen: Dispatch failed: Unexpected status code received: 500 Internal Server Error
2026-06-28T19:59:46.645204Z  WARN benchmark::loadgen: Dispatch failed: Unexpected status code received: 500 Internal Server Error
2026-06-28T19:59:46.649194Z  WARN benchmark::loadgen: Dispatch failed: Unexpected status code received: 500 Internal Server Error
2026-06-28T19:59:46.649229Z  WARN benchmark::loadgen: Dispatch failed: Unexpected status code received: 500 Internal Server Error
2026-06-28T19:59:46.650438Z  WARN benchmark::loadgen: Dispatch failed: Unexpected status code received: 500 Internal Server Error
2026-06-28T19:59:46.654156Z  WARN benchmark::loadgen: Dispatch failed: Unexpected status code received: 500 Internal Server Error
2026-06-28T19:59:46.655220Z  WARN benchmark::loadgen: Dispatch failed: Unexpected status code received: 500 Internal Server Error
2026-06-28T19:59:46.658725Z  WARN benchmark::loadgen: Dispatch failed: Unexpected status code received: 500 Internal Server Error
2026-06-28T19:59:46.659211Z  WARN benchmark::loadgen: Dispatch failed: Unexpected status code received: 500 Internal Server Error
2026-06-28T19:59:46.662729Z  WARN benchmark::loadgen: Dispatch failed: Unexpected status code received: 500 Internal Server Error
2026-06-28T19:59:46.666235Z  WARN benchmark::loadgen: Dispatch failed: Unexpected status code received: 500 Internal Server Error
2026-06-28T19:59:46.667465Z  WARN benchmark::loadgen: Dispatch failed: Unexpected status code received: 500 Internal Server Error
2026-06-28T19:59:46.670215Z  WARN benchmark::loadgen: Dispatch failed: Unexpected status code received: 500 Internal Server Error
2026-06-28T19:59:46.670278Z  WARN benchmark::loadgen: Dispatch failed: Unexpected status code received: 500 Internal Server Error
2026-06-28T19:59:46.671578Z  WARN benchmark::loadgen: Dispatch failed: Unexpected status code received: 500 Internal Server Error
2026-06-28T19:59:46.674572Z  WARN benchmark::loadgen: Dispatch failed: Unexpected status code received: 500 Internal Server Error
2026-06-28T19:59:46.675549Z  WARN benchmark::loadgen: Dispatch failed: Unexpected status code received: 500 Internal Server Error
2026-06-28T19:59:46.678468Z  WARN benchmark::loadgen: Dispatch failed: Unexpected status code received: 500 Internal Server Error
2026-06-28T19:59:46.679502Z  WARN benchmark::loadgen: Dispatch failed: Unexpected status code received: 500 Internal Server Error
2026-06-28T19:59:46.682407Z  WARN benchmark::loadgen: Dispatch failed: Unexpected status code received: 500 Internal Server Error
2026-06-28T19:59:46.682407Z  WARN benchmark::loadgen: Dispatch failed: Unexpected status code received: 500 Internal Server Error
2026-06-28T19:59:46.685615Z  WARN benchmark::loadgen: Dispatch failed: Unexpected status code received: 500 Internal Server Error
2026-06-28T19:59:46.686355Z  WARN benchmark::loadgen: Dispatch failed: Unexpected status code received: 500 Internal Server Error
2026-06-28T19:59:46.687345Z  WARN benchmark::loadgen: Dispatch failed: Unexpected status code received: 500 Internal Server Error
2026-06-28T19:59:46.688282Z  WARN benchmark::loadgen: Dispatch failed: Unexpected status code received: 500 Internal Server Error
2026-06-28T19:59:46.690250Z  WARN benchmark::loadgen: Dispatch failed: Unexpected status code received: 500 Internal Server Error
2026-06-28T19:59:46.692315Z  WARN benchmark::loadgen: Dispatch failed: Unexpected status code received: 500 Internal Server Error
2026-06-28T19:59:46.695214Z  WARN benchmark::loadgen: Dispatch failed: Unexpected status code received: 500 Internal Server Error
2026-06-28T19:59:46.696292Z  WARN benchmark::loadgen: Dispatch failed: Unexpected status code received: 500 Internal Server Error
2026-06-28T19:59:46.699166Z  WARN benchmark::loadgen: Dispatch failed: Unexpected status code received: 500 Internal Server Error
2026-06-28T19:59:46.704250Z  WARN benchmark::loadgen: Dispatch failed: Unexpected status code received: 500 Internal Server Error
2026-06-28T19:59:46.705401Z  WARN benchmark::loadgen: Dispatch failed: Unexpected status code received: 500 Internal Server Error
2026-06-28T19:59:46.707594Z  WARN benchmark::loadgen: Dispatch failed: Unexpected status code received: 500 Internal Server Error
2026-06-28T19:59:46.708681Z  WARN benchmark::loadgen: Dispatch failed: Unexpected status code received: 500 Internal Server Error
2026-06-28T19:59:46.710007Z  WARN benchmark::loadgen: Dispatch failed: Unexpected status code received: 500 Internal Server Error
2026-06-28T19:59:46.711243Z  WARN benchmark::loadgen: Dispatch failed: Unexpected status code received: 500 Internal Server Error
2026-06-28T19:59:46.711282Z  WARN benchmark::loadgen: Dispatch failed: Unexpected status code received: 500 Internal Server Error
2026-06-28T19:59:46.714234Z  WARN benchmark::loadgen: Dispatch failed: Unexpected status code received: 500 Internal Server Error
2026-06-28T19:59:46.716179Z  WARN benchmark::loadgen: Dispatch failed: Unexpected status code received: 500 Internal Server Error
2026-06-28T19:59:46.717180Z  WARN benchmark::loadgen: Dispatch failed: Unexpected status code received: 500 Internal Server Error
2026-06-28T19:59:46.719166Z  WARN benchmark::loadgen: Dispatch failed: Unexpected status code received: 500 Internal Server Error
2026-06-28T19:59:46.721262Z  WARN benchmark::loadgen: Dispatch failed: Unexpected status code received: 500 Internal Server Error
2026-06-28T19:59:46.723208Z  WARN benchmark::loadgen: Dispatch failed: Unexpected status code received: 500 Internal Server Error
2026-06-28T19:59:46.724194Z  WARN benchmark::loadgen: Dispatch failed: Unexpected status code received: 500 Internal Server Error
2026-06-28T19:59:46.725167Z  WARN benchmark::loadgen: Dispatch failed: Unexpected status code received: 500 Internal Server Error
2026-06-28T19:59:46.726436Z  WARN benchmark::loadgen: Dispatch failed: Unexpected status code received: 500 Internal Server Error
2026-06-28T19:59:46.727659Z  WARN benchmark::loadgen: Dispatch failed: Unexpected status code received: 500 Internal Server Error
2026-06-28T19:59:46.728541Z  WARN benchmark::loadgen: Dispatch failed: Unexpected status code received: 500 Internal Server Error
2026-06-28T19:59:46.731452Z  WARN benchmark::loadgen: Dispatch failed: Unexpected status code received: 500 Internal Server Error
2026-06-28T19:59:46.732366Z  WARN benchmark::loadgen: Dispatch failed: Unexpected status code received: 500 Internal Server Error
2026-06-28T19:59:46.733370Z  WARN benchmark::loadgen: Dispatch failed: Unexpected status code received: 500 Internal Server Error
2026-06-28T19:59:46.737170Z  WARN benchmark::loadgen: Dispatch failed: Unexpected status code received: 500 Internal Server Error
2026-06-28T19:59:46.738187Z  WARN benchmark::loadgen: Dispatch failed: Unexpected status code received: 500 Internal Server Error
2026-06-28T19:59:46.740694Z  WARN benchmark::loadgen: Dispatch failed: Unexpected status code received: 500 Internal Server Error
2026-06-28T19:59:46.741255Z  WARN benchmark::loadgen: Dispatch failed: Unexpected status code received: 500 Internal Server Error
2026-06-28T19:59:46.742216Z  WARN benchmark::loadgen: Dispatch failed: Unexpected status code received: 500 Internal Server Error
2026-06-28T19:59:46.745255Z  WARN benchmark::loadgen: Dispatch failed: Unexpected status code received: 500 Internal Server Error
2026-06-28T19:59:46.747308Z  WARN benchmark::loadgen: Dispatch failed: Unexpected status code received: 500 Internal Server Error
2026-06-28T19:59:46.747353Z  WARN benchmark::loadgen: Dispatch failed: Unexpected status code received: 500 Internal Server Error
2026-06-28T19:59:46.750762Z  WARN benchmark::loadgen: Dispatch failed: Unexpected status code received: 500 Internal Server Error
2026-06-28T19:59:46.751338Z  WARN benchmark::loadgen: Dispatch failed: Unexpected status code received: 500 Internal Server Error
2026-06-28T19:59:46.752323Z  WARN benchmark::loadgen: Dispatch failed: Unexpected status code received: 500 Internal Server Error
2026-06-28T19:59:46.757167Z  WARN benchmark::loadgen: Dispatch failed: Unexpected status code received: 500 Internal Server Error
2026-06-28T19:59:46.761226Z  WARN benchmark::loadgen: Dispatch failed: Unexpected status code received: 500 Internal Server Error
2026-06-28T19:59:46.762232Z  WARN benchmark::loadgen: Dispatch failed: Unexpected status code received: 500 Internal Server Error
2026-06-28T19:59:46.765152Z  WARN benchmark::loadgen: Dispatch failed: Unexpected status code received: 500 Internal Server Error
2026-06-28T19:59:46.766276Z  WARN benchmark::loadgen: Dispatch failed: Unexpected status code received: 500 Internal Server Error
2026-06-28T19:59:46.768349Z  WARN benchmark::loadgen: Dispatch failed: Unexpected status code received: 500 Internal Server Error
2026-06-28T19:59:46.770464Z  WARN benchmark::loadgen: Dispatch failed: Unexpected status code received: 500 Internal Server Error
2026-06-28T19:59:46.772198Z  WARN benchmark::loadgen: Dispatch failed: Unexpected status code received: 500 Internal Server Error
2026-06-28T19:59:46.774244Z  WARN benchmark::loadgen: Dispatch failed: Unexpected status code received: 500 Internal Server Error
2026-06-28T19:59:46.775266Z  WARN benchmark::loadgen: Dispatch failed: Unexpected status code received: 500 Internal Server Error
2026-06-28T19:59:46.776241Z  WARN benchmark::loadgen: Dispatch failed: Unexpected status code received: 500 Internal Server Error
2026-06-28T19:59:46.781313Z  WARN benchmark::loadgen: Dispatch failed: Unexpected status code received: 500 Internal Server Error
2026-06-28T19:59:46.781380Z  WARN benchmark::loadgen: Dispatch failed: Unexpected status code received: 500 Internal Server Error
2026-06-28T19:59:46.785226Z  WARN benchmark::loadgen: Dispatch failed: Unexpected status code received: 500 Internal Server Error
2026-06-28T19:59:46.786285Z  WARN benchmark::loadgen: Dispatch failed: Unexpected status code received: 500 Internal Server Error
2026-06-28T19:59:46.789210Z  WARN benchmark::loadgen: Dispatch failed: Unexpected status code received: 500 Internal Server Error
2026-06-28T19:59:46.792327Z  WARN benchmark::loadgen: Dispatch failed: Unexpected status code received: 500 Internal Server Error
2026-06-28T19:59:46.794189Z  WARN benchmark::loadgen: Dispatch failed: Unexpected status code received: 500 Internal Server Error
2026-06-28T19:59:46.795193Z  WARN benchmark::loadgen: Dispatch failed: Unexpected status code received: 500 Internal Server Error
2026-06-28T19:59:46.796167Z  WARN benchmark::loadgen: Dispatch failed: Unexpected status code received: 500 Internal Server Error
2026-06-28T19:59:46.798299Z  WARN benchmark::loadgen: Dispatch failed: Unexpected status code received: 500 Internal Server Error
2026-06-28T19:59:46.800161Z  WARN benchmark::loadgen: Dispatch failed: Unexpected status code received: 500 Internal Server Error
2026-06-28T19:59:46.802163Z  WARN benchmark::loadgen: Dispatch failed: Unexpected status code received: 500 Internal Server Error
2026-06-28T19:59:46.805173Z  WARN benchmark::loadgen: Dispatch failed: Unexpected status code received: 500 Internal Server Error
2026-06-28T19:59:46.807187Z  WARN benchmark::loadgen: Dispatch failed: Unexpected status code received: 500 Internal Server Error
2026-06-28T19:59:46.810240Z  WARN benchmark::loadgen: Dispatch failed: Unexpected status code received: 500 Internal Server Error
2026-06-28T19:59:46.811285Z  WARN benchmark::loadgen: Dispatch failed: Unexpected status code received: 500 Internal Server Error
2026-06-28T19:59:46.812161Z  WARN benchmark::loadgen: Dispatch failed: Unexpected status code received: 500 Internal Server Error
2026-06-28T19:59:46.812164Z  WARN benchmark::loadgen: Dispatch failed: Unexpected status code received: 500 Internal Server Error
2026-06-28T19:59:46.815191Z  WARN benchmark::loadgen: Dispatch failed: Unexpected status code received: 500 Internal Server Error
2026-06-28T19:59:46.815199Z  WARN benchmark::loadgen: Dispatch failed: Unexpected status code received: 500 Internal Server Error
2026-06-28T19:59:46.818664Z  WARN benchmark::loadgen: Dispatch failed: Unexpected status code received: 500 Internal Server Error
2026-06-28T19:59:46.819195Z  WARN benchmark::loadgen: Dispatch failed: Unexpected status code received: 500 Internal Server Error
2026-06-28T19:59:46.821679Z  WARN benchmark::loadgen: Dispatch failed: Unexpected status code received: 500 Internal Server Error
2026-06-28T19:59:46.822214Z  WARN benchmark::loadgen: Dispatch failed: Unexpected status code received: 500 Internal Server Error
2026-06-28T19:59:46.823203Z  WARN benchmark::loadgen: Dispatch failed: Unexpected status code received: 500 Internal Server Error
2026-06-28T19:59:46.826820Z  WARN benchmark::loadgen: Dispatch failed: Unexpected status code received: 500 Internal Server Error
2026-06-28T19:59:46.827241Z  WARN benchmark::loadgen: Dispatch failed: Unexpected status code received: 500 Internal Server Error
2026-06-28T19:59:46.831149Z  WARN benchmark::loadgen: Dispatch failed: Unexpected status code received: 500 Internal Server Error
2026-06-28T19:59:46.836501Z  WARN benchmark::loadgen: Dispatch failed: Unexpected status code received: 500 Internal Server Error
2026-06-28T19:59:46.838414Z  WARN benchmark::loadgen: Dispatch failed: Unexpected status code received: 500 Internal Server Error
2026-06-28T19:59:46.839454Z  WARN benchmark::loadgen: Dispatch failed: Unexpected status code received: 500 Internal Server Error
2026-06-28T19:59:46.841492Z  WARN benchmark::loadgen: Dispatch failed: Unexpected status code received: 500 Internal Server Error
2026-06-28T19:59:46.841508Z  WARN benchmark::loadgen: Dispatch failed: Unexpected status code received: 500 Internal Server Error
2026-06-28T19:59:46.845371Z  WARN benchmark::loadgen: Dispatch failed: Unexpected status code received: 500 Internal Server Error
2026-06-28T19:59:46.846629Z  WARN benchmark::loadgen: Dispatch failed: Unexpected status code received: 500 Internal Server Error
2026-06-28T19:59:46.848352Z  WARN benchmark::loadgen: Dispatch failed: Unexpected status code received: 500 Internal Server Error
2026-06-28T19:59:46.850713Z  WARN benchmark::loadgen: Dispatch failed: Unexpected status code received: 500 Internal Server Error
2026-06-28T19:59:46.851884Z  WARN benchmark::loadgen: Dispatch failed: Unexpected status code received: 500 Internal Server Error
2026-06-28T19:59:46.853114Z  WARN benchmark::loadgen: Dispatch failed: Unexpected status code received: 500 Internal Server Error
2026-06-28T19:59:46.853158Z  WARN benchmark::loadgen: Dispatch failed: Unexpected status code received: 500 Internal Server Error
2026-06-28T19:59:46.854279Z  WARN benchmark::loadgen: Dispatch failed: Unexpected status code received: 500 Internal Server Error
2026-06-28T19:59:46.856145Z  WARN benchmark::loadgen: Dispatch failed: Unexpected status code received: 500 Internal Server Error
2026-06-28T19:59:46.857402Z  WARN benchmark::loadgen: Dispatch failed: Unexpected status code received: 500 Internal Server Error
2026-06-28T19:59:46.858357Z  WARN benchmark::loadgen: Dispatch failed: Unexpected status code received: 500 Internal Server Error
2026-06-28T19:59:46.862351Z  WARN benchmark::loadgen: Dispatch failed: Unexpected status code received: 500 Internal Server Error
2026-06-28T19:59:46.862473Z  WARN benchmark::loadgen: Dispatch failed: Unexpected status code received: 500 Internal Server Error
2026-06-28T19:59:46.864225Z  WARN benchmark::loadgen: Dispatch failed: Unexpected status code received: 500 Internal Server Error
2026-06-28T19:59:46.866535Z  WARN benchmark::loadgen: Dispatch failed: Unexpected status code received: 500 Internal Server Error
2026-06-28T19:59:46.867195Z  WARN benchmark::loadgen: Dispatch failed: Unexpected status code received: 500 Internal Server Error
2026-06-28T19:59:46.869267Z  WARN benchmark::loadgen: Dispatch failed: Unexpected status code received: 500 Internal Server Error
2026-06-28T19:59:46.871225Z  WARN benchmark::loadgen: Dispatch failed: Unexpected status code received: 500 Internal Server Error
2026-06-28T19:59:46.873325Z  WARN benchmark::loadgen: Dispatch failed: Unexpected status code received: 500 Internal Server Error
2026-06-28T19:59:46.875272Z  WARN benchmark::loadgen: Dispatch failed: Unexpected status code received: 500 Internal Server Error
2026-06-28T19:59:46.879234Z  WARN benchmark::loadgen: Dispatch failed: Unexpected status code received: 500 Internal Server Error
2026-06-28T19:59:46.881220Z  WARN benchmark::loadgen: Dispatch failed: Unexpected status code received: 500 Internal Server Error
2026-06-28T19:59:46.886215Z  WARN benchmark::loadgen: Dispatch failed: Unexpected status code received: 500 Internal Server Error
2026-06-28T19:59:46.888177Z  WARN benchmark::loadgen: Dispatch failed: Unexpected status code received: 500 Internal Server Error
2026-06-28T19:59:46.891234Z  WARN benchmark::loadgen: Dispatch failed: Unexpected status code received: 500 Internal Server Error
2026-06-28T19:59:46.892191Z  WARN benchmark::loadgen: Dispatch failed: Unexpected status code received: 500 Internal Server Error
2026-06-28T19:59:46.894179Z  WARN benchmark::loadgen: Dispatch failed: Unexpected status code received: 500 Internal Server Error
2026-06-28T19:59:46.896208Z  WARN benchmark::loadgen: Dispatch failed: Unexpected status code received: 500 Internal Server Error
2026-06-28T19:59:46.898247Z  WARN benchmark::loadgen: Dispatch failed: Unexpected status code received: 500 Internal Server Error
2026-06-28T19:59:46.900193Z  WARN benchmark::loadgen: Dispatch failed: Unexpected status code received: 500 Internal Server Error
2026-06-28T19:59:46.901130Z  WARN benchmark::loadgen: Dispatch failed: Unexpected status code received: 500 Internal Server Error
2026-06-28T19:59:46.902266Z  WARN benchmark::loadgen: Dispatch failed: Unexpected status code received: 500 Internal Server Error
2026-06-28T19:59:46.904233Z  WARN benchmark::loadgen: Dispatch failed: Unexpected status code received: 500 Internal Server Error
2026-06-28T19:59:46.904275Z  WARN benchmark::loadgen: Dispatch failed: Unexpected status code received: 500 Internal Server Error
2026-06-28T19:59:46.907186Z  WARN benchmark::loadgen: Dispatch failed: Unexpected status code received: 500 Internal Server Error
2026-06-28T19:59:46.911168Z  WARN benchmark::loadgen: Dispatch failed: Unexpected status code received: 500 Internal Server Error
2026-06-28T19:59:46.911202Z  WARN benchmark::loadgen: Dispatch failed: Unexpected status code received: 500 Internal Server Error
2026-06-28T19:59:46.915712Z  WARN benchmark::loadgen: Dispatch failed: Unexpected status code received: 500 Internal Server Error
2026-06-28T19:59:46.916210Z  WARN benchmark::loadgen: Dispatch failed: Unexpected status code received: 500 Internal Server Error
2026-06-28T19:59:46.917160Z  WARN benchmark::loadgen: Dispatch failed: Unexpected status code received: 500 Internal Server Error
2026-06-28T19:59:46.921147Z  WARN benchmark::loadgen: Dispatch failed: Unexpected status code received: 500 Internal Server Error
2026-06-28T19:59:46.923665Z  WARN benchmark::loadgen: Dispatch failed: Unexpected status code received: 500 Internal Server Error
2026-06-28T19:59:46.925162Z  WARN benchmark::loadgen: Dispatch failed: Unexpected status code received: 500 Internal Server Error
2026-06-28T19:59:46.928181Z  WARN benchmark::loadgen: Dispatch failed: Unexpected status code received: 500 Internal Server Error
2026-06-28T19:59:46.929171Z  WARN benchmark::loadgen: Dispatch failed: Unexpected status code received: 500 Internal Server Error
2026-06-28T19:59:46.930566Z  WARN benchmark::loadgen: Dispatch failed: Unexpected status code received: 500 Internal Server Error
2026-06-28T19:59:46.931638Z  WARN benchmark::loadgen: Dispatch failed: Unexpected status code received: 500 Internal Server Error
2026-06-28T19:59:46.935524Z  WARN benchmark::loadgen: Dispatch failed: Unexpected status code received: 500 Internal Server Error
2026-06-28T19:59:46.935525Z  WARN benchmark::loadgen: Dispatch failed: Unexpected status code received: 500 Internal Server Error
2026-06-28T19:59:46.937444Z  WARN benchmark::loadgen: Dispatch failed: Unexpected status code received: 500 Internal Server Error
2026-06-28T19:59:46.938465Z  WARN benchmark::loadgen: Dispatch failed: Unexpected status code received: 500 Internal Server Error
2026-06-28T19:59:46.940360Z  WARN benchmark::loadgen: Dispatch failed: Unexpected status code received: 500 Internal Server Error
2026-06-28T19:59:46.942447Z  WARN benchmark::loadgen: Dispatch failed: Unexpected status code received: 500 Internal Server Error
2026-06-28T19:59:46.942493Z  WARN benchmark::loadgen: Dispatch failed: Unexpected status code received: 500 Internal Server Error
2026-06-28T19:59:46.945293Z  WARN benchmark::loadgen: Dispatch failed: Unexpected status code received: 500 Internal Server Error
2026-06-28T19:59:46.949262Z  WARN benchmark::loadgen: Dispatch failed: Unexpected status code received: 500 Internal Server Error
2026-06-28T19:59:46.950245Z  WARN benchmark::loadgen: Dispatch failed: Unexpected status code received: 500 Internal Server Error
2026-06-28T19:59:46.950261Z  WARN benchmark::loadgen: Dispatch failed: Unexpected status code received: 500 Internal Server Error
2026-06-28T19:59:46.951270Z  WARN benchmark::loadgen: Dispatch failed: Unexpected status code received: 500 Internal Server Error
2026-06-28T19:59:46.953382Z  WARN benchmark::loadgen: Dispatch failed: Unexpected status code received: 500 Internal Server Error
2026-06-28T19:59:46.954287Z  WARN benchmark::loadgen: Dispatch failed: Unexpected status code received: 500 Internal Server Error
2026-06-28T19:59:46.955332Z  WARN benchmark::loadgen: Dispatch failed: Unexpected status code received: 500 Internal Server Error
2026-06-28T19:59:46.958232Z  WARN benchmark::loadgen: Dispatch failed: Unexpected status code received: 500 Internal Server Error
2026-06-28T19:59:46.960192Z  WARN benchmark::loadgen: Dispatch failed: Unexpected status code received: 500 Internal Server Error
2026-06-28T19:59:46.965244Z  WARN benchmark::loadgen: Dispatch failed: Unexpected status code received: 500 Internal Server Error
2026-06-28T19:59:46.966239Z  WARN benchmark::loadgen: Dispatch failed: Unexpected status code received: 500 Internal Server Error
2026-06-28T19:59:46.971178Z  WARN benchmark::loadgen: Dispatch failed: Unexpected status code received: 500 Internal Server Error
2026-06-28T19:59:46.972625Z  WARN benchmark::loadgen: Dispatch failed: Unexpected status code received: 500 Internal Server Error
2026-06-28T19:59:46.972626Z  WARN benchmark::loadgen: Dispatch failed: Unexpected status code received: 500 Internal Server Error
2026-06-28T19:59:46.974451Z  WARN benchmark::loadgen: Dispatch failed: Unexpected status code received: 500 Internal Server Error
2026-06-28T19:59:46.974451Z  WARN benchmark::loadgen: Dispatch failed: Unexpected status code received: 500 Internal Server Error
2026-06-28T19:59:46.977328Z  WARN benchmark::loadgen: Dispatch failed: Unexpected status code received: 500 Internal Server Error
2026-06-28T19:59:46.978294Z  WARN benchmark::loadgen: Dispatch failed: Unexpected status code received: 500 Internal Server Error
2026-06-28T19:59:46.981217Z  WARN benchmark::loadgen: Dispatch failed: Unexpected status code received: 500 Internal Server Error
2026-06-28T19:59:46.982376Z  WARN benchmark::loadgen: Dispatch failed: Unexpected status code received: 500 Internal Server Error
2026-06-28T19:59:46.983300Z  WARN benchmark::loadgen: Dispatch failed: Unexpected status code received: 500 Internal Server Error
2026-06-28T19:59:46.986225Z  WARN benchmark::loadgen: Dispatch failed: Unexpected status code received: 500 Internal Server Error
2026-06-28T19:59:46.987403Z  WARN benchmark::loadgen: Dispatch failed: Unexpected status code received: 500 Internal Server Error
2026-06-28T19:59:46.991212Z  WARN benchmark::loadgen: Dispatch failed: Unexpected status code received: 500 Internal Server Error
2026-06-28T19:59:46.992202Z  WARN benchmark::loadgen: Dispatch failed: Unexpected status code received: 500 Internal Server Error
2026-06-28T19:59:46.996257Z  WARN benchmark::loadgen: Dispatch failed: Unexpected status code received: 500 Internal Server Error
2026-06-28T19:59:46.997216Z  WARN benchmark::loadgen: Dispatch failed: Unexpected status code received: 500 Internal Server Error
2026-06-28T19:59:46.998209Z  WARN benchmark::loadgen: Dispatch failed: Unexpected status code received: 500 Internal Server Error
2026-06-28T19:59:47.001228Z  WARN benchmark::loadgen: Dispatch failed: Unexpected status code received: 500 Internal Server Error
2026-06-28T19:59:47.004462Z  WARN benchmark::loadgen: Dispatch failed: Unexpected status code received: 500 Internal Server Error
2026-06-28T19:59:47.005202Z  WARN benchmark::loadgen: Dispatch failed: Unexpected status code received: 500 Internal Server Error
2026-06-28T19:59:47.008677Z  WARN benchmark::loadgen: Dispatch failed: Unexpected status code received: 500 Internal Server Error
2026-06-28T19:59:47.009682Z  WARN benchmark::loadgen: Dispatch failed: Unexpected status code received: 500 Internal Server Error
2026-06-28T19:59:47.010181Z  WARN benchmark::loadgen: Dispatch failed: Unexpected status code received: 500 Internal Server Error
2026-06-28T19:59:47.013179Z  WARN benchmark::loadgen: Dispatch failed: Unexpected status code received: 500 Internal Server Error
2026-06-28T19:59:47.015212Z  WARN benchmark::loadgen: Dispatch failed: Unexpected status code received: 500 Internal Server Error
2026-06-28T19:59:47.016658Z  WARN benchmark::loadgen: Dispatch failed: Unexpected status code received: 500 Internal Server Error
2026-06-28T19:59:47.016854Z  WARN benchmark::loadgen: Dispatch failed: Unexpected status code received: 500 Internal Server Error
2026-06-28T19:59:47.020540Z  WARN benchmark::loadgen: Dispatch failed: Unexpected status code received: 500 Internal Server Error
2026-06-28T19:59:47.021522Z  WARN benchmark::loadgen: Dispatch failed: Unexpected status code received: 500 Internal Server Error
2026-06-28T19:59:47.023590Z  WARN benchmark::loadgen: Dispatch failed: Unexpected status code received: 500 Internal Server Error
2026-06-28T19:59:47.027328Z  WARN benchmark::loadgen: Dispatch failed: Unexpected status code received: 500 Internal Server Error
2026-06-28T19:59:47.028588Z  WARN benchmark::loadgen: Dispatch failed: Unexpected status code received: 500 Internal Server Error
2026-06-28T19:59:47.031171Z  WARN benchmark::loadgen: Dispatch failed: Unexpected status code received: 500 Internal Server Error
2026-06-28T19:59:47.032272Z  WARN benchmark::loadgen: Dispatch failed: Unexpected status code received: 500 Internal Server Error
2026-06-28T19:59:47.033179Z  WARN benchmark::loadgen: Dispatch failed: Unexpected status code received: 500 Internal Server Error
2026-06-28T19:59:47.036244Z  WARN benchmark::loadgen: Dispatch failed: Unexpected status code received: 500 Internal Server Error
2026-06-28T19:59:47.038185Z  WARN benchmark::loadgen: Dispatch failed: Unexpected status code received: 500 Internal Server Error
2026-06-28T19:59:47.039190Z  WARN benchmark::loadgen: Dispatch failed: Unexpected status code received: 500 Internal Server Error
2026-06-28T19:59:47.040183Z  WARN benchmark::loadgen: Dispatch failed: Unexpected status code received: 500 Internal Server Error
2026-06-28T19:59:47.043237Z  WARN benchmark::loadgen: Dispatch failed: Unexpected status code received: 500 Internal Server Error
2026-06-28T19:59:47.043279Z  WARN benchmark::loadgen: Dispatch failed: Unexpected status code received: 500 Internal Server Error
2026-06-28T19:59:47.044230Z  WARN benchmark::loadgen: Dispatch failed: Unexpected status code received: 500 Internal Server Error
2026-06-28T19:59:47.047390Z  WARN benchmark::loadgen: Dispatch failed: Unexpected status code received: 500 Internal Server Error
2026-06-28T19:59:47.048203Z  WARN benchmark::loadgen: Dispatch failed: Unexpected status code received: 500 Internal Server Error
2026-06-28T19:59:47.052351Z  WARN benchmark::loadgen: Dispatch failed: Unexpected status code received: 500 Internal Server Error
2026-06-28T19:59:47.053788Z  WARN benchmark::loadgen: Dispatch failed: Unexpected status code received: 500 Internal Server Error
2026-06-28T19:59:47.054904Z  WARN benchmark::loadgen: Dispatch failed: Unexpected status code received: 500 Internal Server Error
2026-06-28T19:59:47.058202Z  WARN benchmark::loadgen: Dispatch failed: Unexpected status code received: 500 Internal Server Error
2026-06-28T19:59:47.059454Z  WARN benchmark::loadgen: Dispatch failed: Unexpected status code received: 500 Internal Server Error
2026-06-28T19:59:47.062471Z  WARN benchmark::loadgen: Dispatch failed: Unexpected status code received: 500 Internal Server Error
2026-06-28T19:59:47.065471Z  WARN benchmark::loadgen: Dispatch failed: Unexpected status code received: 500 Internal Server Error
2026-06-28T19:59:47.066477Z  WARN benchmark::loadgen: Dispatch failed: Unexpected status code received: 500 Internal Server Error
2026-06-28T19:59:47.067456Z  WARN benchmark::loadgen: Dispatch failed: Unexpected status code received: 500 Internal Server Error
2026-06-28T19:59:47.069411Z  WARN benchmark::loadgen: Dispatch failed: Unexpected status code received: 500 Internal Server Error
2026-06-28T19:59:47.070399Z  WARN benchmark::loadgen: Dispatch failed: Unexpected status code received: 500 Internal Server Error
2026-06-28T19:59:47.074421Z  WARN benchmark::loadgen: Dispatch failed: Unexpected status code received: 500 Internal Server Error
2026-06-28T19:59:47.076366Z  WARN benchmark::loadgen: Dispatch failed: Unexpected status code received: 500 Internal Server Error
2026-06-28T19:59:47.079234Z  WARN benchmark::loadgen: Dispatch failed: Unexpected status code received: 500 Internal Server Error
2026-06-28T19:59:47.080178Z  WARN benchmark::loadgen: Dispatch failed: Unexpected status code received: 500 Internal Server Error
2026-06-28T19:59:47.081268Z  WARN benchmark::loadgen: Dispatch failed: Unexpected status code received: 500 Internal Server Error
2026-06-28T19:59:47.083295Z  WARN benchmark::loadgen: Dispatch failed: Unexpected status code received: 500 Internal Server Error
2026-06-28T19:59:47.086194Z  WARN benchmark::loadgen: Dispatch failed: Unexpected status code received: 500 Internal Server Error
2026-06-28T19:59:47.087340Z  WARN benchmark::loadgen: Dispatch failed: Unexpected status code received: 500 Internal Server Error
2026-06-28T19:59:47.088225Z  WARN benchmark::loadgen: Dispatch failed: Unexpected status code received: 500 Internal Server Error
2026-06-28T19:59:47.093318Z  WARN benchmark::loadgen: Dispatch failed: Unexpected status code received: 500 Internal Server Error
2026-06-28T19:59:47.093318Z  WARN benchmark::loadgen: Dispatch failed: Unexpected status code received: 500 Internal Server Error
2026-06-28T19:59:47.094253Z  WARN benchmark::loadgen: Dispatch failed: Unexpected status code received: 500 Internal Server Error
2026-06-28T19:59:47.094370Z  INFO benchmark::loadgen: worker1 shut down local_dispatches=15642
2026-06-28T19:59:47.095534Z  INFO benchmark::loadgen: worker0 shut down local_dispatches=15638
2026-06-28T19:59:47.095551Z  INFO benchmark::loadgen: Load generation phase complete. All workers joined.
2026-06-28T19:59:47.097179Z  WARN benchmark::loadgen: Dispatch failed: Unexpected status code received: 500 Internal Server Error
2026-06-28T19:59:47.100200Z  WARN benchmark::loadgen: Dispatch failed: Unexpected status code received: 500 Internal Server Error
2026-06-28T19:59:47.100200Z  WARN benchmark::loadgen: Dispatch failed: Unexpected status code received: 500 Internal Server Error
2026-06-28T19:59:47.101208Z  WARN benchmark::loadgen: Dispatch failed: Unexpected status code received: 500 Internal Server Error
2026-06-28T19:59:47.104658Z  WARN benchmark::loadgen: Dispatch failed: Unexpected status code received: 500 Internal Server Error
2026-06-28T19:59:47.106424Z  WARN benchmark::loadgen: Dispatch failed: Unexpected status code received: 500 Internal Server Error
2026-06-28T19:59:47.106485Z  WARN benchmark::loadgen: Dispatch failed: Unexpected status code received: 500 Internal Server Error
2026-06-28T19:59:47.107303Z  WARN benchmark::loadgen: Dispatch failed: Unexpected status code received: 500 Internal Server Error
2026-06-28T19:59:47.111001Z  WARN benchmark::loadgen: Dispatch failed: Unexpected status code received: 500 Internal Server Error
2026-06-28T19:59:47.112197Z  WARN benchmark::loadgen: Dispatch failed: Unexpected status code received: 500 Internal Server Error
2026-06-28T19:59:47.114208Z  WARN benchmark::loadgen: Dispatch failed: Unexpected status code received: 500 Internal Server Error
2026-06-28T19:59:47.115210Z  WARN benchmark::loadgen: Dispatch failed: Unexpected status code received: 500 Internal Server Error
2026-06-28T19:59:47.119637Z  WARN benchmark::loadgen: Dispatch failed: Unexpected status code received: 500 Internal Server Error
2026-06-28T19:59:47.119697Z  WARN benchmark::loadgen: Dispatch failed: Unexpected status code received: 500 Internal Server Error
2026-06-28T19:59:47.121575Z  WARN benchmark::loadgen: Dispatch failed: Unexpected status code received: 500 Internal Server Error
2026-06-28T19:59:47.123626Z  WARN benchmark::loadgen: Dispatch failed: Unexpected status code received: 500 Internal Server Error
2026-06-28T19:59:47.125522Z  WARN benchmark::loadgen: Dispatch failed: Unexpected status code received: 500 Internal Server Error
2026-06-28T19:59:47.125606Z  WARN benchmark::loadgen: Dispatch failed: Unexpected status code received: 500 Internal Server Error
2026-06-28T19:59:47.127311Z  WARN benchmark::loadgen: Dispatch failed: Unexpected status code received: 500 Internal Server Error
2026-06-28T19:59:47.129640Z  WARN benchmark::loadgen: Dispatch failed: Unexpected status code received: 500 Internal Server Error
2026-06-28T19:59:47.129688Z  WARN benchmark::loadgen: Dispatch failed: Unexpected status code received: 500 Internal Server Error
2026-06-28T19:59:47.130268Z  WARN benchmark::loadgen: Dispatch failed: Unexpected status code received: 500 Internal Server Error
2026-06-28T19:59:47.131438Z  WARN benchmark::loadgen: Dispatch failed: Unexpected status code received: 500 Internal Server Error
2026-06-28T19:59:47.135652Z  WARN benchmark::loadgen: Dispatch failed: Unexpected status code received: 500 Internal Server Error
2026-06-28T19:59:47.140375Z  WARN benchmark::loadgen: Dispatch failed: Unexpected status code received: 500 Internal Server Error
2026-06-28T19:59:47.141382Z  WARN benchmark::loadgen: Dispatch failed: Unexpected status code received: 500 Internal Server Error
2026-06-28T19:59:47.143322Z  WARN benchmark::loadgen: Dispatch failed: Unexpected status code received: 500 Internal Server Error
2026-06-28T19:59:47.143415Z  WARN benchmark::loadgen: Dispatch failed: Unexpected status code received: 500 Internal Server Error
2026-06-28T19:59:47.147553Z  WARN benchmark::loadgen: Dispatch failed: Unexpected status code received: 500 Internal Server Error
2026-06-28T19:59:47.149245Z  WARN benchmark::loadgen: Dispatch failed: Unexpected status code received: 500 Internal Server Error
2026-06-28T19:59:47.150222Z  WARN benchmark::loadgen: Dispatch failed: Unexpected status code received: 500 Internal Server Error
2026-06-28T19:59:47.153190Z  WARN benchmark::loadgen: Dispatch failed: Unexpected status code received: 500 Internal Server Error
2026-06-28T19:59:47.154309Z  WARN benchmark::loadgen: Dispatch failed: Unexpected status code received: 500 Internal Server Error
2026-06-28T19:59:47.159189Z  WARN benchmark::loadgen: Dispatch failed: Unexpected status code received: 500 Internal Server Error
2026-06-28T19:59:47.160160Z  WARN benchmark::loadgen: Dispatch failed: Unexpected status code received: 500 Internal Server Error
2026-06-28T19:59:47.164230Z  WARN benchmark::loadgen: Dispatch failed: Unexpected status code received: 500 Internal Server Error
2026-06-28T19:59:47.165159Z  WARN benchmark::loadgen: Dispatch failed: Unexpected status code received: 500 Internal Server Error
2026-06-28T19:59:47.166207Z  WARN benchmark::loadgen: Dispatch failed: Unexpected status code received: 500 Internal Server Error
2026-06-28T19:59:47.167435Z  WARN benchmark::loadgen: Dispatch failed: Unexpected status code received: 500 Internal Server Error
2026-06-28T19:59:47.170176Z  WARN benchmark::loadgen: Dispatch failed: Unexpected status code received: 500 Internal Server Error
2026-06-28T19:59:47.171217Z  WARN benchmark::loadgen: Dispatch failed: Unexpected status code received: 500 Internal Server Error
2026-06-28T19:59:47.173242Z  WARN benchmark::loadgen: Dispatch failed: Unexpected status code received: 500 Internal Server Error
2026-06-28T19:59:47.174996Z  WARN benchmark::loadgen: Dispatch failed: Unexpected status code received: 500 Internal Server Error
2026-06-28T19:59:47.176546Z  WARN benchmark::loadgen: Dispatch failed: Unexpected status code received: 500 Internal Server Error
2026-06-28T19:59:47.177543Z  WARN benchmark::loadgen: Dispatch failed: Unexpected status code received: 500 Internal Server Error
2026-06-28T19:59:47.177679Z  WARN benchmark::loadgen: Dispatch failed: Unexpected status code received: 500 Internal Server Error
2026-06-28T19:59:47.181452Z  WARN benchmark::loadgen: Dispatch failed: Unexpected status code received: 500 Internal Server Error
2026-06-28T19:59:47.184471Z  WARN benchmark::loadgen: Dispatch failed: Unexpected status code received: 500 Internal Server Error
2026-06-28T19:59:47.185389Z  WARN benchmark::loadgen: Dispatch failed: Unexpected status code received: 500 Internal Server Error
2026-06-28T19:59:47.186329Z  WARN benchmark::loadgen: Dispatch failed: Unexpected status code received: 500 Internal Server Error
2026-06-28T19:59:47.189377Z  WARN benchmark::loadgen: Dispatch failed: Unexpected status code received: 500 Internal Server Error
2026-06-28T19:59:47.190340Z  WARN benchmark::loadgen: Dispatch failed: Unexpected status code received: 500 Internal Server Error
2026-06-28T19:59:47.191306Z  WARN benchmark::loadgen: Dispatch failed: Unexpected status code received: 500 Internal Server Error
2026-06-28T19:59:47.194387Z  WARN benchmark::loadgen: Dispatch failed: Unexpected status code received: 500 Internal Server Error
2026-06-28T19:59:47.194387Z  WARN benchmark::loadgen: Dispatch failed: Unexpected status code received: 500 Internal Server Error
2026-06-28T19:59:47.195318Z  WARN benchmark::loadgen: Dispatch failed: Unexpected status code received: 500 Internal Server Error
2026-06-28T19:59:47.199204Z  WARN benchmark::loadgen: Dispatch failed: Unexpected status code received: 500 Internal Server Error
2026-06-28T19:59:47.201848Z  WARN benchmark::loadgen: Dispatch failed: Unexpected status code received: 500 Internal Server Error
2026-06-28T19:59:47.203076Z  WARN benchmark::loadgen: Dispatch failed: Unexpected status code received: 500 Internal Server Error
2026-06-28T19:59:47.203250Z  WARN benchmark::loadgen: Dispatch failed: Unexpected status code received: 500 Internal Server Error
2026-06-28T19:59:47.205007Z  WARN benchmark::loadgen: Dispatch failed: Unexpected status code received: 500 Internal Server Error
2026-06-28T19:59:47.206127Z  WARN benchmark::loadgen: Dispatch failed: Unexpected status code received: 500 Internal Server Error
2026-06-28T19:59:47.206160Z  WARN benchmark::loadgen: Dispatch failed: Unexpected status code received: 500 Internal Server Error
2026-06-28T19:59:47.207367Z  WARN benchmark::loadgen: Dispatch failed: Unexpected status code received: 500 Internal Server Error
2026-06-28T19:59:47.208422Z  WARN benchmark::loadgen: Dispatch failed: Unexpected status code received: 500 Internal Server Error
2026-06-28T19:59:47.209548Z  WARN benchmark::loadgen: Dispatch failed: Unexpected status code received: 500 Internal Server Error
2026-06-28T19:59:47.210648Z  WARN benchmark::loadgen: Dispatch failed: Unexpected status code received: 500 Internal Server Error
2026-06-28T19:59:47.211825Z  WARN benchmark::loadgen: Dispatch failed: Unexpected status code received: 500 Internal Server Error
2026-06-28T19:59:47.212777Z  WARN benchmark::loadgen: Dispatch failed: Unexpected status code received: 500 Internal Server Error
2026-06-28T19:59:47.214177Z  WARN benchmark::loadgen: Dispatch failed: Unexpected status code received: 500 Internal Server Error
2026-06-28T19:59:47.216220Z  WARN benchmark::loadgen: Dispatch failed: Unexpected status code received: 500 Internal Server Error
2026-06-28T19:59:47.217645Z  WARN benchmark::loadgen: Dispatch failed: Unexpected status code received: 500 Internal Server Error
2026-06-28T19:59:47.220592Z  WARN benchmark::loadgen: Dispatch failed: Unexpected status code received: 500 Internal Server Error
2026-06-28T19:59:47.222490Z  WARN benchmark::loadgen: Dispatch failed: Unexpected status code received: 500 Internal Server Error
2026-06-28T19:59:47.224198Z  WARN benchmark::loadgen: Dispatch failed: Unexpected status code received: 500 Internal Server Error
2026-06-28T19:59:47.225503Z  WARN benchmark::loadgen: Dispatch failed: Unexpected status code received: 500 Internal Server Error
2026-06-28T19:59:47.226476Z  WARN benchmark::loadgen: Dispatch failed: Unexpected status code received: 500 Internal Server Error
2026-06-28T19:59:47.229577Z  WARN benchmark::loadgen: Dispatch failed: Unexpected status code received: 500 Internal Server Error
2026-06-28T19:59:47.232432Z  WARN benchmark::loadgen: Dispatch failed: Unexpected status code received: 500 Internal Server Error
2026-06-28T19:59:47.234642Z  WARN benchmark::loadgen: Dispatch failed: Unexpected status code received: 500 Internal Server Error
2026-06-28T19:59:47.235220Z  WARN benchmark::loadgen: Dispatch failed: Unexpected status code received: 500 Internal Server Error
2026-06-28T19:59:47.236483Z  WARN benchmark::loadgen: Dispatch failed: Unexpected status code received: 500 Internal Server Error
2026-06-28T19:59:47.240303Z  WARN benchmark::loadgen: Dispatch failed: Unexpected status code received: 500 Internal Server Error
2026-06-28T19:59:47.241255Z  WARN benchmark::loadgen: Dispatch failed: Unexpected status code received: 500 Internal Server Error
2026-06-28T19:59:47.244255Z  WARN benchmark::loadgen: Dispatch failed: Unexpected status code received: 500 Internal Server Error
2026-06-28T19:59:47.245254Z  WARN benchmark::loadgen: Dispatch failed: Unexpected status code received: 500 Internal Server Error
2026-06-28T19:59:47.246234Z  WARN benchmark::loadgen: Dispatch failed: Unexpected status code received: 500 Internal Server Error
2026-06-28T19:59:47.248367Z  WARN benchmark::loadgen: Dispatch failed: Unexpected status code received: 500 Internal Server Error
2026-06-28T19:59:47.249277Z  WARN benchmark::loadgen: Dispatch failed: Unexpected status code received: 500 Internal Server Error
2026-06-28T19:59:47.252186Z  WARN benchmark::loadgen: Dispatch failed: Unexpected status code received: 500 Internal Server Error
2026-06-28T19:59:47.253319Z  WARN benchmark::loadgen: Dispatch failed: Unexpected status code received: 500 Internal Server Error
2026-06-28T19:59:47.254288Z  WARN benchmark::loadgen: Dispatch failed: Unexpected status code received: 500 Internal Server Error
2026-06-28T19:59:47.257264Z  WARN benchmark::loadgen: Dispatch failed: Unexpected status code received: 500 Internal Server Error
2026-06-28T19:59:47.258198Z  WARN benchmark::loadgen: Dispatch failed: Unexpected status code received: 500 Internal Server Error
2026-06-28T19:59:47.262175Z  WARN benchmark::loadgen: Dispatch failed: Unexpected status code received: 500 Internal Server Error
2026-06-28T19:59:47.263657Z  WARN benchmark::loadgen: Dispatch failed: Unexpected status code received: 500 Internal Server Error
2026-06-28T19:59:47.265300Z  WARN benchmark::loadgen: Dispatch failed: Unexpected status code received: 500 Internal Server Error
2026-06-28T19:59:47.266256Z  WARN benchmark::loadgen: Dispatch failed: Unexpected status code received: 500 Internal Server Error
2026-06-28T19:59:47.267337Z  WARN benchmark::loadgen: Dispatch failed: Unexpected status code received: 500 Internal Server Error
2026-06-28T19:59:47.269380Z  WARN benchmark::loadgen: Dispatch failed: Unexpected status code received: 500 Internal Server Error
2026-06-28T19:59:47.270197Z  WARN benchmark::loadgen: Dispatch failed: Unexpected status code received: 500 Internal Server Error
2026-06-28T19:59:47.271284Z  WARN benchmark::loadgen: Dispatch failed: Unexpected status code received: 500 Internal Server Error
2026-06-28T19:59:47.272325Z  WARN benchmark::loadgen: Dispatch failed: Unexpected status code received: 500 Internal Server Error
2026-06-28T19:59:47.275796Z  WARN benchmark::loadgen: Dispatch failed: Unexpected status code received: 500 Internal Server Error
2026-06-28T19:59:47.275796Z  WARN benchmark::loadgen: Dispatch failed: Unexpected status code received: 500 Internal Server Error
2026-06-28T19:59:47.276158Z  WARN benchmark::loadgen: Dispatch failed: Unexpected status code received: 500 Internal Server Error
2026-06-28T19:59:47.277286Z  WARN benchmark::loadgen: Dispatch failed: Unexpected status code received: 500 Internal Server Error
2026-06-28T19:59:47.282646Z  WARN benchmark::loadgen: Dispatch failed: Unexpected status code received: 500 Internal Server Error
2026-06-28T19:59:47.283748Z  WARN benchmark::loadgen: Dispatch failed: Unexpected status code received: 500 Internal Server Error
2026-06-28T19:59:47.283877Z  WARN benchmark::loadgen: Dispatch failed: Unexpected status code received: 500 Internal Server Error
2026-06-28T19:59:47.285182Z  WARN benchmark::loadgen: Dispatch failed: Unexpected status code received: 500 Internal Server Error
2026-06-28T19:59:47.286600Z  WARN benchmark::loadgen: Dispatch failed: Unexpected status code received: 500 Internal Server Error
2026-06-28T19:59:47.287196Z  WARN benchmark::loadgen: Dispatch failed: Unexpected status code received: 500 Internal Server Error
2026-06-28T19:59:47.290702Z  WARN benchmark::loadgen: Dispatch failed: Unexpected status code received: 500 Internal Server Error
2026-06-28T19:59:47.291245Z  WARN benchmark::loadgen: Dispatch failed: Unexpected status code received: 500 Internal Server Error
2026-06-28T19:59:47.292908Z  WARN benchmark::loadgen: Dispatch failed: Unexpected status code received: 500 Internal Server Error
2026-06-28T19:59:47.295770Z  WARN benchmark::loadgen: Dispatch failed: Unexpected status code received: 500 Internal Server Error
2026-06-28T19:59:47.297666Z  WARN benchmark::loadgen: Dispatch failed: Unexpected status code received: 500 Internal Server Error
2026-06-28T19:59:47.299590Z  WARN benchmark::loadgen: Dispatch failed: Unexpected status code received: 500 Internal Server Error
2026-06-28T19:59:47.300542Z  WARN benchmark::loadgen: Dispatch failed: Unexpected status code received: 500 Internal Server Error
2026-06-28T19:59:47.302481Z  WARN benchmark::loadgen: Dispatch failed: Unexpected status code received: 500 Internal Server Error
2026-06-28T19:59:47.303619Z  WARN benchmark::loadgen: Dispatch failed: Unexpected status code received: 500 Internal Server Error
2026-06-28T19:59:47.306466Z  WARN benchmark::loadgen: Dispatch failed: Unexpected status code received: 500 Internal Server Error
2026-06-28T19:59:47.308309Z  WARN benchmark::loadgen: Dispatch failed: Unexpected status code received: 500 Internal Server Error
2026-06-28T19:59:47.310447Z  WARN benchmark::loadgen: Dispatch failed: Unexpected status code received: 500 Internal Server Error
2026-06-28T19:59:47.312370Z  WARN benchmark::loadgen: Dispatch failed: Unexpected status code received: 500 Internal Server Error
2026-06-28T19:59:47.314519Z  WARN benchmark::loadgen: Dispatch failed: Unexpected status code received: 500 Internal Server Error
2026-06-28T19:59:47.314531Z  WARN benchmark::loadgen: Dispatch failed: Unexpected status code received: 500 Internal Server Error
2026-06-28T19:59:47.318195Z  WARN benchmark::loadgen: Dispatch failed: Unexpected status code received: 500 Internal Server Error
2026-06-28T19:59:47.319286Z  WARN benchmark::loadgen: Dispatch failed: Unexpected status code received: 500 Internal Server Error
2026-06-28T19:59:47.321957Z  WARN benchmark::loadgen: Dispatch failed: Unexpected status code received: 500 Internal Server Error
2026-06-28T19:59:47.324226Z  WARN benchmark::loadgen: Dispatch failed: Unexpected status code received: 500 Internal Server Error
2026-06-28T19:59:47.324226Z  WARN benchmark::loadgen: Dispatch failed: Unexpected status code received: 500 Internal Server Error
2026-06-28T19:59:47.329014Z  WARN benchmark::loadgen: Dispatch failed: Unexpected status code received: 500 Internal Server Error
2026-06-28T19:59:47.332159Z  WARN benchmark::loadgen: Dispatch failed: Unexpected status code received: 500 Internal Server Error
2026-06-28T19:59:47.333196Z  WARN benchmark::loadgen: Dispatch failed: Unexpected status code received: 500 Internal Server Error
2026-06-28T19:59:47.337235Z  WARN benchmark::loadgen: Dispatch failed: Unexpected status code received: 500 Internal Server Error
2026-06-28T19:59:47.337233Z  WARN benchmark::loadgen: Dispatch failed: Unexpected status code received: 500 Internal Server Error
2026-06-28T19:59:47.340748Z  WARN benchmark::loadgen: Dispatch failed: Unexpected status code received: 500 Internal Server Error
2026-06-28T19:59:47.340882Z  WARN benchmark::loadgen: Dispatch failed: Unexpected status code received: 500 Internal Server Error
2026-06-28T19:59:47.346157Z  WARN benchmark::loadgen: Dispatch failed: Unexpected status code received: 500 Internal Server Error
2026-06-28T19:59:47.348903Z  WARN benchmark::loadgen: Dispatch failed: Unexpected status code received: 500 Internal Server Error
2026-06-28T19:59:47.349213Z  WARN benchmark::loadgen: Dispatch failed: Unexpected status code received: 500 Internal Server Error
2026-06-28T19:59:47.353677Z  WARN benchmark::loadgen: Dispatch failed: Unexpected status code received: 500 Internal Server Error
2026-06-28T19:59:47.355254Z  WARN benchmark::loadgen: Dispatch failed: Unexpected status code received: 500 Internal Server Error
2026-06-28T19:59:47.357181Z  WARN benchmark::loadgen: Dispatch failed: Unexpected status code received: 500 Internal Server Error
2026-06-28T19:59:47.358674Z  WARN benchmark::loadgen: Dispatch failed: Unexpected status code received: 500 Internal Server Error
2026-06-28T19:59:47.360608Z  WARN benchmark::loadgen: Dispatch failed: Unexpected status code received: 500 Internal Server Error
2026-06-28T19:59:47.363647Z  WARN benchmark::loadgen: Dispatch failed: Unexpected status code received: 500 Internal Server Error
2026-06-28T19:59:47.364250Z  WARN benchmark::loadgen: Dispatch failed: Unexpected status code received: 500 Internal Server Error
2026-06-28T19:59:47.367252Z  WARN benchmark::loadgen: Dispatch failed: Unexpected status code received: 500 Internal Server Error
2026-06-28T19:59:47.367289Z  WARN benchmark::loadgen: Dispatch failed: Unexpected status code received: 500 Internal Server Error
2026-06-28T19:59:47.370529Z  WARN benchmark::loadgen: Dispatch failed: Unexpected status code received: 500 Internal Server Error
2026-06-28T19:59:47.370594Z  WARN benchmark::loadgen: Dispatch failed: Unexpected status code received: 500 Internal Server Error
2026-06-28T19:59:47.371481Z  WARN benchmark::loadgen: Dispatch failed: Unexpected status code received: 500 Internal Server Error
2026-06-28T19:59:47.373261Z  WARN benchmark::loadgen: Dispatch failed: Unexpected status code received: 500 Internal Server Error
2026-06-28T19:59:47.375479Z  WARN benchmark::loadgen: Dispatch failed: Unexpected status code received: 500 Internal Server Error
2026-06-28T19:59:47.377401Z  WARN benchmark::loadgen: Dispatch failed: Unexpected status code received: 500 Internal Server Error
2026-06-28T19:59:47.379384Z  WARN benchmark::loadgen: Dispatch failed: Unexpected status code received: 500 Internal Server Error
2026-06-28T19:59:47.381521Z  WARN benchmark::loadgen: Dispatch failed: Unexpected status code received: 500 Internal Server Error
2026-06-28T19:59:47.383488Z  WARN benchmark::loadgen: Dispatch failed: Unexpected status code received: 500 Internal Server Error
2026-06-28T19:59:47.385490Z  WARN benchmark::loadgen: Dispatch failed: Unexpected status code received: 500 Internal Server Error
2026-06-28T19:59:47.388651Z  WARN benchmark::loadgen: Dispatch failed: Unexpected status code received: 500 Internal Server Error
2026-06-28T19:59:47.391385Z  WARN benchmark::loadgen: Dispatch failed: Unexpected status code received: 500 Internal Server Error
2026-06-28T19:59:47.392377Z  WARN benchmark::loadgen: Dispatch failed: Unexpected status code received: 500 Internal Server Error
2026-06-28T19:59:47.395438Z  WARN benchmark::loadgen: Dispatch failed: Unexpected status code received: 500 Internal Server Error
2026-06-28T19:59:47.396395Z  WARN benchmark::loadgen: Dispatch failed: Unexpected status code received: 500 Internal Server Error
2026-06-28T19:59:47.401286Z  WARN benchmark::loadgen: Dispatch failed: Unexpected status code received: 500 Internal Server Error
2026-06-28T19:59:47.402251Z  WARN benchmark::loadgen: Dispatch failed: Unexpected status code received: 500 Internal Server Error
2026-06-28T19:59:47.406248Z  WARN benchmark::loadgen: Dispatch failed: Unexpected status code received: 500 Internal Server Error
2026-06-28T19:59:47.406349Z  WARN benchmark::loadgen: Dispatch failed: Unexpected status code received: 500 Internal Server Error
2026-06-28T19:59:47.408464Z  WARN benchmark::loadgen: Dispatch failed: Unexpected status code received: 500 Internal Server Error
2026-06-28T19:59:47.409300Z  WARN benchmark::loadgen: Dispatch failed: Unexpected status code received: 500 Internal Server Error
2026-06-28T19:59:47.410259Z  WARN benchmark::loadgen: Dispatch failed: Unexpected status code received: 500 Internal Server Error
2026-06-28T19:59:47.413354Z  WARN benchmark::loadgen: Dispatch failed: Unexpected status code received: 500 Internal Server Error
2026-06-28T19:59:47.414292Z  WARN benchmark::loadgen: Dispatch failed: Unexpected status code received: 500 Internal Server Error
2026-06-28T19:59:47.417200Z  WARN benchmark::loadgen: Dispatch failed: Unexpected status code received: 500 Internal Server Error
2026-06-28T19:59:47.418245Z  WARN benchmark::loadgen: Dispatch failed: Unexpected status code received: 500 Internal Server Error
2026-06-28T19:59:47.423174Z  WARN benchmark::loadgen: Dispatch failed: Unexpected status code received: 500 Internal Server Error
2026-06-28T19:59:47.425210Z  WARN benchmark::loadgen: Dispatch failed: Unexpected status code received: 500 Internal Server Error
2026-06-28T19:59:47.429295Z  WARN benchmark::loadgen: Dispatch failed: Unexpected status code received: 500 Internal Server Error
2026-06-28T19:59:47.429295Z  WARN benchmark::loadgen: Dispatch failed: Unexpected status code received: 500 Internal Server Error
2026-06-28T19:59:47.432155Z  WARN benchmark::loadgen: Dispatch failed: Unexpected status code received: 500 Internal Server Error
2026-06-28T19:59:47.434150Z  WARN benchmark::loadgen: Dispatch failed: Unexpected status code received: 500 Internal Server Error
2026-06-28T19:59:47.435209Z  WARN benchmark::loadgen: Dispatch failed: Unexpected status code received: 500 Internal Server Error
2026-06-28T19:59:47.437193Z  WARN benchmark::loadgen: Dispatch failed: Unexpected status code received: 500 Internal Server Error
2026-06-28T19:59:47.441170Z  WARN benchmark::loadgen: Dispatch failed: Unexpected status code received: 500 Internal Server Error
2026-06-28T19:59:47.443199Z  WARN benchmark::loadgen: Dispatch failed: Unexpected status code received: 500 Internal Server Error
2026-06-28T19:59:47.447239Z  WARN benchmark::loadgen: Dispatch failed: Unexpected status code received: 500 Internal Server Error
2026-06-28T19:59:47.448931Z  WARN benchmark::loadgen: Dispatch failed: Unexpected status code received: 500 Internal Server Error
2026-06-28T19:59:47.451249Z  WARN benchmark::loadgen: Dispatch failed: Unexpected status code received: 500 Internal Server Error
2026-06-28T19:59:47.453607Z  WARN benchmark::loadgen: Dispatch failed: Unexpected status code received: 500 Internal Server Error
2026-06-28T19:59:47.454753Z  WARN benchmark::loadgen: Dispatch failed: Unexpected status code received: 500 Internal Server Error
2026-06-28T19:59:47.454787Z  WARN benchmark::loadgen: Dispatch failed: Unexpected status code received: 500 Internal Server Error
2026-06-28T19:59:47.456268Z  WARN benchmark::loadgen: Dispatch failed: Unexpected status code received: 500 Internal Server Error
2026-06-28T19:59:47.457214Z  WARN benchmark::loadgen: Dispatch failed: Unexpected status code received: 500 Internal Server Error
2026-06-28T19:59:47.458317Z  WARN benchmark::loadgen: Dispatch failed: Unexpected status code received: 500 Internal Server Error
2026-06-28T19:59:47.459222Z  WARN benchmark::loadgen: Dispatch failed: Unexpected status code received: 500 Internal Server Error
2026-06-28T19:59:47.461290Z  WARN benchmark::loadgen: Dispatch failed: Unexpected status code received: 500 Internal Server Error
2026-06-28T19:59:47.462763Z  WARN benchmark::loadgen: Dispatch failed: Unexpected status code received: 500 Internal Server Error
2026-06-28T19:59:47.462827Z  WARN benchmark::loadgen: Dispatch failed: Unexpected status code received: 500 Internal Server Error
2026-06-28T19:59:47.466243Z  WARN benchmark::loadgen: Dispatch failed: Unexpected status code received: 500 Internal Server Error
2026-06-28T19:59:47.466243Z  WARN benchmark::loadgen: Dispatch failed: Unexpected status code received: 500 Internal Server Error
2026-06-28T19:59:47.467202Z  WARN benchmark::loadgen: Dispatch failed: Unexpected status code received: 500 Internal Server Error
2026-06-28T19:59:47.469244Z  WARN benchmark::loadgen: Dispatch failed: Unexpected status code received: 500 Internal Server Error
2026-06-28T19:59:47.470200Z  WARN benchmark::loadgen: Dispatch failed: Unexpected status code received: 500 Internal Server Error
2026-06-28T19:59:47.471294Z  WARN benchmark::loadgen: Dispatch failed: Unexpected status code received: 500 Internal Server Error
2026-06-28T19:59:47.474886Z  WARN benchmark::loadgen: Dispatch failed: Unexpected status code received: 500 Internal Server Error
2026-06-28T19:59:47.475269Z  WARN benchmark::loadgen: Dispatch failed: Unexpected status code received: 500 Internal Server Error
2026-06-28T19:59:47.477823Z  WARN benchmark::loadgen: Dispatch failed: Unexpected status code received: 500 Internal Server Error
2026-06-28T19:59:47.478255Z  WARN benchmark::loadgen: Dispatch failed: Unexpected status code received: 500 Internal Server Error
2026-06-28T19:59:47.479777Z  WARN benchmark::loadgen: Dispatch failed: Unexpected status code received: 500 Internal Server Error
2026-06-28T19:59:47.481191Z  WARN benchmark::loadgen: Dispatch failed: Unexpected status code received: 500 Internal Server Error
2026-06-28T19:59:47.482770Z  WARN benchmark::loadgen: Dispatch failed: Unexpected status code received: 500 Internal Server Error
2026-06-28T19:59:47.484323Z  WARN benchmark::loadgen: Dispatch failed: Unexpected status code received: 500 Internal Server Error
2026-06-28T19:59:47.487246Z  WARN benchmark::loadgen: Dispatch failed: Unexpected status code received: 500 Internal Server Error
2026-06-28T19:59:47.489496Z  WARN benchmark::loadgen: Dispatch failed: Unexpected status code received: 500 Internal Server Error
2026-06-28T19:59:47.491208Z  WARN benchmark::loadgen: Dispatch failed: Unexpected status code received: 500 Internal Server Error
2026-06-28T19:59:47.492227Z  WARN benchmark::loadgen: Dispatch failed: Unexpected status code received: 500 Internal Server Error
2026-06-28T19:59:47.496230Z  WARN benchmark::loadgen: Dispatch failed: Unexpected status code received: 500 Internal Server Error
2026-06-28T19:59:47.497245Z  WARN benchmark::loadgen: Dispatch failed: Unexpected status code received: 500 Internal Server Error
2026-06-28T19:59:47.500186Z  WARN benchmark::loadgen: Dispatch failed: Unexpected status code received: 500 Internal Server Error
2026-06-28T19:59:47.501246Z  WARN benchmark::loadgen: Dispatch failed: Unexpected status code received: 500 Internal Server Error
2026-06-28T19:59:47.506270Z  WARN benchmark::loadgen: Dispatch failed: Unexpected status code received: 500 Internal Server Error
2026-06-28T19:59:47.508198Z  WARN benchmark::loadgen: Dispatch failed: Unexpected status code received: 500 Internal Server Error
2026-06-28T19:59:47.509252Z  WARN benchmark::loadgen: Dispatch failed: Unexpected status code received: 500 Internal Server Error
2026-06-28T19:59:47.510267Z  WARN benchmark::loadgen: Dispatch failed: Unexpected status code received: 500 Internal Server Error
2026-06-28T19:59:47.513200Z  WARN benchmark::loadgen: Dispatch failed: Unexpected status code received: 500 Internal Server Error
2026-06-28T19:59:47.514174Z  WARN benchmark::loadgen: Dispatch failed: Unexpected status code received: 500 Internal Server Error
2026-06-28T19:59:47.517254Z  WARN benchmark::loadgen: Dispatch failed: Unexpected status code received: 500 Internal Server Error
2026-06-28T19:59:47.518228Z  WARN benchmark::loadgen: Dispatch failed: Unexpected status code received: 500 Internal Server Error
2026-06-28T19:59:47.522259Z  WARN benchmark::loadgen: Dispatch failed: Unexpected status code received: 500 Internal Server Error
2026-06-28T19:59:47.522258Z  WARN benchmark::loadgen: Dispatch failed: Unexpected status code received: 500 Internal Server Error
2026-06-28T19:59:47.525215Z  WARN benchmark::loadgen: Dispatch failed: Unexpected status code received: 500 Internal Server Error
2026-06-28T19:59:47.526212Z  WARN benchmark::loadgen: Dispatch failed: Unexpected status code received: 500 Internal Server Error
2026-06-28T19:59:47.528236Z  WARN benchmark::loadgen: Dispatch failed: Unexpected status code received: 500 Internal Server Error
2026-06-28T19:59:47.530268Z  WARN benchmark::loadgen: Dispatch failed: Unexpected status code received: 500 Internal Server Error
2026-06-28T19:59:47.531185Z  WARN benchmark::loadgen: Dispatch failed: Unexpected status code received: 500 Internal Server Error
2026-06-28T19:59:47.534311Z  WARN benchmark::loadgen: Dispatch failed: Unexpected status code received: 500 Internal Server Error
2026-06-28T19:59:47.535232Z  WARN benchmark::loadgen: Dispatch failed: Unexpected status code received: 500 Internal Server Error
2026-06-28T19:59:47.536208Z  WARN benchmark::loadgen: Dispatch failed: Unexpected status code received: 500 Internal Server Error
2026-06-28T19:59:47.542200Z  WARN benchmark::loadgen: Dispatch failed: Unexpected status code received: 500 Internal Server Error
2026-06-28T19:59:47.543192Z  WARN benchmark::loadgen: Dispatch failed: Unexpected status code received: 500 Internal Server Error
2026-06-28T19:59:47.547209Z  WARN benchmark::loadgen: Dispatch failed: Unexpected status code received: 500 Internal Server Error
2026-06-28T19:59:47.548994Z  WARN benchmark::loadgen: Dispatch failed: Unexpected status code received: 500 Internal Server Error
2026-06-28T19:59:47.550164Z  WARN benchmark::loadgen: Dispatch failed: Unexpected status code received: 500 Internal Server Error
2026-06-28T19:59:47.552704Z  WARN benchmark::loadgen: Dispatch failed: Unexpected status code received: 500 Internal Server Error
2026-06-28T19:59:47.552773Z  WARN benchmark::loadgen: Dispatch failed: Unexpected status code received: 500 Internal Server Error
2026-06-28T19:59:47.554234Z  WARN benchmark::loadgen: Dispatch failed: Unexpected status code received: 500 Internal Server Error
2026-06-28T19:59:47.556223Z  WARN benchmark::loadgen: Dispatch failed: Unexpected status code received: 500 Internal Server Error
2026-06-28T19:59:47.557719Z  WARN benchmark::loadgen: Dispatch failed: Unexpected status code received: 500 Internal Server Error
2026-06-28T19:59:47.559665Z  WARN benchmark::loadgen: Dispatch failed: Unexpected status code received: 500 Internal Server Error
2026-06-28T19:59:47.560207Z  WARN benchmark::loadgen: Dispatch failed: Unexpected status code received: 500 Internal Server Error
2026-06-28T19:59:47.561675Z  WARN benchmark::loadgen: Dispatch failed: Unexpected status code received: 500 Internal Server Error
2026-06-28T19:59:47.565693Z  WARN benchmark::loadgen: Dispatch failed: Unexpected status code received: 500 Internal Server Error
2026-06-28T19:59:47.569247Z  WARN benchmark::loadgen: Dispatch failed: Unexpected status code received: 500 Internal Server Error
2026-06-28T19:59:47.569247Z  WARN benchmark::loadgen: Dispatch failed: Unexpected status code received: 500 Internal Server Error
2026-06-28T19:59:47.573439Z  WARN benchmark::loadgen: Dispatch failed: Unexpected status code received: 500 Internal Server Error
2026-06-28T19:59:47.577548Z  WARN benchmark::loadgen: Dispatch failed: Unexpected status code received: 500 Internal Server Error
2026-06-28T19:59:47.577548Z  WARN benchmark::loadgen: Dispatch failed: Unexpected status code received: 500 Internal Server Error
2026-06-28T19:59:47.578403Z  WARN benchmark::loadgen: Dispatch failed: Unexpected status code received: 500 Internal Server Error
2026-06-28T19:59:47.581314Z  WARN benchmark::loadgen: Dispatch failed: Unexpected status code received: 500 Internal Server Error
2026-06-28T19:59:47.582311Z  WARN benchmark::loadgen: Dispatch failed: Unexpected status code received: 500 Internal Server Error
2026-06-28T19:59:47.582319Z  WARN benchmark::loadgen: Dispatch failed: Unexpected status code received: 500 Internal Server Error
2026-06-28T19:59:47.584268Z  WARN benchmark::loadgen: Dispatch failed: Unexpected status code received: 500 Internal Server Error
2026-06-28T19:59:47.585317Z  WARN benchmark::loadgen: Dispatch failed: Unexpected status code received: 500 Internal Server Error
2026-06-28T19:59:47.586281Z  WARN benchmark::loadgen: Dispatch failed: Unexpected status code received: 500 Internal Server Error
2026-06-28T19:59:47.589423Z  WARN benchmark::loadgen: Dispatch failed: Unexpected status code received: 500 Internal Server Error
2026-06-28T19:59:47.590261Z  WARN benchmark::loadgen: Dispatch failed: Unexpected status code received: 500 Internal Server Error
2026-06-28T19:59:47.593286Z  WARN benchmark::loadgen: Dispatch failed: Unexpected status code received: 500 Internal Server Error
2026-06-28T19:59:47.594272Z  WARN benchmark::loadgen: Dispatch failed: Unexpected status code received: 500 Internal Server Error
2026-06-28T19:59:47.597204Z  WARN benchmark::loadgen: Dispatch failed: Unexpected status code received: 500 Internal Server Error
2026-06-28T19:59:47.598290Z  WARN benchmark::loadgen: Dispatch failed: Unexpected status code received: 500 Internal Server Error
2026-06-28T19:59:47.599216Z  WARN benchmark::loadgen: Dispatch failed: Unexpected status code received: 500 Internal Server Error
2026-06-28T19:59:47.606256Z  WARN benchmark::loadgen: Dispatch failed: Unexpected status code received: 500 Internal Server Error
2026-06-28T19:59:47.609252Z  WARN benchmark::loadgen: Dispatch failed: Unexpected status code received: 500 Internal Server Error
2026-06-28T19:59:47.610162Z  WARN benchmark::loadgen: Dispatch failed: Unexpected status code received: 500 Internal Server Error
2026-06-28T19:59:47.612205Z  WARN benchmark::loadgen: Dispatch failed: Unexpected status code received: 500 Internal Server Error
2026-06-28T19:59:47.614195Z  WARN benchmark::loadgen: Dispatch failed: Unexpected status code received: 500 Internal Server Error
2026-06-28T19:59:47.617255Z  WARN benchmark::loadgen: Dispatch failed: Unexpected status code received: 500 Internal Server Error
2026-06-28T19:59:47.617255Z  WARN benchmark::loadgen: Dispatch failed: Unexpected status code received: 500 Internal Server Error
2026-06-28T19:59:47.620230Z  WARN benchmark::loadgen: Dispatch failed: Unexpected status code received: 500 Internal Server Error
2026-06-28T19:59:47.621796Z  WARN benchmark::loadgen: Dispatch failed: Unexpected status code received: 500 Internal Server Error
2026-06-28T19:59:47.624174Z  WARN benchmark::loadgen: Dispatch failed: Unexpected status code received: 500 Internal Server Error
2026-06-28T19:59:47.625194Z  WARN benchmark::loadgen: Dispatch failed: Unexpected status code received: 500 Internal Server Error
2026-06-28T19:59:47.628227Z  WARN benchmark::loadgen: Dispatch failed: Unexpected status code received: 500 Internal Server Error
2026-06-28T19:59:47.630197Z  WARN benchmark::loadgen: Dispatch failed: Unexpected status code received: 500 Internal Server Error
2026-06-28T19:59:47.631153Z  WARN benchmark::loadgen: Dispatch failed: Unexpected status code received: 500 Internal Server Error
2026-06-28T19:59:47.633629Z  WARN benchmark::loadgen: Dispatch failed: Unexpected status code received: 500 Internal Server Error
2026-06-28T19:59:47.634338Z  WARN benchmark::loadgen: Dispatch failed: Unexpected status code received: 500 Internal Server Error
2026-06-28T19:59:47.636191Z  WARN benchmark::loadgen: Dispatch failed: Unexpected status code received: 500 Internal Server Error
2026-06-28T19:59:47.638703Z  WARN benchmark::loadgen: Dispatch failed: Unexpected status code received: 500 Internal Server Error
2026-06-28T19:59:47.640654Z  WARN benchmark::loadgen: Dispatch failed: Unexpected status code received: 500 Internal Server Error
2026-06-28T19:59:47.641585Z  WARN benchmark::loadgen: Dispatch failed: Unexpected status code received: 500 Internal Server Error
2026-06-28T19:59:47.642581Z  WARN benchmark::loadgen: Dispatch failed: Unexpected status code received: 500 Internal Server Error
2026-06-28T19:59:47.646624Z  WARN benchmark::loadgen: Dispatch failed: Unexpected status code received: 500 Internal Server Error
2026-06-28T19:59:47.650580Z  WARN benchmark::loadgen: Dispatch failed: Unexpected status code received: 500 Internal Server Error
2026-06-28T19:59:47.651167Z  WARN benchmark::loadgen: Dispatch failed: Unexpected status code received: 500 Internal Server Error
2026-06-28T19:59:47.654535Z  WARN benchmark::loadgen: Dispatch failed: Unexpected status code received: 500 Internal Server Error
2026-06-28T19:59:47.655214Z  WARN benchmark::loadgen: Dispatch failed: Unexpected status code received: 500 Internal Server Error
2026-06-28T19:59:47.657415Z  WARN benchmark::loadgen: Dispatch failed: Unexpected status code received: 500 Internal Server Error
2026-06-28T19:59:47.659323Z  WARN benchmark::loadgen: Dispatch failed: Unexpected status code received: 500 Internal Server Error
2026-06-28T19:59:47.661301Z  WARN benchmark::loadgen: Dispatch failed: Unexpected status code received: 500 Internal Server Error
2026-06-28T19:59:47.661410Z  WARN benchmark::loadgen: Dispatch failed: Unexpected status code received: 500 Internal Server Error
2026-06-28T19:59:47.665330Z  WARN benchmark::loadgen: Dispatch failed: Unexpected status code received: 500 Internal Server Error
2026-06-28T19:59:47.665488Z  WARN benchmark::loadgen: Dispatch failed: Unexpected status code received: 500 Internal Server Error
2026-06-28T19:59:47.669374Z  WARN benchmark::loadgen: Dispatch failed: Unexpected status code received: 500 Internal Server Error
2026-06-28T19:59:47.670237Z  WARN benchmark::loadgen: Dispatch failed: Unexpected status code received: 500 Internal Server Error
2026-06-28T19:59:47.673242Z  WARN benchmark::loadgen: Dispatch failed: Unexpected status code received: 500 Internal Server Error
2026-06-28T19:59:47.675202Z  WARN benchmark::loadgen: Dispatch failed: Unexpected status code received: 500 Internal Server Error
2026-06-28T19:59:47.677281Z  WARN benchmark::loadgen: Dispatch failed: Unexpected status code received: 500 Internal Server Error
2026-06-28T19:59:47.678179Z  WARN benchmark::loadgen: Dispatch failed: Unexpected status code received: 500 Internal Server Error
2026-06-28T19:59:47.680174Z  WARN benchmark::loadgen: Dispatch failed: Unexpected status code received: 500 Internal Server Error
2026-06-28T19:59:47.681173Z  WARN benchmark::loadgen: Dispatch failed: Unexpected status code received: 500 Internal Server Error
2026-06-28T19:59:47.685409Z  WARN benchmark::loadgen: Dispatch failed: Unexpected status code received: 500 Internal Server Error
2026-06-28T19:59:47.688311Z  WARN benchmark::loadgen: Dispatch failed: Unexpected status code received: 500 Internal Server Error
2026-06-28T19:59:47.689170Z  WARN benchmark::loadgen: Dispatch failed: Unexpected status code received: 500 Internal Server Error
2026-06-28T19:59:47.692227Z  WARN benchmark::loadgen: Dispatch failed: Unexpected status code received: 500 Internal Server Error
2026-06-28T19:59:47.692231Z  WARN benchmark::loadgen: Dispatch failed: Unexpected status code received: 500 Internal Server Error
2026-06-28T19:59:47.696592Z  WARN benchmark::loadgen: Dispatch failed: Unexpected status code received: 500 Internal Server Error
2026-06-28T19:59:47.697255Z  WARN benchmark::loadgen: Dispatch failed: Unexpected status code received: 500 Internal Server Error
2026-06-28T19:59:47.697271Z  WARN benchmark::loadgen: Dispatch failed: Unexpected status code received: 500 Internal Server Error
2026-06-28T19:59:47.698521Z  WARN benchmark::loadgen: Dispatch failed: Unexpected status code received: 500 Internal Server Error
2026-06-28T19:59:47.700455Z  WARN benchmark::loadgen: Dispatch failed: Unexpected status code received: 500 Internal Server Error
2026-06-28T19:59:47.701438Z  WARN benchmark::loadgen: Dispatch failed: Unexpected status code received: 500 Internal Server Error
2026-06-28T19:59:47.702390Z  WARN benchmark::loadgen: Dispatch failed: Unexpected status code received: 500 Internal Server Error
2026-06-28T19:59:47.705405Z  WARN benchmark::loadgen: Dispatch failed: Unexpected status code received: 500 Internal Server Error
2026-06-28T19:59:47.707406Z  WARN benchmark::loadgen: Dispatch failed: Unexpected status code received: 500 Internal Server Error
2026-06-28T19:59:47.707473Z  WARN benchmark::loadgen: Dispatch failed: Unexpected status code received: 500 Internal Server Error
2026-06-28T19:59:47.711344Z  WARN benchmark::loadgen: Dispatch failed: Unexpected status code received: 500 Internal Server Error
2026-06-28T19:59:47.713215Z  WARN benchmark::loadgen: Dispatch failed: Unexpected status code received: 500 Internal Server Error
2026-06-28T19:59:47.716284Z  WARN benchmark::loadgen: Dispatch failed: Unexpected status code received: 500 Internal Server Error
2026-06-28T19:59:47.717241Z  WARN benchmark::loadgen: Dispatch failed: Unexpected status code received: 500 Internal Server Error
2026-06-28T19:59:47.720178Z  WARN benchmark::loadgen: Dispatch failed: Unexpected status code received: 500 Internal Server Error
2026-06-28T19:59:47.722243Z  WARN benchmark::loadgen: Dispatch failed: Unexpected status code received: 500 Internal Server Error
2026-06-28T19:59:47.724175Z  WARN benchmark::loadgen: Dispatch failed: Unexpected status code received: 500 Internal Server Error
2026-06-28T19:59:47.725368Z  WARN benchmark::loadgen: Dispatch failed: Unexpected status code received: 500 Internal Server Error
2026-06-28T19:59:47.728190Z  WARN benchmark::loadgen: Dispatch failed: Unexpected status code received: 500 Internal Server Error
2026-06-28T19:59:47.729194Z  WARN benchmark::loadgen: Dispatch failed: Unexpected status code received: 500 Internal Server Error
2026-06-28T19:59:47.731166Z  WARN benchmark::loadgen: Dispatch failed: Unexpected status code received: 500 Internal Server Error
2026-06-28T19:59:47.733179Z  WARN benchmark::loadgen: Dispatch failed: Unexpected status code received: 500 Internal Server Error
2026-06-28T19:59:47.734265Z  WARN benchmark::loadgen: Dispatch failed: Unexpected status code received: 500 Internal Server Error
2026-06-28T19:59:47.737221Z  WARN benchmark::loadgen: Dispatch failed: Unexpected status code received: 500 Internal Server Error
2026-06-28T19:59:47.738204Z  WARN benchmark::loadgen: Dispatch failed: Unexpected status code received: 500 Internal Server Error
2026-06-28T19:59:47.741182Z  WARN benchmark::loadgen: Dispatch failed: Unexpected status code received: 500 Internal Server Error
2026-06-28T19:59:47.742165Z  WARN benchmark::loadgen: Dispatch failed: Unexpected status code received: 500 Internal Server Error
2026-06-28T19:59:47.744712Z  WARN benchmark::loadgen: Dispatch failed: Unexpected status code received: 500 Internal Server Error
2026-06-28T19:59:47.749183Z  WARN benchmark::loadgen: Dispatch failed: Unexpected status code received: 500 Internal Server Error
2026-06-28T19:59:47.750265Z  WARN benchmark::loadgen: Dispatch failed: Unexpected status code received: 500 Internal Server Error
2026-06-28T19:59:47.751209Z  WARN benchmark::loadgen: Dispatch failed: Unexpected status code received: 500 Internal Server Error
2026-06-28T19:59:47.754294Z  WARN benchmark::loadgen: Dispatch failed: Unexpected status code received: 500 Internal Server Error
2026-06-28T19:59:47.755270Z  WARN benchmark::loadgen: Dispatch failed: Unexpected status code received: 500 Internal Server Error
2026-06-28T19:59:47.759358Z  WARN benchmark::loadgen: Dispatch failed: Unexpected status code received: 500 Internal Server Error
2026-06-28T19:59:47.759358Z  WARN benchmark::loadgen: Dispatch failed: Unexpected status code received: 500 Internal Server Error
2026-06-28T19:59:47.760308Z  WARN benchmark::loadgen: Dispatch failed: Unexpected status code received: 500 Internal Server Error
2026-06-28T19:59:47.765224Z  WARN benchmark::loadgen: Dispatch failed: Unexpected status code received: 500 Internal Server Error
2026-06-28T19:59:47.765224Z  WARN benchmark::loadgen: Dispatch failed: Unexpected status code received: 500 Internal Server Error
2026-06-28T19:59:47.766319Z  WARN benchmark::loadgen: Dispatch failed: Unexpected status code received: 500 Internal Server Error
2026-06-28T19:59:47.770358Z  WARN benchmark::loadgen: Dispatch failed: Unexpected status code received: 500 Internal Server Error
2026-06-28T19:59:47.771318Z  WARN benchmark::loadgen: Dispatch failed: Unexpected status code received: 500 Internal Server Error
2026-06-28T19:59:47.771317Z  WARN benchmark::loadgen: Dispatch failed: Unexpected status code received: 500 Internal Server Error
2026-06-28T19:59:47.777238Z  WARN benchmark::loadgen: Dispatch failed: Unexpected status code received: 500 Internal Server Error
2026-06-28T19:59:47.778179Z  WARN benchmark::loadgen: Dispatch failed: Unexpected status code received: 500 Internal Server Error
2026-06-28T19:59:47.781158Z  WARN benchmark::loadgen: Dispatch failed: Unexpected status code received: 500 Internal Server Error
2026-06-28T19:59:47.782231Z  WARN benchmark::loadgen: Dispatch failed: Unexpected status code received: 500 Internal Server Error
2026-06-28T19:59:47.786252Z  WARN benchmark::loadgen: Dispatch failed: Unexpected status code received: 500 Internal Server Error
2026-06-28T19:59:47.786252Z  WARN benchmark::loadgen: Dispatch failed: Unexpected status code received: 500 Internal Server Error
2026-06-28T19:59:47.788176Z  WARN benchmark::loadgen: Dispatch failed: Unexpected status code received: 500 Internal Server Error
2026-06-28T19:59:47.789206Z  WARN benchmark::loadgen: Dispatch failed: Unexpected status code received: 500 Internal Server Error
2026-06-28T19:59:47.790289Z  WARN benchmark::loadgen: Dispatch failed: Unexpected status code received: 500 Internal Server Error
2026-06-28T19:59:47.794840Z  WARN benchmark::loadgen: Dispatch failed: Unexpected status code received: 500 Internal Server Error
2026-06-28T19:59:47.795393Z  WARN benchmark::loadgen: Dispatch failed: Unexpected status code received: 500 Internal Server Error
2026-06-28T19:59:47.797204Z  WARN benchmark::loadgen: Dispatch failed: Unexpected status code received: 500 Internal Server Error
2026-06-28T19:59:47.799182Z  WARN benchmark::loadgen: Dispatch failed: Unexpected status code received: 500 Internal Server Error
2026-06-28T19:59:47.800170Z  WARN benchmark::loadgen: Dispatch failed: Unexpected status code received: 500 Internal Server Error
2026-06-28T19:59:47.801927Z  WARN benchmark::loadgen: Dispatch failed: Unexpected status code received: 500 Internal Server Error
2026-06-28T19:59:47.804205Z  WARN benchmark::loadgen: Dispatch failed: Unexpected status code received: 500 Internal Server Error
2026-06-28T19:59:47.805185Z  WARN benchmark::loadgen: Dispatch failed: Unexpected status code received: 500 Internal Server Error
2026-06-28T19:59:47.806227Z  WARN benchmark::loadgen: Dispatch failed: Unexpected status code received: 500 Internal Server Error
2026-06-28T19:59:47.808184Z  WARN benchmark::loadgen: Dispatch failed: Unexpected status code received: 500 Internal Server Error
2026-06-28T19:59:47.811213Z  WARN benchmark::loadgen: Dispatch failed: Unexpected status code received: 500 Internal Server Error
2026-06-28T19:59:47.815181Z  WARN benchmark::loadgen: Dispatch failed: Unexpected status code received: 500 Internal Server Error
2026-06-28T19:59:47.817263Z  WARN benchmark::loadgen: Dispatch failed: Unexpected status code received: 500 Internal Server Error
2026-06-28T19:59:47.817267Z  WARN benchmark::loadgen: Dispatch failed: Unexpected status code received: 500 Internal Server Error
2026-06-28T19:59:47.820165Z  WARN benchmark::loadgen: Dispatch failed: Unexpected status code received: 500 Internal Server Error
2026-06-28T19:59:47.820204Z  WARN benchmark::loadgen: Dispatch failed: Unexpected status code received: 500 Internal Server Error
2026-06-28T19:59:47.821174Z  WARN benchmark::loadgen: Dispatch failed: Unexpected status code received: 500 Internal Server Error
2026-06-28T19:59:47.822184Z  WARN benchmark::loadgen: Dispatch failed: Unexpected status code received: 500 Internal Server Error
2026-06-28T19:59:47.825897Z  WARN benchmark::loadgen: Dispatch failed: Unexpected status code received: 500 Internal Server Error
2026-06-28T19:59:47.826284Z  WARN benchmark::loadgen: Dispatch failed: Unexpected status code received: 500 Internal Server Error
2026-06-28T19:59:47.830807Z  WARN benchmark::loadgen: Dispatch failed: Unexpected status code received: 500 Internal Server Error
2026-06-28T19:59:47.833756Z  WARN benchmark::loadgen: Dispatch failed: Unexpected status code received: 500 Internal Server Error
2026-06-28T19:59:47.834269Z  WARN benchmark::loadgen: Dispatch failed: Unexpected status code received: 500 Internal Server Error
2026-06-28T19:59:47.835901Z  WARN benchmark::loadgen: Dispatch failed: Unexpected status code received: 500 Internal Server Error
2026-06-28T19:59:47.838208Z  WARN benchmark::loadgen: Dispatch failed: Unexpected status code received: 500 Internal Server Error
2026-06-28T19:59:47.843672Z  WARN benchmark::loadgen: Dispatch failed: Unexpected status code received: 500 Internal Server Error
2026-06-28T19:59:47.843700Z  WARN benchmark::loadgen: Dispatch failed: Unexpected status code received: 500 Internal Server Error
2026-06-28T19:59:47.848510Z  WARN benchmark::loadgen: Dispatch failed: Unexpected status code received: 500 Internal Server Error
2026-06-28T19:59:47.849473Z  WARN benchmark::loadgen: Dispatch failed: Unexpected status code received: 500 Internal Server Error
2026-06-28T19:59:47.849527Z  WARN benchmark::loadgen: Dispatch failed: Unexpected status code received: 500 Internal Server Error
2026-06-28T19:59:47.850692Z  WARN benchmark::loadgen: Dispatch failed: Unexpected status code received: 500 Internal Server Error
2026-06-28T19:59:47.853541Z  WARN benchmark::loadgen: Dispatch failed: Unexpected status code received: 500 Internal Server Error
2026-06-28T19:59:47.854235Z  WARN benchmark::loadgen: Dispatch failed: Unexpected status code received: 500 Internal Server Error
2026-06-28T19:59:47.855277Z  WARN benchmark::loadgen: Dispatch failed: Unexpected status code received: 500 Internal Server Error
2026-06-28T19:59:47.858583Z  WARN benchmark::loadgen: Dispatch failed: Unexpected status code received: 500 Internal Server Error
2026-06-28T19:59:47.859548Z  WARN benchmark::loadgen: Dispatch failed: Unexpected status code received: 500 Internal Server Error
2026-06-28T19:59:47.860190Z  WARN benchmark::loadgen: Dispatch failed: Unexpected status code received: 500 Internal Server Error
2026-06-28T19:59:47.861446Z  WARN benchmark::loadgen: Dispatch failed: Unexpected status code received: 500 Internal Server Error
2026-06-28T19:59:47.864446Z  WARN benchmark::loadgen: Dispatch failed: Unexpected status code received: 500 Internal Server Error
2026-06-28T19:59:47.865393Z  WARN benchmark::loadgen: Dispatch failed: Unexpected status code received: 500 Internal Server Error
2026-06-28T19:59:47.868393Z  WARN benchmark::loadgen: Dispatch failed: Unexpected status code received: 500 Internal Server Error
2026-06-28T19:59:47.869343Z  WARN benchmark::loadgen: Dispatch failed: Unexpected status code received: 500 Internal Server Error
2026-06-28T19:59:47.874426Z  WARN benchmark::loadgen: Dispatch failed: Unexpected status code received: 500 Internal Server Error
2026-06-28T19:59:47.875612Z  WARN benchmark::loadgen: Dispatch failed: Unexpected status code received: 500 Internal Server Error
2026-06-28T19:59:47.875808Z  WARN benchmark::loadgen: Dispatch failed: Unexpected status code received: 500 Internal Server Error
2026-06-28T19:59:47.878579Z  WARN benchmark::loadgen: Dispatch failed: Unexpected status code received: 500 Internal Server Error
2026-06-28T19:59:47.879243Z  WARN benchmark::loadgen: Dispatch failed: Unexpected status code received: 500 Internal Server Error
2026-06-28T19:59:47.880483Z  WARN benchmark::loadgen: Dispatch failed: Unexpected status code received: 500 Internal Server Error
2026-06-28T19:59:47.882446Z  WARN benchmark::loadgen: Dispatch failed: Unexpected status code received: 500 Internal Server Error
2026-06-28T19:59:47.884368Z  WARN benchmark::loadgen: Dispatch failed: Unexpected status code received: 500 Internal Server Error
2026-06-28T19:59:47.887379Z  WARN benchmark::loadgen: Dispatch failed: Unexpected status code received: 500 Internal Server Error
2026-06-28T19:59:47.888301Z  WARN benchmark::loadgen: Dispatch failed: Unexpected status code received: 500 Internal Server Error
2026-06-28T19:59:47.889284Z  WARN benchmark::loadgen: Dispatch failed: Unexpected status code received: 500 Internal Server Error
2026-06-28T19:59:47.892259Z  WARN benchmark::loadgen: Dispatch failed: Unexpected status code received: 500 Internal Server Error
2026-06-28T19:59:47.896683Z  WARN benchmark::loadgen: Dispatch failed: Unexpected status code received: 500 Internal Server Error
2026-06-28T19:59:47.897750Z  WARN benchmark::loadgen: Dispatch failed: Unexpected status code received: 500 Internal Server Error
2026-06-28T19:59:47.898002Z  WARN benchmark::loadgen: Dispatch failed: Unexpected status code received: 500 Internal Server Error
2026-06-28T19:59:47.900311Z  WARN benchmark::loadgen: Dispatch failed: Unexpected status code received: 500 Internal Server Error
2026-06-28T19:59:47.901235Z  WARN benchmark::loadgen: Dispatch failed: Unexpected status code received: 500 Internal Server Error
2026-06-28T19:59:47.903205Z  WARN benchmark::loadgen: Dispatch failed: Unexpected status code received: 500 Internal Server Error
2026-06-28T19:59:47.904265Z  WARN benchmark::loadgen: Dispatch failed: Unexpected status code received: 500 Internal Server Error
2026-06-28T19:59:47.905284Z  WARN benchmark::loadgen: Dispatch failed: Unexpected status code received: 500 Internal Server Error
2026-06-28T19:59:47.908305Z  WARN benchmark::loadgen: Dispatch failed: Unexpected status code received: 500 Internal Server Error
2026-06-28T19:59:47.909198Z  WARN benchmark::loadgen: Dispatch failed: Unexpected status code received: 500 Internal Server Error
2026-06-28T19:59:47.911228Z  WARN benchmark::loadgen: Dispatch failed: Unexpected status code received: 500 Internal Server Error
2026-06-28T19:59:47.912217Z  WARN benchmark::loadgen: Dispatch failed: Unexpected status code received: 500 Internal Server Error
2026-06-28T19:59:47.915491Z  WARN benchmark::loadgen: Dispatch failed: Unexpected status code received: 500 Internal Server Error
2026-06-28T19:59:47.918228Z  WARN benchmark::loadgen: Dispatch failed: Unexpected status code received: 500 Internal Server Error
2026-06-28T19:59:47.919190Z  WARN benchmark::loadgen: Dispatch failed: Unexpected status code received: 500 Internal Server Error
2026-06-28T19:59:47.922169Z  WARN benchmark::loadgen: Dispatch failed: Unexpected status code received: 500 Internal Server Error
2026-06-28T19:59:47.923173Z  WARN benchmark::loadgen: Dispatch failed: Unexpected status code received: 500 Internal Server Error
2026-06-28T19:59:47.928245Z  WARN benchmark::loadgen: Dispatch failed: Unexpected status code received: 500 Internal Server Error
2026-06-28T19:59:47.928245Z  WARN benchmark::loadgen: Dispatch failed: Unexpected status code received: 500 Internal Server Error
2026-06-28T19:59:47.931885Z  WARN benchmark::loadgen: Dispatch failed: Unexpected status code received: 500 Internal Server Error
2026-06-28T19:59:47.934212Z  WARN benchmark::loadgen: Dispatch failed: Unexpected status code received: 500 Internal Server Error
2026-06-28T19:59:47.934212Z  WARN benchmark::loadgen: Dispatch failed: Unexpected status code received: 500 Internal Server Error
2026-06-28T19:59:47.938210Z  WARN benchmark::loadgen: Dispatch failed: Unexpected status code received: 500 Internal Server Error
2026-06-28T19:59:47.938262Z  WARN benchmark::loadgen: Dispatch failed: Unexpected status code received: 500 Internal Server Error
2026-06-28T19:59:47.941612Z  WARN benchmark::loadgen: Dispatch failed: Unexpected status code received: 500 Internal Server Error
2026-06-28T19:59:47.943605Z  WARN benchmark::loadgen: Dispatch failed: Unexpected status code received: 500 Internal Server Error
2026-06-28T19:59:47.945521Z  WARN benchmark::loadgen: Dispatch failed: Unexpected status code received: 500 Internal Server Error
2026-06-28T19:59:47.947521Z  WARN benchmark::loadgen: Dispatch failed: Unexpected status code received: 500 Internal Server Error
2026-06-28T19:59:47.948467Z  WARN benchmark::loadgen: Dispatch failed: Unexpected status code received: 500 Internal Server Error
2026-06-28T19:59:47.949485Z  WARN benchmark::loadgen: Dispatch failed: Unexpected status code received: 500 Internal Server Error
2026-06-28T19:59:47.952503Z  WARN benchmark::loadgen: Dispatch failed: Unexpected status code received: 500 Internal Server Error
2026-06-28T19:59:47.953189Z  WARN benchmark::loadgen: Dispatch failed: Unexpected status code received: 500 Internal Server Error
2026-06-28T19:59:47.955242Z  WARN benchmark::loadgen: Dispatch failed: Unexpected status code received: 500 Internal Server Error
2026-06-28T19:59:47.956531Z  WARN benchmark::loadgen: Dispatch failed: Unexpected status code received: 500 Internal Server Error
2026-06-28T19:59:47.957482Z  WARN benchmark::loadgen: Dispatch failed: Unexpected status code received: 500 Internal Server Error
2026-06-28T19:59:47.959368Z  WARN benchmark::loadgen: Dispatch failed: Unexpected status code received: 500 Internal Server Error
2026-06-28T19:59:47.962277Z  WARN benchmark::loadgen: Dispatch failed: Unexpected status code received: 500 Internal Server Error
2026-06-28T19:59:47.963253Z  WARN benchmark::loadgen: Dispatch failed: Unexpected status code received: 500 Internal Server Error
2026-06-28T19:59:47.966416Z  WARN benchmark::loadgen: Dispatch failed: Unexpected status code received: 500 Internal Server Error
2026-06-28T19:59:47.968338Z  WARN benchmark::loadgen: Dispatch failed: Unexpected status code received: 500 Internal Server Error
2026-06-28T19:59:47.969582Z  WARN benchmark::loadgen: Dispatch failed: Unexpected status code received: 500 Internal Server Error
2026-06-28T19:59:47.971260Z  WARN benchmark::loadgen: Dispatch failed: Unexpected status code received: 500 Internal Server Error
2026-06-28T19:59:47.973538Z  WARN benchmark::loadgen: Dispatch failed: Unexpected status code received: 500 Internal Server Error
2026-06-28T19:59:47.976380Z  WARN benchmark::loadgen: Dispatch failed: Unexpected status code received: 500 Internal Server Error
2026-06-28T19:59:47.977546Z  WARN benchmark::loadgen: Dispatch failed: Unexpected status code received: 500 Internal Server Error
2026-06-28T19:59:47.980447Z  WARN benchmark::loadgen: Dispatch failed: Unexpected status code received: 500 Internal Server Error
2026-06-28T19:59:47.982381Z  WARN benchmark::loadgen: Dispatch failed: Unexpected status code received: 500 Internal Server Error
2026-06-28T19:59:47.982486Z  WARN benchmark::loadgen: Dispatch failed: Unexpected status code received: 500 Internal Server Error
2026-06-28T19:59:47.984282Z  WARN benchmark::loadgen: Dispatch failed: Unexpected status code received: 500 Internal Server Error
2026-06-28T19:59:47.985237Z  WARN benchmark::loadgen: Dispatch failed: Unexpected status code received: 500 Internal Server Error
2026-06-28T19:59:47.987248Z  WARN benchmark::loadgen: Dispatch failed: Unexpected status code received: 500 Internal Server Error
2026-06-28T19:59:47.988215Z  WARN benchmark::loadgen: Dispatch failed: Unexpected status code received: 500 Internal Server Error
2026-06-28T19:59:47.989181Z  WARN benchmark::loadgen: Dispatch failed: Unexpected status code received: 500 Internal Server Error
2026-06-28T19:59:47.990178Z  WARN benchmark::loadgen: Dispatch failed: Unexpected status code received: 500 Internal Server Error
2026-06-28T19:59:47.991289Z  WARN benchmark::loadgen: Dispatch failed: Unexpected status code received: 500 Internal Server Error
2026-06-28T19:59:47.994200Z  WARN benchmark::loadgen: Dispatch failed: Unexpected status code received: 500 Internal Server Error
2026-06-28T19:59:47.995193Z  WARN benchmark::loadgen: Dispatch failed: Unexpected status code received: 500 Internal Server Error
2026-06-28T19:59:47.996436Z  WARN benchmark::loadgen: Dispatch failed: Unexpected status code received: 500 Internal Server Error
2026-06-28T19:59:47.999223Z  WARN benchmark::loadgen: Dispatch failed: Unexpected status code received: 500 Internal Server Error
2026-06-28T19:59:48.000223Z  WARN benchmark::loadgen: Dispatch failed: Unexpected status code received: 500 Internal Server Error
2026-06-28T19:59:48.003223Z  WARN benchmark::loadgen: Dispatch failed: Unexpected status code received: 500 Internal Server Error
2026-06-28T19:59:48.004188Z  WARN benchmark::loadgen: Dispatch failed: Unexpected status code received: 500 Internal Server Error
2026-06-28T19:59:48.008200Z  WARN benchmark::loadgen: Dispatch failed: Unexpected status code received: 500 Internal Server Error
2026-06-28T19:59:48.011331Z  WARN benchmark::loadgen: Dispatch failed: Unexpected status code received: 500 Internal Server Error
2026-06-28T19:59:48.012191Z  WARN benchmark::loadgen: Dispatch failed: Unexpected status code received: 500 Internal Server Error
2026-06-28T19:59:48.016194Z  WARN benchmark::loadgen: Dispatch failed: Unexpected status code received: 500 Internal Server Error
2026-06-28T19:59:48.017262Z  WARN benchmark::loadgen: Dispatch failed: Unexpected status code received: 500 Internal Server Error
2026-06-28T19:59:48.018421Z  WARN benchmark::loadgen: Dispatch failed: Unexpected status code received: 500 Internal Server Error
2026-06-28T19:59:48.023263Z  WARN benchmark::loadgen: Dispatch failed: Unexpected status code received: 500 Internal Server Error
2026-06-28T19:59:48.023502Z  WARN benchmark::loadgen: Dispatch failed: Unexpected status code received: 500 Internal Server Error
2026-06-28T19:59:48.027227Z  WARN benchmark::loadgen: Dispatch failed: Unexpected status code received: 500 Internal Server Error
2026-06-28T19:59:48.029234Z  WARN benchmark::loadgen: Dispatch failed: Unexpected status code received: 500 Internal Server Error
2026-06-28T19:59:48.030190Z  WARN benchmark::loadgen: Dispatch failed: Unexpected status code received: 500 Internal Server Error
2026-06-28T19:59:48.032205Z  WARN benchmark::loadgen: Dispatch failed: Unexpected status code received: 500 Internal Server Error
2026-06-28T19:59:48.034180Z  WARN benchmark::loadgen: Dispatch failed: Unexpected status code received: 500 Internal Server Error
2026-06-28T19:59:48.035187Z  WARN benchmark::loadgen: Dispatch failed: Unexpected status code received: 500 Internal Server Error
2026-06-28T19:59:48.037258Z  WARN benchmark::loadgen: Dispatch failed: Unexpected status code received: 500 Internal Server Error
2026-06-28T19:59:48.038175Z  WARN benchmark::loadgen: Dispatch failed: Unexpected status code received: 500 Internal Server Error
2026-06-28T19:59:48.040705Z  WARN benchmark::loadgen: Dispatch failed: Unexpected status code received: 500 Internal Server Error
2026-06-28T19:59:48.042684Z  WARN benchmark::loadgen: Dispatch failed: Unexpected status code received: 500 Internal Server Error
2026-06-28T19:59:48.044625Z  WARN benchmark::loadgen: Dispatch failed: Unexpected status code received: 500 Internal Server Error
2026-06-28T19:59:48.048667Z  WARN benchmark::loadgen: Dispatch failed: Unexpected status code received: 500 Internal Server Error
2026-06-28T19:59:48.048667Z  WARN benchmark::loadgen: Dispatch failed: Unexpected status code received: 500 Internal Server Error
2026-06-28T19:59:48.052593Z  WARN benchmark::loadgen: Dispatch failed: Unexpected status code received: 500 Internal Server Error
2026-06-28T19:59:48.053514Z  WARN benchmark::loadgen: Dispatch failed: Unexpected status code received: 500 Internal Server Error
2026-06-28T19:59:48.054452Z  WARN benchmark::loadgen: Dispatch failed: Unexpected status code received: 500 Internal Server Error
2026-06-28T19:59:48.056407Z  WARN benchmark::loadgen: Dispatch failed: Unexpected status code received: 500 Internal Server Error
2026-06-28T19:59:48.056454Z  WARN benchmark::loadgen: Dispatch failed: Unexpected status code received: 500 Internal Server Error
2026-06-28T19:59:48.057391Z  WARN benchmark::loadgen: Dispatch failed: Unexpected status code received: 500 Internal Server Error
2026-06-28T19:59:48.060398Z  WARN benchmark::loadgen: Dispatch failed: Unexpected status code received: 500 Internal Server Error
2026-06-28T19:59:48.061379Z  WARN benchmark::loadgen: Dispatch failed: Unexpected status code received: 500 Internal Server Error
2026-06-28T19:59:48.064323Z  WARN benchmark::loadgen: Dispatch failed: Unexpected status code received: 500 Internal Server Error
2026-06-28T19:59:48.068275Z  WARN benchmark::loadgen: Dispatch failed: Unexpected status code received: 500 Internal Server Error
2026-06-28T19:59:48.070203Z  WARN benchmark::loadgen: Dispatch failed: Unexpected status code received: 500 Internal Server Error
2026-06-28T19:59:48.071522Z  WARN benchmark::loadgen: Dispatch failed: Unexpected status code received: 500 Internal Server Error
2026-06-28T19:59:48.074322Z  WARN benchmark::loadgen: Dispatch failed: Unexpected status code received: 500 Internal Server Error
2026-06-28T19:59:48.076365Z  WARN benchmark::loadgen: Dispatch failed: Unexpected status code received: 500 Internal Server Error
2026-06-28T19:59:48.079232Z  WARN benchmark::loadgen: Dispatch failed: Unexpected status code received: 500 Internal Server Error
2026-06-28T19:59:48.079313Z  WARN benchmark::loadgen: Dispatch failed: Unexpected status code received: 500 Internal Server Error
2026-06-28T19:59:48.083154Z  WARN benchmark::loadgen: Dispatch failed: Unexpected status code received: 500 Internal Server Error
2026-06-28T19:59:48.086162Z  WARN benchmark::loadgen: Dispatch failed: Unexpected status code received: 500 Internal Server Error
2026-06-28T19:59:48.086183Z  WARN benchmark::loadgen: Dispatch failed: Unexpected status code received: 500 Internal Server Error
2026-06-28T19:59:48.088072Z  WARN benchmark::loadgen: Dispatch failed: Unexpected status code received: 500 Internal Server Error
2026-06-28T19:59:48.091360Z  WARN benchmark::loadgen: Dispatch failed: Unexpected status code received: 500 Internal Server Error
2026-06-28T19:59:48.092207Z  WARN benchmark::loadgen: Dispatch failed: Unexpected status code received: 500 Internal Server Error
2026-06-28T19:59:48.094225Z  WARN benchmark::loadgen: Dispatch failed: Unexpected status code received: 500 Internal Server Error
2026-06-28T19:59:48.098125Z  WARN benchmark::loadgen: Dispatch failed: Unexpected status code received: 500 Internal Server Error
2026-06-28T19:59:48.098319Z  WARN benchmark::loadgen: Dispatch failed: Unexpected status code received: 500 Internal Server Error
2026-06-28T19:59:48.099160Z  WARN benchmark::loadgen: Dispatch failed: Unexpected status code received: 500 Internal Server Error
2026-06-28T19:59:48.102925Z  WARN benchmark::loadgen: Dispatch failed: Unexpected status code received: 500 Internal Server Error
2026-06-28T19:59:48.104181Z  WARN benchmark::loadgen: Dispatch failed: Unexpected status code received: 500 Internal Server Error
2026-06-28T19:59:48.106151Z  WARN benchmark::loadgen: Dispatch failed: Unexpected status code received: 500 Internal Server Error
2026-06-28T19:59:48.108188Z  WARN benchmark::loadgen: Dispatch failed: Unexpected status code received: 500 Internal Server Error
2026-06-28T19:59:48.110190Z  WARN benchmark::loadgen: Dispatch failed: Unexpected status code received: 500 Internal Server Error
2026-06-28T19:59:48.111308Z  WARN benchmark::loadgen: Dispatch failed: Unexpected status code received: 500 Internal Server Error
2026-06-28T19:59:48.111308Z  WARN benchmark::loadgen: Dispatch failed: Unexpected status code received: 500 Internal Server Error
2026-06-28T19:59:48.115208Z  WARN benchmark::loadgen: Dispatch failed: Unexpected status code received: 500 Internal Server Error
2026-06-28T19:59:48.115239Z  WARN benchmark::loadgen: Dispatch failed: Unexpected status code received: 500 Internal Server Error
2026-06-28T19:59:48.116432Z  WARN benchmark::loadgen: Dispatch failed: Unexpected status code received: 500 Internal Server Error
2026-06-28T19:59:48.119314Z  WARN benchmark::loadgen: Dispatch failed: Unexpected status code received: 500 Internal Server Error
2026-06-28T19:59:48.121161Z  WARN benchmark::loadgen: Dispatch failed: Unexpected status code received: 500 Internal Server Error
2026-06-28T19:59:48.122724Z  WARN benchmark::loadgen: Dispatch failed: Unexpected status code received: 500 Internal Server Error
2026-06-28T19:59:48.123297Z  WARN benchmark::loadgen: Dispatch failed: Unexpected status code received: 500 Internal Server Error
2026-06-28T19:59:48.124707Z  WARN benchmark::loadgen: Dispatch failed: Unexpected status code received: 500 Internal Server Error
2026-06-28T19:59:48.127216Z  WARN benchmark::loadgen: Dispatch failed: Unexpected status code received: 500 Internal Server Error
2026-06-28T19:59:48.128649Z  WARN benchmark::loadgen: Dispatch failed: Unexpected status code received: 500 Internal Server Error
2026-06-28T19:59:48.131691Z  WARN benchmark::loadgen: Dispatch failed: Unexpected status code received: 500 Internal Server Error
2026-06-28T19:59:48.132647Z  WARN benchmark::loadgen: Dispatch failed: Unexpected status code received: 500 Internal Server Error
2026-06-28T19:59:48.135481Z  WARN benchmark::loadgen: Dispatch failed: Unexpected status code received: 500 Internal Server Error
2026-06-28T19:59:48.137429Z  WARN benchmark::loadgen: Dispatch failed: Unexpected status code received: 500 Internal Server Error
2026-06-28T19:59:48.137438Z  WARN benchmark::loadgen: Dispatch failed: Unexpected status code received: 500 Internal Server Error
2026-06-28T19:59:48.139563Z  WARN benchmark::loadgen: Dispatch failed: Unexpected status code received: 500 Internal Server Error
2026-06-28T19:59:48.140636Z  WARN benchmark::loadgen: Dispatch failed: Unexpected status code received: 500 Internal Server Error
2026-06-28T19:59:48.141194Z  WARN benchmark::loadgen: Dispatch failed: Unexpected status code received: 500 Internal Server Error
2026-06-28T19:59:48.145423Z  WARN benchmark::loadgen: Dispatch failed: Unexpected status code received: 500 Internal Server Error
2026-06-28T19:59:48.148451Z  WARN benchmark::loadgen: Dispatch failed: Unexpected status code received: 500 Internal Server Error
2026-06-28T19:59:48.149343Z  WARN benchmark::loadgen: Dispatch failed: Unexpected status code received: 500 Internal Server Error
2026-06-28T19:59:48.150330Z  WARN benchmark::loadgen: Dispatch failed: Unexpected status code received: 500 Internal Server Error
2026-06-28T19:59:48.154363Z  WARN benchmark::loadgen: Dispatch failed: Unexpected status code received: 500 Internal Server Error
2026-06-28T19:59:48.154363Z  WARN benchmark::loadgen: Dispatch failed: Unexpected status code received: 500 Internal Server Error
2026-06-28T19:59:48.158359Z  WARN benchmark::loadgen: Dispatch failed: Unexpected status code received: 500 Internal Server Error
2026-06-28T19:59:48.158420Z  WARN benchmark::loadgen: Dispatch failed: Unexpected status code received: 500 Internal Server Error
2026-06-28T19:59:48.161261Z  WARN benchmark::loadgen: Dispatch failed: Unexpected status code received: 500 Internal Server Error
2026-06-28T19:59:48.163233Z  WARN benchmark::loadgen: Dispatch failed: Unexpected status code received: 500 Internal Server Error
2026-06-28T19:59:48.164209Z  WARN benchmark::loadgen: Dispatch failed: Unexpected status code received: 500 Internal Server Error
2026-06-28T19:59:48.166287Z  WARN benchmark::loadgen: Dispatch failed: Unexpected status code received: 500 Internal Server Error
2026-06-28T19:59:48.166295Z  WARN benchmark::loadgen: Dispatch failed: Unexpected status code received: 500 Internal Server Error
2026-06-28T19:59:48.169230Z  WARN benchmark::loadgen: Dispatch failed: Unexpected status code received: 500 Internal Server Error
2026-06-28T19:59:48.170239Z  WARN benchmark::loadgen: Dispatch failed: Unexpected status code received: 500 Internal Server Error
2026-06-28T19:59:48.174307Z  WARN benchmark::loadgen: Dispatch failed: Unexpected status code received: 500 Internal Server Error
2026-06-28T19:59:48.178243Z  WARN benchmark::loadgen: Dispatch failed: Unexpected status code received: 500 Internal Server Error
2026-06-28T19:59:48.179260Z  WARN benchmark::loadgen: Dispatch failed: Unexpected status code received: 500 Internal Server Error
2026-06-28T19:59:48.181230Z  WARN benchmark::loadgen: Dispatch failed: Unexpected status code received: 500 Internal Server Error
2026-06-28T19:59:48.182176Z  WARN benchmark::loadgen: Dispatch failed: Unexpected status code received: 500 Internal Server Error
2026-06-28T19:59:48.185171Z  WARN benchmark::loadgen: Dispatch failed: Unexpected status code received: 500 Internal Server Error
2026-06-28T19:59:48.186190Z  WARN benchmark::loadgen: Dispatch failed: Unexpected status code received: 500 Internal Server Error
2026-06-28T19:59:48.190209Z  WARN benchmark::loadgen: Dispatch failed: Unexpected status code received: 500 Internal Server Error
2026-06-28T19:59:48.193178Z  WARN benchmark::loadgen: Dispatch failed: Unexpected status code received: 500 Internal Server Error
2026-06-28T19:59:48.194188Z  WARN benchmark::loadgen: Dispatch failed: Unexpected status code received: 500 Internal Server Error
2026-06-28T19:59:48.196263Z  WARN benchmark::loadgen: Dispatch failed: Unexpected status code received: 500 Internal Server Error
2026-06-28T19:59:48.198986Z  WARN benchmark::loadgen: Dispatch failed: Unexpected status code received: 500 Internal Server Error
2026-06-28T19:59:48.199195Z  WARN benchmark::loadgen: Dispatch failed: Unexpected status code received: 500 Internal Server Error
2026-06-28T19:59:48.201211Z  WARN benchmark::loadgen: Dispatch failed: Unexpected status code received: 500 Internal Server Error
2026-06-28T19:59:48.204816Z  WARN benchmark::loadgen: Dispatch failed: Unexpected status code received: 500 Internal Server Error
2026-06-28T19:59:48.208824Z  WARN benchmark::loadgen: Dispatch failed: Unexpected status code received: 500 Internal Server Error
2026-06-28T19:59:48.208957Z  WARN benchmark::loadgen: Dispatch failed: Unexpected status code received: 500 Internal Server Error
2026-06-28T19:59:48.209227Z  WARN benchmark::loadgen: Dispatch failed: Unexpected status code received: 500 Internal Server Error
2026-06-28T19:59:48.211344Z  WARN benchmark::loadgen: Dispatch failed: Unexpected status code received: 500 Internal Server Error
2026-06-28T19:59:48.212275Z  WARN benchmark::loadgen: Dispatch failed: Unexpected status code received: 500 Internal Server Error
2026-06-28T19:59:48.213175Z  WARN benchmark::loadgen: Dispatch failed: Unexpected status code received: 500 Internal Server Error
2026-06-28T19:59:48.216667Z  WARN benchmark::loadgen: Dispatch failed: Unexpected status code received: 500 Internal Server Error
2026-06-28T19:59:48.217240Z  WARN benchmark::loadgen: Dispatch failed: Unexpected status code received: 500 Internal Server Error
2026-06-28T19:59:48.221239Z  WARN benchmark::loadgen: Dispatch failed: Unexpected status code received: 500 Internal Server Error
2026-06-28T19:59:48.221239Z  WARN benchmark::loadgen: Dispatch failed: Unexpected status code received: 500 Internal Server Error
2026-06-28T19:59:48.223186Z  WARN benchmark::loadgen: Dispatch failed: Unexpected status code received: 500 Internal Server Error
2026-06-28T19:59:48.224680Z  WARN benchmark::loadgen: Dispatch failed: Unexpected status code received: 500 Internal Server Error
2026-06-28T19:59:48.226220Z  WARN benchmark::loadgen: Dispatch failed: Unexpected status code received: 500 Internal Server Error
2026-06-28T19:59:48.228238Z  WARN benchmark::loadgen: Dispatch failed: Unexpected status code received: 500 Internal Server Error
2026-06-28T19:59:48.230206Z  WARN benchmark::loadgen: Dispatch failed: Unexpected status code received: 500 Internal Server Error
2026-06-28T19:59:48.233188Z  WARN benchmark::loadgen: Dispatch failed: Unexpected status code received: 500 Internal Server Error
2026-06-28T19:59:48.234278Z  WARN benchmark::loadgen: Dispatch failed: Unexpected status code received: 500 Internal Server Error
2026-06-28T19:59:48.236186Z  WARN benchmark::loadgen: Dispatch failed: Unexpected status code received: 500 Internal Server Error
2026-06-28T19:59:48.239285Z  WARN benchmark::loadgen: Dispatch failed: Unexpected status code received: 500 Internal Server Error
2026-06-28T19:59:48.241254Z  WARN benchmark::loadgen: Dispatch failed: Unexpected status code received: 500 Internal Server Error
2026-06-28T19:59:48.243182Z  WARN benchmark::loadgen: Dispatch failed: Unexpected status code received: 500 Internal Server Error
2026-06-28T19:59:48.247342Z  WARN benchmark::loadgen: Dispatch failed: Unexpected status code received: 500 Internal Server Error
2026-06-28T19:59:48.247406Z  WARN benchmark::loadgen: Dispatch failed: Unexpected status code received: 500 Internal Server Error
2026-06-28T19:59:48.251216Z  WARN benchmark::loadgen: Dispatch failed: Unexpected status code received: 500 Internal Server Error
2026-06-28T19:59:48.255173Z  WARN benchmark::loadgen: Dispatch failed: Unexpected status code received: 500 Internal Server Error
2026-06-28T19:59:48.255175Z  WARN benchmark::loadgen: Dispatch failed: Unexpected status code received: 500 Internal Server Error
2026-06-28T19:59:48.256210Z  WARN benchmark::loadgen: Dispatch failed: Unexpected status code received: 500 Internal Server Error
2026-06-28T19:59:48.257297Z  WARN benchmark::loadgen: Dispatch failed: Unexpected status code received: 500 Internal Server Error
2026-06-28T19:59:48.261398Z  WARN benchmark::loadgen: Dispatch failed: Unexpected status code received: 500 Internal Server Error
2026-06-28T19:59:48.261398Z  WARN benchmark::loadgen: Dispatch failed: Unexpected status code received: 500 Internal Server Error
2026-06-28T19:59:48.262893Z  WARN benchmark::loadgen: Dispatch failed: Unexpected status code received: 500 Internal Server Error
2026-06-28T19:59:48.267218Z  WARN benchmark::loadgen: Dispatch failed: Unexpected status code received: 500 Internal Server Error
2026-06-28T19:59:48.267218Z  WARN benchmark::loadgen: Dispatch failed: Unexpected status code received: 500 Internal Server Error
2026-06-28T19:59:48.269216Z  WARN benchmark::loadgen: Dispatch failed: Unexpected status code received: 500 Internal Server Error
2026-06-28T19:59:48.271243Z  WARN benchmark::loadgen: Dispatch failed: Unexpected status code received: 500 Internal Server Error
2026-06-28T19:59:48.275254Z  WARN benchmark::loadgen: Dispatch failed: Unexpected status code received: 500 Internal Server Error
2026-06-28T19:59:48.275266Z  WARN benchmark::loadgen: Dispatch failed: Unexpected status code received: 500 Internal Server Error
2026-06-28T19:59:48.276449Z  WARN benchmark::loadgen: Dispatch failed: Unexpected status code received: 500 Internal Server Error
2026-06-28T19:59:48.280272Z  WARN benchmark::loadgen: Dispatch failed: Unexpected status code received: 500 Internal Server Error
2026-06-28T19:59:48.281270Z  WARN benchmark::loadgen: Dispatch failed: Unexpected status code received: 500 Internal Server Error
2026-06-28T19:59:48.284685Z  WARN benchmark::loadgen: Dispatch failed: Unexpected status code received: 500 Internal Server Error
2026-06-28T19:59:48.284768Z  WARN benchmark::loadgen: Dispatch failed: Unexpected status code received: 500 Internal Server Error
2026-06-28T19:59:48.285189Z  WARN benchmark::loadgen: Dispatch failed: Unexpected status code received: 500 Internal Server Error
2026-06-28T19:59:48.288251Z  WARN benchmark::loadgen: Dispatch failed: Unexpected status code received: 500 Internal Server Error
2026-06-28T19:59:48.290222Z  WARN benchmark::loadgen: Dispatch failed: Unexpected status code received: 500 Internal Server Error
2026-06-28T19:59:48.290222Z  WARN benchmark::loadgen: Dispatch failed: Unexpected status code received: 500 Internal Server Error
2026-06-28T19:59:48.292264Z  WARN benchmark::loadgen: Dispatch failed: Unexpected status code received: 500 Internal Server Error
2026-06-28T19:59:48.293229Z  WARN benchmark::loadgen: Dispatch failed: Unexpected status code received: 500 Internal Server Error
2026-06-28T19:59:48.296621Z  WARN benchmark::loadgen: Dispatch failed: Unexpected status code received: 500 Internal Server Error
2026-06-28T19:59:48.298217Z  WARN benchmark::loadgen: Dispatch failed: Unexpected status code received: 500 Internal Server Error
2026-06-28T19:59:48.300188Z  WARN benchmark::loadgen: Dispatch failed: Unexpected status code received: 500 Internal Server Error
2026-06-28T19:59:48.301217Z  WARN benchmark::loadgen: Dispatch failed: Unexpected status code received: 500 Internal Server Error
2026-06-28T19:59:48.302209Z  WARN benchmark::loadgen: Dispatch failed: Unexpected status code received: 500 Internal Server Error
2026-06-28T19:59:48.305322Z  WARN benchmark::loadgen: Dispatch failed: Unexpected status code received: 500 Internal Server Error
2026-06-28T19:59:48.308331Z  WARN benchmark::loadgen: Dispatch failed: Unexpected status code received: 500 Internal Server Error
2026-06-28T19:59:48.309323Z  WARN benchmark::loadgen: Dispatch failed: Unexpected status code received: 500 Internal Server Error
2026-06-28T19:59:48.311213Z  WARN benchmark::loadgen: Dispatch failed: Unexpected status code received: 500 Internal Server Error
2026-06-28T19:59:48.313220Z  WARN benchmark::loadgen: Dispatch failed: Unexpected status code received: 500 Internal Server Error
2026-06-28T19:59:48.314202Z  WARN benchmark::loadgen: Dispatch failed: Unexpected status code received: 500 Internal Server Error
2026-06-28T19:59:48.318175Z  WARN benchmark::loadgen: Dispatch failed: Unexpected status code received: 500 Internal Server Error
2026-06-28T19:59:48.320234Z  WARN benchmark::loadgen: Dispatch failed: Unexpected status code received: 500 Internal Server Error
2026-06-28T19:59:48.321207Z  WARN benchmark::loadgen: Dispatch failed: Unexpected status code received: 500 Internal Server Error
2026-06-28T19:59:48.323199Z  WARN benchmark::loadgen: Dispatch failed: Unexpected status code received: 500 Internal Server Error
2026-06-28T19:59:48.329225Z  WARN benchmark::loadgen: Dispatch failed: Unexpected status code received: 500 Internal Server Error
2026-06-28T19:59:48.329270Z  WARN benchmark::loadgen: Dispatch failed: Unexpected status code received: 500 Internal Server Error
2026-06-28T19:59:48.331779Z  WARN benchmark::loadgen: Dispatch failed: Unexpected status code received: 500 Internal Server Error
2026-06-28T19:59:48.333245Z  WARN benchmark::loadgen: Dispatch failed: Unexpected status code received: 500 Internal Server Error
2026-06-28T19:59:48.335202Z  WARN benchmark::loadgen: Dispatch failed: Unexpected status code received: 500 Internal Server Error
2026-06-28T19:59:48.336757Z  WARN benchmark::loadgen: Dispatch failed: Unexpected status code received: 500 Internal Server Error
2026-06-28T19:59:48.339799Z  WARN benchmark::loadgen: Dispatch failed: Unexpected status code received: 500 Internal Server Error
2026-06-28T19:59:48.340234Z  WARN benchmark::loadgen: Dispatch failed: Unexpected status code received: 500 Internal Server Error
2026-06-28T19:59:48.343734Z  WARN benchmark::loadgen: Dispatch failed: Unexpected status code received: 500 Internal Server Error
2026-06-28T19:59:48.344203Z  WARN benchmark::loadgen: Dispatch failed: Unexpected status code received: 500 Internal Server Error
2026-06-28T19:59:48.345759Z  WARN benchmark::loadgen: Dispatch failed: Unexpected status code received: 500 Internal Server Error
2026-06-28T19:59:48.348257Z  WARN benchmark::loadgen: Dispatch failed: Unexpected status code received: 500 Internal Server Error
2026-06-28T19:59:48.349752Z  WARN benchmark::loadgen: Dispatch failed: Unexpected status code received: 500 Internal Server Error
2026-06-28T19:59:48.353263Z  WARN benchmark::loadgen: Dispatch failed: Unexpected status code received: 500 Internal Server Error
2026-06-28T19:59:48.353262Z  WARN benchmark::loadgen: Dispatch failed: Unexpected status code received: 500 Internal Server Error
2026-06-28T19:59:48.356620Z  WARN benchmark::loadgen: Dispatch failed: Unexpected status code received: 500 Internal Server Error
2026-06-28T19:59:48.357595Z  WARN benchmark::loadgen: Dispatch failed: Unexpected status code received: 500 Internal Server Error
2026-06-28T19:59:48.358149Z  WARN benchmark::loadgen: Dispatch failed: Unexpected status code received: 500 Internal Server Error
2026-06-28T19:59:48.360242Z  WARN benchmark::loadgen: Dispatch failed: Unexpected status code received: 500 Internal Server Error
2026-06-28T19:59:48.362580Z  WARN benchmark::loadgen: Dispatch failed: Unexpected status code received: 500 Internal Server Error
2026-06-28T19:59:48.364460Z  WARN benchmark::loadgen: Dispatch failed: Unexpected status code received: 500 Internal Server Error
2026-06-28T19:59:48.365440Z  WARN benchmark::loadgen: Dispatch failed: Unexpected status code received: 500 Internal Server Error
2026-06-28T19:59:48.369432Z  WARN benchmark::loadgen: Dispatch failed: Unexpected status code received: 500 Internal Server Error
2026-06-28T19:59:48.369496Z  WARN benchmark::loadgen: Dispatch failed: Unexpected status code received: 500 Internal Server Error
2026-06-28T19:59:48.372510Z  WARN benchmark::loadgen: Dispatch failed: Unexpected status code received: 500 Internal Server Error
2026-06-28T19:59:48.373361Z  WARN benchmark::loadgen: Dispatch failed: Unexpected status code received: 500 Internal Server Error
2026-06-28T19:59:48.373417Z  WARN benchmark::loadgen: Dispatch failed: Unexpected status code received: 500 Internal Server Error
2026-06-28T19:59:48.374287Z  WARN benchmark::loadgen: Dispatch failed: Unexpected status code received: 500 Internal Server Error
2026-06-28T19:59:48.376237Z  WARN benchmark::loadgen: Dispatch failed: Unexpected status code received: 500 Internal Server Error
2026-06-28T19:59:48.377224Z  WARN benchmark::loadgen: Dispatch failed: Unexpected status code received: 500 Internal Server Error
2026-06-28T19:59:48.379296Z  WARN benchmark::loadgen: Dispatch failed: Unexpected status code received: 500 Internal Server Error
2026-06-28T19:59:48.381265Z  WARN benchmark::loadgen: Dispatch failed: Unexpected status code received: 500 Internal Server Error
2026-06-28T19:59:48.387196Z  WARN benchmark::loadgen: Dispatch failed: Unexpected status code received: 500 Internal Server Error
2026-06-28T19:59:48.388290Z  WARN benchmark::loadgen: Dispatch failed: Unexpected status code received: 500 Internal Server Error
2026-06-28T19:59:48.391197Z  WARN benchmark::loadgen: Dispatch failed: Unexpected status code received: 500 Internal Server Error
2026-06-28T19:59:48.392169Z  WARN benchmark::loadgen: Dispatch failed: Unexpected status code received: 500 Internal Server Error
2026-06-28T19:59:48.395171Z  WARN benchmark::loadgen: Dispatch failed: Unexpected status code received: 500 Internal Server Error
2026-06-28T19:59:48.396193Z  WARN benchmark::loadgen: Dispatch failed: Unexpected status code received: 500 Internal Server Error
2026-06-28T19:59:48.397366Z  WARN benchmark::loadgen: Dispatch failed: Unexpected status code received: 500 Internal Server Error
2026-06-28T19:59:48.398320Z  WARN benchmark::loadgen: Dispatch failed: Unexpected status code received: 500 Internal Server Error
2026-06-28T19:59:48.402198Z  WARN benchmark::loadgen: Dispatch failed: Unexpected status code received: 500 Internal Server Error
2026-06-28T19:59:48.406216Z  WARN benchmark::loadgen: Dispatch failed: Unexpected status code received: 500 Internal Server Error
2026-06-28T19:59:48.412183Z  WARN benchmark::loadgen: Dispatch failed: Unexpected status code received: 500 Internal Server Error
2026-06-28T19:59:48.413254Z  WARN benchmark::loadgen: Dispatch failed: Unexpected status code received: 500 Internal Server Error
2026-06-28T19:59:48.418234Z  WARN benchmark::loadgen: Dispatch failed: Unexpected status code received: 500 Internal Server Error
2026-06-28T19:59:48.419387Z  WARN benchmark::loadgen: Dispatch failed: Unexpected status code received: 500 Internal Server Error
2026-06-28T19:59:48.419387Z  WARN benchmark::loadgen: Dispatch failed: Unexpected status code received: 500 Internal Server Error
2026-06-28T19:59:48.422241Z  WARN benchmark::loadgen: Dispatch failed: Unexpected status code received: 500 Internal Server Error
2026-06-28T19:59:48.426159Z  WARN benchmark::loadgen: Dispatch failed: Unexpected status code received: 500 Internal Server Error
2026-06-28T19:59:48.429225Z  WARN benchmark::loadgen: Dispatch failed: Unexpected status code received: 500 Internal Server Error
2026-06-28T19:59:48.430199Z  WARN benchmark::loadgen: Dispatch failed: Unexpected status code received: 500 Internal Server Error
2026-06-28T19:59:48.434172Z  WARN benchmark::loadgen: Dispatch failed: Unexpected status code received: 500 Internal Server Error
2026-06-28T19:59:48.435200Z  WARN benchmark::loadgen: Dispatch failed: Unexpected status code received: 500 Internal Server Error
2026-06-28T19:59:48.437268Z  WARN benchmark::loadgen: Dispatch failed: Unexpected status code received: 500 Internal Server Error
2026-06-28T19:59:48.437334Z  WARN benchmark::loadgen: Dispatch failed: Unexpected status code received: 500 Internal Server Error
2026-06-28T19:59:48.441763Z  WARN benchmark::loadgen: Dispatch failed: Unexpected status code received: 500 Internal Server Error
2026-06-28T19:59:48.442217Z  WARN benchmark::loadgen: Dispatch failed: Unexpected status code received: 500 Internal Server Error
2026-06-28T19:59:48.442256Z  WARN benchmark::loadgen: Dispatch failed: Unexpected status code received: 500 Internal Server Error
2026-06-28T19:59:48.443186Z  WARN benchmark::loadgen: Dispatch failed: Unexpected status code received: 500 Internal Server Error
2026-06-28T19:59:48.447627Z  WARN benchmark::loadgen: Dispatch failed: Unexpected status code received: 500 Internal Server Error
2026-06-28T19:59:48.447736Z  WARN benchmark::loadgen: Dispatch failed: Unexpected status code received: 500 Internal Server Error
2026-06-28T19:59:48.450647Z  WARN benchmark::loadgen: Dispatch failed: Unexpected status code received: 500 Internal Server Error
2026-06-28T19:59:48.452757Z  WARN benchmark::loadgen: Dispatch failed: Unexpected status code received: 500 Internal Server Error
2026-06-28T19:59:48.454248Z  WARN benchmark::loadgen: Dispatch failed: Unexpected status code received: 500 Internal Server Error
2026-06-28T19:59:48.455521Z  WARN benchmark::loadgen: Dispatch failed: Unexpected status code received: 500 Internal Server Error
2026-06-28T19:59:48.457510Z  WARN benchmark::loadgen: Dispatch failed: Unexpected status code received: 500 Internal Server Error
2026-06-28T19:59:48.459548Z  WARN benchmark::loadgen: Dispatch failed: Unexpected status code received: 500 Internal Server Error
2026-06-28T19:59:48.464382Z  WARN benchmark::loadgen: Dispatch failed: Unexpected status code received: 500 Internal Server Error
2026-06-28T19:59:48.465317Z  WARN benchmark::loadgen: Dispatch failed: Unexpected status code received: 500 Internal Server Error
2026-06-28T19:59:48.465395Z  WARN benchmark::loadgen: Dispatch failed: Unexpected status code received: 500 Internal Server Error
2026-06-28T19:59:48.468327Z  WARN benchmark::loadgen: Dispatch failed: Unexpected status code received: 500 Internal Server Error
2026-06-28T19:59:48.469286Z  WARN benchmark::loadgen: Dispatch failed: Unexpected status code received: 500 Internal Server Error
2026-06-28T19:59:48.472243Z  WARN benchmark::loadgen: Dispatch failed: Unexpected status code received: 500 Internal Server Error
2026-06-28T19:59:48.473362Z  WARN benchmark::loadgen: Dispatch failed: Unexpected status code received: 500 Internal Server Error
2026-06-28T19:59:48.473440Z  WARN benchmark::loadgen: Dispatch failed: Unexpected status code received: 500 Internal Server Error
2026-06-28T19:59:48.477331Z  WARN benchmark::loadgen: Dispatch failed: Unexpected status code received: 500 Internal Server Error
2026-06-28T19:59:48.477398Z  WARN benchmark::loadgen: Dispatch failed: Unexpected status code received: 500 Internal Server Error
2026-06-28T19:59:48.478269Z  WARN benchmark::loadgen: Dispatch failed: Unexpected status code received: 500 Internal Server Error
2026-06-28T19:59:48.481286Z  WARN benchmark::loadgen: Dispatch failed: Unexpected status code received: 500 Internal Server Error
2026-06-28T19:59:48.482218Z  WARN benchmark::loadgen: Dispatch failed: Unexpected status code received: 500 Internal Server Error
2026-06-28T19:59:48.483229Z  WARN benchmark::loadgen: Dispatch failed: Unexpected status code received: 500 Internal Server Error
2026-06-28T19:59:48.486172Z  WARN benchmark::loadgen: Dispatch failed: Unexpected status code received: 500 Internal Server Error
2026-06-28T19:59:48.490205Z  WARN benchmark::loadgen: Dispatch failed: Unexpected status code received: 500 Internal Server Error
2026-06-28T19:59:48.491197Z  WARN benchmark::loadgen: Dispatch failed: Unexpected status code received: 500 Internal Server Error
2026-06-28T19:59:48.493419Z  WARN benchmark::loadgen: Dispatch failed: Unexpected status code received: 500 Internal Server Error
2026-06-28T19:59:48.493419Z  WARN benchmark::loadgen: Dispatch failed: Unexpected status code received: 500 Internal Server Error
2026-06-28T19:59:48.497170Z  WARN benchmark::loadgen: Dispatch failed: Unexpected status code received: 500 Internal Server Error
2026-06-28T19:59:48.499244Z  WARN benchmark::loadgen: Dispatch failed: Unexpected status code received: 500 Internal Server Error
2026-06-28T19:59:48.500274Z  WARN benchmark::loadgen: Dispatch failed: Unexpected status code received: 500 Internal Server Error
2026-06-28T19:59:48.503169Z  WARN benchmark::loadgen: Dispatch failed: Unexpected status code received: 500 Internal Server Error
2026-06-28T19:59:48.505140Z  WARN benchmark::loadgen: Dispatch failed: Unexpected status code received: 500 Internal Server Error
2026-06-28T19:59:48.506186Z  WARN benchmark::loadgen: Dispatch failed: Unexpected status code received: 500 Internal Server Error
2026-06-28T19:59:48.508172Z  WARN benchmark::loadgen: Dispatch failed: Unexpected status code received: 500 Internal Server Error
2026-06-28T19:59:48.512181Z  WARN benchmark::loadgen: Dispatch failed: Unexpected status code received: 500 Internal Server Error
2026-06-28T19:59:48.515177Z  WARN benchmark::loadgen: Dispatch failed: Unexpected status code received: 500 Internal Server Error
2026-06-28T19:59:48.516190Z  WARN benchmark::loadgen: Dispatch failed: Unexpected status code received: 500 Internal Server Error
2026-06-28T19:59:48.517257Z  WARN benchmark::loadgen: Dispatch failed: Unexpected status code received: 500 Internal Server Error
2026-06-28T19:59:48.518313Z  WARN benchmark::loadgen: Dispatch failed: Unexpected status code received: 500 Internal Server Error
2026-06-28T19:59:48.519841Z  WARN benchmark::loadgen: Dispatch failed: Unexpected status code received: 500 Internal Server Error
2026-06-28T19:59:48.521199Z  WARN benchmark::loadgen: Dispatch failed: Unexpected status code received: 500 Internal Server Error
2026-06-28T19:59:48.521199Z  WARN benchmark::loadgen: Dispatch failed: Unexpected status code received: 500 Internal Server Error
2026-06-28T19:59:48.525152Z  WARN benchmark::loadgen: Dispatch failed: Unexpected status code received: 500 Internal Server Error
2026-06-28T19:59:48.527680Z  WARN benchmark::loadgen: Dispatch failed: Unexpected status code received: 500 Internal Server Error
2026-06-28T19:59:48.528794Z  WARN benchmark::loadgen: Dispatch failed: Unexpected status code received: 500 Internal Server Error
2026-06-28T19:59:48.532261Z  WARN benchmark::loadgen: Dispatch failed: Unexpected status code received: 500 Internal Server Error
2026-06-28T19:59:48.536725Z  WARN benchmark::loadgen: Dispatch failed: Unexpected status code received: 500 Internal Server Error
2026-06-28T19:59:48.538795Z  WARN benchmark::loadgen: Dispatch failed: Unexpected status code received: 500 Internal Server Error
2026-06-28T19:59:48.538921Z  WARN benchmark::loadgen: Dispatch failed: Unexpected status code received: 500 Internal Server Error
2026-06-28T19:59:48.540230Z  WARN benchmark::loadgen: Dispatch failed: Unexpected status code received: 500 Internal Server Error
2026-06-28T19:59:48.541671Z  WARN benchmark::loadgen: Dispatch failed: Unexpected status code received: 500 Internal Server Error
2026-06-28T19:59:48.544168Z  WARN benchmark::loadgen: Dispatch failed: Unexpected status code received: 500 Internal Server Error
2026-06-28T19:59:48.547648Z  WARN benchmark::loadgen: Dispatch failed: Unexpected status code received: 500 Internal Server Error
2026-06-28T19:59:48.547747Z  WARN benchmark::loadgen: Dispatch failed: Unexpected status code received: 500 Internal Server Error
2026-06-28T19:59:48.550195Z  WARN benchmark::loadgen: Dispatch failed: Unexpected status code received: 500 Internal Server Error
2026-06-28T19:59:48.551637Z  WARN benchmark::loadgen: Dispatch failed: Unexpected status code received: 500 Internal Server Error
2026-06-28T19:59:48.553311Z  WARN benchmark::loadgen: Dispatch failed: Unexpected status code received: 500 Internal Server Error
2026-06-28T19:59:48.555691Z  WARN benchmark::loadgen: Dispatch failed: Unexpected status code received: 500 Internal Server Error
2026-06-28T19:59:48.557617Z  WARN benchmark::loadgen: Dispatch failed: Unexpected status code received: 500 Internal Server Error
2026-06-28T19:59:48.560197Z  WARN benchmark::loadgen: Dispatch failed: Unexpected status code received: 500 Internal Server Error
2026-06-28T19:59:48.561597Z  WARN benchmark::loadgen: Dispatch failed: Unexpected status code received: 500 Internal Server Error
2026-06-28T19:59:48.564529Z  WARN benchmark::loadgen: Dispatch failed: Unexpected status code received: 500 Internal Server Error
2026-06-28T19:59:48.565184Z  WARN benchmark::loadgen: Dispatch failed: Unexpected status code received: 500 Internal Server Error
2026-06-28T19:59:48.566473Z  WARN benchmark::loadgen: Dispatch failed: Unexpected status code received: 500 Internal Server Error
2026-06-28T19:59:48.568432Z  WARN benchmark::loadgen: Dispatch failed: Unexpected status code received: 500 Internal Server Error
2026-06-28T19:59:48.570487Z  WARN benchmark::loadgen: Dispatch failed: Unexpected status code received: 500 Internal Server Error
2026-06-28T19:59:48.572439Z  WARN benchmark::loadgen: Dispatch failed: Unexpected status code received: 500 Internal Server Error
2026-06-28T19:59:48.573711Z  WARN benchmark::loadgen: Dispatch failed: Unexpected status code received: 500 Internal Server Error
2026-06-28T19:59:48.576709Z  WARN benchmark::loadgen: Dispatch failed: Unexpected status code received: 500 Internal Server Error
2026-06-28T19:59:48.578801Z  WARN benchmark::loadgen: Dispatch failed: Unexpected status code received: 500 Internal Server Error
2026-06-28T19:59:48.578801Z  WARN benchmark::loadgen: Dispatch failed: Unexpected status code received: 500 Internal Server Error
2026-06-28T19:59:48.581642Z  WARN benchmark::loadgen: Dispatch failed: Unexpected status code received: 500 Internal Server Error
2026-06-28T19:59:48.582187Z  WARN benchmark::loadgen: Dispatch failed: Unexpected status code received: 500 Internal Server Error
2026-06-28T19:59:48.583544Z  WARN benchmark::loadgen: Dispatch failed: Unexpected status code received: 500 Internal Server Error
2026-06-28T19:59:48.586447Z  WARN benchmark::loadgen: Dispatch failed: Unexpected status code received: 500 Internal Server Error
2026-06-28T19:59:48.589401Z  WARN benchmark::loadgen: Dispatch failed: Unexpected status code received: 500 Internal Server Error
2026-06-28T19:59:48.590379Z  WARN benchmark::loadgen: Dispatch failed: Unexpected status code received: 500 Internal Server Error
2026-06-28T19:59:48.591393Z  WARN benchmark::loadgen: Dispatch failed: Unexpected status code received: 500 Internal Server Error
2026-06-28T19:59:48.595432Z  WARN benchmark::loadgen: Dispatch failed: Unexpected status code received: 500 Internal Server Error
2026-06-28T19:59:48.598571Z  WARN benchmark::loadgen: Dispatch failed: Unexpected status code received: 500 Internal Server Error
2026-06-28T19:59:48.600409Z  WARN benchmark::loadgen: Dispatch failed: Unexpected status code received: 500 Internal Server Error
2026-06-28T19:59:48.603311Z  WARN benchmark::loadgen: Dispatch failed: Unexpected status code received: 500 Internal Server Error
2026-06-28T19:59:48.606204Z  WARN benchmark::loadgen: Dispatch failed: Unexpected status code received: 500 Internal Server Error
2026-06-28T19:59:48.609285Z  WARN benchmark::loadgen: Dispatch failed: Unexpected status code received: 500 Internal Server Error
2026-06-28T19:59:48.610191Z  WARN benchmark::loadgen: Dispatch failed: Unexpected status code received: 500 Internal Server Error
2026-06-28T19:59:48.611199Z  WARN benchmark::loadgen: Dispatch failed: Unexpected status code received: 500 Internal Server Error
2026-06-28T19:59:48.613214Z  WARN benchmark::loadgen: Dispatch failed: Unexpected status code received: 500 Internal Server Error
2026-06-28T19:59:48.617193Z  WARN benchmark::loadgen: Dispatch failed: Unexpected status code received: 500 Internal Server Error
2026-06-28T19:59:48.617258Z  WARN benchmark::loadgen: Dispatch failed: Unexpected status code received: 500 Internal Server Error
2026-06-28T19:59:48.619281Z  WARN benchmark::loadgen: Dispatch failed: Unexpected status code received: 500 Internal Server Error
2026-06-28T19:59:48.621187Z  WARN benchmark::loadgen: Dispatch failed: Unexpected status code received: 500 Internal Server Error
2026-06-28T19:59:48.623175Z  WARN benchmark::loadgen: Dispatch failed: Unexpected status code received: 500 Internal Server Error
2026-06-28T19:59:48.625194Z  WARN benchmark::loadgen: Dispatch failed: Unexpected status code received: 500 Internal Server Error
2026-06-28T19:59:48.626206Z  WARN benchmark::loadgen: Dispatch failed: Unexpected status code received: 500 Internal Server Error
2026-06-28T19:59:48.627192Z  WARN benchmark::loadgen: Dispatch failed: Unexpected status code received: 500 Internal Server Error
2026-06-28T19:59:48.630214Z  WARN benchmark::loadgen: Dispatch failed: Unexpected status code received: 500 Internal Server Error
2026-06-28T19:59:48.633315Z  WARN benchmark::loadgen: Dispatch failed: Unexpected status code received: 500 Internal Server Error
2026-06-28T19:59:48.634180Z  WARN benchmark::loadgen: Dispatch failed: Unexpected status code received: 500 Internal Server Error
2026-06-28T19:59:48.636151Z  WARN benchmark::loadgen: Dispatch failed: Unexpected status code received: 500 Internal Server Error
2026-06-28T19:59:48.638230Z  WARN benchmark::loadgen: Dispatch failed: Unexpected status code received: 500 Internal Server Error
2026-06-28T19:59:48.638261Z  WARN benchmark::loadgen: Dispatch failed: Unexpected status code received: 500 Internal Server Error
2026-06-28T19:59:48.639205Z  WARN benchmark::loadgen: Dispatch failed: Unexpected status code received: 500 Internal Server Error
2026-06-28T19:59:48.641230Z  WARN benchmark::loadgen: Dispatch failed: Unexpected status code received: 500 Internal Server Error
2026-06-28T19:59:48.642174Z  WARN benchmark::loadgen: Dispatch failed: Unexpected status code received: 500 Internal Server Error
2026-06-28T19:59:48.644168Z  WARN benchmark::loadgen: Dispatch failed: Unexpected status code received: 500 Internal Server Error
2026-06-28T19:59:48.647563Z  WARN benchmark::loadgen: Dispatch failed: Unexpected status code received: 500 Internal Server Error
2026-06-28T19:59:48.652496Z  WARN benchmark::loadgen: Dispatch failed: Unexpected status code received: 500 Internal Server Error
2026-06-28T19:59:48.656463Z  WARN benchmark::loadgen: Dispatch failed: Unexpected status code received: 500 Internal Server Error
2026-06-28T19:59:48.656600Z  WARN benchmark::loadgen: Dispatch failed: Unexpected status code received: 500 Internal Server Error
2026-06-28T19:59:48.658326Z  WARN benchmark::loadgen: Dispatch failed: Unexpected status code received: 500 Internal Server Error
2026-06-28T19:59:48.660445Z  WARN benchmark::loadgen: Dispatch failed: Unexpected status code received: 500 Internal Server Error
2026-06-28T19:59:48.661444Z  WARN benchmark::loadgen: Dispatch failed: Unexpected status code received: 500 Internal Server Error
2026-06-28T19:59:48.665284Z  WARN benchmark::loadgen: Dispatch failed: Unexpected status code received: 500 Internal Server Error
2026-06-28T19:59:48.665332Z  WARN benchmark::loadgen: Dispatch failed: Unexpected status code received: 500 Internal Server Error
2026-06-28T19:59:48.667197Z  WARN benchmark::loadgen: Dispatch failed: Unexpected status code received: 500 Internal Server Error
2026-06-28T19:59:48.667245Z  WARN benchmark::loadgen: Dispatch failed: Unexpected status code received: 500 Internal Server Error
2026-06-28T19:59:48.669427Z  WARN benchmark::loadgen: Dispatch failed: Unexpected status code received: 500 Internal Server Error
2026-06-28T19:59:48.669579Z  WARN benchmark::loadgen: Dispatch failed: Unexpected status code received: 500 Internal Server Error
2026-06-28T19:59:48.670214Z  WARN benchmark::loadgen: Dispatch failed: Unexpected status code received: 500 Internal Server Error
2026-06-28T19:59:48.672303Z  WARN benchmark::loadgen: Dispatch failed: Unexpected status code received: 500 Internal Server Error
2026-06-28T19:59:48.673273Z  WARN benchmark::loadgen: Dispatch failed: Unexpected status code received: 500 Internal Server Error
2026-06-28T19:59:48.674855Z  WARN benchmark::loadgen: Dispatch failed: Unexpected status code received: 500 Internal Server Error
2026-06-28T19:59:48.677060Z  WARN benchmark::loadgen: Dispatch failed: Unexpected status code received: 500 Internal Server Error
2026-06-28T19:59:48.677123Z  WARN benchmark::loadgen: Dispatch failed: Unexpected status code received: 500 Internal Server Error
2026-06-28T19:59:48.678146Z  WARN benchmark::loadgen: Dispatch failed: Unexpected status code received: 500 Internal Server Error
2026-06-28T19:59:48.679217Z  WARN benchmark::loadgen: Dispatch failed: Unexpected status code received: 500 Internal Server Error
2026-06-28T19:59:48.680351Z  WARN benchmark::loadgen: Dispatch failed: Unexpected status code received: 500 Internal Server Error
2026-06-28T19:59:48.681706Z  WARN benchmark::loadgen: Dispatch failed: Unexpected status code received: 500 Internal Server Error
2026-06-28T19:59:48.681732Z  WARN benchmark::loadgen: Dispatch failed: Unexpected status code received: 500 Internal Server Error
2026-06-28T19:59:48.682652Z  WARN benchmark::loadgen: Dispatch failed: Unexpected status code received: 500 Internal Server Error
2026-06-28T19:59:48.684805Z  WARN benchmark::loadgen: Dispatch failed: Unexpected status code received: 500 Internal Server Error
2026-06-28T19:59:48.684846Z  WARN benchmark::loadgen: Dispatch failed: Unexpected status code received: 500 Internal Server Error
2026-06-28T19:59:48.685858Z  WARN benchmark::loadgen: Dispatch failed: Unexpected status code received: 500 Internal Server Error
2026-06-28T19:59:48.686972Z  WARN benchmark::loadgen: Dispatch failed: Unexpected status code received: 500 Internal Server Error
2026-06-28T19:59:48.688126Z  WARN benchmark::loadgen: Dispatch failed: Unexpected status code received: 500 Internal Server Error
2026-06-28T19:59:48.688161Z  WARN benchmark::loadgen: Dispatch failed: Unexpected status code received: 500 Internal Server Error
2026-06-28T19:59:48.689382Z  WARN benchmark::loadgen: Dispatch failed: Unexpected status code received: 500 Internal Server Error
2026-06-28T19:59:48.691501Z  WARN benchmark::loadgen: Dispatch failed: Unexpected status code received: 500 Internal Server Error
2026-06-28T19:59:48.691537Z  WARN benchmark::loadgen: Dispatch failed: Unexpected status code received: 500 Internal Server Error
2026-06-28T19:59:48.692624Z  WARN benchmark::loadgen: Dispatch failed: Unexpected status code received: 500 Internal Server Error
2026-06-28T19:59:48.693851Z  WARN benchmark::loadgen: Dispatch failed: Unexpected status code received: 500 Internal Server Error
2026-06-28T19:59:48.695962Z  WARN benchmark::loadgen: Dispatch failed: Unexpected status code received: 500 Internal Server Error
2026-06-28T19:59:48.697093Z  WARN benchmark::loadgen: Dispatch failed: Unexpected status code received: 500 Internal Server Error
2026-06-28T19:59:48.698232Z  WARN benchmark::loadgen: Dispatch failed: Unexpected status code received: 500 Internal Server Error
2026-06-28T19:59:48.698267Z  WARN benchmark::loadgen: Dispatch failed: Unexpected status code received: 500 Internal Server Error
2026-06-28T19:59:48.698284Z  WARN benchmark::loadgen: Dispatch failed: Unexpected status code received: 500 Internal Server Error
2026-06-28T19:59:48.700415Z  WARN benchmark::loadgen: Dispatch failed: Unexpected status code received: 500 Internal Server Error
2026-06-28T19:59:48.701297Z  WARN benchmark::loadgen: Dispatch failed: Unexpected status code received: 500 Internal Server Error
2026-06-28T19:59:48.701305Z  WARN benchmark::loadgen: Dispatch failed: Unexpected status code received: 500 Internal Server Error
2026-06-28T19:59:48.704212Z  WARN benchmark::loadgen: Dispatch failed: Unexpected status code received: 500 Internal Server Error
2026-06-28T19:59:48.705812Z  WARN benchmark::loadgen: Dispatch failed: Unexpected status code received: 500 Internal Server Error
2026-06-28T19:59:48.708622Z  WARN benchmark::loadgen: Dispatch failed: Unexpected status code received: 500 Internal Server Error
2026-06-28T19:59:48.710647Z  WARN benchmark::loadgen: Dispatch failed: Unexpected status code received: 500 Internal Server Error
2026-06-28T19:59:48.712205Z  WARN benchmark::loadgen: Dispatch failed: Unexpected status code received: 500 Internal Server Error
2026-06-28T19:59:48.713928Z  WARN benchmark::loadgen: Dispatch failed: Unexpected status code received: 500 Internal Server Error
2026-06-28T19:59:48.718395Z  WARN benchmark::loadgen: Dispatch failed: Unexpected status code received: 500 Internal Server Error
2026-06-28T19:59:48.718395Z  WARN benchmark::loadgen: Dispatch failed: Unexpected status code received: 500 Internal Server Error
2026-06-28T19:59:48.719209Z  WARN benchmark::loadgen: Dispatch failed: Unexpected status code received: 500 Internal Server Error
2026-06-28T19:59:48.723214Z  WARN benchmark::loadgen: Dispatch failed: Unexpected status code received: 500 Internal Server Error
2026-06-28T19:59:48.725188Z  WARN benchmark::loadgen: Dispatch failed: Unexpected status code received: 500 Internal Server Error
2026-06-28T19:59:48.726210Z  WARN benchmark::loadgen: Dispatch failed: Unexpected status code received: 500 Internal Server Error
2026-06-28T19:59:48.727193Z  WARN benchmark::loadgen: Dispatch failed: Unexpected status code received: 500 Internal Server Error
2026-06-28T19:59:48.730223Z  WARN benchmark::loadgen: Dispatch failed: Unexpected status code received: 500 Internal Server Error
2026-06-28T19:59:48.733225Z  WARN benchmark::loadgen: Dispatch failed: Unexpected status code received: 500 Internal Server Error
2026-06-28T19:59:48.734311Z  WARN benchmark::loadgen: Dispatch failed: Unexpected status code received: 500 Internal Server Error
2026-06-28T19:59:48.735240Z  WARN benchmark::loadgen: Dispatch failed: Unexpected status code received: 500 Internal Server Error
2026-06-28T19:59:48.740306Z  WARN benchmark::loadgen: Dispatch failed: Unexpected status code received: 500 Internal Server Error
2026-06-28T19:59:48.740307Z  WARN benchmark::loadgen: Dispatch failed: Unexpected status code received: 500 Internal Server Error
2026-06-28T19:59:48.741383Z  WARN benchmark::loadgen: Dispatch failed: Unexpected status code received: 500 Internal Server Error
2026-06-28T19:59:48.745261Z  WARN benchmark::loadgen: Dispatch failed: Unexpected status code received: 500 Internal Server Error
2026-06-28T19:59:48.745264Z  WARN benchmark::loadgen: Dispatch failed: Unexpected status code received: 500 Internal Server Error
2026-06-28T19:59:48.746233Z  WARN benchmark::loadgen: Dispatch failed: Unexpected status code received: 500 Internal Server Error
2026-06-28T19:59:48.750348Z  WARN benchmark::loadgen: Dispatch failed: Unexpected status code received: 500 Internal Server Error
2026-06-28T19:59:48.754283Z  WARN benchmark::loadgen: Dispatch failed: Unexpected status code received: 500 Internal Server Error
2026-06-28T19:59:48.754283Z  WARN benchmark::loadgen: Dispatch failed: Unexpected status code received: 500 Internal Server Error
2026-06-28T19:59:48.756251Z  WARN benchmark::loadgen: Dispatch failed: Unexpected status code received: 500 Internal Server Error
2026-06-28T19:59:48.758198Z  WARN benchmark::loadgen: Dispatch failed: Unexpected status code received: 500 Internal Server Error
2026-06-28T19:59:48.758198Z  WARN benchmark::loadgen: Dispatch failed: Unexpected status code received: 500 Internal Server Error
2026-06-28T19:59:48.761447Z  WARN benchmark::loadgen: Dispatch failed: Unexpected status code received: 500 Internal Server Error
2026-06-28T19:59:48.762291Z  WARN benchmark::loadgen: Dispatch failed: Unexpected status code received: 500 Internal Server Error
2026-06-28T19:59:48.765183Z  WARN benchmark::loadgen: Dispatch failed: Unexpected status code received: 500 Internal Server Error
2026-06-28T19:59:48.766190Z  WARN benchmark::loadgen: Dispatch failed: Unexpected status code received: 500 Internal Server Error
2026-06-28T19:59:48.767190Z  WARN benchmark::loadgen: Dispatch failed: Unexpected status code received: 500 Internal Server Error
2026-06-28T19:59:48.769159Z  WARN benchmark::loadgen: Dispatch failed: Unexpected status code received: 500 Internal Server Error
2026-06-28T19:59:48.771288Z  WARN benchmark::loadgen: Dispatch failed: Unexpected status code received: 500 Internal Server Error
2026-06-28T19:59:48.773179Z  WARN benchmark::loadgen: Dispatch failed: Unexpected status code received: 500 Internal Server Error
2026-06-28T19:59:48.776182Z  WARN benchmark::loadgen: Dispatch failed: Unexpected status code received: 500 Internal Server Error
2026-06-28T19:59:48.776226Z  WARN benchmark::loadgen: Dispatch failed: Unexpected status code received: 500 Internal Server Error
2026-06-28T19:59:48.778904Z  WARN benchmark::loadgen: Dispatch failed: Unexpected status code received: 500 Internal Server Error
2026-06-28T19:59:48.781213Z  WARN benchmark::loadgen: Dispatch failed: Unexpected status code received: 500 Internal Server Error
2026-06-28T19:59:48.782234Z  WARN benchmark::loadgen: Dispatch failed: Unexpected status code received: 500 Internal Server Error
2026-06-28T19:59:48.783184Z  WARN benchmark::loadgen: Dispatch failed: Unexpected status code received: 500 Internal Server Error
2026-06-28T19:59:48.786162Z  WARN benchmark::loadgen: Dispatch failed: Unexpected status code received: 500 Internal Server Error
2026-06-28T19:59:48.787199Z  WARN benchmark::loadgen: Dispatch failed: Unexpected status code received: 500 Internal Server Error
2026-06-28T19:59:48.790198Z  WARN benchmark::loadgen: Dispatch failed: Unexpected status code received: 500 Internal Server Error
2026-06-28T19:59:48.791197Z  WARN benchmark::loadgen: Dispatch failed: Unexpected status code received: 500 Internal Server Error
2026-06-28T19:59:48.793183Z  WARN benchmark::loadgen: Dispatch failed: Unexpected status code received: 500 Internal Server Error
2026-06-28T19:59:48.796214Z  WARN benchmark::loadgen: Dispatch failed: Unexpected status code received: 500 Internal Server Error
2026-06-28T19:59:48.799195Z  WARN benchmark::loadgen: Dispatch failed: Unexpected status code received: 500 Internal Server Error
2026-06-28T19:59:48.799195Z  WARN benchmark::loadgen: Dispatch failed: Unexpected status code received: 500 Internal Server Error
2026-06-28T19:59:48.800700Z  WARN benchmark::loadgen: Dispatch failed: Unexpected status code received: 500 Internal Server Error
2026-06-28T19:59:48.801348Z  WARN benchmark::loadgen: Dispatch failed: Unexpected status code received: 500 Internal Server Error
2026-06-28T19:59:48.803199Z  WARN benchmark::loadgen: Dispatch failed: Unexpected status code received: 500 Internal Server Error
2026-06-28T19:59:48.804223Z  WARN benchmark::loadgen: Dispatch failed: Unexpected status code received: 500 Internal Server Error
2026-06-28T19:59:48.805679Z  WARN benchmark::loadgen: Dispatch failed: Unexpected status code received: 500 Internal Server Error
2026-06-28T19:59:48.809549Z  WARN benchmark::loadgen: Dispatch failed: Unexpected status code received: 500 Internal Server Error
2026-06-28T19:59:48.811568Z  WARN benchmark::loadgen: Dispatch failed: Unexpected status code received: 500 Internal Server Error
2026-06-28T19:59:48.814685Z  WARN benchmark::loadgen: Dispatch failed: Unexpected status code received: 500 Internal Server Error
2026-06-28T19:59:48.818478Z  WARN benchmark::loadgen: Dispatch failed: Unexpected status code received: 500 Internal Server Error
2026-06-28T19:59:48.820590Z  WARN benchmark::loadgen: Dispatch failed: Unexpected status code received: 500 Internal Server Error
2026-06-28T19:59:48.820598Z  WARN benchmark::loadgen: Dispatch failed: Unexpected status code received: 500 Internal Server Error
2026-06-28T19:59:48.822443Z  WARN benchmark::loadgen: Dispatch failed: Unexpected status code received: 500 Internal Server Error
2026-06-28T19:59:48.824424Z  WARN benchmark::loadgen: Dispatch failed: Unexpected status code received: 500 Internal Server Error
2026-06-28T19:59:48.825357Z  WARN benchmark::loadgen: Dispatch failed: Unexpected status code received: 500 Internal Server Error
2026-06-28T19:59:48.825362Z  WARN benchmark::loadgen: Dispatch failed: Unexpected status code received: 500 Internal Server Error
2026-06-28T19:59:48.828295Z  WARN benchmark::loadgen: Dispatch failed: Unexpected status code received: 500 Internal Server Error
2026-06-28T19:59:48.829286Z  WARN benchmark::loadgen: Dispatch failed: Unexpected status code received: 500 Internal Server Error
2026-06-28T19:59:48.830422Z  WARN benchmark::loadgen: Dispatch failed: Unexpected status code received: 500 Internal Server Error
2026-06-28T19:59:48.833230Z  WARN benchmark::loadgen: Dispatch failed: Unexpected status code received: 500 Internal Server Error
2026-06-28T19:59:48.834334Z  WARN benchmark::loadgen: Dispatch failed: Unexpected status code received: 500 Internal Server Error
2026-06-28T19:59:48.837255Z  WARN benchmark::loadgen: Dispatch failed: Unexpected status code received: 500 Internal Server Error
2026-06-28T19:59:48.838188Z  WARN benchmark::loadgen: Dispatch failed: Unexpected status code received: 500 Internal Server Error
2026-06-28T19:59:48.839281Z  WARN benchmark::loadgen: Dispatch failed: Unexpected status code received: 500 Internal Server Error
2026-06-28T19:59:48.842279Z  WARN benchmark::loadgen: Dispatch failed: Unexpected status code received: 500 Internal Server Error
2026-06-28T19:59:48.843269Z  WARN benchmark::loadgen: Dispatch failed: Unexpected status code received: 500 Internal Server Error
2026-06-28T19:59:48.847426Z  WARN benchmark::loadgen: Dispatch failed: Unexpected status code received: 500 Internal Server Error
2026-06-28T19:59:48.850295Z  WARN benchmark::loadgen: Dispatch failed: Unexpected status code received: 500 Internal Server Error
2026-06-28T19:59:48.851204Z  WARN benchmark::loadgen: Dispatch failed: Unexpected status code received: 500 Internal Server Error
2026-06-28T19:59:48.855267Z  WARN benchmark::loadgen: Dispatch failed: Unexpected status code received: 500 Internal Server Error
2026-06-28T19:59:48.856195Z  WARN benchmark::loadgen: Dispatch failed: Unexpected status code received: 500 Internal Server Error
2026-06-28T19:59:48.858211Z  WARN benchmark::loadgen: Dispatch failed: Unexpected status code received: 500 Internal Server Error
2026-06-28T19:59:48.859190Z  WARN benchmark::loadgen: Dispatch failed: Unexpected status code received: 500 Internal Server Error
2026-06-28T19:59:48.860324Z  WARN benchmark::loadgen: Dispatch failed: Unexpected status code received: 500 Internal Server Error
2026-06-28T19:59:48.863177Z  WARN benchmark::loadgen: Dispatch failed: Unexpected status code received: 500 Internal Server Error
2026-06-28T19:59:48.864212Z  WARN benchmark::loadgen: Dispatch failed: Unexpected status code received: 500 Internal Server Error
2026-06-28T19:59:48.869645Z  WARN benchmark::loadgen: Dispatch failed: Unexpected status code received: 500 Internal Server Error
2026-06-28T19:59:48.874797Z  WARN benchmark::loadgen: Dispatch failed: Unexpected status code received: 500 Internal Server Error
2026-06-28T19:59:48.876673Z  WARN benchmark::loadgen: Dispatch failed: Unexpected status code received: 500 Internal Server Error
2026-06-28T19:59:48.878260Z  WARN benchmark::loadgen: Dispatch failed: Unexpected status code received: 500 Internal Server Error
2026-06-28T19:59:48.878312Z  WARN benchmark::loadgen: Dispatch failed: Unexpected status code received: 500 Internal Server Error
2026-06-28T19:59:48.881826Z  WARN benchmark::loadgen: Dispatch failed: Unexpected status code received: 500 Internal Server Error
2026-06-28T19:59:48.881919Z  WARN benchmark::loadgen: Dispatch failed: Unexpected status code received: 500 Internal Server Error
2026-06-28T19:59:48.884715Z  WARN benchmark::loadgen: Dispatch failed: Unexpected status code received: 500 Internal Server Error
2026-06-28T19:59:48.886686Z  WARN benchmark::loadgen: Dispatch failed: Unexpected status code received: 500 Internal Server Error
2026-06-28T19:59:48.889602Z  WARN benchmark::loadgen: Dispatch failed: Unexpected status code received: 500 Internal Server Error
2026-06-28T19:59:48.890664Z  WARN benchmark::loadgen: Dispatch failed: Unexpected status code received: 500 Internal Server Error
2026-06-28T19:59:48.893566Z  WARN benchmark::loadgen: Dispatch failed: Unexpected status code received: 500 Internal Server Error
2026-06-28T19:59:48.893565Z  WARN benchmark::loadgen: Dispatch failed: Unexpected status code received: 500 Internal Server Error
2026-06-28T19:59:48.895270Z  WARN benchmark::loadgen: Dispatch failed: Unexpected status code received: 500 Internal Server Error
2026-06-28T19:59:48.895324Z  WARN benchmark::loadgen: Dispatch failed: Unexpected status code received: 500 Internal Server Error
2026-06-28T19:59:48.898511Z  WARN benchmark::loadgen: Dispatch failed: Unexpected status code received: 500 Internal Server Error
2026-06-28T19:59:48.901539Z  WARN benchmark::loadgen: Dispatch failed: Unexpected status code received: 500 Internal Server Error
2026-06-28T19:59:48.903438Z  WARN benchmark::loadgen: Dispatch failed: Unexpected status code received: 500 Internal Server Error
2026-06-28T19:59:48.904429Z  WARN benchmark::loadgen: Dispatch failed: Unexpected status code received: 500 Internal Server Error
2026-06-28T19:59:48.906389Z  WARN benchmark::loadgen: Dispatch failed: Unexpected status code received: 500 Internal Server Error
2026-06-28T19:59:48.908340Z  WARN benchmark::loadgen: Dispatch failed: Unexpected status code received: 500 Internal Server Error
2026-06-28T19:59:48.911499Z  WARN benchmark::loadgen: Dispatch failed: Unexpected status code received: 500 Internal Server Error
2026-06-28T19:59:48.913399Z  WARN benchmark::loadgen: Dispatch failed: Unexpected status code received: 500 Internal Server Error
2026-06-28T19:59:48.916387Z  WARN benchmark::loadgen: Dispatch failed: Unexpected status code received: 500 Internal Server Error
2026-06-28T19:59:48.916430Z  WARN benchmark::loadgen: Dispatch failed: Unexpected status code received: 500 Internal Server Error
2026-06-28T19:59:48.917336Z  WARN benchmark::loadgen: Dispatch failed: Unexpected status code received: 500 Internal Server Error
2026-06-28T19:59:48.920191Z  WARN benchmark::loadgen: Dispatch failed: Unexpected status code received: 500 Internal Server Error
2026-06-28T19:59:48.922483Z  WARN benchmark::loadgen: Dispatch failed: Unexpected status code received: 500 Internal Server Error
2026-06-28T19:59:48.923471Z  WARN benchmark::loadgen: Dispatch failed: Unexpected status code received: 500 Internal Server Error
2026-06-28T19:59:48.926425Z  WARN benchmark::loadgen: Dispatch failed: Unexpected status code received: 500 Internal Server Error
2026-06-28T19:59:48.926474Z  WARN benchmark::loadgen: Dispatch failed: Unexpected status code received: 500 Internal Server Error
2026-06-28T19:59:48.927338Z  WARN benchmark::loadgen: Dispatch failed: Unexpected status code received: 500 Internal Server Error
2026-06-28T19:59:48.930320Z  WARN benchmark::loadgen: Dispatch failed: Unexpected status code received: 500 Internal Server Error
2026-06-28T19:59:48.931327Z  WARN benchmark::loadgen: Dispatch failed: Unexpected status code received: 500 Internal Server Error
2026-06-28T19:59:48.932205Z  WARN benchmark::loadgen: Dispatch failed: Unexpected status code received: 500 Internal Server Error
2026-06-28T19:59:48.936294Z  WARN benchmark::loadgen: Dispatch failed: Unexpected status code received: 500 Internal Server Error
2026-06-28T19:59:48.937251Z  WARN benchmark::loadgen: Dispatch failed: Unexpected status code received: 500 Internal Server Error
2026-06-28T19:59:48.939193Z  WARN benchmark::loadgen: Dispatch failed: Unexpected status code received: 500 Internal Server Error
2026-06-28T19:59:48.941219Z  WARN benchmark::loadgen: Dispatch failed: Unexpected status code received: 500 Internal Server Error
2026-06-28T19:59:48.943192Z  WARN benchmark::loadgen: Dispatch failed: Unexpected status code received: 500 Internal Server Error
2026-06-28T19:59:48.944225Z  WARN benchmark::loadgen: Dispatch failed: Unexpected status code received: 500 Internal Server Error
2026-06-28T19:59:48.948249Z  WARN benchmark::loadgen: Dispatch failed: Unexpected status code received: 500 Internal Server Error
2026-06-28T19:59:48.949180Z  WARN benchmark::loadgen: Dispatch failed: Unexpected status code received: 500 Internal Server Error
2026-06-28T19:59:48.953017Z  WARN benchmark::loadgen: Dispatch failed: Unexpected status code received: 500 Internal Server Error
2026-06-28T19:59:48.954198Z  WARN benchmark::loadgen: Dispatch failed: Unexpected status code received: 500 Internal Server Error
2026-06-28T19:59:48.955249Z  WARN benchmark::loadgen: Dispatch failed: Unexpected status code received: 500 Internal Server Error
2026-06-28T19:59:48.957206Z  WARN benchmark::loadgen: Dispatch failed: Unexpected status code received: 500 Internal Server Error
2026-06-28T19:59:48.959187Z  WARN benchmark::loadgen: Dispatch failed: Unexpected status code received: 500 Internal Server Error
2026-06-28T19:59:48.964074Z  WARN benchmark::loadgen: Dispatch failed: Unexpected status code received: 500 Internal Server Error
2026-06-28T19:59:48.966190Z  WARN benchmark::loadgen: Dispatch failed: Unexpected status code received: 500 Internal Server Error
2026-06-28T19:59:48.967233Z  WARN benchmark::loadgen: Dispatch failed: Unexpected status code received: 500 Internal Server Error
2026-06-28T19:59:48.968193Z  WARN benchmark::loadgen: Dispatch failed: Unexpected status code received: 500 Internal Server Error
2026-06-28T19:59:48.970211Z  WARN benchmark::loadgen: Dispatch failed: Unexpected status code received: 500 Internal Server Error
2026-06-28T19:59:48.971224Z  WARN benchmark::loadgen: Dispatch failed: Unexpected status code received: 500 Internal Server Error
2026-06-28T19:59:48.975322Z  WARN benchmark::loadgen: Dispatch failed: Unexpected status code received: 500 Internal Server Error
2026-06-28T19:59:48.975330Z  WARN benchmark::loadgen: Dispatch failed: Unexpected status code received: 500 Internal Server Error
2026-06-28T19:59:48.978225Z  WARN benchmark::loadgen: Dispatch failed: Unexpected status code received: 500 Internal Server Error
2026-06-28T19:59:48.979177Z  WARN benchmark::loadgen: Dispatch failed: Unexpected status code received: 500 Internal Server Error
2026-06-28T19:59:48.980349Z  WARN benchmark::loadgen: Dispatch failed: Unexpected status code received: 500 Internal Server Error
2026-06-28T19:59:48.981218Z  WARN benchmark::loadgen: Dispatch failed: Unexpected status code received: 500 Internal Server Error
2026-06-28T19:59:48.984176Z  WARN benchmark::loadgen: Dispatch failed: Unexpected status code received: 500 Internal Server Error
2026-06-28T19:59:48.986167Z  WARN benchmark::loadgen: Dispatch failed: Unexpected status code received: 500 Internal Server Error
2026-06-28T19:59:48.989205Z  WARN benchmark::loadgen: Dispatch failed: Unexpected status code received: 500 Internal Server Error
2026-06-28T19:59:48.990193Z  WARN benchmark::loadgen: Dispatch failed: Unexpected status code received: 500 Internal Server Error
2026-06-28T19:59:48.994255Z  WARN benchmark::loadgen: Dispatch failed: Unexpected status code received: 500 Internal Server Error
2026-06-28T19:59:48.995267Z  WARN benchmark::loadgen: Dispatch failed: Unexpected status code received: 500 Internal Server Error
2026-06-28T19:59:48.997188Z  WARN benchmark::loadgen: Dispatch failed: Unexpected status code received: 500 Internal Server Error
2026-06-28T19:59:48.998177Z  WARN benchmark::loadgen: Dispatch failed: Unexpected status code received: 500 Internal Server Error
2026-06-28T19:59:49.001913Z  WARN benchmark::loadgen: Dispatch failed: Unexpected status code received: 500 Internal Server Error
2026-06-28T19:59:49.002324Z  WARN benchmark::loadgen: Dispatch failed: Unexpected status code received: 500 Internal Server Error
2026-06-28T19:59:49.005212Z  WARN benchmark::loadgen: Dispatch failed: Unexpected status code received: 500 Internal Server Error
2026-06-28T19:59:49.007158Z  WARN benchmark::loadgen: Dispatch failed: Unexpected status code received: 500 Internal Server Error
2026-06-28T19:59:49.008167Z  WARN benchmark::loadgen: Dispatch failed: Unexpected status code received: 500 Internal Server Error
2026-06-28T19:59:49.011233Z  WARN benchmark::loadgen: Dispatch failed: Unexpected status code received: 500 Internal Server Error
2026-06-28T19:59:49.011233Z  WARN benchmark::loadgen: Dispatch failed: Unexpected status code received: 500 Internal Server Error
2026-06-28T19:59:49.016170Z  WARN benchmark::loadgen: Dispatch failed: Unexpected status code received: 500 Internal Server Error
2026-06-28T19:59:49.018613Z  WARN benchmark::loadgen: Dispatch failed: Unexpected status code received: 500 Internal Server Error
2026-06-28T19:59:49.021235Z  WARN benchmark::loadgen: Dispatch failed: Unexpected status code received: 500 Internal Server Error
2026-06-28T19:59:49.021237Z  WARN benchmark::loadgen: Dispatch failed: Unexpected status code received: 500 Internal Server Error
2026-06-28T19:59:49.022613Z  WARN benchmark::loadgen: Dispatch failed: Unexpected status code received: 500 Internal Server Error
2026-06-28T19:59:49.025470Z  WARN benchmark::loadgen: Dispatch failed: Unexpected status code received: 500 Internal Server Error
2026-06-28T19:59:49.027432Z  WARN benchmark::loadgen: Dispatch failed: Unexpected status code received: 500 Internal Server Error
2026-06-28T19:59:49.028397Z  WARN benchmark::loadgen: Dispatch failed: Unexpected status code received: 500 Internal Server Error
2026-06-28T19:59:49.029359Z  WARN benchmark::loadgen: Dispatch failed: Unexpected status code received: 500 Internal Server Error
2026-06-28T19:59:49.032342Z  WARN benchmark::loadgen: Dispatch failed: Unexpected status code received: 500 Internal Server Error
2026-06-28T19:59:49.033274Z  WARN benchmark::loadgen: Dispatch failed: Unexpected status code received: 500 Internal Server Error
2026-06-28T19:59:49.036396Z  WARN benchmark::loadgen: Dispatch failed: Unexpected status code received: 500 Internal Server Error
2026-06-28T19:59:49.037267Z  WARN benchmark::loadgen: Dispatch failed: Unexpected status code received: 500 Internal Server Error
2026-06-28T19:59:49.043913Z  WARN benchmark::loadgen: Dispatch failed: Unexpected status code received: 500 Internal Server Error
2026-06-28T19:59:49.044317Z  WARN benchmark::loadgen: Dispatch failed: Unexpected status code received: 500 Internal Server Error
2026-06-28T19:59:49.045206Z  WARN benchmark::loadgen: Dispatch failed: Unexpected status code received: 500 Internal Server Error
2026-06-28T19:59:49.046804Z  WARN benchmark::loadgen: Dispatch failed: Unexpected status code received: 500 Internal Server Error
2026-06-28T19:59:49.049221Z  WARN benchmark::loadgen: Dispatch failed: Unexpected status code received: 500 Internal Server Error
2026-06-28T19:59:49.050788Z  WARN benchmark::loadgen: Dispatch failed: Unexpected status code received: 500 Internal Server Error
2026-06-28T19:59:49.051313Z  WARN benchmark::loadgen: Dispatch failed: Unexpected status code received: 500 Internal Server Error
2026-06-28T19:59:49.052240Z  WARN benchmark::loadgen: Dispatch failed: Unexpected status code received: 500 Internal Server Error
2026-06-28T19:59:49.055903Z  WARN benchmark::loadgen: Dispatch failed: Unexpected status code received: 500 Internal Server Error
2026-06-28T19:59:49.056223Z  WARN benchmark::loadgen: Dispatch failed: Unexpected status code received: 500 Internal Server Error
2026-06-28T19:59:49.057186Z  WARN benchmark::loadgen: Dispatch failed: Unexpected status code received: 500 Internal Server Error
2026-06-28T19:59:49.060977Z  WARN benchmark::loadgen: Dispatch failed: Unexpected status code received: 500 Internal Server Error
2026-06-28T19:59:49.061268Z  WARN benchmark::loadgen: Dispatch failed: Unexpected status code received: 500 Internal Server Error
2026-06-28T19:59:49.062734Z  WARN benchmark::loadgen: Dispatch failed: Unexpected status code received: 500 Internal Server Error
2026-06-28T19:59:49.066593Z  WARN benchmark::loadgen: Dispatch failed: Unexpected status code received: 500 Internal Server Error
2026-06-28T19:59:49.067210Z  WARN benchmark::loadgen: Dispatch failed: Unexpected status code received: 500 Internal Server Error
2026-06-28T19:59:49.067207Z  WARN benchmark::loadgen: Dispatch failed: Unexpected status code received: 500 Internal Server Error
2026-06-28T19:59:49.068495Z  WARN benchmark::loadgen: Dispatch failed: Unexpected status code received: 500 Internal Server Error
2026-06-28T19:59:49.071498Z  WARN benchmark::loadgen: Dispatch failed: Unexpected status code received: 500 Internal Server Error
2026-06-28T19:59:49.072430Z  WARN benchmark::loadgen: Dispatch failed: Unexpected status code received: 500 Internal Server Error
2026-06-28T19:59:49.076255Z  WARN benchmark::loadgen: Dispatch failed: Unexpected status code received: 500 Internal Server Error
2026-06-28T19:59:49.079347Z  WARN benchmark::loadgen: Dispatch failed: Unexpected status code received: 500 Internal Server Error
2026-06-28T19:59:49.080322Z  WARN benchmark::loadgen: Dispatch failed: Unexpected status code received: 500 Internal Server Error
2026-06-28T19:59:49.085342Z  WARN benchmark::loadgen: Dispatch failed: Unexpected status code received: 500 Internal Server Error
2026-06-28T19:59:49.086259Z  WARN benchmark::loadgen: Dispatch failed: Unexpected status code received: 500 Internal Server Error
2026-06-28T19:59:49.087206Z  WARN benchmark::loadgen: Dispatch failed: Unexpected status code received: 500 Internal Server Error
2026-06-28T19:59:49.087278Z  WARN benchmark::loadgen: Dispatch failed: Unexpected status code received: 500 Internal Server Error
2026-06-28T19:59:49.089222Z  WARN benchmark::loadgen: Dispatch failed: Unexpected status code received: 500 Internal Server Error
2026-06-28T19:59:49.091264Z  WARN benchmark::loadgen: Dispatch failed: Unexpected status code received: 500 Internal Server Error
2026-06-28T19:59:49.094222Z  WARN benchmark::loadgen: Dispatch failed: Unexpected status code received: 500 Internal Server Error
2026-06-28T19:59:49.095391Z  WARN benchmark::loadgen: Dispatch failed: Unexpected status code received: 500 Internal Server Error
2026-06-28T19:59:49.097782Z  WARN benchmark::loadgen: Dispatch failed: Unexpected status code received: 500 Internal Server Error
2026-06-28T19:59:49.098756Z  WARN benchmark::loadgen: Dispatch failed: Unexpected status code received: 500 Internal Server Error
2026-06-28T19:59:49.100163Z  WARN benchmark::loadgen: Dispatch failed: Unexpected status code received: 500 Internal Server Error
2026-06-28T19:59:49.103876Z  WARN benchmark::loadgen: Dispatch failed: Unexpected status code received: 500 Internal Server Error
2026-06-28T19:59:49.104240Z  WARN benchmark::loadgen: Dispatch failed: Unexpected status code received: 500 Internal Server Error
2026-06-28T19:59:49.105211Z  WARN benchmark::loadgen: Dispatch failed: Unexpected status code received: 500 Internal Server Error
2026-06-28T19:59:49.110579Z  WARN benchmark::loadgen: Dispatch failed: Unexpected status code received: 500 Internal Server Error
2026-06-28T19:59:49.114547Z  WARN benchmark::loadgen: Dispatch failed: Unexpected status code received: 500 Internal Server Error
2026-06-28T19:59:49.114547Z  WARN benchmark::loadgen: Dispatch failed: Unexpected status code received: 500 Internal Server Error
2026-06-28T19:59:49.116267Z  WARN benchmark::loadgen: Dispatch failed: Unexpected status code received: 500 Internal Server Error
2026-06-28T19:59:49.119550Z  WARN benchmark::loadgen: Dispatch failed: Unexpected status code received: 500 Internal Server Error
2026-06-28T19:59:49.120541Z  WARN benchmark::loadgen: Dispatch failed: Unexpected status code received: 500 Internal Server Error
2026-06-28T19:59:49.120620Z  WARN benchmark::loadgen: Dispatch failed: Unexpected status code received: 500 Internal Server Error
2026-06-28T19:59:49.124586Z  WARN benchmark::loadgen: Dispatch failed: Unexpected status code received: 500 Internal Server Error
2026-06-28T19:59:49.124704Z  WARN benchmark::loadgen: Dispatch failed: Unexpected status code received: 500 Internal Server Error
2026-06-28T19:59:49.127407Z  WARN benchmark::loadgen: Dispatch failed: Unexpected status code received: 500 Internal Server Error
2026-06-28T19:59:49.128360Z  WARN benchmark::loadgen: Dispatch failed: Unexpected status code received: 500 Internal Server Error
2026-06-28T19:59:49.131432Z  WARN benchmark::loadgen: Dispatch failed: Unexpected status code received: 500 Internal Server Error
2026-06-28T19:59:49.132248Z  WARN benchmark::loadgen: Dispatch failed: Unexpected status code received: 500 Internal Server Error
2026-06-28T19:59:49.135352Z  WARN benchmark::loadgen: Dispatch failed: Unexpected status code received: 500 Internal Server Error
2026-06-28T19:59:49.138310Z  WARN benchmark::loadgen: Dispatch failed: Unexpected status code received: 500 Internal Server Error
2026-06-28T19:59:49.140413Z  WARN benchmark::loadgen: Dispatch failed: Unexpected status code received: 500 Internal Server Error
2026-06-28T19:59:49.142361Z  WARN benchmark::loadgen: Dispatch failed: Unexpected status code received: 500 Internal Server Error
2026-06-28T19:59:49.142448Z  WARN benchmark::loadgen: Dispatch failed: Unexpected status code received: 500 Internal Server Error
2026-06-28T19:59:49.145245Z  WARN benchmark::loadgen: Dispatch failed: Unexpected status code received: 500 Internal Server Error
2026-06-28T19:59:49.146773Z  WARN benchmark::loadgen: Dispatch failed: Unexpected status code received: 500 Internal Server Error
2026-06-28T19:59:49.148007Z  WARN benchmark::loadgen: Dispatch failed: Unexpected status code received: 500 Internal Server Error
2026-06-28T19:59:49.150164Z  WARN benchmark::loadgen: Dispatch failed: Unexpected status code received: 500 Internal Server Error
2026-06-28T19:59:49.152630Z  WARN benchmark::loadgen: Dispatch failed: Unexpected status code received: 500 Internal Server Error
2026-06-28T19:59:49.156663Z  WARN benchmark::loadgen: Dispatch failed: Unexpected status code received: 500 Internal Server Error
2026-06-28T19:59:49.156755Z  WARN benchmark::loadgen: Dispatch failed: Unexpected status code received: 500 Internal Server Error
2026-06-28T19:59:49.158569Z  WARN benchmark::loadgen: Dispatch failed: Unexpected status code received: 500 Internal Server Error
2026-06-28T19:59:49.159543Z  WARN benchmark::loadgen: Dispatch failed: Unexpected status code received: 500 Internal Server Error
2026-06-28T19:59:49.161470Z  WARN benchmark::loadgen: Dispatch failed: Unexpected status code received: 500 Internal Server Error
2026-06-28T19:59:49.162617Z  WARN benchmark::loadgen: Dispatch failed: Unexpected status code received: 500 Internal Server Error
2026-06-28T19:59:49.163258Z  WARN benchmark::loadgen: Dispatch failed: Unexpected status code received: 500 Internal Server Error
2026-06-28T19:59:49.165516Z  WARN benchmark::loadgen: Dispatch failed: Unexpected status code received: 500 Internal Server Error
2026-06-28T19:59:49.167452Z  WARN benchmark::loadgen: Dispatch failed: Unexpected status code received: 500 Internal Server Error
2026-06-28T19:59:49.171470Z  WARN benchmark::loadgen: Dispatch failed: Unexpected status code received: 500 Internal Server Error
2026-06-28T19:59:49.173272Z  WARN benchmark::loadgen: Dispatch failed: Unexpected status code received: 500 Internal Server Error
2026-06-28T19:59:49.175428Z  WARN benchmark::loadgen: Dispatch failed: Unexpected status code received: 500 Internal Server Error
2026-06-28T19:59:49.175511Z  WARN benchmark::loadgen: Dispatch failed: Unexpected status code received: 500 Internal Server Error
2026-06-28T19:59:49.179382Z  WARN benchmark::loadgen: Dispatch failed: Unexpected status code received: 500 Internal Server Error
2026-06-28T19:59:49.181520Z  WARN benchmark::loadgen: Dispatch failed: Unexpected status code received: 500 Internal Server Error
2026-06-28T19:59:49.181520Z  WARN benchmark::loadgen: Dispatch failed: Unexpected status code received: 500 Internal Server Error
2026-06-28T19:59:49.185332Z  WARN benchmark::loadgen: Dispatch failed: Unexpected status code received: 500 Internal Server Error
2026-06-28T19:59:49.188286Z  WARN benchmark::loadgen: Dispatch failed: Unexpected status code received: 500 Internal Server Error
2026-06-28T19:59:49.189223Z  WARN benchmark::loadgen: Dispatch failed: Unexpected status code received: 500 Internal Server Error
2026-06-28T19:59:49.190196Z  WARN benchmark::loadgen: Dispatch failed: Unexpected status code received: 500 Internal Server Error
2026-06-28T19:59:49.192352Z  WARN benchmark::loadgen: Dispatch failed: Unexpected status code received: 500 Internal Server Error
2026-06-28T19:59:49.194218Z  WARN benchmark::loadgen: Dispatch failed: Unexpected status code received: 500 Internal Server Error
2026-06-28T19:59:49.195194Z  WARN benchmark::loadgen: Dispatch failed: Unexpected status code received: 500 Internal Server Error
2026-06-28T19:59:49.198308Z  WARN benchmark::loadgen: Dispatch failed: Unexpected status code received: 500 Internal Server Error
2026-06-28T19:59:49.200215Z  WARN benchmark::loadgen: Dispatch failed: Unexpected status code received: 500 Internal Server Error
2026-06-28T19:59:49.202256Z  WARN benchmark::loadgen: Dispatch failed: Unexpected status code received: 500 Internal Server Error
2026-06-28T19:59:49.204402Z  WARN benchmark::loadgen: Dispatch failed: Unexpected status code received: 500 Internal Server Error
2026-06-28T19:59:49.206176Z  WARN benchmark::loadgen: Dispatch failed: Unexpected status code received: 500 Internal Server Error
2026-06-28T19:59:49.208172Z  WARN benchmark::loadgen: Dispatch failed: Unexpected status code received: 500 Internal Server Error
2026-06-28T19:59:49.210427Z  WARN benchmark::loadgen: Dispatch failed: Unexpected status code received: 500 Internal Server Error
2026-06-28T19:59:49.212217Z  WARN benchmark::loadgen: Dispatch failed: Unexpected status code received: 500 Internal Server Error
2026-06-28T19:59:49.212217Z  WARN benchmark::loadgen: Dispatch failed: Unexpected status code received: 500 Internal Server Error
2026-06-28T19:59:49.215199Z  WARN benchmark::loadgen: Dispatch failed: Unexpected status code received: 500 Internal Server Error
2026-06-28T19:59:49.216230Z  WARN benchmark::loadgen: Dispatch failed: Unexpected status code received: 500 Internal Server Error
2026-06-28T19:59:49.217216Z  WARN benchmark::loadgen: Dispatch failed: Unexpected status code received: 500 Internal Server Error
2026-06-28T19:59:49.221229Z  WARN benchmark::loadgen: Dispatch failed: Unexpected status code received: 500 Internal Server Error
2026-06-28T19:59:49.222327Z  WARN benchmark::loadgen: Dispatch failed: Unexpected status code received: 500 Internal Server Error
2026-06-28T19:59:49.222327Z  WARN benchmark::loadgen: Dispatch failed: Unexpected status code received: 500 Internal Server Error
2026-06-28T19:59:49.226178Z  WARN benchmark::loadgen: Dispatch failed: Unexpected status code received: 500 Internal Server Error
2026-06-28T19:59:49.227177Z  WARN benchmark::loadgen: Dispatch failed: Unexpected status code received: 500 Internal Server Error
2026-06-28T19:59:49.229771Z  WARN benchmark::loadgen: Dispatch failed: Unexpected status code received: 500 Internal Server Error
2026-06-28T19:59:49.231166Z  WARN benchmark::loadgen: Dispatch failed: Unexpected status code received: 500 Internal Server Error
2026-06-28T19:59:49.233786Z  WARN benchmark::loadgen: Dispatch failed: Unexpected status code received: 500 Internal Server Error
2026-06-28T19:59:49.234191Z  WARN benchmark::loadgen: Dispatch failed: Unexpected status code received: 500 Internal Server Error
2026-06-28T19:59:49.236406Z  WARN benchmark::loadgen: Dispatch failed: Unexpected status code received: 500 Internal Server Error
2026-06-28T19:59:49.238165Z  WARN benchmark::loadgen: Dispatch failed: Unexpected status code received: 500 Internal Server Error
2026-06-28T19:59:49.242863Z  WARN benchmark::loadgen: Dispatch failed: Unexpected status code received: 500 Internal Server Error
2026-06-28T19:59:49.242958Z  WARN benchmark::loadgen: Dispatch failed: Unexpected status code received: 500 Internal Server Error
2026-06-28T19:59:49.246180Z  WARN benchmark::loadgen: Dispatch failed: Unexpected status code received: 500 Internal Server Error
2026-06-28T19:59:49.247537Z  WARN benchmark::loadgen: Dispatch failed: Unexpected status code received: 500 Internal Server Error
2026-06-28T19:59:49.248191Z  WARN benchmark::loadgen: Dispatch failed: Unexpected status code received: 500 Internal Server Error
2026-06-28T19:59:49.249509Z  WARN benchmark::loadgen: Dispatch failed: Unexpected status code received: 500 Internal Server Error
2026-06-28T19:59:49.253532Z  WARN benchmark::loadgen: Dispatch failed: Unexpected status code received: 500 Internal Server Error
2026-06-28T19:59:49.254482Z  WARN benchmark::loadgen: Dispatch failed: Unexpected status code received: 500 Internal Server Error
2026-06-28T19:59:49.257443Z  WARN benchmark::loadgen: Dispatch failed: Unexpected status code received: 500 Internal Server Error
2026-06-28T19:59:49.259346Z  WARN benchmark::loadgen: Dispatch failed: Unexpected status code received: 500 Internal Server Error
2026-06-28T19:59:49.262425Z  WARN benchmark::loadgen: Dispatch failed: Unexpected status code received: 500 Internal Server Error
2026-06-28T19:59:49.262528Z  WARN benchmark::loadgen: Dispatch failed: Unexpected status code received: 500 Internal Server Error
2026-06-28T19:59:49.265262Z  WARN benchmark::loadgen: Dispatch failed: Unexpected status code received: 500 Internal Server Error
2026-06-28T19:59:49.267269Z  WARN benchmark::loadgen: Dispatch failed: Unexpected status code received: 500 Internal Server Error
2026-06-28T19:59:49.268247Z  WARN benchmark::loadgen: Dispatch failed: Unexpected status code received: 500 Internal Server Error
2026-06-28T19:59:49.270209Z  WARN benchmark::loadgen: Dispatch failed: Unexpected status code received: 500 Internal Server Error
2026-06-28T19:59:49.271250Z  WARN benchmark::loadgen: Dispatch failed: Unexpected status code received: 500 Internal Server Error
2026-06-28T19:59:49.272308Z  WARN benchmark::loadgen: Dispatch failed: Unexpected status code received: 500 Internal Server Error
2026-06-28T19:59:49.274196Z  WARN benchmark::loadgen: Dispatch failed: Unexpected status code received: 500 Internal Server Error
2026-06-28T19:59:49.275172Z  WARN benchmark::loadgen: Dispatch failed: Unexpected status code received: 500 Internal Server Error
2026-06-28T19:59:49.276281Z  WARN benchmark::loadgen: Dispatch failed: Unexpected status code received: 500 Internal Server Error
2026-06-28T19:59:49.278340Z  WARN benchmark::loadgen: Dispatch failed: Unexpected status code received: 500 Internal Server Error
2026-06-28T19:59:49.279181Z  WARN benchmark::loadgen: Dispatch failed: Unexpected status code received: 500 Internal Server Error
2026-06-28T19:59:49.280161Z  WARN benchmark::loadgen: Dispatch failed: Unexpected status code received: 500 Internal Server Error
2026-06-28T19:59:49.282218Z  WARN benchmark::loadgen: Dispatch failed: Unexpected status code received: 500 Internal Server Error
2026-06-28T19:59:49.283266Z  WARN benchmark::loadgen: Dispatch failed: Unexpected status code received: 500 Internal Server Error
2026-06-28T19:59:49.284937Z  WARN benchmark::loadgen: Dispatch failed: Unexpected status code received: 500 Internal Server Error
2026-06-28T19:59:49.288492Z  WARN benchmark::loadgen: Dispatch failed: Unexpected status code received: 500 Internal Server Error
2026-06-28T19:59:49.288549Z  WARN benchmark::loadgen: Dispatch failed: Unexpected status code received: 500 Internal Server Error
2026-06-28T19:59:49.289317Z  WARN benchmark::loadgen: Dispatch failed: Unexpected status code received: 500 Internal Server Error
2026-06-28T19:59:49.290642Z  WARN benchmark::loadgen: Dispatch failed: Unexpected status code received: 500 Internal Server Error
2026-06-28T19:59:49.293176Z  WARN benchmark::loadgen: Dispatch failed: Unexpected status code received: 500 Internal Server Error
2026-06-28T19:59:49.294198Z  WARN benchmark::loadgen: Dispatch failed: Unexpected status code received: 500 Internal Server Error
2026-06-28T19:59:49.297246Z  WARN benchmark::loadgen: Dispatch failed: Unexpected status code received: 500 Internal Server Error
2026-06-28T19:59:49.297246Z  WARN benchmark::loadgen: Dispatch failed: Unexpected status code received: 500 Internal Server Error
2026-06-28T19:59:49.298169Z  WARN benchmark::loadgen: Dispatch failed: Unexpected status code received: 500 Internal Server Error
2026-06-28T19:59:49.301699Z  WARN benchmark::loadgen: Dispatch failed: Unexpected status code received: 500 Internal Server Error
2026-06-28T19:59:49.304615Z  WARN benchmark::loadgen: Dispatch failed: Unexpected status code received: 500 Internal Server Error
2026-06-28T19:59:49.305194Z  WARN benchmark::loadgen: Dispatch failed: Unexpected status code received: 500 Internal Server Error
2026-06-28T19:59:49.306476Z  WARN benchmark::loadgen: Dispatch failed: Unexpected status code received: 500 Internal Server Error
2026-06-28T19:59:49.309403Z  WARN benchmark::loadgen: Dispatch failed: Unexpected status code received: 500 Internal Server Error
2026-06-28T19:59:49.311338Z  WARN benchmark::loadgen: Dispatch failed: Unexpected status code received: 500 Internal Server Error
2026-06-28T19:59:49.311377Z  WARN benchmark::loadgen: Dispatch failed: Unexpected status code received: 500 Internal Server Error
2026-06-28T19:59:49.316380Z  WARN benchmark::loadgen: Dispatch failed: Unexpected status code received: 500 Internal Server Error
2026-06-28T19:59:49.318314Z  WARN benchmark::loadgen: Dispatch failed: Unexpected status code received: 500 Internal Server Error
2026-06-28T19:59:49.319271Z  WARN benchmark::loadgen: Dispatch failed: Unexpected status code received: 500 Internal Server Error
2026-06-28T19:59:49.320255Z  WARN benchmark::loadgen: Dispatch failed: Unexpected status code received: 500 Internal Server Error
2026-06-28T19:59:49.325237Z  WARN benchmark::loadgen: Dispatch failed: Unexpected status code received: 500 Internal Server Error
2026-06-28T19:59:49.327198Z  WARN benchmark::loadgen: Dispatch failed: Unexpected status code received: 500 Internal Server Error
2026-06-28T19:59:49.330248Z  WARN benchmark::loadgen: Dispatch failed: Unexpected status code received: 500 Internal Server Error
2026-06-28T19:59:49.332226Z  WARN benchmark::loadgen: Dispatch failed: Unexpected status code received: 500 Internal Server Error
2026-06-28T19:59:49.333224Z  WARN benchmark::loadgen: Dispatch failed: Unexpected status code received: 500 Internal Server Error
2026-06-28T19:59:49.334237Z  WARN benchmark::loadgen: Dispatch failed: Unexpected status code received: 500 Internal Server Error
2026-06-28T19:59:49.336206Z  WARN benchmark::loadgen: Dispatch failed: Unexpected status code received: 500 Internal Server Error
2026-06-28T19:59:49.340168Z  WARN benchmark::loadgen: Dispatch failed: Unexpected status code received: 500 Internal Server Error
2026-06-28T19:59:49.341287Z  WARN benchmark::loadgen: Dispatch failed: Unexpected status code received: 500 Internal Server Error
2026-06-28T19:59:49.343203Z  WARN benchmark::loadgen: Dispatch failed: Unexpected status code received: 500 Internal Server Error
2026-06-28T19:59:49.344159Z  WARN benchmark::loadgen: Dispatch failed: Unexpected status code received: 500 Internal Server Error
2026-06-28T19:59:49.345352Z  WARN benchmark::loadgen: Dispatch failed: Unexpected status code received: 500 Internal Server Error
2026-06-28T19:59:49.349204Z  WARN benchmark::loadgen: Dispatch failed: Unexpected status code received: 500 Internal Server Error
2026-06-28T19:59:49.351204Z  WARN benchmark::loadgen: Dispatch failed: Unexpected status code received: 500 Internal Server Error
2026-06-28T19:59:49.353227Z  WARN benchmark::loadgen: Dispatch failed: Unexpected status code received: 500 Internal Server Error
2026-06-28T19:59:49.353227Z  WARN benchmark::loadgen: Dispatch failed: Unexpected status code received: 500 Internal Server Error
2026-06-28T19:59:49.355160Z  WARN benchmark::loadgen: Dispatch failed: Unexpected status code received: 500 Internal Server Error
2026-06-28T19:59:49.357232Z  WARN benchmark::loadgen: Dispatch failed: Unexpected status code received: 500 Internal Server Error
2026-06-28T19:59:49.359180Z  WARN benchmark::loadgen: Dispatch failed: Unexpected status code received: 500 Internal Server Error
2026-06-28T19:59:49.360213Z  WARN benchmark::loadgen: Dispatch failed: Unexpected status code received: 500 Internal Server Error
2026-06-28T19:59:49.361602Z  WARN benchmark::loadgen: Dispatch failed: Unexpected status code received: 500 Internal Server Error
2026-06-28T19:59:49.363298Z  WARN benchmark::loadgen: Dispatch failed: Unexpected status code received: 500 Internal Server Error
2026-06-28T19:59:49.367704Z  WARN benchmark::loadgen: Dispatch failed: Unexpected status code received: 500 Internal Server Error
2026-06-28T19:59:49.370178Z  WARN benchmark::loadgen: Dispatch failed: Unexpected status code received: 500 Internal Server Error
2026-06-28T19:59:49.371611Z  WARN benchmark::loadgen: Dispatch failed: Unexpected status code received: 500 Internal Server Error
2026-06-28T19:59:49.372231Z  WARN benchmark::loadgen: Dispatch failed: Unexpected status code received: 500 Internal Server Error
2026-06-28T19:59:49.375600Z  WARN benchmark::loadgen: Dispatch failed: Unexpected status code received: 500 Internal Server Error
2026-06-28T19:59:49.378214Z  WARN benchmark::loadgen: Dispatch failed: Unexpected status code received: 500 Internal Server Error
2026-06-28T19:59:49.378214Z  WARN benchmark::loadgen: Dispatch failed: Unexpected status code received: 500 Internal Server Error
2026-06-28T19:59:49.380685Z  WARN benchmark::loadgen: Dispatch failed: Unexpected status code received: 500 Internal Server Error
2026-06-28T19:59:49.382194Z  WARN benchmark::loadgen: Dispatch failed: Unexpected status code received: 500 Internal Server Error
2026-06-28T19:59:49.385583Z  WARN benchmark::loadgen: Dispatch failed: Unexpected status code received: 500 Internal Server Error
2026-06-28T19:59:49.386160Z  WARN benchmark::loadgen: Dispatch failed: Unexpected status code received: 500 Internal Server Error
2026-06-28T19:59:49.388478Z  WARN benchmark::loadgen: Dispatch failed: Unexpected status code received: 500 Internal Server Error
2026-06-28T19:59:49.389433Z  WARN benchmark::loadgen: Dispatch failed: Unexpected status code received: 500 Internal Server Error
2026-06-28T19:59:49.392458Z  WARN benchmark::loadgen: Dispatch failed: Unexpected status code received: 500 Internal Server Error
2026-06-28T19:59:49.394402Z  WARN benchmark::loadgen: Dispatch failed: Unexpected status code received: 500 Internal Server Error
2026-06-28T19:59:49.397615Z  WARN benchmark::loadgen: Dispatch failed: Unexpected status code received: 500 Internal Server Error
2026-06-28T19:59:49.400290Z  WARN benchmark::loadgen: Dispatch failed: Unexpected status code received: 500 Internal Server Error
2026-06-28T19:59:49.401275Z  WARN benchmark::loadgen: Dispatch failed: Unexpected status code received: 500 Internal Server Error
2026-06-28T19:59:49.404494Z  WARN benchmark::loadgen: Dispatch failed: Unexpected status code received: 500 Internal Server Error
2026-06-28T19:59:49.405494Z  WARN benchmark::loadgen: Dispatch failed: Unexpected status code received: 500 Internal Server Error
2026-06-28T19:59:49.407166Z  WARN benchmark::loadgen: Dispatch failed: Unexpected status code received: 500 Internal Server Error
2026-06-28T19:59:49.407195Z  WARN benchmark::loadgen: Dispatch failed: Unexpected status code received: 500 Internal Server Error
2026-06-28T19:59:49.408304Z  WARN benchmark::loadgen: Dispatch failed: Unexpected status code received: 500 Internal Server Error
2026-06-28T19:59:49.409494Z  WARN benchmark::loadgen: Dispatch failed: Unexpected status code received: 500 Internal Server Error
2026-06-28T19:59:49.410273Z  WARN benchmark::loadgen: Dispatch failed: Unexpected status code received: 500 Internal Server Error
2026-06-28T19:59:49.411321Z  WARN benchmark::loadgen: Dispatch failed: Unexpected status code received: 500 Internal Server Error
2026-06-28T19:59:49.417303Z  WARN benchmark::loadgen: Dispatch failed: Unexpected status code received: 500 Internal Server Error
2026-06-28T19:59:49.419218Z  WARN benchmark::loadgen: Dispatch failed: Unexpected status code received: 500 Internal Server Error
2026-06-28T19:59:49.419305Z  WARN benchmark::loadgen: Dispatch failed: Unexpected status code received: 500 Internal Server Error
2026-06-28T19:59:49.423271Z  WARN benchmark::loadgen: Dispatch failed: Unexpected status code received: 500 Internal Server Error
2026-06-28T19:59:49.427200Z  WARN benchmark::loadgen: Dispatch failed: Unexpected status code received: 500 Internal Server Error
2026-06-28T19:59:49.427199Z  WARN benchmark::loadgen: Dispatch failed: Unexpected status code received: 500 Internal Server Error
2026-06-28T19:59:49.430221Z  WARN benchmark::loadgen: Dispatch failed: Unexpected status code received: 500 Internal Server Error
2026-06-28T19:59:49.431163Z  WARN benchmark::loadgen: Dispatch failed: Unexpected status code received: 500 Internal Server Error
2026-06-28T19:59:49.434202Z  WARN benchmark::loadgen: Dispatch failed: Unexpected status code received: 500 Internal Server Error
2026-06-28T19:59:49.435193Z  WARN benchmark::loadgen: Dispatch failed: Unexpected status code received: 500 Internal Server Error
2026-06-28T19:59:49.437386Z  WARN benchmark::loadgen: Dispatch failed: Unexpected status code received: 500 Internal Server Error
2026-06-28T19:59:49.438185Z  WARN benchmark::loadgen: Dispatch failed: Unexpected status code received: 500 Internal Server Error
2026-06-28T19:59:49.439240Z  WARN benchmark::loadgen: Dispatch failed: Unexpected status code received: 500 Internal Server Error
2026-06-28T19:59:49.443338Z  WARN benchmark::loadgen: Dispatch failed: Unexpected status code received: 500 Internal Server Error
2026-06-28T19:59:49.445807Z  WARN benchmark::loadgen: Dispatch failed: Unexpected status code received: 500 Internal Server Error
2026-06-28T19:59:49.445910Z  WARN benchmark::loadgen: Dispatch failed: Unexpected status code received: 500 Internal Server Error
2026-06-28T19:59:49.448214Z  WARN benchmark::loadgen: Dispatch failed: Unexpected status code received: 500 Internal Server Error
2026-06-28T19:59:49.451611Z  WARN benchmark::loadgen: Dispatch failed: Unexpected status code received: 500 Internal Server Error
2026-06-28T19:59:49.454206Z  WARN benchmark::loadgen: Dispatch failed: Unexpected status code received: 500 Internal Server Error
2026-06-28T19:59:49.455601Z  WARN benchmark::loadgen: Dispatch failed: Unexpected status code received: 500 Internal Server Error
2026-06-28T19:59:49.457380Z  WARN benchmark::loadgen: Dispatch failed: Unexpected status code received: 500 Internal Server Error
2026-06-28T19:59:49.459579Z  WARN benchmark::loadgen: Dispatch failed: Unexpected status code received: 500 Internal Server Error
2026-06-28T19:59:49.460192Z  WARN benchmark::loadgen: Dispatch failed: Unexpected status code received: 500 Internal Server Error
2026-06-28T19:59:49.461579Z  WARN benchmark::loadgen: Dispatch failed: Unexpected status code received: 500 Internal Server Error
2026-06-28T19:59:49.465573Z  WARN benchmark::loadgen: Dispatch failed: Unexpected status code received: 500 Internal Server Error
2026-06-28T19:59:49.466192Z  WARN benchmark::loadgen: Dispatch failed: Unexpected status code received: 500 Internal Server Error
2026-06-28T19:59:49.468465Z  WARN benchmark::loadgen: Dispatch failed: Unexpected status code received: 500 Internal Server Error
2026-06-28T19:59:49.472430Z  WARN benchmark::loadgen: Dispatch failed: Unexpected status code received: 500 Internal Server Error
2026-06-28T19:59:49.473498Z  WARN benchmark::loadgen: Dispatch failed: Unexpected status code received: 500 Internal Server Error
2026-06-28T19:59:49.474230Z  WARN benchmark::loadgen: Dispatch failed: Unexpected status code received: 500 Internal Server Error
2026-06-28T19:59:49.477699Z  WARN benchmark::loadgen: Dispatch failed: Unexpected status code received: 500 Internal Server Error
2026-06-28T19:59:49.478210Z  WARN benchmark::loadgen: Dispatch failed: Unexpected status code received: 500 Internal Server Error
2026-06-28T19:59:49.482455Z  WARN benchmark::loadgen: Dispatch failed: Unexpected status code received: 500 Internal Server Error
2026-06-28T19:59:49.486214Z  WARN benchmark::loadgen: Dispatch failed: Unexpected status code received: 500 Internal Server Error
2026-06-28T19:59:49.487564Z  WARN benchmark::loadgen: Dispatch failed: Unexpected status code received: 500 Internal Server Error
2026-06-28T19:59:49.490514Z  WARN benchmark::loadgen: Dispatch failed: Unexpected status code received: 500 Internal Server Error
2026-06-28T19:59:49.492406Z  WARN benchmark::loadgen: Dispatch failed: Unexpected status code received: 500 Internal Server Error
2026-06-28T19:59:49.494433Z  WARN benchmark::loadgen: Dispatch failed: Unexpected status code received: 500 Internal Server Error
2026-06-28T19:59:49.497515Z  WARN benchmark::loadgen: Dispatch failed: Unexpected status code received: 500 Internal Server Error
2026-06-28T19:59:49.497601Z  WARN benchmark::loadgen: Dispatch failed: Unexpected status code received: 500 Internal Server Error
2026-06-28T19:59:49.499277Z  WARN benchmark::loadgen: Dispatch failed: Unexpected status code received: 500 Internal Server Error
2026-06-28T19:59:49.501386Z  WARN benchmark::loadgen: Dispatch failed: Unexpected status code received: 500 Internal Server Error
2026-06-28T19:59:49.502335Z  WARN benchmark::loadgen: Dispatch failed: Unexpected status code received: 500 Internal Server Error
2026-06-28T19:59:49.502441Z  WARN benchmark::loadgen: Dispatch failed: Unexpected status code received: 500 Internal Server Error
2026-06-28T19:59:49.505249Z  WARN benchmark::loadgen: Dispatch failed: Unexpected status code received: 500 Internal Server Error
2026-06-28T19:59:49.507209Z  WARN benchmark::loadgen: Dispatch failed: Unexpected status code received: 500 Internal Server Error
2026-06-28T19:59:49.507208Z  WARN benchmark::loadgen: Dispatch failed: Unexpected status code received: 500 Internal Server Error
2026-06-28T19:59:49.511181Z  WARN benchmark::loadgen: Dispatch failed: Unexpected status code received: 500 Internal Server Error
2026-06-28T19:59:49.512165Z  WARN benchmark::loadgen: Dispatch failed: Unexpected status code received: 500 Internal Server Error
2026-06-28T19:59:49.512165Z  WARN benchmark::loadgen: Dispatch failed: Unexpected status code received: 500 Internal Server Error
2026-06-28T19:59:49.514193Z  WARN benchmark::loadgen: Dispatch failed: Unexpected status code received: 500 Internal Server Error
2026-06-28T19:59:49.517200Z  WARN benchmark::loadgen: Dispatch failed: Unexpected status code received: 500 Internal Server Error
2026-06-28T19:59:49.517241Z  WARN benchmark::loadgen: Dispatch failed: Unexpected status code received: 500 Internal Server Error
2026-06-28T19:59:49.521224Z  WARN benchmark::loadgen: Dispatch failed: Unexpected status code received: 500 Internal Server Error
2026-06-28T19:59:49.525203Z  WARN benchmark::loadgen: Dispatch failed: Unexpected status code received: 500 Internal Server Error
2026-06-28T19:59:49.529725Z  WARN benchmark::loadgen: Dispatch failed: Unexpected status code received: 500 Internal Server Error
2026-06-28T19:59:49.533285Z  WARN benchmark::loadgen: Dispatch failed: Unexpected status code received: 500 Internal Server Error
2026-06-28T19:59:49.534777Z  WARN benchmark::loadgen: Dispatch failed: Unexpected status code received: 500 Internal Server Error
2026-06-28T19:59:49.537255Z  WARN benchmark::loadgen: Dispatch failed: Unexpected status code received: 500 Internal Server Error
2026-06-28T19:59:49.538261Z  WARN benchmark::loadgen: Dispatch failed: Unexpected status code received: 500 Internal Server Error
2026-06-28T19:59:49.541660Z  WARN benchmark::loadgen: Dispatch failed: Unexpected status code received: 500 Internal Server Error
2026-06-28T19:59:49.542180Z  WARN benchmark::loadgen: Dispatch failed: Unexpected status code received: 500 Internal Server Error
2026-06-28T19:59:49.543729Z  WARN benchmark::loadgen: Dispatch failed: Unexpected status code received: 500 Internal Server Error
2026-06-28T19:59:49.545228Z  WARN benchmark::loadgen: Dispatch failed: Unexpected status code received: 500 Internal Server Error
2026-06-28T19:59:49.547284Z  WARN benchmark::loadgen: Dispatch failed: Unexpected status code received: 500 Internal Server Error
2026-06-28T19:59:49.549634Z  WARN benchmark::loadgen: Dispatch failed: Unexpected status code received: 500 Internal Server Error
2026-06-28T19:59:49.551592Z  WARN benchmark::loadgen: Dispatch failed: Unexpected status code received: 500 Internal Server Error
2026-06-28T19:59:49.555546Z  WARN benchmark::loadgen: Dispatch failed: Unexpected status code received: 500 Internal Server Error
2026-06-28T19:59:49.557619Z  WARN benchmark::loadgen: Dispatch failed: Unexpected status code received: 500 Internal Server Error
2026-06-28T19:59:49.560813Z  WARN benchmark::loadgen: Dispatch failed: Unexpected status code received: 500 Internal Server Error
2026-06-28T19:59:49.561278Z  WARN benchmark::loadgen: Dispatch failed: Unexpected status code received: 500 Internal Server Error
2026-06-28T19:59:49.564826Z  WARN benchmark::loadgen: Dispatch failed: Unexpected status code received: 500 Internal Server Error
2026-06-28T19:59:49.565298Z  WARN benchmark::loadgen: Dispatch failed: Unexpected status code received: 500 Internal Server Error
2026-06-28T19:59:49.566182Z  WARN benchmark::loadgen: Dispatch failed: Unexpected status code received: 500 Internal Server Error
2026-06-28T19:59:49.567771Z  WARN benchmark::loadgen: Dispatch failed: Unexpected status code received: 500 Internal Server Error
2026-06-28T19:59:49.571163Z  WARN benchmark::loadgen: Dispatch failed: Unexpected status code received: 500 Internal Server Error
2026-06-28T19:59:49.574226Z  WARN benchmark::loadgen: Dispatch failed: Unexpected status code received: 500 Internal Server Error
2026-06-28T19:59:49.576221Z  WARN benchmark::loadgen: Dispatch failed: Unexpected status code received: 500 Internal Server Error
2026-06-28T19:59:49.577896Z  WARN benchmark::loadgen: Dispatch failed: Unexpected status code received: 500 Internal Server Error
2026-06-28T19:59:49.578204Z  WARN benchmark::loadgen: Dispatch failed: Unexpected status code received: 500 Internal Server Error
2026-06-28T19:59:49.581873Z  WARN benchmark::loadgen: Dispatch failed: Unexpected status code received: 500 Internal Server Error
2026-06-28T19:59:49.582275Z  WARN benchmark::loadgen: Dispatch failed: Unexpected status code received: 500 Internal Server Error
2026-06-28T19:59:49.586656Z  WARN benchmark::loadgen: Dispatch failed: Unexpected status code received: 500 Internal Server Error
2026-06-28T19:59:49.586770Z  WARN benchmark::loadgen: Dispatch failed: Unexpected status code received: 500 Internal Server Error
2026-06-28T19:59:49.589522Z  WARN benchmark::loadgen: Dispatch failed: Unexpected status code received: 500 Internal Server Error
2026-06-28T19:59:49.589580Z  WARN benchmark::loadgen: Dispatch failed: Unexpected status code received: 500 Internal Server Error
2026-06-28T19:59:49.590502Z  WARN benchmark::loadgen: Dispatch failed: Unexpected status code received: 500 Internal Server Error
2026-06-28T19:59:49.591486Z  WARN benchmark::loadgen: Dispatch failed: Unexpected status code received: 500 Internal Server Error
2026-06-28T19:59:49.595450Z  WARN benchmark::loadgen: Dispatch failed: Unexpected status code received: 500 Internal Server Error
2026-06-28T19:59:49.595562Z  WARN benchmark::loadgen: Dispatch failed: Unexpected status code received: 500 Internal Server Error
2026-06-28T19:59:49.597384Z  WARN benchmark::loadgen: Dispatch failed: Unexpected status code received: 500 Internal Server Error
2026-06-28T19:59:49.598550Z  WARN benchmark::loadgen: Dispatch failed: Unexpected status code received: 500 Internal Server Error
2026-06-28T19:59:49.599189Z  WARN benchmark::loadgen: Dispatch failed: Unexpected status code received: 500 Internal Server Error
2026-06-28T19:59:49.602357Z  WARN benchmark::loadgen: Dispatch failed: Unexpected status code received: 500 Internal Server Error
2026-06-28T19:59:49.603359Z  WARN benchmark::loadgen: Dispatch failed: Unexpected status code received: 500 Internal Server Error
2026-06-28T19:59:49.606369Z  WARN benchmark::loadgen: Dispatch failed: Unexpected status code received: 500 Internal Server Error
2026-06-28T19:59:49.607302Z  WARN benchmark::loadgen: Dispatch failed: Unexpected status code received: 500 Internal Server Error
2026-06-28T19:59:49.612230Z  WARN benchmark::loadgen: Dispatch failed: Unexpected status code received: 500 Internal Server Error
2026-06-28T19:59:49.614297Z  WARN benchmark::loadgen: Dispatch failed: Unexpected status code received: 500 Internal Server Error
2026-06-28T19:59:49.617224Z  WARN benchmark::loadgen: Dispatch failed: Unexpected status code received: 500 Internal Server Error
2026-06-28T19:59:49.618221Z  WARN benchmark::loadgen: Dispatch failed: Unexpected status code received: 500 Internal Server Error
2026-06-28T19:59:49.621215Z  WARN benchmark::loadgen: Dispatch failed: Unexpected status code received: 500 Internal Server Error
2026-06-28T19:59:49.621213Z  WARN benchmark::loadgen: Dispatch failed: Unexpected status code received: 500 Internal Server Error
2026-06-28T19:59:49.624193Z  WARN benchmark::loadgen: Dispatch failed: Unexpected status code received: 500 Internal Server Error
2026-06-28T19:59:49.625200Z  WARN benchmark::loadgen: Dispatch failed: Unexpected status code received: 500 Internal Server Error
2026-06-28T19:59:49.626179Z  WARN benchmark::loadgen: Dispatch failed: Unexpected status code received: 500 Internal Server Error
2026-06-28T19:59:49.630212Z  WARN benchmark::loadgen: Dispatch failed: Unexpected status code received: 500 Internal Server Error
2026-06-28T19:59:49.632155Z  WARN benchmark::loadgen: Dispatch failed: Unexpected status code received: 500 Internal Server Error
2026-06-28T19:59:49.634206Z  WARN benchmark::loadgen: Dispatch failed: Unexpected status code received: 500 Internal Server Error
2026-06-28T19:59:49.637989Z  WARN benchmark::loadgen: Dispatch failed: Unexpected status code received: 500 Internal Server Error
2026-06-28T19:59:49.637989Z  WARN benchmark::loadgen: Dispatch failed: Unexpected status code received: 500 Internal Server Error
2026-06-28T19:59:49.640173Z  WARN benchmark::loadgen: Dispatch failed: Unexpected status code received: 500 Internal Server Error
2026-06-28T19:59:49.641186Z  WARN benchmark::loadgen: Dispatch failed: Unexpected status code received: 500 Internal Server Error
2026-06-28T19:59:49.642671Z  WARN benchmark::loadgen: Dispatch failed: Unexpected status code received: 500 Internal Server Error
2026-06-28T19:59:49.646693Z  WARN benchmark::loadgen: Dispatch failed: Unexpected status code received: 500 Internal Server Error
2026-06-28T19:59:49.646792Z  WARN benchmark::loadgen: Dispatch failed: Unexpected status code received: 500 Internal Server Error
2026-06-28T19:59:49.649600Z  WARN benchmark::loadgen: Dispatch failed: Unexpected status code received: 500 Internal Server Error
2026-06-28T19:59:49.650217Z  WARN benchmark::loadgen: Dispatch failed: Unexpected status code received: 500 Internal Server Error
2026-06-28T19:59:49.653622Z  WARN benchmark::loadgen: Dispatch failed: Unexpected status code received: 500 Internal Server Error
2026-06-28T19:59:49.656548Z  WARN benchmark::loadgen: Dispatch failed: Unexpected status code received: 500 Internal Server Error
2026-06-28T19:59:49.657512Z  WARN benchmark::loadgen: Dispatch failed: Unexpected status code received: 500 Internal Server Error
2026-06-28T19:59:49.658268Z  WARN benchmark::loadgen: Dispatch failed: Unexpected status code received: 500 Internal Server Error
2026-06-28T19:59:49.661454Z  WARN benchmark::loadgen: Dispatch failed: Unexpected status code received: 500 Internal Server Error
2026-06-28T19:59:49.665396Z  WARN benchmark::loadgen: Dispatch failed: Unexpected status code received: 500 Internal Server Error
2026-06-28T19:59:49.665455Z  WARN benchmark::loadgen: Dispatch failed: Unexpected status code received: 500 Internal Server Error
2026-06-28T19:59:49.666364Z  WARN benchmark::loadgen: Dispatch failed: Unexpected status code received: 500 Internal Server Error
2026-06-28T19:59:49.669204Z  WARN benchmark::loadgen: Dispatch failed: Unexpected status code received: 500 Internal Server Error
2026-06-28T19:59:49.673212Z  WARN benchmark::loadgen: Dispatch failed: Unexpected status code received: 500 Internal Server Error
2026-06-28T19:59:49.674296Z  WARN benchmark::loadgen: Dispatch failed: Unexpected status code received: 500 Internal Server Error
2026-06-28T19:59:49.675300Z  WARN benchmark::loadgen: Dispatch failed: Unexpected status code received: 500 Internal Server Error
2026-06-28T19:59:49.675395Z  WARN benchmark::loadgen: Dispatch failed: Unexpected status code received: 500 Internal Server Error
2026-06-28T19:59:49.677222Z  WARN benchmark::loadgen: Dispatch failed: Unexpected status code received: 500 Internal Server Error
2026-06-28T19:59:49.678487Z  WARN benchmark::loadgen: Dispatch failed: Unexpected status code received: 500 Internal Server Error
2026-06-28T19:59:49.681210Z  WARN benchmark::loadgen: Dispatch failed: Unexpected status code received: 500 Internal Server Error
2026-06-28T19:59:49.682187Z  WARN benchmark::loadgen: Dispatch failed: Unexpected status code received: 500 Internal Server Error
2026-06-28T19:59:49.684310Z  WARN benchmark::loadgen: Dispatch failed: Unexpected status code received: 500 Internal Server Error
2026-06-28T19:59:49.686217Z  WARN benchmark::loadgen: Dispatch failed: Unexpected status code received: 500 Internal Server Error
2026-06-28T19:59:49.687281Z  WARN benchmark::loadgen: Dispatch failed: Unexpected status code received: 500 Internal Server Error
2026-06-28T19:59:49.688205Z  WARN benchmark::loadgen: Dispatch failed: Unexpected status code received: 500 Internal Server Error
2026-06-28T19:59:49.694199Z  WARN benchmark::loadgen: Dispatch failed: Unexpected status code received: 500 Internal Server Error
2026-06-28T19:59:49.694244Z  WARN benchmark::loadgen: Dispatch failed: Unexpected status code received: 500 Internal Server Error
2026-06-28T19:59:49.696246Z  WARN benchmark::loadgen: Dispatch failed: Unexpected status code received: 500 Internal Server Error
2026-06-28T19:59:49.696246Z  WARN benchmark::loadgen: Dispatch failed: Unexpected status code received: 500 Internal Server Error
2026-06-28T19:59:49.699239Z  WARN benchmark::loadgen: Dispatch failed: Unexpected status code received: 500 Internal Server Error
2026-06-28T19:59:49.700203Z  WARN benchmark::loadgen: Dispatch failed: Unexpected status code received: 500 Internal Server Error
2026-06-28T19:59:49.703187Z  WARN benchmark::loadgen: Dispatch failed: Unexpected status code received: 500 Internal Server Error
2026-06-28T19:59:49.704184Z  WARN benchmark::loadgen: Dispatch failed: Unexpected status code received: 500 Internal Server Error
2026-06-28T19:59:49.708189Z  WARN benchmark::loadgen: Dispatch failed: Unexpected status code received: 500 Internal Server Error
2026-06-28T19:59:49.717244Z  WARN benchmark::loadgen: Dispatch failed: Unexpected status code received: 500 Internal Server Error
2026-06-28T19:59:49.717303Z  WARN benchmark::loadgen: Dispatch failed: Unexpected status code received: 500 Internal Server Error
2026-06-28T19:59:49.717318Z  WARN benchmark::loadgen: Dispatch failed: Unexpected status code received: 500 Internal Server Error
2026-06-28T19:59:49.717321Z  WARN benchmark::loadgen: Dispatch failed: Unexpected status code received: 500 Internal Server Error
2026-06-28T19:59:49.719210Z  WARN benchmark::loadgen: Dispatch failed: Unexpected status code received: 500 Internal Server Error
2026-06-28T19:59:49.719249Z  WARN benchmark::loadgen: Dispatch failed: Unexpected status code received: 500 Internal Server Error
2026-06-28T19:59:49.723620Z  WARN benchmark::loadgen: Dispatch failed: Unexpected status code received: 500 Internal Server Error
2026-06-28T19:59:49.723627Z  WARN benchmark::loadgen: Dispatch failed: Unexpected status code received: 500 Internal Server Error
2026-06-28T19:59:49.724286Z  WARN benchmark::loadgen: Dispatch failed: Unexpected status code received: 500 Internal Server Error
2026-06-28T19:59:49.727250Z  WARN benchmark::loadgen: Dispatch failed: Unexpected status code received: 500 Internal Server Error
2026-06-28T19:59:49.728196Z  WARN benchmark::loadgen: Dispatch failed: Unexpected status code received: 500 Internal Server Error
2026-06-28T19:59:49.731754Z  WARN benchmark::loadgen: Dispatch failed: Unexpected status code received: 500 Internal Server Error
2026-06-28T19:59:49.732335Z  WARN benchmark::loadgen: Dispatch failed: Unexpected status code received: 500 Internal Server Error
2026-06-28T19:59:49.737241Z  WARN benchmark::loadgen: Dispatch failed: Unexpected status code received: 500 Internal Server Error
2026-06-28T19:59:49.737241Z  WARN benchmark::loadgen: Dispatch failed: Unexpected status code received: 500 Internal Server Error
2026-06-28T19:59:49.738270Z  WARN benchmark::loadgen: Dispatch failed: Unexpected status code received: 500 Internal Server Error
2026-06-28T19:59:49.744653Z  WARN benchmark::loadgen: Dispatch failed: Unexpected status code received: 500 Internal Server Error
2026-06-28T19:59:49.745321Z  WARN benchmark::loadgen: Dispatch failed: Unexpected status code received: 500 Internal Server Error
2026-06-28T19:59:49.746221Z  WARN benchmark::loadgen: Dispatch failed: Unexpected status code received: 500 Internal Server Error
2026-06-28T19:59:49.749679Z  WARN benchmark::loadgen: Dispatch failed: Unexpected status code received: 500 Internal Server Error
2026-06-28T19:59:49.751176Z  WARN benchmark::loadgen: Dispatch failed: Unexpected status code received: 500 Internal Server Error
2026-06-28T19:59:49.751176Z  WARN benchmark::loadgen: Dispatch failed: Unexpected status code received: 500 Internal Server Error
2026-06-28T19:59:49.755177Z  WARN benchmark::loadgen: Dispatch failed: Unexpected status code received: 500 Internal Server Error
2026-06-28T19:59:49.757416Z  WARN benchmark::loadgen: Dispatch failed: Unexpected status code received: 500 Internal Server Error
2026-06-28T19:59:49.759197Z  WARN benchmark::loadgen: Dispatch failed: Unexpected status code received: 500 Internal Server Error
2026-06-28T19:59:49.762304Z  WARN benchmark::loadgen: Dispatch failed: Unexpected status code received: 500 Internal Server Error
2026-06-28T19:59:49.762388Z  WARN benchmark::loadgen: Dispatch failed: Unexpected status code received: 500 Internal Server Error
2026-06-28T19:59:49.765292Z  WARN benchmark::loadgen: Dispatch failed: Unexpected status code received: 500 Internal Server Error
2026-06-28T19:59:49.765371Z  WARN benchmark::loadgen: Dispatch failed: Unexpected status code received: 500 Internal Server Error
2026-06-28T19:59:49.767206Z  WARN benchmark::loadgen: Dispatch failed: Unexpected status code received: 500 Internal Server Error
2026-06-28T19:59:49.770416Z  WARN benchmark::loadgen: Dispatch failed: Unexpected status code received: 500 Internal Server Error
2026-06-28T19:59:49.771196Z  WARN benchmark::loadgen: Dispatch failed: Unexpected status code received: 500 Internal Server Error
2026-06-28T19:59:49.774268Z  WARN benchmark::loadgen: Dispatch failed: Unexpected status code received: 500 Internal Server Error
2026-06-28T19:59:49.778283Z  WARN benchmark::loadgen: Dispatch failed: Unexpected status code received: 500 Internal Server Error
2026-06-28T19:59:49.780090Z  WARN benchmark::loadgen: Dispatch failed: Unexpected status code received: 500 Internal Server Error
2026-06-28T19:59:49.782183Z  WARN benchmark::loadgen: Dispatch failed: Unexpected status code received: 500 Internal Server Error
2026-06-28T19:59:49.783174Z  WARN benchmark::loadgen: Dispatch failed: Unexpected status code received: 500 Internal Server Error
2026-06-28T19:59:49.784165Z  WARN benchmark::loadgen: Dispatch failed: Unexpected status code received: 500 Internal Server Error
2026-06-28T19:59:49.787284Z  WARN benchmark::loadgen: Dispatch failed: Unexpected status code received: 500 Internal Server Error
2026-06-28T19:59:49.790645Z  WARN benchmark::loadgen: Dispatch failed: Unexpected status code received: 500 Internal Server Error
2026-06-28T19:59:49.791613Z  WARN benchmark::loadgen: Dispatch failed: Unexpected status code received: 500 Internal Server Error
2026-06-28T19:59:49.794675Z  WARN benchmark::loadgen: Dispatch failed: Unexpected status code received: 500 Internal Server Error
2026-06-28T19:59:49.795206Z  WARN benchmark::loadgen: Dispatch failed: Unexpected status code received: 500 Internal Server Error
2026-06-28T19:59:49.798652Z  WARN benchmark::loadgen: Dispatch failed: Unexpected status code received: 500 Internal Server Error
2026-06-28T19:59:49.800474Z  WARN benchmark::loadgen: Dispatch failed: Unexpected status code received: 500 Internal Server Error
2026-06-28T19:59:49.801401Z  WARN benchmark::loadgen: Dispatch failed: Unexpected status code received: 500 Internal Server Error
2026-06-28T19:59:49.804524Z  WARN benchmark::loadgen: Dispatch failed: Unexpected status code received: 500 Internal Server Error
2026-06-28T19:59:49.804622Z  WARN benchmark::loadgen: Dispatch failed: Unexpected status code received: 500 Internal Server Error
2026-06-28T19:59:49.807366Z  WARN benchmark::loadgen: Dispatch failed: Unexpected status code received: 500 Internal Server Error
2026-06-28T19:59:49.810250Z  WARN benchmark::loadgen: Dispatch failed: Unexpected status code received: 500 Internal Server Error
2026-06-28T19:59:49.811228Z  WARN benchmark::loadgen: Dispatch failed: Unexpected status code received: 500 Internal Server Error
2026-06-28T19:59:49.812221Z  WARN benchmark::loadgen: Dispatch failed: Unexpected status code received: 500 Internal Server Error
2026-06-28T19:59:49.815277Z  WARN benchmark::loadgen: Dispatch failed: Unexpected status code received: 500 Internal Server Error
2026-06-28T19:59:49.820214Z  WARN benchmark::loadgen: Dispatch failed: Unexpected status code received: 500 Internal Server Error
2026-06-28T19:59:49.820214Z  WARN benchmark::loadgen: Dispatch failed: Unexpected status code received: 500 Internal Server Error
2026-06-28T19:59:49.822158Z  WARN benchmark::loadgen: Dispatch failed: Unexpected status code received: 500 Internal Server Error
2026-06-28T19:59:49.823338Z  WARN benchmark::loadgen: Dispatch failed: Unexpected status code received: 500 Internal Server Error
2026-06-28T19:59:49.824811Z  WARN benchmark::loadgen: Dispatch failed: Unexpected status code received: 500 Internal Server Error
2026-06-28T19:59:49.825811Z  WARN benchmark::loadgen: Dispatch failed: Unexpected status code received: 500 Internal Server Error
2026-06-28T19:59:49.828173Z  WARN benchmark::loadgen: Dispatch failed: Unexpected status code received: 500 Internal Server Error
2026-06-28T19:59:49.829200Z  WARN benchmark::loadgen: Dispatch failed: Unexpected status code received: 500 Internal Server Error
2026-06-28T19:59:49.832162Z  WARN benchmark::loadgen: Dispatch failed: Unexpected status code received: 500 Internal Server Error
2026-06-28T19:59:49.834569Z  WARN benchmark::loadgen: Dispatch failed: Unexpected status code received: 500 Internal Server Error
2026-06-28T19:59:49.835519Z  WARN benchmark::loadgen: Dispatch failed: Unexpected status code received: 500 Internal Server Error
2026-06-28T19:59:49.836191Z  WARN benchmark::loadgen: Dispatch failed: Unexpected status code received: 500 Internal Server Error
2026-06-28T19:59:49.840236Z  WARN benchmark::loadgen: Dispatch failed: Unexpected status code received: 500 Internal Server Error
2026-06-28T19:59:49.842365Z  WARN benchmark::loadgen: Dispatch failed: Unexpected status code received: 500 Internal Server Error
2026-06-28T19:59:49.843332Z  WARN benchmark::loadgen: Dispatch failed: Unexpected status code received: 500 Internal Server Error
2026-06-28T19:59:49.846394Z  WARN benchmark::loadgen: Dispatch failed: Unexpected status code received: 500 Internal Server Error
2026-06-28T19:59:49.848322Z  WARN benchmark::loadgen: Dispatch failed: Unexpected status code received: 500 Internal Server Error
2026-06-28T19:59:49.848385Z  WARN benchmark::loadgen: Dispatch failed: Unexpected status code received: 500 Internal Server Error
2026-06-28T19:59:49.849368Z  WARN benchmark::loadgen: Dispatch failed: Unexpected status code received: 500 Internal Server Error
2026-06-28T19:59:49.852225Z  WARN benchmark::loadgen: Dispatch failed: Unexpected status code received: 500 Internal Server Error
2026-06-28T19:59:49.855294Z  WARN benchmark::loadgen: Dispatch failed: Unexpected status code received: 500 Internal Server Error
2026-06-28T19:59:49.856247Z  WARN benchmark::loadgen: Dispatch failed: Unexpected status code received: 500 Internal Server Error
2026-06-28T19:59:49.858828Z  WARN benchmark::loadgen: Dispatch failed: Unexpected status code received: 500 Internal Server Error
2026-06-28T19:59:49.859901Z  WARN benchmark::loadgen: Dispatch failed: Unexpected status code received: 500 Internal Server Error
2026-06-28T19:59:49.861034Z  WARN benchmark::loadgen: Dispatch failed: Unexpected status code received: 500 Internal Server Error
2026-06-28T19:59:49.861210Z  WARN benchmark::loadgen: Dispatch failed: Unexpected status code received: 500 Internal Server Error
2026-06-28T19:59:49.862386Z  WARN benchmark::loadgen: Dispatch failed: Unexpected status code received: 500 Internal Server Error
2026-06-28T19:59:49.863281Z  WARN benchmark::loadgen: Dispatch failed: Unexpected status code received: 500 Internal Server Error
2026-06-28T19:59:49.865272Z  WARN benchmark::loadgen: Dispatch failed: Unexpected status code received: 500 Internal Server Error
2026-06-28T19:59:49.867217Z  WARN benchmark::loadgen: Dispatch failed: Unexpected status code received: 500 Internal Server Error
2026-06-28T19:59:49.871181Z  WARN benchmark::loadgen: Dispatch failed: Unexpected status code received: 500 Internal Server Error
2026-06-28T19:59:49.871181Z  WARN benchmark::loadgen: Dispatch failed: Unexpected status code received: 500 Internal Server Error
2026-06-28T19:59:49.872182Z  WARN benchmark::loadgen: Dispatch failed: Unexpected status code received: 500 Internal Server Error
2026-06-28T19:59:49.876245Z  WARN benchmark::loadgen: Dispatch failed: Unexpected status code received: 500 Internal Server Error
2026-06-28T19:59:49.878290Z  WARN benchmark::loadgen: Dispatch failed: Unexpected status code received: 500 Internal Server Error
2026-06-28T19:59:49.879375Z  WARN benchmark::loadgen: Dispatch failed: Unexpected status code received: 500 Internal Server Error
2026-06-28T19:59:49.882170Z  WARN benchmark::loadgen: Dispatch failed: Unexpected status code received: 500 Internal Server Error
2026-06-28T19:59:49.884253Z  WARN benchmark::loadgen: Dispatch failed: Unexpected status code received: 500 Internal Server Error
2026-06-28T19:59:49.886232Z  WARN benchmark::loadgen: Dispatch failed: Unexpected status code received: 500 Internal Server Error
2026-06-28T19:59:49.888728Z  WARN benchmark::loadgen: Dispatch failed: Unexpected status code received: 500 Internal Server Error
2026-06-28T19:59:49.889225Z  WARN benchmark::loadgen: Dispatch failed: Unexpected status code received: 500 Internal Server Error
2026-06-28T19:59:49.890193Z  WARN benchmark::loadgen: Dispatch failed: Unexpected status code received: 500 Internal Server Error
2026-06-28T19:59:49.892624Z  WARN benchmark::loadgen: Dispatch failed: Unexpected status code received: 500 Internal Server Error
2026-06-28T19:59:49.894677Z  WARN benchmark::loadgen: Dispatch failed: Unexpected status code received: 500 Internal Server Error
2026-06-28T19:59:49.896571Z  WARN benchmark::loadgen: Dispatch failed: Unexpected status code received: 500 Internal Server Error
2026-06-28T19:59:49.898607Z  WARN benchmark::loadgen: Dispatch failed: Unexpected status code received: 500 Internal Server Error
2026-06-28T19:59:49.900224Z  WARN benchmark::loadgen: Dispatch failed: Unexpected status code received: 500 Internal Server Error
2026-06-28T19:59:49.903432Z  WARN benchmark::loadgen: Dispatch failed: Unexpected status code received: 500 Internal Server Error
2026-06-28T19:59:49.903481Z  WARN benchmark::loadgen: Dispatch failed: Unexpected status code received: 500 Internal Server Error
2026-06-28T19:59:49.908432Z  WARN benchmark::loadgen: Dispatch failed: Unexpected status code received: 500 Internal Server Error
2026-06-28T19:59:49.908432Z  WARN benchmark::loadgen: Dispatch failed: Unexpected status code received: 500 Internal Server Error
2026-06-28T19:59:49.912302Z  WARN benchmark::loadgen: Dispatch failed: Unexpected status code received: 500 Internal Server Error
2026-06-28T19:59:49.913263Z  WARN benchmark::loadgen: Dispatch failed: Unexpected status code received: 500 Internal Server Error
2026-06-28T19:59:49.914300Z  WARN benchmark::loadgen: Dispatch failed: Unexpected status code received: 500 Internal Server Error
2026-06-28T19:59:49.916203Z  WARN benchmark::loadgen: Dispatch failed: Unexpected status code received: 500 Internal Server Error
2026-06-28T19:59:49.919350Z  WARN benchmark::loadgen: Dispatch failed: Unexpected status code received: 500 Internal Server Error
2026-06-28T19:59:49.920243Z  WARN benchmark::loadgen: Dispatch failed: Unexpected status code received: 500 Internal Server Error
2026-06-28T19:59:49.921242Z  WARN benchmark::loadgen: Dispatch failed: Unexpected status code received: 500 Internal Server Error
2026-06-28T19:59:49.924367Z  WARN benchmark::loadgen: Dispatch failed: Unexpected status code received: 500 Internal Server Error
2026-06-28T19:59:49.927219Z  WARN benchmark::loadgen: Dispatch failed: Unexpected status code received: 500 Internal Server Error
2026-06-28T19:59:49.928183Z  WARN benchmark::loadgen: Dispatch failed: Unexpected status code received: 500 Internal Server Error
2026-06-28T19:59:49.932270Z  WARN benchmark::loadgen: Dispatch failed: Unexpected status code received: 500 Internal Server Error
2026-06-28T19:59:49.936187Z  WARN benchmark::loadgen: Dispatch failed: Unexpected status code received: 500 Internal Server Error
2026-06-28T19:59:49.937190Z  WARN benchmark::loadgen: Dispatch failed: Unexpected status code received: 500 Internal Server Error
2026-06-28T19:59:49.939329Z  WARN benchmark::loadgen: Dispatch failed: Unexpected status code received: 500 Internal Server Error
2026-06-28T19:59:49.940233Z  WARN benchmark::loadgen: Dispatch failed: Unexpected status code received: 500 Internal Server Error
2026-06-28T19:59:49.944187Z  WARN benchmark::loadgen: Dispatch failed: Unexpected status code received: 500 Internal Server Error
2026-06-28T19:59:49.945174Z  WARN benchmark::loadgen: Dispatch failed: Unexpected status code received: 500 Internal Server Error
2026-06-28T19:59:49.948207Z  WARN benchmark::loadgen: Dispatch failed: Unexpected status code received: 500 Internal Server Error
2026-06-28T19:59:49.948207Z  WARN benchmark::loadgen: Dispatch failed: Unexpected status code received: 500 Internal Server Error
2026-06-28T19:59:49.951174Z  WARN benchmark::loadgen: Dispatch failed: Unexpected status code received: 500 Internal Server Error
2026-06-28T19:59:49.952224Z  WARN benchmark::loadgen: Dispatch failed: Unexpected status code received: 500 Internal Server Error
2026-06-28T19:59:49.953191Z  WARN benchmark::loadgen: Dispatch failed: Unexpected status code received: 500 Internal Server Error
2026-06-28T19:59:49.956219Z  WARN benchmark::loadgen: Dispatch failed: Unexpected status code received: 500 Internal Server Error
2026-06-28T19:59:49.957197Z  WARN benchmark::loadgen: Dispatch failed: Unexpected status code received: 500 Internal Server Error
2026-06-28T19:59:49.960188Z  WARN benchmark::loadgen: Dispatch failed: Unexpected status code received: 500 Internal Server Error
2026-06-28T19:59:49.961162Z  WARN benchmark::loadgen: Dispatch failed: Unexpected status code received: 500 Internal Server Error
2026-06-28T19:59:49.963184Z  WARN benchmark::loadgen: Dispatch failed: Unexpected status code received: 500 Internal Server Error
2026-06-28T19:59:49.965315Z  WARN benchmark::loadgen: Dispatch failed: Unexpected status code received: 500 Internal Server Error
2026-06-28T19:59:49.966842Z  WARN benchmark::loadgen: Dispatch failed: Unexpected status code received: 500 Internal Server Error
2026-06-28T19:59:49.967208Z  WARN benchmark::loadgen: Dispatch failed: Unexpected status code received: 500 Internal Server Error
2026-06-28T19:59:49.968181Z  WARN benchmark::loadgen: Dispatch failed: Unexpected status code received: 500 Internal Server Error
2026-06-28T19:59:49.972623Z  WARN benchmark::loadgen: Dispatch failed: Unexpected status code received: 500 Internal Server Error
2026-06-28T19:59:49.972738Z  WARN benchmark::loadgen: Dispatch failed: Unexpected status code received: 500 Internal Server Error
2026-06-28T19:59:49.976598Z  WARN benchmark::loadgen: Dispatch failed: Unexpected status code received: 500 Internal Server Error
2026-06-28T19:59:49.977580Z  WARN benchmark::loadgen: Dispatch failed: Unexpected status code received: 500 Internal Server Error
2026-06-28T19:59:49.979328Z  WARN benchmark::loadgen: Dispatch failed: Unexpected status code received: 500 Internal Server Error
2026-06-28T19:59:49.982501Z  WARN benchmark::loadgen: Dispatch failed: Unexpected status code received: 500 Internal Server Error
2026-06-28T19:59:49.983696Z  WARN benchmark::loadgen: Dispatch failed: Unexpected status code received: 500 Internal Server Error
2026-06-28T19:59:49.987224Z  WARN benchmark::loadgen: Dispatch failed: Unexpected status code received: 500 Internal Server Error
2026-06-28T19:59:49.987283Z  WARN benchmark::loadgen: Dispatch failed: Unexpected status code received: 500 Internal Server Error
2026-06-28T19:59:49.989250Z  WARN benchmark::loadgen: Dispatch failed: Unexpected status code received: 500 Internal Server Error
2026-06-28T19:59:49.989861Z  WARN benchmark::loadgen: Dispatch failed: Unexpected status code received: 500 Internal Server Error
2026-06-28T19:59:49.992176Z  WARN benchmark::loadgen: Dispatch failed: Unexpected status code received: 500 Internal Server Error
2026-06-28T19:59:49.993753Z  WARN benchmark::loadgen: Dispatch failed: Unexpected status code received: 500 Internal Server Error
2026-06-28T19:59:49.997193Z  WARN benchmark::loadgen: Dispatch failed: Unexpected status code received: 500 Internal Server Error
2026-06-28T19:59:49.999291Z  WARN benchmark::loadgen: Dispatch failed: Unexpected status code received: 500 Internal Server Error
2026-06-28T19:59:50.001864Z  WARN benchmark::loadgen: Dispatch failed: Unexpected status code received: 500 Internal Server Error
2026-06-28T19:59:50.002238Z  WARN benchmark::loadgen: Dispatch failed: Unexpected status code received: 500 Internal Server Error
2026-06-28T19:59:50.005256Z  WARN benchmark::loadgen: Dispatch failed: Unexpected status code received: 500 Internal Server Error
2026-06-28T19:59:50.006975Z  WARN benchmark::loadgen: Dispatch failed: Unexpected status code received: 500 Internal Server Error
2026-06-28T19:59:50.008227Z  WARN benchmark::loadgen: Dispatch failed: Unexpected status code received: 500 Internal Server Error
2026-06-28T19:59:50.009820Z  WARN benchmark::loadgen: Dispatch failed: Unexpected status code received: 500 Internal Server Error
2026-06-28T19:59:50.011164Z  WARN benchmark::loadgen: Dispatch failed: Unexpected status code received: 500 Internal Server Error
2026-06-28T19:59:50.015206Z  WARN benchmark::loadgen: Dispatch failed: Unexpected status code received: 500 Internal Server Error
2026-06-28T19:59:50.017175Z  WARN benchmark::loadgen: Dispatch failed: Unexpected status code received: 500 Internal Server Error
2026-06-28T19:59:50.018215Z  WARN benchmark::loadgen: Dispatch failed: Unexpected status code received: 500 Internal Server Error
2026-06-28T19:59:50.019864Z  WARN benchmark::loadgen: Dispatch failed: Unexpected status code received: 500 Internal Server Error
2026-06-28T19:59:50.021473Z  WARN benchmark::loadgen: Dispatch failed: Unexpected status code received: 500 Internal Server Error
2026-06-28T19:59:50.024367Z  WARN benchmark::loadgen: Dispatch failed: Unexpected status code received: 500 Internal Server Error
2026-06-28T19:59:50.024445Z  WARN benchmark::loadgen: Dispatch failed: Unexpected status code received: 500 Internal Server Error
2026-06-28T19:59:50.027480Z  WARN benchmark::loadgen: Dispatch failed: Unexpected status code received: 500 Internal Server Error
2026-06-28T19:59:50.028429Z  WARN benchmark::loadgen: Dispatch failed: Unexpected status code received: 500 Internal Server Error
2026-06-28T19:59:50.029391Z  WARN benchmark::loadgen: Dispatch failed: Unexpected status code received: 500 Internal Server Error
2026-06-28T19:59:50.033322Z  WARN benchmark::loadgen: Dispatch failed: Unexpected status code received: 500 Internal Server Error
2026-06-28T19:59:50.035336Z  WARN benchmark::loadgen: Dispatch failed: Unexpected status code received: 500 Internal Server Error
2026-06-28T19:59:50.037267Z  WARN benchmark::loadgen: Dispatch failed: Unexpected status code received: 500 Internal Server Error
2026-06-28T19:59:50.042233Z  WARN benchmark::loadgen: Dispatch failed: Unexpected status code received: 500 Internal Server Error
2026-06-28T19:59:50.043711Z  WARN benchmark::loadgen: Dispatch failed: Unexpected status code received: 500 Internal Server Error
2026-06-28T19:59:50.046455Z  WARN benchmark::loadgen: Dispatch failed: Unexpected status code received: 500 Internal Server Error
2026-06-28T19:59:50.048350Z  WARN benchmark::loadgen: Dispatch failed: Unexpected status code received: 500 Internal Server Error
2026-06-28T19:59:50.049385Z  WARN benchmark::loadgen: Dispatch failed: Unexpected status code received: 500 Internal Server Error
2026-06-28T19:59:50.051320Z  WARN benchmark::loadgen: Dispatch failed: Unexpected status code received: 500 Internal Server Error
2026-06-28T19:59:50.053289Z  WARN benchmark::loadgen: Dispatch failed: Unexpected status code received: 500 Internal Server Error
2026-06-28T19:59:50.054245Z  WARN benchmark::loadgen: Dispatch failed: Unexpected status code received: 500 Internal Server Error
2026-06-28T19:59:50.054290Z  WARN benchmark::loadgen: Dispatch failed: Unexpected status code received: 500 Internal Server Error
2026-06-28T19:59:50.056875Z  WARN benchmark::loadgen: Dispatch failed: Unexpected status code received: 500 Internal Server Error
2026-06-28T19:59:50.056916Z  WARN benchmark::loadgen: Dispatch failed: Unexpected status code received: 500 Internal Server Error
2026-06-28T19:59:50.057937Z  WARN benchmark::loadgen: Dispatch failed: Unexpected status code received: 500 Internal Server Error
2026-06-28T19:59:50.059160Z  WARN benchmark::loadgen: Dispatch failed: Unexpected status code received: 500 Internal Server Error
2026-06-28T19:59:50.059218Z  WARN benchmark::loadgen: Dispatch failed: Unexpected status code received: 500 Internal Server Error
2026-06-28T19:59:50.063210Z  WARN benchmark::loadgen: Dispatch failed: Unexpected status code received: 500 Internal Server Error
2026-06-28T19:59:50.064316Z  WARN benchmark::loadgen: Dispatch failed: Unexpected status code received: 500 Internal Server Error
2026-06-28T19:59:50.068416Z  WARN benchmark::loadgen: Dispatch failed: Unexpected status code received: 500 Internal Server Error
2026-06-28T19:59:50.068417Z  WARN benchmark::loadgen: Dispatch failed: Unexpected status code received: 500 Internal Server Error
2026-06-28T19:59:50.072285Z  WARN benchmark::loadgen: Dispatch failed: Unexpected status code received: 500 Internal Server Error
2026-06-28T19:59:50.074262Z  WARN benchmark::loadgen: Dispatch failed: Unexpected status code received: 500 Internal Server Error
2026-06-28T19:59:50.075283Z  WARN benchmark::loadgen: Dispatch failed: Unexpected status code received: 500 Internal Server Error
2026-06-28T19:59:50.079355Z  WARN benchmark::loadgen: Dispatch failed: Unexpected status code received: 500 Internal Server Error
2026-06-28T19:59:50.079510Z  WARN benchmark::loadgen: Dispatch failed: Unexpected status code received: 500 Internal Server Error
2026-06-28T19:59:50.082231Z  WARN benchmark::loadgen: Dispatch failed: Unexpected status code received: 500 Internal Server Error
2026-06-28T19:59:50.083293Z  WARN benchmark::loadgen: Dispatch failed: Unexpected status code received: 500 Internal Server Error
2026-06-28T19:59:50.084204Z  WARN benchmark::loadgen: Dispatch failed: Unexpected status code received: 500 Internal Server Error
2026-06-28T19:59:50.087336Z  WARN benchmark::loadgen: Dispatch failed: Unexpected status code received: 500 Internal Server Error
2026-06-28T19:59:50.087363Z  WARN benchmark::loadgen: Dispatch failed: Unexpected status code received: 500 Internal Server Error
2026-06-28T19:59:50.090249Z  WARN benchmark::loadgen: Dispatch failed: Unexpected status code received: 500 Internal Server Error
2026-06-28T19:59:50.093589Z  WARN benchmark::loadgen: Dispatch failed: Unexpected status code received: 500 Internal Server Error
2026-06-28T19:59:50.095387Z  WARN benchmark::loadgen: Dispatch failed: Unexpected status code received: 500 Internal Server Error
2026-06-28T19:59:50.095387Z  WARN benchmark::loadgen: Dispatch failed: Unexpected status code received: 500 Internal Server Error
2026-06-28T19:59:50.096677Z  WARN benchmark::loadgen: Dispatch failed: Unexpected status code received: 500 Internal Server Error
2026-06-28T19:59:50.100293Z  WARN benchmark::loadgen: Dispatch failed: Unexpected status code received: 500 Internal Server Error
2026-06-28T19:59:50.101214Z  WARN benchmark::loadgen: Dispatch failed: Unexpected status code received: 500 Internal Server Error
2026-06-28T19:59:50.104291Z  WARN benchmark::loadgen: Dispatch failed: Unexpected status code received: 500 Internal Server Error
2026-06-28T19:59:50.106261Z  WARN benchmark::loadgen: Dispatch failed: Unexpected status code received: 500 Internal Server Error
2026-06-28T19:59:50.108189Z  WARN benchmark::loadgen: Dispatch failed: Unexpected status code received: 500 Internal Server Error
2026-06-28T19:59:50.112369Z  WARN benchmark::loadgen: Dispatch failed: Unexpected status code received: 500 Internal Server Error
2026-06-28T19:59:50.113392Z  WARN benchmark::loadgen: Dispatch failed: Unexpected status code received: 500 Internal Server Error
2026-06-28T19:59:50.114316Z  WARN benchmark::loadgen: Dispatch failed: Unexpected status code received: 500 Internal Server Error
2026-06-28T19:59:50.117349Z  WARN benchmark::loadgen: Dispatch failed: Unexpected status code received: 500 Internal Server Error
2026-06-28T19:59:50.118306Z  WARN benchmark::loadgen: Dispatch failed: Unexpected status code received: 500 Internal Server Error
2026-06-28T19:59:50.120227Z  WARN benchmark::loadgen: Dispatch failed: Unexpected status code received: 500 Internal Server Error
2026-06-28T19:59:50.124372Z  WARN benchmark::loadgen: Dispatch failed: Unexpected status code received: 500 Internal Server Error
2026-06-28T19:59:50.124369Z  WARN benchmark::loadgen: Dispatch failed: Unexpected status code received: 500 Internal Server Error
2026-06-28T19:59:50.127370Z  WARN benchmark::loadgen: Dispatch failed: Unexpected status code received: 500 Internal Server Error
2026-06-28T19:59:50.127370Z  WARN benchmark::loadgen: Dispatch failed: Unexpected status code received: 500 Internal Server Error
2026-06-28T19:59:50.131205Z  WARN benchmark::loadgen: Dispatch failed: Unexpected status code received: 500 Internal Server Error
2026-06-28T19:59:50.132218Z  WARN benchmark::loadgen: Dispatch failed: Unexpected status code received: 500 Internal Server Error
2026-06-28T19:59:50.133239Z  WARN benchmark::loadgen: Dispatch failed: Unexpected status code received: 500 Internal Server Error
2026-06-28T19:59:50.133239Z  WARN benchmark::loadgen: Dispatch failed: Unexpected status code received: 500 Internal Server Error
2026-06-28T19:59:50.137217Z  WARN benchmark::loadgen: Dispatch failed: Unexpected status code received: 500 Internal Server Error
2026-06-28T19:59:50.138360Z  WARN benchmark::loadgen: Dispatch failed: Unexpected status code received: 500 Internal Server Error
2026-06-28T19:59:50.142169Z  WARN benchmark::loadgen: Dispatch failed: Unexpected status code received: 500 Internal Server Error
2026-06-28T19:59:50.144270Z  WARN benchmark::loadgen: Dispatch failed: Unexpected status code received: 500 Internal Server Error
2026-06-28T19:59:50.145246Z  WARN benchmark::loadgen: Dispatch failed: Unexpected status code received: 500 Internal Server Error
2026-06-28T19:59:50.146201Z  WARN benchmark::loadgen: Dispatch failed: Unexpected status code received: 500 Internal Server Error
2026-06-28T19:59:50.150928Z  WARN benchmark::loadgen: Dispatch failed: Unexpected status code received: 500 Internal Server Error
2026-06-28T19:59:50.152883Z  WARN benchmark::loadgen: Dispatch failed: Unexpected status code received: 500 Internal Server Error
2026-06-28T19:59:50.154462Z  WARN benchmark::loadgen: Dispatch failed: Unexpected status code received: 500 Internal Server Error
2026-06-28T19:59:50.155725Z  WARN benchmark::loadgen: Dispatch failed: Unexpected status code received: 500 Internal Server Error
2026-06-28T19:59:50.157578Z  WARN benchmark::loadgen: Dispatch failed: Unexpected status code received: 500 Internal Server Error
2026-06-28T19:59:50.159656Z  WARN benchmark::loadgen: Dispatch failed: Unexpected status code received: 500 Internal Server Error
2026-06-28T19:59:50.161202Z  WARN benchmark::loadgen: Dispatch failed: Unexpected status code received: 500 Internal Server Error
2026-06-28T19:59:50.162510Z  WARN benchmark::loadgen: Dispatch failed: Unexpected status code received: 500 Internal Server Error
2026-06-28T19:59:50.162642Z  WARN benchmark::loadgen: Dispatch failed: Unexpected status code received: 500 Internal Server Error
2026-06-28T19:59:50.164482Z  WARN benchmark::loadgen: Dispatch failed: Unexpected status code received: 500 Internal Server Error
2026-06-28T19:59:50.166648Z  WARN benchmark::loadgen: Dispatch failed: Unexpected status code received: 500 Internal Server Error
2026-06-28T19:59:50.169497Z  WARN benchmark::loadgen: Dispatch failed: Unexpected status code received: 500 Internal Server Error
2026-06-28T19:59:50.170425Z  WARN benchmark::loadgen: Dispatch failed: Unexpected status code received: 500 Internal Server Error
2026-06-28T19:59:50.171375Z  WARN benchmark::loadgen: Dispatch failed: Unexpected status code received: 500 Internal Server Error
2026-06-28T19:59:50.176335Z  WARN benchmark::loadgen: Dispatch failed: Unexpected status code received: 500 Internal Server Error
2026-06-28T19:59:50.177291Z  WARN benchmark::loadgen: Dispatch failed: Unexpected status code received: 500 Internal Server Error
2026-06-28T19:59:50.178280Z  WARN benchmark::loadgen: Dispatch failed: Unexpected status code received: 500 Internal Server Error
2026-06-28T19:59:50.180488Z  WARN benchmark::loadgen: Dispatch failed: Unexpected status code received: 500 Internal Server Error
2026-06-28T19:59:50.181326Z  WARN benchmark::loadgen: Dispatch failed: Unexpected status code received: 500 Internal Server Error
2026-06-28T19:59:50.184362Z  WARN benchmark::loadgen: Dispatch failed: Unexpected status code received: 500 Internal Server Error
2026-06-28T19:59:50.185338Z  WARN benchmark::loadgen: Dispatch failed: Unexpected status code received: 500 Internal Server Error
2026-06-28T19:59:50.186326Z  WARN benchmark::loadgen: Dispatch failed: Unexpected status code received: 500 Internal Server Error
2026-06-28T19:59:50.189215Z  WARN benchmark::loadgen: Dispatch failed: Unexpected status code received: 500 Internal Server Error
2026-06-28T19:59:50.191249Z  WARN benchmark::loadgen: Dispatch failed: Unexpected status code received: 500 Internal Server Error
2026-06-28T19:59:50.193179Z  WARN benchmark::loadgen: Dispatch failed: Unexpected status code received: 500 Internal Server Error
2026-06-28T19:59:50.197181Z  WARN benchmark::loadgen: Dispatch failed: Unexpected status code received: 500 Internal Server Error
2026-06-28T19:59:50.198210Z  WARN benchmark::loadgen: Dispatch failed: Unexpected status code received: 500 Internal Server Error
2026-06-28T19:59:50.200839Z  WARN benchmark::loadgen: Dispatch failed: Unexpected status code received: 500 Internal Server Error
2026-06-28T19:59:50.201957Z  WARN benchmark::loadgen: Dispatch failed: Unexpected status code received: 500 Internal Server Error
2026-06-28T19:59:50.203009Z  WARN benchmark::loadgen: Dispatch failed: Unexpected status code received: 500 Internal Server Error
2026-06-28T19:59:50.203282Z  WARN benchmark::loadgen: Dispatch failed: Unexpected status code received: 500 Internal Server Error
2026-06-28T19:59:50.205280Z  WARN benchmark::loadgen: Dispatch failed: Unexpected status code received: 500 Internal Server Error
2026-06-28T19:59:50.206388Z  WARN benchmark::loadgen: Dispatch failed: Unexpected status code received: 500 Internal Server Error
2026-06-28T19:59:50.207311Z  WARN benchmark::loadgen: Dispatch failed: Unexpected status code received: 500 Internal Server Error
2026-06-28T19:59:50.209247Z  WARN benchmark::loadgen: Dispatch failed: Unexpected status code received: 500 Internal Server Error
2026-06-28T19:59:50.210160Z  WARN benchmark::loadgen: Dispatch failed: Unexpected status code received: 500 Internal Server Error
2026-06-28T19:59:50.211250Z  WARN benchmark::loadgen: Dispatch failed: Unexpected status code received: 500 Internal Server Error
2026-06-28T19:59:50.213215Z  WARN benchmark::loadgen: Dispatch failed: Unexpected status code received: 500 Internal Server Error
2026-06-28T19:59:50.217216Z  WARN benchmark::loadgen: Dispatch failed: Unexpected status code received: 500 Internal Server Error
2026-06-28T19:59:50.217270Z  WARN benchmark::loadgen: Dispatch failed: Unexpected status code received: 500 Internal Server Error
2026-06-28T19:59:50.220295Z  WARN benchmark::loadgen: Dispatch failed: Unexpected status code received: 500 Internal Server Error
2026-06-28T19:59:50.221212Z  WARN benchmark::loadgen: Dispatch failed: Unexpected status code received: 500 Internal Server Error
2026-06-28T19:59:50.222171Z  WARN benchmark::loadgen: Dispatch failed: Unexpected status code received: 500 Internal Server Error
2026-06-28T19:59:50.225196Z  WARN benchmark::loadgen: Dispatch failed: Unexpected status code received: 500 Internal Server Error
2026-06-28T19:59:50.226181Z  WARN benchmark::loadgen: Dispatch failed: Unexpected status code received: 500 Internal Server Error
2026-06-28T19:59:50.229232Z  WARN benchmark::loadgen: Dispatch failed: Unexpected status code received: 500 Internal Server Error
2026-06-28T19:59:50.233853Z  WARN benchmark::loadgen: Dispatch failed: Unexpected status code received: 500 Internal Server Error
2026-06-28T19:59:50.236248Z  WARN benchmark::loadgen: Dispatch failed: Unexpected status code received: 500 Internal Server Error
2026-06-28T19:59:50.237194Z  WARN benchmark::loadgen: Dispatch failed: Unexpected status code received: 500 Internal Server Error
2026-06-28T19:59:50.238166Z  WARN benchmark::loadgen: Dispatch failed: Unexpected status code received: 500 Internal Server Error
2026-06-28T19:59:50.241271Z  WARN benchmark::loadgen: Dispatch failed: Unexpected status code received: 500 Internal Server Error
2026-06-28T19:59:50.241271Z  WARN benchmark::loadgen: Dispatch failed: Unexpected status code received: 500 Internal Server Error
2026-06-28T19:59:50.242754Z  WARN benchmark::loadgen: Dispatch failed: Unexpected status code received: 500 Internal Server Error
2026-06-28T19:59:50.246853Z  WARN benchmark::loadgen: Dispatch failed: Unexpected status code received: 500 Internal Server Error
2026-06-28T19:59:50.248205Z  WARN benchmark::loadgen: Dispatch failed: Unexpected status code received: 500 Internal Server Error
2026-06-28T19:59:50.249745Z  WARN benchmark::loadgen: Dispatch failed: Unexpected status code received: 500 Internal Server Error
2026-06-28T19:59:50.250235Z  WARN benchmark::loadgen: Dispatch failed: Unexpected status code received: 500 Internal Server Error
2026-06-28T19:59:50.253716Z  WARN benchmark::loadgen: Dispatch failed: Unexpected status code received: 500 Internal Server Error
2026-06-28T19:59:50.254211Z  WARN benchmark::loadgen: Dispatch failed: Unexpected status code received: 500 Internal Server Error
2026-06-28T19:59:50.257183Z  WARN benchmark::loadgen: Dispatch failed: Unexpected status code received: 500 Internal Server Error
2026-06-28T19:59:50.258834Z  WARN benchmark::loadgen: Dispatch failed: Unexpected status code received: 500 Internal Server Error
2026-06-28T19:59:50.260290Z  WARN benchmark::loadgen: Dispatch failed: Unexpected status code received: 500 Internal Server Error
2026-06-28T19:59:50.262189Z  WARN benchmark::loadgen: Dispatch failed: Unexpected status code received: 500 Internal Server Error
2026-06-28T19:59:50.266900Z  WARN benchmark::loadgen: Dispatch failed: Unexpected status code received: 500 Internal Server Error
2026-06-28T19:59:50.267235Z  WARN benchmark::loadgen: Dispatch failed: Unexpected status code received: 500 Internal Server Error
2026-06-28T19:59:50.270241Z  WARN benchmark::loadgen: Dispatch failed: Unexpected status code received: 500 Internal Server Error
2026-06-28T19:59:50.271761Z  WARN benchmark::loadgen: Dispatch failed: Unexpected status code received: 500 Internal Server Error
2026-06-28T19:59:50.273205Z  WARN benchmark::loadgen: Dispatch failed: Unexpected status code received: 500 Internal Server Error
2026-06-28T19:59:50.279725Z  WARN benchmark::loadgen: Dispatch failed: Unexpected status code received: 500 Internal Server Error
2026-06-28T19:59:50.281286Z  WARN benchmark::loadgen: Dispatch failed: Unexpected status code received: 500 Internal Server Error
2026-06-28T19:59:50.281286Z  WARN benchmark::loadgen: Dispatch failed: Unexpected status code received: 500 Internal Server Error
2026-06-28T19:59:50.284248Z  WARN benchmark::loadgen: Dispatch failed: Unexpected status code received: 500 Internal Server Error
2026-06-28T19:59:50.286212Z  WARN benchmark::loadgen: Dispatch failed: Unexpected status code received: 500 Internal Server Error
2026-06-28T19:59:50.288249Z  WARN benchmark::loadgen: Dispatch failed: Unexpected status code received: 500 Internal Server Error
2026-06-28T19:59:50.288286Z  WARN benchmark::loadgen: Dispatch failed: Unexpected status code received: 500 Internal Server Error
2026-06-28T19:59:50.289755Z  WARN benchmark::loadgen: Dispatch failed: Unexpected status code received: 500 Internal Server Error
2026-06-28T19:59:50.292216Z  WARN benchmark::loadgen: Dispatch failed: Unexpected status code received: 500 Internal Server Error
2026-06-28T19:59:50.293760Z  WARN benchmark::loadgen: Dispatch failed: Unexpected status code received: 500 Internal Server Error
2026-06-28T19:59:50.297996Z  WARN benchmark::loadgen: Dispatch failed: Unexpected status code received: 500 Internal Server Error
2026-06-28T19:59:50.300829Z  WARN benchmark::loadgen: Dispatch failed: Unexpected status code received: 500 Internal Server Error
2026-06-28T19:59:50.301191Z  WARN benchmark::loadgen: Dispatch failed: Unexpected status code received: 500 Internal Server Error
2026-06-28T19:59:50.304176Z  WARN benchmark::loadgen: Dispatch failed: Unexpected status code received: 500 Internal Server Error
2026-06-28T19:59:50.305673Z  WARN benchmark::loadgen: Dispatch failed: Unexpected status code received: 500 Internal Server Error
2026-06-28T19:59:50.308252Z  WARN benchmark::loadgen: Dispatch failed: Unexpected status code received: 500 Internal Server Error
2026-06-28T19:59:50.308252Z  WARN benchmark::loadgen: Dispatch failed: Unexpected status code received: 500 Internal Server Error
2026-06-28T19:59:50.312178Z  WARN benchmark::loadgen: Dispatch failed: Unexpected status code received: 500 Internal Server Error
2026-06-28T19:59:50.313673Z  WARN benchmark::loadgen: Dispatch failed: Unexpected status code received: 500 Internal Server Error
2026-06-28T19:59:50.315614Z  WARN benchmark::loadgen: Dispatch failed: Unexpected status code received: 500 Internal Server Error
2026-06-28T19:59:50.316643Z  WARN benchmark::loadgen: Dispatch failed: Unexpected status code received: 500 Internal Server Error
2026-06-28T19:59:50.317567Z  WARN benchmark::loadgen: Dispatch failed: Unexpected status code received: 500 Internal Server Error
2026-06-28T19:59:50.319496Z  WARN benchmark::loadgen: Dispatch failed: Unexpected status code received: 500 Internal Server Error
2026-06-28T19:59:50.321222Z  WARN benchmark::loadgen: Dispatch failed: Unexpected status code received: 500 Internal Server Error
2026-06-28T19:59:50.323486Z  WARN benchmark::loadgen: Dispatch failed: Unexpected status code received: 500 Internal Server Error
2026-06-28T19:59:50.324254Z  WARN benchmark::loadgen: Dispatch failed: Unexpected status code received: 500 Internal Server Error
2026-06-28T19:59:50.325623Z  WARN benchmark::loadgen: Dispatch failed: Unexpected status code received: 500 Internal Server Error
2026-06-28T19:59:50.327550Z  WARN benchmark::loadgen: Dispatch failed: Unexpected status code received: 500 Internal Server Error
2026-06-28T19:59:50.328486Z  WARN benchmark::loadgen: Dispatch failed: Unexpected status code received: 500 Internal Server Error
2026-06-28T19:59:50.330426Z  WARN benchmark::loadgen: Dispatch failed: Unexpected status code received: 500 Internal Server Error
2026-06-28T19:59:50.332459Z  WARN benchmark::loadgen: Dispatch failed: Unexpected status code received: 500 Internal Server Error
2026-06-28T19:59:50.335317Z  WARN benchmark::loadgen: Dispatch failed: Unexpected status code received: 500 Internal Server Error
2026-06-28T19:59:50.336446Z  WARN benchmark::loadgen: Dispatch failed: Unexpected status code received: 500 Internal Server Error
2026-06-28T19:59:50.340392Z  WARN benchmark::loadgen: Dispatch failed: Unexpected status code received: 500 Internal Server Error
2026-06-28T19:59:50.340392Z  WARN benchmark::loadgen: Dispatch failed: Unexpected status code received: 500 Internal Server Error
2026-06-28T19:59:50.341617Z  WARN benchmark::loadgen: Dispatch failed: Unexpected status code received: 500 Internal Server Error
2026-06-28T19:59:50.346418Z  WARN benchmark::loadgen: Dispatch failed: Unexpected status code received: 500 Internal Server Error
2026-06-28T19:59:50.349527Z  WARN benchmark::loadgen: Dispatch failed: Unexpected status code received: 500 Internal Server Error
2026-06-28T19:59:50.351458Z  WARN benchmark::loadgen: Dispatch failed: Unexpected status code received: 500 Internal Server Error
2026-06-28T19:59:50.351620Z  WARN benchmark::loadgen: Dispatch failed: Unexpected status code received: 500 Internal Server Error
2026-06-28T19:59:50.354361Z  WARN benchmark::loadgen: Dispatch failed: Unexpected status code received: 500 Internal Server Error
2026-06-28T19:59:50.355313Z  WARN benchmark::loadgen: Dispatch failed: Unexpected status code received: 500 Internal Server Error
2026-06-28T19:59:50.359327Z  WARN benchmark::loadgen: Dispatch failed: Unexpected status code received: 500 Internal Server Error
2026-06-28T19:59:50.360446Z  WARN benchmark::loadgen: Dispatch failed: Unexpected status code received: 500 Internal Server Error
2026-06-28T19:59:50.361260Z  WARN benchmark::loadgen: Dispatch failed: Unexpected status code received: 500 Internal Server Error
2026-06-28T19:59:50.365216Z  WARN benchmark::loadgen: Dispatch failed: Unexpected status code received: 500 Internal Server Error
2026-06-28T19:59:50.366360Z  WARN benchmark::loadgen: Dispatch failed: Unexpected status code received: 500 Internal Server Error
2026-06-28T19:59:50.368221Z  WARN benchmark::loadgen: Dispatch failed: Unexpected status code received: 500 Internal Server Error
2026-06-28T19:59:50.370240Z  WARN benchmark::loadgen: Dispatch failed: Unexpected status code received: 500 Internal Server Error
2026-06-28T19:59:50.374162Z  WARN benchmark::loadgen: Dispatch failed: Unexpected status code received: 500 Internal Server Error
2026-06-28T19:59:50.376228Z  WARN benchmark::loadgen: Dispatch failed: Unexpected status code received: 500 Internal Server Error
2026-06-28T19:59:50.379191Z  WARN benchmark::loadgen: Dispatch failed: Unexpected status code received: 500 Internal Server Error
2026-06-28T19:59:50.381297Z  WARN benchmark::loadgen: Dispatch failed: Unexpected status code received: 500 Internal Server Error
2026-06-28T19:59:50.385215Z  WARN benchmark::loadgen: Dispatch failed: Unexpected status code received: 500 Internal Server Error
2026-06-28T19:59:50.385215Z  WARN benchmark::loadgen: Dispatch failed: Unexpected status code received: 500 Internal Server Error
2026-06-28T19:59:50.388264Z  WARN benchmark::loadgen: Dispatch failed: Unexpected status code received: 500 Internal Server Error
2026-06-28T19:59:50.389571Z  WARN benchmark::loadgen: Dispatch failed: Unexpected status code received: 500 Internal Server Error
2026-06-28T19:59:50.390637Z  WARN benchmark::loadgen: Dispatch failed: Unexpected status code received: 500 Internal Server Error
2026-06-28T19:59:50.391741Z  WARN benchmark::loadgen: Dispatch failed: Unexpected status code received: 500 Internal Server Error
2026-06-28T19:59:50.392288Z  WARN benchmark::loadgen: Dispatch failed: Unexpected status code received: 500 Internal Server Error
2026-06-28T19:59:50.393475Z  WARN benchmark::loadgen: Dispatch failed: Unexpected status code received: 500 Internal Server Error
2026-06-28T19:59:50.395388Z  WARN benchmark::loadgen: Dispatch failed: Unexpected status code received: 500 Internal Server Error
2026-06-28T19:59:50.398452Z  WARN benchmark::loadgen: Dispatch failed: Unexpected status code received: 500 Internal Server Error
2026-06-28T19:59:50.399411Z  WARN benchmark::loadgen: Dispatch failed: Unexpected status code received: 500 Internal Server Error
2026-06-28T19:59:50.403362Z  WARN benchmark::loadgen: Dispatch failed: Unexpected status code received: 500 Internal Server Error
2026-06-28T19:59:50.406411Z  WARN benchmark::loadgen: Dispatch failed: Unexpected status code received: 500 Internal Server Error
2026-06-28T19:59:50.407355Z  WARN benchmark::loadgen: Dispatch failed: Unexpected status code received: 500 Internal Server Error
2026-06-28T19:59:50.410246Z  WARN benchmark::loadgen: Dispatch failed: Unexpected status code received: 500 Internal Server Error
2026-06-28T19:59:50.410299Z  WARN benchmark::loadgen: Dispatch failed: Unexpected status code received: 500 Internal Server Error
2026-06-28T19:59:50.413244Z  WARN benchmark::loadgen: Dispatch failed: Unexpected status code received: 500 Internal Server Error
2026-06-28T19:59:50.416254Z  WARN benchmark::loadgen: Dispatch failed: Unexpected status code received: 500 Internal Server Error
2026-06-28T19:59:50.416263Z  WARN benchmark::loadgen: Dispatch failed: Unexpected status code received: 500 Internal Server Error
2026-06-28T19:59:50.418234Z  WARN benchmark::loadgen: Dispatch failed: Unexpected status code received: 500 Internal Server Error
2026-06-28T19:59:50.421338Z  WARN benchmark::loadgen: Dispatch failed: Unexpected status code received: 500 Internal Server Error
2026-06-28T19:59:50.425164Z  WARN benchmark::loadgen: Dispatch failed: Unexpected status code received: 500 Internal Server Error
2026-06-28T19:59:50.425206Z  WARN benchmark::loadgen: Dispatch failed: Unexpected status code received: 500 Internal Server Error
2026-06-28T19:59:50.428246Z  WARN benchmark::loadgen: Dispatch failed: Unexpected status code received: 500 Internal Server Error
2026-06-28T19:59:50.430175Z  WARN benchmark::loadgen: Dispatch failed: Unexpected status code received: 500 Internal Server Error
2026-06-28T19:59:50.432218Z  WARN benchmark::loadgen: Dispatch failed: Unexpected status code received: 500 Internal Server Error
2026-06-28T19:59:50.435253Z  WARN benchmark::loadgen: Dispatch failed: Unexpected status code received: 500 Internal Server Error
2026-06-28T19:59:50.436879Z  WARN benchmark::loadgen: Dispatch failed: Unexpected status code received: 500 Internal Server Error
2026-06-28T19:59:50.437226Z  WARN benchmark::loadgen: Dispatch failed: Unexpected status code received: 500 Internal Server Error
2026-06-28T19:59:50.440987Z  WARN benchmark::loadgen: Dispatch failed: Unexpected status code received: 500 Internal Server Error
2026-06-28T19:59:50.442208Z  WARN benchmark::loadgen: Dispatch failed: Unexpected status code received: 500 Internal Server Error
2026-06-28T19:59:50.443188Z  WARN benchmark::loadgen: Dispatch failed: Unexpected status code received: 500 Internal Server Error
2026-06-28T19:59:50.444173Z  WARN benchmark::loadgen: Dispatch failed: Unexpected status code received: 500 Internal Server Error
2026-06-28T19:59:50.445279Z  WARN benchmark::loadgen: Dispatch failed: Unexpected status code received: 500 Internal Server Error
2026-06-28T19:59:50.447222Z  WARN benchmark::loadgen: Dispatch failed: Unexpected status code received: 500 Internal Server Error
2026-06-28T19:59:50.450695Z  WARN benchmark::loadgen: Dispatch failed: Unexpected status code received: 500 Internal Server Error
2026-06-28T19:59:50.451178Z  WARN benchmark::loadgen: Dispatch failed: Unexpected status code received: 500 Internal Server Error
2026-06-28T19:59:50.453179Z  WARN benchmark::loadgen: Dispatch failed: Unexpected status code received: 500 Internal Server Error
2026-06-28T19:59:50.457322Z  WARN benchmark::loadgen: Dispatch failed: Unexpected status code received: 500 Internal Server Error
2026-06-28T19:59:50.458757Z  WARN benchmark::loadgen: Dispatch failed: Unexpected status code received: 500 Internal Server Error
2026-06-28T19:59:50.459769Z  WARN benchmark::loadgen: Dispatch failed: Unexpected status code received: 500 Internal Server Error
2026-06-28T19:59:50.463179Z  WARN benchmark::loadgen: Dispatch failed: Unexpected status code received: 500 Internal Server Error
2026-06-28T19:59:50.463212Z  WARN benchmark::loadgen: Dispatch failed: Unexpected status code received: 500 Internal Server Error
2026-06-28T19:59:50.467309Z  WARN benchmark::loadgen: Dispatch failed: Unexpected status code received: 500 Internal Server Error
2026-06-28T19:59:50.468272Z  WARN benchmark::loadgen: Dispatch failed: Unexpected status code received: 500 Internal Server Error
2026-06-28T19:59:50.472189Z  WARN benchmark::loadgen: Dispatch failed: Unexpected status code received: 500 Internal Server Error
2026-06-28T19:59:50.474201Z  WARN benchmark::loadgen: Dispatch failed: Unexpected status code received: 500 Internal Server Error
2026-06-28T19:59:50.474240Z  WARN benchmark::loadgen: Dispatch failed: Unexpected status code received: 500 Internal Server Error
2026-06-28T19:59:50.476722Z  WARN benchmark::loadgen: Dispatch failed: Unexpected status code received: 500 Internal Server Error
2026-06-28T19:59:50.479301Z  WARN benchmark::loadgen: Dispatch failed: Unexpected status code received: 500 Internal Server Error
2026-06-28T19:59:50.480295Z  WARN benchmark::loadgen: Dispatch failed: Unexpected status code received: 500 Internal Server Error
2026-06-28T19:59:50.481502Z  WARN benchmark::loadgen: Dispatch failed: Unexpected status code received: 500 Internal Server Error
2026-06-28T19:59:50.482375Z  WARN benchmark::loadgen: Dispatch failed: Unexpected status code received: 500 Internal Server Error
2026-06-28T19:59:50.485472Z  WARN benchmark::loadgen: Dispatch failed: Unexpected status code received: 500 Internal Server Error
2026-06-28T19:59:50.486340Z  WARN benchmark::loadgen: Dispatch failed: Unexpected status code received: 500 Internal Server Error
2026-06-28T19:59:50.487343Z  WARN benchmark::loadgen: Dispatch failed: Unexpected status code received: 500 Internal Server Error
2026-06-28T19:59:50.489228Z  WARN benchmark::loadgen: Dispatch failed: Unexpected status code received: 500 Internal Server Error
2026-06-28T19:59:50.490220Z  WARN benchmark::loadgen: Dispatch failed: Unexpected status code received: 500 Internal Server Error
2026-06-28T19:59:50.491187Z  WARN benchmark::loadgen: Dispatch failed: Unexpected status code received: 500 Internal Server Error
2026-06-28T19:59:50.494197Z  WARN benchmark::loadgen: Dispatch failed: Unexpected status code received: 500 Internal Server Error
2026-06-28T19:59:50.498258Z  WARN benchmark::loadgen: Dispatch failed: Unexpected status code received: 500 Internal Server Error
2026-06-28T19:59:50.499237Z  WARN benchmark::loadgen: Dispatch failed: Unexpected status code received: 500 Internal Server Error
2026-06-28T19:59:50.499245Z  WARN benchmark::loadgen: Dispatch failed: Unexpected status code received: 500 Internal Server Error
2026-06-28T19:59:50.502261Z  WARN benchmark::loadgen: Dispatch failed: Unexpected status code received: 500 Internal Server Error
2026-06-28T19:59:50.503254Z  WARN benchmark::loadgen: Dispatch failed: Unexpected status code received: 500 Internal Server Error
2026-06-28T19:59:50.507407Z  WARN benchmark::loadgen: Dispatch failed: Unexpected status code received: 500 Internal Server Error
2026-06-28T19:59:50.509328Z  WARN benchmark::loadgen: Dispatch failed: Unexpected status code received: 500 Internal Server Error
2026-06-28T19:59:50.510870Z  WARN benchmark::loadgen: Dispatch failed: Unexpected status code received: 500 Internal Server Error
2026-06-28T19:59:50.512830Z  WARN benchmark::loadgen: Dispatch failed: Unexpected status code received: 500 Internal Server Error
2026-06-28T19:59:50.513257Z  WARN benchmark::loadgen: Dispatch failed: Unexpected status code received: 500 Internal Server Error
2026-06-28T19:59:50.517295Z  WARN benchmark::loadgen: Dispatch failed: Unexpected status code received: 500 Internal Server Error
2026-06-28T19:59:50.520194Z  WARN benchmark::loadgen: Dispatch failed: Unexpected status code received: 500 Internal Server Error
2026-06-28T19:59:50.522252Z  WARN benchmark::loadgen: Dispatch failed: Unexpected status code received: 500 Internal Server Error
2026-06-28T19:59:50.523222Z  WARN benchmark::loadgen: Dispatch failed: Unexpected status code received: 500 Internal Server Error
2026-06-28T19:59:50.523255Z  WARN benchmark::loadgen: Dispatch failed: Unexpected status code received: 500 Internal Server Error
2026-06-28T19:59:50.526251Z  WARN benchmark::loadgen: Dispatch failed: Unexpected status code received: 500 Internal Server Error
2026-06-28T19:59:50.530189Z  WARN benchmark::loadgen: Dispatch failed: Unexpected status code received: 500 Internal Server Error
2026-06-28T19:59:50.532172Z  WARN benchmark::loadgen: Dispatch failed: Unexpected status code received: 500 Internal Server Error
2026-06-28T19:59:50.534189Z  WARN benchmark::loadgen: Dispatch failed: Unexpected status code received: 500 Internal Server Error
2026-06-28T19:59:50.537280Z  WARN benchmark::loadgen: Dispatch failed: Unexpected status code received: 500 Internal Server Error
2026-06-28T19:59:50.539881Z  WARN benchmark::loadgen: Dispatch failed: Unexpected status code received: 500 Internal Server Error
2026-06-28T19:59:50.542994Z  WARN benchmark::loadgen: Dispatch failed: Unexpected status code received: 500 Internal Server Error
2026-06-28T19:59:50.543914Z  WARN benchmark::loadgen: Dispatch failed: Unexpected status code received: 500 Internal Server Error
2026-06-28T19:59:50.544232Z  WARN benchmark::loadgen: Dispatch failed: Unexpected status code received: 500 Internal Server Error
2026-06-28T19:59:50.545451Z  WARN benchmark::loadgen: Dispatch failed: Unexpected status code received: 500 Internal Server Error
2026-06-28T19:59:50.546415Z  WARN benchmark::loadgen: Dispatch failed: Unexpected status code received: 500 Internal Server Error
2026-06-28T19:59:50.547258Z  WARN benchmark::loadgen: Dispatch failed: Unexpected status code received: 500 Internal Server Error
2026-06-28T19:59:50.548578Z  WARN benchmark::loadgen: Dispatch failed: Unexpected status code received: 500 Internal Server Error
2026-06-28T19:59:50.551440Z  WARN benchmark::loadgen: Dispatch failed: Unexpected status code received: 500 Internal Server Error
2026-06-28T19:59:50.551455Z  WARN benchmark::loadgen: Dispatch failed: Unexpected status code received: 500 Internal Server Error
2026-06-28T19:59:50.553334Z  WARN benchmark::loadgen: Dispatch failed: Unexpected status code received: 500 Internal Server Error
2026-06-28T19:59:50.554304Z  WARN benchmark::loadgen: Dispatch failed: Unexpected status code received: 500 Internal Server Error
2026-06-28T19:59:50.555268Z  WARN benchmark::loadgen: Dispatch failed: Unexpected status code received: 500 Internal Server Error
2026-06-28T19:59:50.557346Z  WARN benchmark::loadgen: Dispatch failed: Unexpected status code received: 500 Internal Server Error
2026-06-28T19:59:50.561448Z  WARN benchmark::loadgen: Dispatch failed: Unexpected status code received: 500 Internal Server Error
2026-06-28T19:59:50.562254Z  WARN benchmark::loadgen: Dispatch failed: Unexpected status code received: 500 Internal Server Error
2026-06-28T19:59:50.566182Z  WARN benchmark::loadgen: Dispatch failed: Unexpected status code received: 500 Internal Server Error
2026-06-28T19:59:50.566268Z  WARN benchmark::loadgen: Dispatch failed: Unexpected status code received: 500 Internal Server Error
2026-06-28T19:59:50.570249Z  WARN benchmark::loadgen: Dispatch failed: Unexpected status code received: 500 Internal Server Error
2026-06-28T19:59:50.573152Z  WARN benchmark::loadgen: Dispatch failed: Unexpected status code received: 500 Internal Server Error
2026-06-28T19:59:50.576178Z  WARN benchmark::loadgen: Dispatch failed: Unexpected status code received: 500 Internal Server Error
2026-06-28T19:59:50.578176Z  WARN benchmark::loadgen: Dispatch failed: Unexpected status code received: 500 Internal Server Error
2026-06-28T19:59:50.579171Z  WARN benchmark::loadgen: Dispatch failed: Unexpected status code received: 500 Internal Server Error
2026-06-28T19:59:50.582220Z  WARN benchmark::loadgen: Dispatch failed: Unexpected status code received: 500 Internal Server Error
2026-06-28T19:59:50.583270Z  WARN benchmark::loadgen: Dispatch failed: Unexpected status code received: 500 Internal Server Error
2026-06-28T19:59:50.585201Z  WARN benchmark::loadgen: Dispatch failed: Unexpected status code received: 500 Internal Server Error
2026-06-28T19:59:50.587246Z  WARN benchmark::loadgen: Dispatch failed: Unexpected status code received: 500 Internal Server Error
2026-06-28T19:59:50.589219Z  WARN benchmark::loadgen: Dispatch failed: Unexpected status code received: 500 Internal Server Error
2026-06-28T19:59:50.591880Z  WARN benchmark::loadgen: Dispatch failed: Unexpected status code received: 500 Internal Server Error
2026-06-28T19:59:50.593482Z  WARN benchmark::loadgen: Dispatch failed: Unexpected status code received: 500 Internal Server Error
2026-06-28T19:59:50.594416Z  WARN benchmark::loadgen: Dispatch failed: Unexpected status code received: 500 Internal Server Error
2026-06-28T19:59:50.595407Z  WARN benchmark::loadgen: Dispatch failed: Unexpected status code received: 500 Internal Server Error
2026-06-28T19:59:50.596359Z  WARN benchmark::loadgen: Dispatch failed: Unexpected status code received: 500 Internal Server Error
2026-06-28T19:59:50.599418Z  WARN benchmark::loadgen: Dispatch failed: Unexpected status code received: 500 Internal Server Error
2026-06-28T19:59:50.600343Z  WARN benchmark::loadgen: Dispatch failed: Unexpected status code received: 500 Internal Server Error
2026-06-28T19:59:50.601360Z  WARN benchmark::loadgen: Dispatch failed: Unexpected status code received: 500 Internal Server Error
2026-06-28T19:59:50.605297Z  WARN benchmark::loadgen: Dispatch failed: Unexpected status code received: 500 Internal Server Error
2026-06-28T19:59:50.606310Z  WARN benchmark::loadgen: Dispatch failed: Unexpected status code received: 500 Internal Server Error
2026-06-28T19:59:50.609370Z  WARN benchmark::loadgen: Dispatch failed: Unexpected status code received: 500 Internal Server Error
2026-06-28T19:59:50.610351Z  WARN benchmark::loadgen: Dispatch failed: Unexpected status code received: 500 Internal Server Error
2026-06-28T19:59:50.613198Z  WARN benchmark::loadgen: Dispatch failed: Unexpected status code received: 500 Internal Server Error
2026-06-28T19:59:50.614220Z  WARN benchmark::loadgen: Dispatch failed: Unexpected status code received: 500 Internal Server Error
2026-06-28T19:59:50.617309Z  WARN benchmark::loadgen: Dispatch failed: Unexpected status code received: 500 Internal Server Error
2026-06-28T19:59:50.619212Z  WARN benchmark::loadgen: Dispatch failed: Unexpected status code received: 500 Internal Server Error
2026-06-28T19:59:50.619212Z  WARN benchmark::loadgen: Dispatch failed: Unexpected status code received: 500 Internal Server Error
2026-06-28T19:59:50.621197Z  WARN benchmark::loadgen: Dispatch failed: Unexpected status code received: 500 Internal Server Error
2026-06-28T19:59:50.622427Z  WARN benchmark::loadgen: Dispatch failed: Unexpected status code received: 500 Internal Server Error
2026-06-28T19:59:50.625202Z  WARN benchmark::loadgen: Dispatch failed: Unexpected status code received: 500 Internal Server Error
2026-06-28T19:59:50.626160Z  WARN benchmark::loadgen: Dispatch failed: Unexpected status code received: 500 Internal Server Error
2026-06-28T19:59:50.627339Z  WARN benchmark::loadgen: Dispatch failed: Unexpected status code received: 500 Internal Server Error
2026-06-28T19:59:50.630286Z  WARN benchmark::loadgen: Dispatch failed: Unexpected status code received: 500 Internal Server Error
2026-06-28T19:59:50.631207Z  WARN benchmark::loadgen: Dispatch failed: Unexpected status code received: 500 Internal Server Error
2026-06-28T19:59:50.634206Z  WARN benchmark::loadgen: Dispatch failed: Unexpected status code received: 500 Internal Server Error
2026-06-28T19:59:50.635237Z  WARN benchmark::loadgen: Dispatch failed: Unexpected status code received: 500 Internal Server Error
2026-06-28T19:59:50.638202Z  WARN benchmark::loadgen: Dispatch failed: Unexpected status code received: 500 Internal Server Error
2026-06-28T19:59:50.639187Z  WARN benchmark::loadgen: Dispatch failed: Unexpected status code received: 500 Internal Server Error
2026-06-28T19:59:50.642258Z  WARN benchmark::loadgen: Dispatch failed: Unexpected status code received: 500 Internal Server Error
2026-06-28T19:59:50.643201Z  WARN benchmark::loadgen: Dispatch failed: Unexpected status code received: 500 Internal Server Error
2026-06-28T19:59:50.644265Z  WARN benchmark::loadgen: Dispatch failed: Unexpected status code received: 500 Internal Server Error
2026-06-28T19:59:50.645163Z  WARN benchmark::loadgen: Dispatch failed: Unexpected status code received: 500 Internal Server Error
2026-06-28T19:59:50.648289Z  WARN benchmark::loadgen: Dispatch failed: Unexpected status code received: 500 Internal Server Error
2026-06-28T19:59:50.651209Z  WARN benchmark::loadgen: Dispatch failed: Unexpected status code received: 500 Internal Server Error
2026-06-28T19:59:50.652190Z  WARN benchmark::loadgen: Dispatch failed: Unexpected status code received: 500 Internal Server Error
2026-06-28T19:59:50.655183Z  WARN benchmark::loadgen: Dispatch failed: Unexpected status code received: 500 Internal Server Error
2026-06-28T19:59:50.656847Z  WARN benchmark::loadgen: Dispatch failed: Unexpected status code received: 500 Internal Server Error
2026-06-28T19:59:50.660202Z  WARN benchmark::loadgen: Dispatch failed: Unexpected status code received: 500 Internal Server Error
2026-06-28T19:59:50.661163Z  WARN benchmark::loadgen: Dispatch failed: Unexpected status code received: 500 Internal Server Error
2026-06-28T19:59:50.665217Z  WARN benchmark::loadgen: Dispatch failed: Unexpected status code received: 500 Internal Server Error
2026-06-28T19:59:50.665265Z  WARN benchmark::loadgen: Dispatch failed: Unexpected status code received: 500 Internal Server Error
2026-06-28T19:59:50.666934Z  WARN benchmark::loadgen: Dispatch failed: Unexpected status code received: 500 Internal Server Error
2026-06-28T19:59:50.669200Z  WARN benchmark::loadgen: Dispatch failed: Unexpected status code received: 500 Internal Server Error
2026-06-28T19:59:50.670157Z  WARN benchmark::loadgen: Dispatch failed: Unexpected status code received: 500 Internal Server Error
2026-06-28T19:59:50.671202Z  WARN benchmark::loadgen: Dispatch failed: Unexpected status code received: 500 Internal Server Error
2026-06-28T19:59:50.675643Z  WARN benchmark::loadgen: Dispatch failed: Unexpected status code received: 500 Internal Server Error
2026-06-28T19:59:50.677701Z  WARN benchmark::loadgen: Dispatch failed: Unexpected status code received: 500 Internal Server Error
2026-06-28T19:59:50.678746Z  WARN benchmark::loadgen: Dispatch failed: Unexpected status code received: 500 Internal Server Error
2026-06-28T19:59:50.679186Z  WARN benchmark::loadgen: Dispatch failed: Unexpected status code received: 500 Internal Server Error
2026-06-28T19:59:50.682721Z  WARN benchmark::loadgen: Dispatch failed: Unexpected status code received: 500 Internal Server Error
2026-06-28T19:59:50.683199Z  WARN benchmark::loadgen: Dispatch failed: Unexpected status code received: 500 Internal Server Error
2026-06-28T19:59:50.686507Z  WARN benchmark::loadgen: Dispatch failed: Unexpected status code received: 500 Internal Server Error
2026-06-28T19:59:50.687499Z  WARN benchmark::loadgen: Dispatch failed: Unexpected status code received: 500 Internal Server Error
2026-06-28T19:59:50.691533Z  WARN benchmark::loadgen: Dispatch failed: Unexpected status code received: 500 Internal Server Error
2026-06-28T19:59:50.691630Z  WARN benchmark::loadgen: Dispatch failed: Unexpected status code received: 500 Internal Server Error
2026-06-28T19:59:50.694377Z  WARN benchmark::loadgen: Dispatch failed: Unexpected status code received: 500 Internal Server Error
2026-06-28T19:59:50.696410Z  WARN benchmark::loadgen: Dispatch failed: Unexpected status code received: 500 Internal Server Error
2026-06-28T19:59:50.696618Z  WARN benchmark::loadgen: Dispatch failed: Unexpected status code received: 500 Internal Server Error
2026-06-28T19:59:50.701417Z  WARN benchmark::loadgen: Dispatch failed: Unexpected status code received: 500 Internal Server Error
2026-06-28T19:59:50.701521Z  WARN benchmark::loadgen: Dispatch failed: Unexpected status code received: 500 Internal Server Error
2026-06-28T19:59:50.706183Z  WARN benchmark::loadgen: Dispatch failed: Unexpected status code received: 500 Internal Server Error
2026-06-28T19:59:50.706183Z  WARN benchmark::loadgen: Dispatch failed: Unexpected status code received: 500 Internal Server Error
2026-06-28T19:59:50.709321Z  WARN benchmark::loadgen: Dispatch failed: Unexpected status code received: 500 Internal Server Error
2026-06-28T19:59:50.711241Z  WARN benchmark::loadgen: Dispatch failed: Unexpected status code received: 500 Internal Server Error
2026-06-28T19:59:50.714612Z  WARN benchmark::loadgen: Dispatch failed: Unexpected status code received: 500 Internal Server Error
2026-06-28T19:59:50.715179Z  WARN benchmark::loadgen: Dispatch failed: Unexpected status code received: 500 Internal Server Error
2026-06-28T19:59:50.717666Z  WARN benchmark::loadgen: Dispatch failed: Unexpected status code received: 500 Internal Server Error
2026-06-28T19:59:50.718236Z  WARN benchmark::loadgen: Dispatch failed: Unexpected status code received: 500 Internal Server Error
2026-06-28T19:59:50.719629Z  WARN benchmark::loadgen: Dispatch failed: Unexpected status code received: 500 Internal Server Error
2026-06-28T19:59:50.723246Z  WARN benchmark::loadgen: Dispatch failed: Unexpected status code received: 500 Internal Server Error
2026-06-28T19:59:50.727445Z  WARN benchmark::loadgen: Dispatch failed: Unexpected status code received: 500 Internal Server Error
2026-06-28T19:59:50.728630Z  WARN benchmark::loadgen: Dispatch failed: Unexpected status code received: 500 Internal Server Error
2026-06-28T19:59:50.729265Z  WARN benchmark::loadgen: Dispatch failed: Unexpected status code received: 500 Internal Server Error
2026-06-28T19:59:50.732468Z  WARN benchmark::loadgen: Dispatch failed: Unexpected status code received: 500 Internal Server Error
2026-06-28T19:59:50.735358Z  WARN benchmark::loadgen: Dispatch failed: Unexpected status code received: 500 Internal Server Error
2026-06-28T19:59:50.735422Z  WARN benchmark::loadgen: Dispatch failed: Unexpected status code received: 500 Internal Server Error
2026-06-28T19:59:50.737314Z  WARN benchmark::loadgen: Dispatch failed: Unexpected status code received: 500 Internal Server Error
2026-06-28T19:59:50.739323Z  WARN benchmark::loadgen: Dispatch failed: Unexpected status code received: 500 Internal Server Error
2026-06-28T19:59:50.740342Z  WARN benchmark::loadgen: Dispatch failed: Unexpected status code received: 500 Internal Server Error
2026-06-28T19:59:50.741272Z  WARN benchmark::loadgen: Dispatch failed: Unexpected status code received: 500 Internal Server Error
2026-06-28T19:59:50.744349Z  WARN benchmark::loadgen: Dispatch failed: Unexpected status code received: 500 Internal Server Error
2026-06-28T19:59:50.745337Z  WARN benchmark::loadgen: Dispatch failed: Unexpected status code received: 500 Internal Server Error
2026-06-28T19:59:50.746409Z  WARN benchmark::loadgen: Dispatch failed: Unexpected status code received: 500 Internal Server Error
2026-06-28T19:59:50.747463Z  WARN benchmark::loadgen: Dispatch failed: Unexpected status code received: 500 Internal Server Error
2026-06-28T19:59:50.750293Z  WARN benchmark::loadgen: Dispatch failed: Unexpected status code received: 500 Internal Server Error
2026-06-28T19:59:50.751279Z  WARN benchmark::loadgen: Dispatch failed: Unexpected status code received: 500 Internal Server Error
2026-06-28T19:59:50.752239Z  WARN benchmark::loadgen: Dispatch failed: Unexpected status code received: 500 Internal Server Error
2026-06-28T19:59:50.753251Z  WARN benchmark::loadgen: Dispatch failed: Unexpected status code received: 500 Internal Server Error
2026-06-28T19:59:50.755196Z  WARN benchmark::loadgen: Dispatch failed: Unexpected status code received: 500 Internal Server Error
2026-06-28T19:59:50.756200Z  WARN benchmark::loadgen: Dispatch failed: Unexpected status code received: 500 Internal Server Error
2026-06-28T19:59:50.759292Z  WARN benchmark::loadgen: Dispatch failed: Unexpected status code received: 500 Internal Server Error
2026-06-28T19:59:50.762338Z  WARN benchmark::loadgen: Dispatch failed: Unexpected status code received: 500 Internal Server Error
2026-06-28T19:59:50.763296Z  WARN benchmark::loadgen: Dispatch failed: Unexpected status code received: 500 Internal Server Error
2026-06-28T19:59:50.765889Z  WARN benchmark::loadgen: Dispatch failed: Unexpected status code received: 500 Internal Server Error
2026-06-28T19:59:50.767050Z  WARN benchmark::loadgen: Dispatch failed: Unexpected status code received: 500 Internal Server Error
2026-06-28T19:59:50.767686Z  WARN benchmark::loadgen: Dispatch failed: Unexpected status code received: 500 Internal Server Error
2026-06-28T19:59:50.767760Z  WARN benchmark::loadgen: Dispatch failed: Unexpected status code received: 500 Internal Server Error
2026-06-28T19:59:50.769326Z  WARN benchmark::loadgen: Dispatch failed: Unexpected status code received: 500 Internal Server Error
2026-06-28T19:59:50.771205Z  WARN benchmark::loadgen: Dispatch failed: Unexpected status code received: 500 Internal Server Error
2026-06-28T19:59:50.771224Z  WARN benchmark::loadgen: Dispatch failed: Unexpected status code received: 500 Internal Server Error
2026-06-28T19:59:50.772316Z  WARN benchmark::loadgen: Dispatch failed: Unexpected status code received: 500 Internal Server Error
2026-06-28T19:59:50.777165Z  WARN benchmark::loadgen: Dispatch failed: Unexpected status code received: 500 Internal Server Error
2026-06-28T19:59:50.781246Z  WARN benchmark::loadgen: Dispatch failed: Unexpected status code received: 500 Internal Server Error
2026-06-28T19:59:50.781246Z  WARN benchmark::loadgen: Dispatch failed: Unexpected status code received: 500 Internal Server Error
2026-06-28T19:59:50.783175Z  WARN benchmark::loadgen: Dispatch failed: Unexpected status code received: 500 Internal Server Error
2026-06-28T19:59:50.784180Z  WARN benchmark::loadgen: Dispatch failed: Unexpected status code received: 500 Internal Server Error
2026-06-28T19:59:50.786485Z  WARN benchmark::loadgen: Dispatch failed: Unexpected status code received: 500 Internal Server Error
2026-06-28T19:59:50.788373Z  WARN benchmark::loadgen: Dispatch failed: Unexpected status code received: 500 Internal Server Error
2026-06-28T19:59:50.789170Z  WARN benchmark::loadgen: Dispatch failed: Unexpected status code received: 500 Internal Server Error
2026-06-28T19:59:50.793193Z  WARN benchmark::loadgen: Dispatch failed: Unexpected status code received: 500 Internal Server Error
2026-06-28T19:59:50.793243Z  WARN benchmark::loadgen: Dispatch failed: Unexpected status code received: 500 Internal Server Error
2026-06-28T19:59:50.794206Z  WARN benchmark::loadgen: Dispatch failed: Unexpected status code received: 500 Internal Server Error
2026-06-28T19:59:50.798244Z  WARN benchmark::loadgen: Dispatch failed: Unexpected status code received: 500 Internal Server Error
2026-06-28T19:59:50.801277Z  WARN benchmark::loadgen: Dispatch failed: Unexpected status code received: 500 Internal Server Error
2026-06-28T19:59:50.802168Z  WARN benchmark::loadgen: Dispatch failed: Unexpected status code received: 500 Internal Server Error
2026-06-28T19:59:50.803237Z  WARN benchmark::loadgen: Dispatch failed: Unexpected status code received: 500 Internal Server Error
2026-06-28T19:59:50.806735Z  WARN benchmark::loadgen: Dispatch failed: Unexpected status code received: 500 Internal Server Error
2026-06-28T19:59:50.807171Z  WARN benchmark::loadgen: Dispatch failed: Unexpected status code received: 500 Internal Server Error
2026-06-28T19:59:50.813731Z  WARN benchmark::loadgen: Dispatch failed: Unexpected status code received: 500 Internal Server Error
2026-06-28T19:59:50.815257Z  WARN benchmark::loadgen: Dispatch failed: Unexpected status code received: 500 Internal Server Error
2026-06-28T19:59:50.817682Z  WARN benchmark::loadgen: Dispatch failed: Unexpected status code received: 500 Internal Server Error
2026-06-28T19:59:50.821213Z  WARN benchmark::loadgen: Dispatch failed: Unexpected status code received: 500 Internal Server Error
2026-06-28T19:59:50.823078Z  WARN benchmark::loadgen: Dispatch failed: Unexpected status code received: 500 Internal Server Error
2026-06-28T19:59:50.827514Z  WARN benchmark::loadgen: Dispatch failed: Unexpected status code received: 500 Internal Server Error
2026-06-28T19:59:50.830289Z  WARN benchmark::loadgen: Dispatch failed: Unexpected status code received: 500 Internal Server Error
2026-06-28T19:59:50.831221Z  WARN benchmark::loadgen: Dispatch failed: Unexpected status code received: 500 Internal Server Error
2026-06-28T19:59:50.833658Z  WARN benchmark::loadgen: Dispatch failed: Unexpected status code received: 500 Internal Server Error
2026-06-28T19:59:50.834576Z  WARN benchmark::loadgen: Dispatch failed: Unexpected status code received: 500 Internal Server Error
2026-06-28T19:59:50.836183Z  WARN benchmark::loadgen: Dispatch failed: Unexpected status code received: 500 Internal Server Error
2026-06-28T19:59:50.836183Z  WARN benchmark::loadgen: Dispatch failed: Unexpected status code received: 500 Internal Server Error
2026-06-28T19:59:50.840202Z  WARN benchmark::loadgen: Dispatch failed: Unexpected status code received: 500 Internal Server Error
2026-06-28T19:59:50.840202Z  WARN benchmark::loadgen: Dispatch failed: Unexpected status code received: 500 Internal Server Error
2026-06-28T19:59:50.842641Z  WARN benchmark::loadgen: Dispatch failed: Unexpected status code received: 500 Internal Server Error
2026-06-28T19:59:50.843625Z  WARN benchmark::loadgen: Dispatch failed: Unexpected status code received: 500 Internal Server Error
2026-06-28T19:59:50.844162Z  WARN benchmark::loadgen: Dispatch failed: Unexpected status code received: 500 Internal Server Error
2026-06-28T19:59:50.846428Z  WARN benchmark::loadgen: Dispatch failed: Unexpected status code received: 500 Internal Server Error
2026-06-28T19:59:50.847387Z  WARN benchmark::loadgen: Dispatch failed: Unexpected status code received: 500 Internal Server Error
2026-06-28T19:59:50.848611Z  WARN benchmark::loadgen: Dispatch failed: Unexpected status code received: 500 Internal Server Error
2026-06-28T19:59:50.851484Z  WARN benchmark::loadgen: Dispatch failed: Unexpected status code received: 500 Internal Server Error
2026-06-28T19:59:50.852179Z  WARN benchmark::loadgen: Dispatch failed: Unexpected status code received: 500 Internal Server Error
2026-06-28T19:59:50.853424Z  WARN benchmark::loadgen: Dispatch failed: Unexpected status code received: 500 Internal Server Error
2026-06-28T19:59:50.855361Z  WARN benchmark::loadgen: Dispatch failed: Unexpected status code received: 500 Internal Server Error
2026-06-28T19:59:50.858439Z  WARN benchmark::loadgen: Dispatch failed: Unexpected status code received: 500 Internal Server Error
2026-06-28T19:59:50.863431Z  WARN benchmark::loadgen: Dispatch failed: Unexpected status code received: 500 Internal Server Error
2026-06-28T19:59:50.863578Z  WARN benchmark::loadgen: Dispatch failed: Unexpected status code received: 500 Internal Server Error
2026-06-28T19:59:50.865289Z  WARN benchmark::loadgen: Dispatch failed: Unexpected status code received: 500 Internal Server Error
2026-06-28T19:59:50.867469Z  WARN benchmark::loadgen: Dispatch failed: Unexpected status code received: 500 Internal Server Error
2026-06-28T19:59:50.868368Z  WARN benchmark::loadgen: Dispatch failed: Unexpected status code received: 500 Internal Server Error
2026-06-28T19:59:50.870315Z  WARN benchmark::loadgen: Dispatch failed: Unexpected status code received: 500 Internal Server Error
2026-06-28T19:59:50.872231Z  WARN benchmark::loadgen: Dispatch failed: Unexpected status code received: 500 Internal Server Error
2026-06-28T19:59:50.873204Z  WARN benchmark::loadgen: Dispatch failed: Unexpected status code received: 500 Internal Server Error
2026-06-28T19:59:50.877574Z  WARN benchmark::loadgen: Dispatch failed: Unexpected status code received: 500 Internal Server Error
2026-06-28T19:59:50.880409Z  WARN benchmark::loadgen: Dispatch failed: Unexpected status code received: 500 Internal Server Error
2026-06-28T19:59:50.881388Z  WARN benchmark::loadgen: Dispatch failed: Unexpected status code received: 500 Internal Server Error
2026-06-28T19:59:50.882598Z  WARN benchmark::loadgen: Dispatch failed: Unexpected status code received: 500 Internal Server Error
2026-06-28T19:59:50.883516Z  WARN benchmark::loadgen: Dispatch failed: Unexpected status code received: 500 Internal Server Error
2026-06-28T19:59:50.885407Z  WARN benchmark::loadgen: Dispatch failed: Unexpected status code received: 500 Internal Server Error
2026-06-28T19:59:50.886377Z  WARN benchmark::loadgen: Dispatch failed: Unexpected status code received: 500 Internal Server Error
2026-06-28T19:59:50.888403Z  WARN benchmark::loadgen: Dispatch failed: Unexpected status code received: 500 Internal Server Error
2026-06-28T19:59:50.890668Z  WARN benchmark::loadgen: Dispatch failed: Unexpected status code received: 500 Internal Server Error
2026-06-28T19:59:50.891625Z  WARN benchmark::loadgen: Dispatch failed: Unexpected status code received: 500 Internal Server Error
2026-06-28T19:59:50.892200Z  WARN benchmark::loadgen: Dispatch failed: Unexpected status code received: 500 Internal Server Error
2026-06-28T19:59:50.894492Z  WARN benchmark::loadgen: Dispatch failed: Unexpected status code received: 500 Internal Server Error
2026-06-28T19:59:50.895498Z  WARN benchmark::loadgen: Dispatch failed: Unexpected status code received: 500 Internal Server Error
2026-06-28T19:59:50.898602Z  WARN benchmark::loadgen: Dispatch failed: Unexpected status code received: 500 Internal Server Error
2026-06-28T19:59:50.900571Z  WARN benchmark::loadgen: Dispatch failed: Unexpected status code received: 500 Internal Server Error
2026-06-28T19:59:50.900583Z  WARN benchmark::loadgen: Dispatch failed: Unexpected status code received: 500 Internal Server Error
2026-06-28T19:59:50.904202Z  WARN benchmark::loadgen: Dispatch failed: Unexpected status code received: 500 Internal Server Error
2026-06-28T19:59:50.905524Z  WARN benchmark::loadgen: Dispatch failed: Unexpected status code received: 500 Internal Server Error
2026-06-28T19:59:50.910613Z  WARN benchmark::loadgen: Dispatch failed: Unexpected status code received: 500 Internal Server Error
2026-06-28T19:59:50.910820Z  WARN benchmark::loadgen: Dispatch failed: Unexpected status code received: 500 Internal Server Error
2026-06-28T19:59:50.912505Z  WARN benchmark::loadgen: Dispatch failed: Unexpected status code received: 500 Internal Server Error
2026-06-28T19:59:50.913460Z  WARN benchmark::loadgen: Dispatch failed: Unexpected status code received: 500 Internal Server Error
2026-06-28T19:59:50.918420Z  WARN benchmark::loadgen: Dispatch failed: Unexpected status code received: 500 Internal Server Error
2026-06-28T19:59:50.918517Z  WARN benchmark::loadgen: Dispatch failed: Unexpected status code received: 500 Internal Server Error
2026-06-28T19:59:50.919420Z  WARN benchmark::loadgen: Dispatch failed: Unexpected status code received: 500 Internal Server Error
2026-06-28T19:59:50.922301Z  WARN benchmark::loadgen: Dispatch failed: Unexpected status code received: 500 Internal Server Error
2026-06-28T19:59:50.923416Z  WARN benchmark::loadgen: Dispatch failed: Unexpected status code received: 500 Internal Server Error
2026-06-28T19:59:50.924889Z  WARN benchmark::loadgen: Dispatch failed: Unexpected status code received: 500 Internal Server Error
2026-06-28T19:59:50.927914Z  WARN benchmark::loadgen: Dispatch failed: Unexpected status code received: 500 Internal Server Error
2026-06-28T19:59:50.928277Z  WARN benchmark::loadgen: Dispatch failed: Unexpected status code received: 500 Internal Server Error
2026-06-28T19:59:50.929539Z  WARN benchmark::loadgen: Dispatch failed: Unexpected status code received: 500 Internal Server Error
2026-06-28T19:59:50.933940Z  WARN benchmark::loadgen: Dispatch failed: Unexpected status code received: 500 Internal Server Error
2026-06-28T19:59:50.933990Z  WARN benchmark::loadgen: Dispatch failed: Unexpected status code received: 500 Internal Server Error
2026-06-28T19:59:50.934961Z  WARN benchmark::loadgen: Dispatch failed: Unexpected status code received: 500 Internal Server Error
2026-06-28T19:59:50.937215Z  WARN benchmark::loadgen: Dispatch failed: Unexpected status code received: 500 Internal Server Error
2026-06-28T19:59:50.938235Z  WARN benchmark::loadgen: Dispatch failed: Unexpected status code received: 500 Internal Server Error
2026-06-28T19:59:50.941242Z  WARN benchmark::loadgen: Dispatch failed: Unexpected status code received: 500 Internal Server Error
2026-06-28T19:59:50.942952Z  WARN benchmark::loadgen: Dispatch failed: Unexpected status code received: 500 Internal Server Error
2026-06-28T19:59:50.943223Z  WARN benchmark::loadgen: Dispatch failed: Unexpected status code received: 500 Internal Server Error
2026-06-28T19:59:50.946194Z  WARN benchmark::loadgen: Dispatch failed: Unexpected status code received: 500 Internal Server Error
2026-06-28T19:59:50.947218Z  WARN benchmark::loadgen: Dispatch failed: Unexpected status code received: 500 Internal Server Error
2026-06-28T19:59:50.949159Z  WARN benchmark::loadgen: Dispatch failed: Unexpected status code received: 500 Internal Server Error
2026-06-28T19:59:50.952317Z  WARN benchmark::loadgen: Dispatch failed: Unexpected status code received: 500 Internal Server Error
2026-06-28T19:59:50.956271Z  WARN benchmark::loadgen: Dispatch failed: Unexpected status code received: 500 Internal Server Error
2026-06-28T19:59:50.957273Z  WARN benchmark::loadgen: Dispatch failed: Unexpected status code received: 500 Internal Server Error
2026-06-28T19:59:50.958221Z  WARN benchmark::loadgen: Dispatch failed: Unexpected status code received: 500 Internal Server Error
2026-06-28T19:59:50.961218Z  WARN benchmark::loadgen: Dispatch failed: Unexpected status code received: 500 Internal Server Error
2026-06-28T19:59:50.964284Z  WARN benchmark::loadgen: Dispatch failed: Unexpected status code received: 500 Internal Server Error
2026-06-28T19:59:50.965174Z  WARN benchmark::loadgen: Dispatch failed: Unexpected status code received: 500 Internal Server Error
2026-06-28T19:59:50.968224Z  WARN benchmark::loadgen: Dispatch failed: Unexpected status code received: 500 Internal Server Error
2026-06-28T19:59:50.969375Z  WARN benchmark::loadgen: Dispatch failed: Unexpected status code received: 500 Internal Server Error
2026-06-28T19:59:50.970223Z  WARN benchmark::loadgen: Dispatch failed: Unexpected status code received: 500 Internal Server Error
2026-06-28T19:59:50.973330Z  WARN benchmark::loadgen: Dispatch failed: Unexpected status code received: 500 Internal Server Error
2026-06-28T19:59:50.973334Z  WARN benchmark::loadgen: Dispatch failed: Unexpected status code received: 500 Internal Server Error
2026-06-28T19:59:50.976217Z  WARN benchmark::loadgen: Dispatch failed: Unexpected status code received: 500 Internal Server Error
2026-06-28T19:59:50.978193Z  WARN benchmark::loadgen: Dispatch failed: Unexpected status code received: 500 Internal Server Error
2026-06-28T19:59:50.979209Z  WARN benchmark::loadgen: Dispatch failed: Unexpected status code received: 500 Internal Server Error
2026-06-28T19:59:50.980183Z  WARN benchmark::loadgen: Dispatch failed: Unexpected status code received: 500 Internal Server Error
2026-06-28T19:59:50.983911Z  WARN benchmark::loadgen: Dispatch failed: Unexpected status code received: 500 Internal Server Error
2026-06-28T19:59:50.984245Z  WARN benchmark::loadgen: Dispatch failed: Unexpected status code received: 500 Internal Server Error
2026-06-28T19:59:50.988325Z  WARN benchmark::loadgen: Dispatch failed: Unexpected status code received: 500 Internal Server Error
2026-06-28T19:59:50.989209Z  WARN benchmark::loadgen: Dispatch failed: Unexpected status code received: 500 Internal Server Error
2026-06-28T19:59:50.990201Z  WARN benchmark::loadgen: Dispatch failed: Unexpected status code received: 500 Internal Server Error
2026-06-28T19:59:50.994182Z  WARN benchmark::loadgen: Dispatch failed: Unexpected status code received: 500 Internal Server Error
2026-06-28T19:59:50.994220Z  WARN benchmark::loadgen: Dispatch failed: Unexpected status code received: 500 Internal Server Error
2026-06-28T19:59:50.997534Z  WARN benchmark::loadgen: Dispatch failed: Unexpected status code received: 500 Internal Server Error
2026-06-28T19:59:51.000522Z  WARN benchmark::loadgen: Dispatch failed: Unexpected status code received: 500 Internal Server Error
2026-06-28T19:59:51.001477Z  WARN benchmark::loadgen: Dispatch failed: Unexpected status code received: 500 Internal Server Error
2026-06-28T19:59:51.003653Z  WARN benchmark::loadgen: Dispatch failed: Unexpected status code received: 500 Internal Server Error
2026-06-28T19:59:51.003653Z  WARN benchmark::loadgen: Dispatch failed: Unexpected status code received: 500 Internal Server Error
2026-06-28T19:59:51.005449Z  WARN benchmark::loadgen: Dispatch failed: Unexpected status code received: 500 Internal Server Error
2026-06-28T19:59:51.006417Z  WARN benchmark::loadgen: Dispatch failed: Unexpected status code received: 500 Internal Server Error
2026-06-28T19:59:51.008336Z  WARN benchmark::loadgen: Dispatch failed: Unexpected status code received: 500 Internal Server Error
2026-06-28T19:59:51.010415Z  WARN benchmark::loadgen: Dispatch failed: Unexpected status code received: 500 Internal Server Error
2026-06-28T19:59:51.012366Z  WARN benchmark::loadgen: Dispatch failed: Unexpected status code received: 500 Internal Server Error
2026-06-28T19:59:51.013349Z  WARN benchmark::loadgen: Dispatch failed: Unexpected status code received: 500 Internal Server Error
2026-06-28T19:59:51.015260Z  WARN benchmark::loadgen: Dispatch failed: Unexpected status code received: 500 Internal Server Error
2026-06-28T19:59:51.020320Z  WARN benchmark::loadgen: Dispatch failed: Unexpected status code received: 500 Internal Server Error
2026-06-28T19:59:51.020325Z  WARN benchmark::loadgen: Dispatch failed: Unexpected status code received: 500 Internal Server Error
2026-06-28T19:59:51.023326Z  WARN benchmark::loadgen: Dispatch failed: Unexpected status code received: 500 Internal Server Error
2026-06-28T19:59:51.026220Z  WARN benchmark::loadgen: Dispatch failed: Unexpected status code received: 500 Internal Server Error
2026-06-28T19:59:51.028275Z  WARN benchmark::loadgen: Dispatch failed: Unexpected status code received: 500 Internal Server Error
2026-06-28T19:59:51.029222Z  WARN benchmark::loadgen: Dispatch failed: Unexpected status code received: 500 Internal Server Error
2026-06-28T19:59:51.029223Z  WARN benchmark::loadgen: Dispatch failed: Unexpected status code received: 500 Internal Server Error
2026-06-28T19:59:51.032225Z  WARN benchmark::loadgen: Dispatch failed: Unexpected status code received: 500 Internal Server Error
2026-06-28T19:59:51.035170Z  WARN benchmark::loadgen: Dispatch failed: Unexpected status code received: 500 Internal Server Error
2026-06-28T19:59:51.037161Z  WARN benchmark::loadgen: Dispatch failed: Unexpected status code received: 500 Internal Server Error
2026-06-28T19:59:51.041212Z  WARN benchmark::loadgen: Dispatch failed: Unexpected status code received: 500 Internal Server Error
2026-06-28T19:59:51.045201Z  WARN benchmark::loadgen: Dispatch failed: Unexpected status code received: 500 Internal Server Error
2026-06-28T19:59:51.046168Z  WARN benchmark::loadgen: Dispatch failed: Unexpected status code received: 500 Internal Server Error
2026-06-28T19:59:51.048212Z  WARN benchmark::loadgen: Dispatch failed: Unexpected status code received: 500 Internal Server Error
2026-06-28T19:59:51.049208Z  WARN benchmark::loadgen: Dispatch failed: Unexpected status code received: 500 Internal Server Error
2026-06-28T19:59:51.053187Z  WARN benchmark::loadgen: Dispatch failed: Unexpected status code received: 500 Internal Server Error
2026-06-28T19:59:51.056388Z  WARN benchmark::loadgen: Dispatch failed: Unexpected status code received: 500 Internal Server Error
2026-06-28T19:59:51.057788Z  WARN benchmark::loadgen: Dispatch failed: Unexpected status code received: 500 Internal Server Error
2026-06-28T19:59:51.060208Z  WARN benchmark::loadgen: Dispatch failed: Unexpected status code received: 500 Internal Server Error
2026-06-28T19:59:51.061748Z  WARN benchmark::loadgen: Dispatch failed: Unexpected status code received: 500 Internal Server Error
2026-06-28T19:59:51.062210Z  WARN benchmark::loadgen: Dispatch failed: Unexpected status code received: 500 Internal Server Error
2026-06-28T19:59:51.065771Z  WARN benchmark::loadgen: Dispatch failed: Unexpected status code received: 500 Internal Server Error
2026-06-28T19:59:51.066199Z  WARN benchmark::loadgen: Dispatch failed: Unexpected status code received: 500 Internal Server Error
2026-06-28T19:59:51.069712Z  WARN benchmark::loadgen: Dispatch failed: Unexpected status code received: 500 Internal Server Error
2026-06-28T19:59:51.070315Z  WARN benchmark::loadgen: Dispatch failed: Unexpected status code received: 500 Internal Server Error
2026-06-28T19:59:51.073206Z  WARN benchmark::loadgen: Dispatch failed: Unexpected status code received: 500 Internal Server Error
2026-06-28T19:59:51.075211Z  WARN benchmark::loadgen: Dispatch failed: Unexpected status code received: 500 Internal Server Error
2026-06-28T19:59:51.077618Z  WARN benchmark::loadgen: Dispatch failed: Unexpected status code received: 500 Internal Server Error
2026-06-28T19:59:51.078208Z  WARN benchmark::loadgen: Dispatch failed: Unexpected status code received: 500 Internal Server Error
2026-06-28T19:59:51.082601Z  WARN benchmark::loadgen: Dispatch failed: Unexpected status code received: 500 Internal Server Error
2026-06-28T19:59:51.085173Z  WARN benchmark::loadgen: Dispatch failed: Unexpected status code received: 500 Internal Server Error
2026-06-28T19:59:51.087509Z  WARN benchmark::loadgen: Dispatch failed: Unexpected status code received: 500 Internal Server Error
2026-06-28T19:59:51.089323Z  WARN benchmark::loadgen: Dispatch failed: Unexpected status code received: 500 Internal Server Error
2026-06-28T19:59:51.091530Z  WARN benchmark::loadgen: Dispatch failed: Unexpected status code received: 500 Internal Server Error
2026-06-28T19:59:51.093418Z  WARN benchmark::loadgen: Dispatch failed: Unexpected status code received: 500 Internal Server Error
2026-06-28T19:59:51.094382Z  WARN benchmark::loadgen: Dispatch failed: Unexpected status code received: 500 Internal Server Error
2026-06-28T19:59:51.096413Z  WARN benchmark::loadgen: Dispatch failed: Unexpected status code received: 500 Internal Server Error
2026-06-28T19:59:51.097359Z  WARN benchmark::loadgen: Dispatch failed: Unexpected status code received: 500 Internal Server Error
2026-06-28T19:59:51.101360Z  WARN benchmark::loadgen: Dispatch failed: Unexpected status code received: 500 Internal Server Error
2026-06-28T19:59:51.102343Z  WARN benchmark::loadgen: Dispatch failed: Unexpected status code received: 500 Internal Server Error
2026-06-28T19:59:51.105072Z  WARN benchmark::loadgen: Dispatch failed: Unexpected status code received: 500 Internal Server Error
2026-06-28T19:59:51.106189Z  WARN benchmark::loadgen: Dispatch failed: Unexpected status code received: 500 Internal Server Error
2026-06-28T19:59:51.107281Z  WARN benchmark::loadgen: Dispatch failed: Unexpected status code received: 500 Internal Server Error
2026-06-28T19:59:51.107337Z  WARN benchmark::loadgen: Dispatch failed: Unexpected status code received: 500 Internal Server Error
2026-06-28T19:59:51.108277Z  WARN benchmark::loadgen: Dispatch failed: Unexpected status code received: 500 Internal Server Error
2026-06-28T19:59:51.111264Z  WARN benchmark::loadgen: Dispatch failed: Unexpected status code received: 500 Internal Server Error
2026-06-28T19:59:51.112239Z  WARN benchmark::loadgen: Dispatch failed: Unexpected status code received: 500 Internal Server Error
2026-06-28T19:59:51.114224Z  WARN benchmark::loadgen: Dispatch failed: Unexpected status code received: 500 Internal Server Error
2026-06-28T19:59:51.117169Z  WARN benchmark::loadgen: Dispatch failed: Unexpected status code received: 500 Internal Server Error
2026-06-28T19:59:51.118210Z  WARN benchmark::loadgen: Dispatch failed: Unexpected status code received: 500 Internal Server Error
2026-06-28T19:59:51.121210Z  WARN benchmark::loadgen: Dispatch failed: Unexpected status code received: 500 Internal Server Error
2026-06-28T19:59:51.122200Z  WARN benchmark::loadgen: Dispatch failed: Unexpected status code received: 500 Internal Server Error
2026-06-28T19:59:51.125198Z  WARN benchmark::loadgen: Dispatch failed: Unexpected status code received: 500 Internal Server Error
2026-06-28T19:59:51.127184Z  WARN benchmark::loadgen: Dispatch failed: Unexpected status code received: 500 Internal Server Error
2026-06-28T19:59:51.129219Z  WARN benchmark::loadgen: Dispatch failed: Unexpected status code received: 500 Internal Server Error
2026-06-28T19:59:51.130235Z  WARN benchmark::loadgen: Dispatch failed: Unexpected status code received: 500 Internal Server Error
2026-06-28T19:59:51.131230Z  WARN benchmark::loadgen: Dispatch failed: Unexpected status code received: 500 Internal Server Error
2026-06-28T19:59:51.134169Z  WARN benchmark::loadgen: Dispatch failed: Unexpected status code received: 500 Internal Server Error
2026-06-28T19:59:51.134204Z  WARN benchmark::loadgen: Dispatch failed: Unexpected status code received: 500 Internal Server Error
2026-06-28T19:59:51.135208Z  WARN benchmark::loadgen: Dispatch failed: Unexpected status code received: 500 Internal Server Error
2026-06-28T19:59:51.138198Z  WARN benchmark::loadgen: Dispatch failed: Unexpected status code received: 500 Internal Server Error
2026-06-28T19:59:51.139302Z  WARN benchmark::loadgen: Dispatch failed: Unexpected status code received: 500 Internal Server Error
2026-06-28T19:59:51.144219Z  WARN benchmark::loadgen: Dispatch failed: Unexpected status code received: 500 Internal Server Error
2026-06-28T19:59:51.146181Z  WARN benchmark::loadgen: Dispatch failed: Unexpected status code received: 500 Internal Server Error
2026-06-28T19:59:51.146192Z  WARN benchmark::loadgen: Dispatch failed: Unexpected status code received: 500 Internal Server Error
2026-06-28T19:59:51.148738Z  WARN benchmark::loadgen: Dispatch failed: Unexpected status code received: 500 Internal Server Error
2026-06-28T19:59:51.148738Z  WARN benchmark::loadgen: Dispatch failed: Unexpected status code received: 500 Internal Server Error
2026-06-28T19:59:51.152483Z  WARN benchmark::loadgen: Dispatch failed: Unexpected status code received: 500 Internal Server Error
2026-06-28T19:59:51.152550Z  WARN benchmark::loadgen: Dispatch failed: Unexpected status code received: 500 Internal Server Error
2026-06-28T19:59:51.153159Z  WARN benchmark::loadgen: Dispatch failed: Unexpected status code received: 500 Internal Server Error
2026-06-28T19:59:51.157296Z  WARN benchmark::loadgen: Dispatch failed: Unexpected status code received: 500 Internal Server Error
2026-06-28T19:59:51.158220Z  WARN benchmark::loadgen: Dispatch failed: Unexpected status code received: 500 Internal Server Error
2026-06-28T19:59:51.159255Z  WARN benchmark::loadgen: Dispatch failed: Unexpected status code received: 500 Internal Server Error
2026-06-28T19:59:51.163211Z  WARN benchmark::loadgen: Dispatch failed: Unexpected status code received: 500 Internal Server Error
2026-06-28T19:59:51.165202Z  WARN benchmark::loadgen: Dispatch failed: Unexpected status code received: 500 Internal Server Error
2026-06-28T19:59:51.166236Z  WARN benchmark::loadgen: Dispatch failed: Unexpected status code received: 500 Internal Server Error
2026-06-28T19:59:51.167283Z  WARN benchmark::loadgen: Dispatch failed: Unexpected status code received: 500 Internal Server Error
2026-06-28T19:59:51.171227Z  WARN benchmark::loadgen: Dispatch failed: Unexpected status code received: 500 Internal Server Error
2026-06-28T19:59:51.171227Z  WARN benchmark::loadgen: Dispatch failed: Unexpected status code received: 500 Internal Server Error
2026-06-28T19:59:51.175181Z  WARN benchmark::loadgen: Dispatch failed: Unexpected status code received: 500 Internal Server Error
2026-06-28T19:59:51.177178Z  WARN benchmark::loadgen: Dispatch failed: Unexpected status code received: 500 Internal Server Error
2026-06-28T19:59:51.179836Z  WARN benchmark::loadgen: Dispatch failed: Unexpected status code received: 500 Internal Server Error
2026-06-28T19:59:51.181192Z  WARN benchmark::loadgen: Dispatch failed: Unexpected status code received: 500 Internal Server Error
2026-06-28T19:59:51.183193Z  WARN benchmark::loadgen: Dispatch failed: Unexpected status code received: 500 Internal Server Error
2026-06-28T19:59:51.183227Z  WARN benchmark::loadgen: Dispatch failed: Unexpected status code received: 500 Internal Server Error
2026-06-28T19:59:51.185206Z  WARN benchmark::loadgen: Dispatch failed: Unexpected status code received: 500 Internal Server Error
2026-06-28T19:59:51.186176Z  WARN benchmark::loadgen: Dispatch failed: Unexpected status code received: 500 Internal Server Error
2026-06-28T19:59:51.187187Z  WARN benchmark::loadgen: Dispatch failed: Unexpected status code received: 500 Internal Server Error
2026-06-28T19:59:51.188704Z  WARN benchmark::loadgen: Dispatch failed: Unexpected status code received: 500 Internal Server Error
2026-06-28T19:59:51.191282Z  WARN benchmark::loadgen: Dispatch failed: Unexpected status code received: 500 Internal Server Error
2026-06-28T19:59:51.192190Z  WARN benchmark::loadgen: Dispatch failed: Unexpected status code received: 500 Internal Server Error
2026-06-28T19:59:51.193191Z  WARN benchmark::loadgen: Dispatch failed: Unexpected status code received: 500 Internal Server Error
2026-06-28T19:59:51.196710Z  WARN benchmark::loadgen: Dispatch failed: Unexpected status code received: 500 Internal Server Error
2026-06-28T19:59:51.197220Z  WARN benchmark::loadgen: Dispatch failed: Unexpected status code received: 500 Internal Server Error
2026-06-28T19:59:51.200695Z  WARN benchmark::loadgen: Dispatch failed: Unexpected status code received: 500 Internal Server Error
2026-06-28T19:59:51.200695Z  WARN benchmark::loadgen: Dispatch failed: Unexpected status code received: 500 Internal Server Error
2026-06-28T19:59:51.203579Z  WARN benchmark::loadgen: Dispatch failed: Unexpected status code received: 500 Internal Server Error
2026-06-28T19:59:51.205243Z  WARN benchmark::loadgen: Dispatch failed: Unexpected status code received: 500 Internal Server Error
2026-06-28T19:59:51.209246Z  WARN benchmark::loadgen: Dispatch failed: Unexpected status code received: 500 Internal Server Error
2026-06-28T19:59:51.210155Z  WARN benchmark::loadgen: Dispatch failed: Unexpected status code received: 500 Internal Server Error
2026-06-28T19:59:51.212570Z  WARN benchmark::loadgen: Dispatch failed: Unexpected status code received: 500 Internal Server Error
2026-06-28T19:59:51.213220Z  WARN benchmark::loadgen: Dispatch failed: Unexpected status code received: 500 Internal Server Error
2026-06-28T19:59:51.214549Z  WARN benchmark::loadgen: Dispatch failed: Unexpected status code received: 500 Internal Server Error
2026-06-28T19:59:51.217553Z  WARN benchmark::loadgen: Dispatch failed: Unexpected status code received: 500 Internal Server Error
2026-06-28T19:59:51.219643Z  WARN benchmark::loadgen: Dispatch failed: Unexpected status code received: 500 Internal Server Error
2026-06-28T19:59:51.221474Z  WARN benchmark::loadgen: Dispatch failed: Unexpected status code received: 500 Internal Server Error
2026-06-28T19:59:51.221473Z  WARN benchmark::loadgen: Dispatch failed: Unexpected status code received: 500 Internal Server Error
2026-06-28T19:59:51.223418Z  WARN benchmark::loadgen: Dispatch failed: Unexpected status code received: 500 Internal Server Error
2026-06-28T19:59:51.223418Z  WARN benchmark::loadgen: Dispatch failed: Unexpected status code received: 500 Internal Server Error
2026-06-28T19:59:51.225201Z  WARN benchmark::loadgen: Dispatch failed: Unexpected status code received: 500 Internal Server Error
2026-06-28T19:59:51.227414Z  WARN benchmark::loadgen: Dispatch failed: Unexpected status code received: 500 Internal Server Error
2026-06-28T19:59:51.228352Z  WARN benchmark::loadgen: Dispatch failed: Unexpected status code received: 500 Internal Server Error
2026-06-28T19:59:51.228430Z  WARN benchmark::loadgen: Dispatch failed: Unexpected status code received: 500 Internal Server Error
2026-06-28T19:59:51.229365Z  WARN benchmark::loadgen: Dispatch failed: Unexpected status code received: 500 Internal Server Error
2026-06-28T19:59:51.232468Z  WARN benchmark::loadgen: Dispatch failed: Unexpected status code received: 500 Internal Server Error
2026-06-28T19:59:51.234408Z  WARN benchmark::loadgen: Dispatch failed: Unexpected status code received: 500 Internal Server Error
2026-06-28T19:59:51.237252Z  WARN benchmark::loadgen: Dispatch failed: Unexpected status code received: 500 Internal Server Error
2026-06-28T19:59:51.237370Z  WARN benchmark::loadgen: Dispatch failed: Unexpected status code received: 500 Internal Server Error
2026-06-28T19:59:51.239269Z  WARN benchmark::loadgen: Dispatch failed: Unexpected status code received: 500 Internal Server Error
2026-06-28T19:59:51.241246Z  WARN benchmark::loadgen: Dispatch failed: Unexpected status code received: 500 Internal Server Error
2026-06-28T19:59:51.245289Z  WARN benchmark::loadgen: Dispatch failed: Unexpected status code received: 500 Internal Server Error
2026-06-28T19:59:51.246217Z  WARN benchmark::loadgen: Dispatch failed: Unexpected status code received: 500 Internal Server Error
2026-06-28T19:59:51.249354Z  WARN benchmark::loadgen: Dispatch failed: Unexpected status code received: 500 Internal Server Error
2026-06-28T19:59:51.252214Z  WARN benchmark::loadgen: Dispatch failed: Unexpected status code received: 500 Internal Server Error
2026-06-28T19:59:51.253220Z  WARN benchmark::loadgen: Dispatch failed: Unexpected status code received: 500 Internal Server Error
2026-06-28T19:59:51.256214Z  WARN benchmark::loadgen: Dispatch failed: Unexpected status code received: 500 Internal Server Error
2026-06-28T19:59:51.256214Z  WARN benchmark::loadgen: Dispatch failed: Unexpected status code received: 500 Internal Server Error
2026-06-28T19:59:51.262243Z  WARN benchmark::loadgen: Dispatch failed: Unexpected status code received: 500 Internal Server Error
2026-06-28T19:59:51.262243Z  WARN benchmark::loadgen: Dispatch failed: Unexpected status code received: 500 Internal Server Error
2026-06-28T19:59:51.265224Z  WARN benchmark::loadgen: Dispatch failed: Unexpected status code received: 500 Internal Server Error
2026-06-28T19:59:51.267193Z  WARN benchmark::loadgen: Dispatch failed: Unexpected status code received: 500 Internal Server Error
2026-06-28T19:59:51.268182Z  WARN benchmark::loadgen: Dispatch failed: Unexpected status code received: 500 Internal Server Error
2026-06-28T19:59:51.272232Z  WARN benchmark::loadgen: Dispatch failed: Unexpected status code received: 500 Internal Server Error
2026-06-28T19:59:51.274222Z  WARN benchmark::loadgen: Dispatch failed: Unexpected status code received: 500 Internal Server Error
2026-06-28T19:59:51.277185Z  WARN benchmark::loadgen: Dispatch failed: Unexpected status code received: 500 Internal Server Error
2026-06-28T19:59:51.278231Z  WARN benchmark::loadgen: Dispatch failed: Unexpected status code received: 500 Internal Server Error
2026-06-28T19:59:51.282196Z  WARN benchmark::loadgen: Dispatch failed: Unexpected status code received: 500 Internal Server Error
2026-06-28T19:59:51.285252Z  WARN benchmark::loadgen: Dispatch failed: Unexpected status code received: 500 Internal Server Error
2026-06-28T19:59:51.288889Z  WARN benchmark::loadgen: Dispatch failed: Unexpected status code received: 500 Internal Server Error
2026-06-28T19:59:51.289324Z  WARN benchmark::loadgen: Dispatch failed: Unexpected status code received: 500 Internal Server Error
2026-06-28T19:59:51.290201Z  WARN benchmark::loadgen: Dispatch failed: Unexpected status code received: 500 Internal Server Error
2026-06-28T19:59:51.292249Z  WARN benchmark::loadgen: Dispatch failed: Unexpected status code received: 500 Internal Server Error
2026-06-28T19:59:51.294398Z  WARN benchmark::loadgen: Dispatch failed: Unexpected status code received: 500 Internal Server Error
2026-06-28T19:59:51.294486Z  WARN benchmark::loadgen: Dispatch failed: Unexpected status code received: 500 Internal Server Error
2026-06-28T19:59:51.296399Z  WARN benchmark::loadgen: Dispatch failed: Unexpected status code received: 500 Internal Server Error
2026-06-28T19:59:51.298332Z  WARN benchmark::loadgen: Dispatch failed: Unexpected status code received: 500 Internal Server Error
2026-06-28T19:59:51.299330Z  WARN benchmark::loadgen: Dispatch failed: Unexpected status code received: 500 Internal Server Error
2026-06-28T19:59:51.301386Z  WARN benchmark::loadgen: Dispatch failed: Unexpected status code received: 500 Internal Server Error
2026-06-28T19:59:51.304433Z  WARN benchmark::loadgen: Dispatch failed: Unexpected status code received: 500 Internal Server Error
2026-06-28T19:59:51.304548Z  WARN benchmark::loadgen: Dispatch failed: Unexpected status code received: 500 Internal Server Error
2026-06-28T19:59:51.306285Z  WARN benchmark::loadgen: Dispatch failed: Unexpected status code received: 500 Internal Server Error
2026-06-28T19:59:51.309201Z  WARN benchmark::loadgen: Dispatch failed: Unexpected status code received: 500 Internal Server Error
2026-06-28T19:59:51.312298Z  WARN benchmark::loadgen: Dispatch failed: Unexpected status code received: 500 Internal Server Error
2026-06-28T19:59:51.314245Z  WARN benchmark::loadgen: Dispatch failed: Unexpected status code received: 500 Internal Server Error
2026-06-28T19:59:51.315270Z  WARN benchmark::loadgen: Dispatch failed: Unexpected status code received: 500 Internal Server Error
2026-06-28T19:59:51.316169Z  WARN benchmark::loadgen: Dispatch failed: Unexpected status code received: 500 Internal Server Error
2026-06-28T19:59:51.320313Z  WARN benchmark::loadgen: Dispatch failed: Unexpected status code received: 500 Internal Server Error
2026-06-28T19:59:51.322183Z  WARN benchmark::loadgen: Dispatch failed: Unexpected status code received: 500 Internal Server Error
2026-06-28T19:59:51.323188Z  WARN benchmark::loadgen: Dispatch failed: Unexpected status code received: 500 Internal Server Error
2026-06-28T19:59:51.324553Z  WARN benchmark::loadgen: Dispatch failed: Unexpected status code received: 500 Internal Server Error
2026-06-28T19:59:51.325302Z  WARN benchmark::loadgen: Dispatch failed: Unexpected status code received: 500 Internal Server Error
2026-06-28T19:59:51.329282Z  WARN benchmark::loadgen: Dispatch failed: Unexpected status code received: 500 Internal Server Error
2026-06-28T19:59:51.333434Z  WARN benchmark::loadgen: Dispatch failed: Unexpected status code received: 500 Internal Server Error
2026-06-28T19:59:51.336237Z  WARN benchmark::loadgen: Dispatch failed: Unexpected status code received: 500 Internal Server Error
2026-06-28T19:59:51.339194Z  WARN benchmark::loadgen: Dispatch failed: Unexpected status code received: 500 Internal Server Error
2026-06-28T19:59:51.342176Z  WARN benchmark::loadgen: Dispatch failed: Unexpected status code received: 500 Internal Server Error
2026-06-28T19:59:51.343202Z  WARN benchmark::loadgen: Dispatch failed: Unexpected status code received: 500 Internal Server Error
2026-06-28T19:59:51.346235Z  WARN benchmark::loadgen: Dispatch failed: Unexpected status code received: 500 Internal Server Error
2026-06-28T19:59:51.346235Z  WARN benchmark::loadgen: Dispatch failed: Unexpected status code received: 500 Internal Server Error
2026-06-28T19:59:51.349201Z  WARN benchmark::loadgen: Dispatch failed: Unexpected status code received: 500 Internal Server Error
2026-06-28T19:59:51.350251Z  WARN benchmark::loadgen: Dispatch failed: Unexpected status code received: 500 Internal Server Error
2026-06-28T19:59:51.353184Z  WARN benchmark::loadgen: Dispatch failed: Unexpected status code received: 500 Internal Server Error
2026-06-28T19:59:51.354193Z  WARN benchmark::loadgen: Dispatch failed: Unexpected status code received: 500 Internal Server Error
2026-06-28T19:59:51.357213Z  WARN benchmark::loadgen: Dispatch failed: Unexpected status code received: 500 Internal Server Error
2026-06-28T19:59:51.359211Z  WARN benchmark::loadgen: Dispatch failed: Unexpected status code received: 500 Internal Server Error
2026-06-28T19:59:51.360243Z  WARN benchmark::loadgen: Dispatch failed: Unexpected status code received: 500 Internal Server Error
2026-06-28T19:59:51.363224Z  WARN benchmark::loadgen: Dispatch failed: Unexpected status code received: 500 Internal Server Error
2026-06-28T19:59:51.364690Z  WARN benchmark::loadgen: Dispatch failed: Unexpected status code received: 500 Internal Server Error
2026-06-28T19:59:51.367966Z  WARN benchmark::loadgen: Dispatch failed: Unexpected status code received: 500 Internal Server Error
2026-06-28T19:59:51.370084Z  WARN benchmark::loadgen: Dispatch failed: Unexpected status code received: 500 Internal Server Error
2026-06-28T19:59:51.370122Z  WARN benchmark::loadgen: Dispatch failed: Unexpected status code received: 500 Internal Server Error
2026-06-28T19:59:51.370630Z  WARN benchmark::loadgen: Dispatch failed: Unexpected status code received: 500 Internal Server Error
2026-06-28T19:59:51.372753Z  WARN benchmark::loadgen: Dispatch failed: Unexpected status code received: 500 Internal Server Error
2026-06-28T19:59:51.372766Z  WARN benchmark::loadgen: Dispatch failed: Unexpected status code received: 500 Internal Server Error
2026-06-28T19:59:51.374184Z  WARN benchmark::loadgen: Dispatch failed: Unexpected status code received: 500 Internal Server Error
2026-06-28T19:59:51.376215Z  WARN benchmark::loadgen: Dispatch failed: Unexpected status code received: 500 Internal Server Error
2026-06-28T19:59:51.377195Z  WARN benchmark::loadgen: Dispatch failed: Unexpected status code received: 500 Internal Server Error
2026-06-28T19:59:51.378743Z  WARN benchmark::loadgen: Dispatch failed: Unexpected status code received: 500 Internal Server Error
2026-06-28T19:59:51.378779Z  WARN benchmark::loadgen: Dispatch failed: Unexpected status code received: 500 Internal Server Error
2026-06-28T19:59:51.382229Z  WARN benchmark::loadgen: Dispatch failed: Unexpected status code received: 500 Internal Server Error
2026-06-28T19:59:51.383746Z  WARN benchmark::loadgen: Dispatch failed: Unexpected status code received: 500 Internal Server Error
2026-06-28T19:59:51.387888Z  WARN benchmark::loadgen: Dispatch failed: Unexpected status code received: 500 Internal Server Error
2026-06-28T19:59:51.390285Z  WARN benchmark::loadgen: Dispatch failed: Unexpected status code received: 500 Internal Server Error
2026-06-28T19:59:51.391305Z  WARN benchmark::loadgen: Dispatch failed: Unexpected status code received: 500 Internal Server Error
2026-06-28T19:59:51.392822Z  WARN benchmark::loadgen: Dispatch failed: Unexpected status code received: 500 Internal Server Error
2026-06-28T19:59:51.395682Z  WARN benchmark::loadgen: Dispatch failed: Unexpected status code received: 500 Internal Server Error
2026-06-28T19:59:51.397166Z  WARN benchmark::loadgen: Dispatch failed: Unexpected status code received: 500 Internal Server Error
2026-06-28T19:59:51.399602Z  WARN benchmark::loadgen: Dispatch failed: Unexpected status code received: 500 Internal Server Error
2026-06-28T19:59:51.401241Z  WARN benchmark::loadgen: Dispatch failed: Unexpected status code received: 500 Internal Server Error
2026-06-28T19:59:51.401241Z  WARN benchmark::loadgen: Dispatch failed: Unexpected status code received: 500 Internal Server Error
2026-06-28T19:59:51.404201Z  WARN benchmark::loadgen: Dispatch failed: Unexpected status code received: 500 Internal Server Error
2026-06-28T19:59:51.406258Z  WARN benchmark::loadgen: Dispatch failed: Unexpected status code received: 500 Internal Server Error
2026-06-28T19:59:51.407707Z  WARN benchmark::loadgen: Dispatch failed: Unexpected status code received: 500 Internal Server Error
2026-06-28T19:59:51.408159Z  WARN benchmark::loadgen: Dispatch failed: Unexpected status code received: 500 Internal Server Error
2026-06-28T19:59:51.410169Z  WARN benchmark::loadgen: Dispatch failed: Unexpected status code received: 500 Internal Server Error
2026-06-28T19:59:51.413285Z  WARN benchmark::loadgen: Dispatch failed: Unexpected status code received: 500 Internal Server Error
2026-06-28T19:59:51.415627Z  WARN benchmark::loadgen: Dispatch failed: Unexpected status code received: 500 Internal Server Error
2026-06-28T19:59:51.417588Z  WARN benchmark::loadgen: Dispatch failed: Unexpected status code received: 500 Internal Server Error
2026-06-28T19:59:51.420614Z  WARN benchmark::loadgen: Dispatch failed: Unexpected status code received: 500 Internal Server Error
2026-06-28T19:59:51.421238Z  WARN benchmark::loadgen: Dispatch failed: Unexpected status code received: 500 Internal Server Error
2026-06-28T19:59:51.424498Z  WARN benchmark::loadgen: Dispatch failed: Unexpected status code received: 500 Internal Server Error
2026-06-28T19:59:51.425632Z  WARN benchmark::loadgen: Dispatch failed: Unexpected status code received: 500 Internal Server Error
2026-06-28T19:59:51.428572Z  WARN benchmark::loadgen: Dispatch failed: Unexpected status code received: 500 Internal Server Error
2026-06-28T19:59:51.430661Z  WARN benchmark::loadgen: Dispatch failed: Unexpected status code received: 500 Internal Server Error
2026-06-28T19:59:51.433508Z  WARN benchmark::loadgen: Dispatch failed: Unexpected status code received: 500 Internal Server Error
2026-06-28T19:59:51.435453Z  WARN benchmark::loadgen: Dispatch failed: Unexpected status code received: 500 Internal Server Error
2026-06-28T19:59:51.436389Z  WARN benchmark::loadgen: Dispatch failed: Unexpected status code received: 500 Internal Server Error
2026-06-28T19:59:51.437385Z  WARN benchmark::loadgen: Dispatch failed: Unexpected status code received: 500 Internal Server Error
2026-06-28T19:59:51.439328Z  WARN benchmark::loadgen: Dispatch failed: Unexpected status code received: 500 Internal Server Error
2026-06-28T19:59:51.441359Z  WARN benchmark::loadgen: Dispatch failed: Unexpected status code received: 500 Internal Server Error
2026-06-28T19:59:51.443293Z  WARN benchmark::loadgen: Dispatch failed: Unexpected status code received: 500 Internal Server Error
2026-06-28T19:59:51.445496Z  WARN benchmark::loadgen: Dispatch failed: Unexpected status code received: 500 Internal Server Error
2026-06-28T19:59:51.447330Z  WARN benchmark::loadgen: Dispatch failed: Unexpected status code received: 500 Internal Server Error
2026-06-28T19:59:51.449281Z  WARN benchmark::loadgen: Dispatch failed: Unexpected status code received: 500 Internal Server Error
2026-06-28T19:59:51.451212Z  WARN benchmark::loadgen: Dispatch failed: Unexpected status code received: 500 Internal Server Error
2026-06-28T19:59:51.452352Z  WARN benchmark::loadgen: Dispatch failed: Unexpected status code received: 500 Internal Server Error
2026-06-28T19:59:51.453289Z  WARN benchmark::loadgen: Dispatch failed: Unexpected status code received: 500 Internal Server Error
2026-06-28T19:59:51.456199Z  WARN benchmark::loadgen: Dispatch failed: Unexpected status code received: 500 Internal Server Error
2026-06-28T19:59:51.457210Z  WARN benchmark::loadgen: Dispatch failed: Unexpected status code received: 500 Internal Server Error
2026-06-28T19:59:51.459207Z  WARN benchmark::loadgen: Dispatch failed: Unexpected status code received: 500 Internal Server Error
2026-06-28T19:59:51.461245Z  WARN benchmark::loadgen: Dispatch failed: Unexpected status code received: 500 Internal Server Error
2026-06-28T19:59:51.463201Z  WARN benchmark::loadgen: Dispatch failed: Unexpected status code received: 500 Internal Server Error
2026-06-28T19:59:51.465415Z  WARN benchmark::loadgen: Dispatch failed: Unexpected status code received: 500 Internal Server Error
2026-06-28T19:59:51.466243Z  WARN benchmark::loadgen: Dispatch failed: Unexpected status code received: 500 Internal Server Error
2026-06-28T19:59:51.467215Z  WARN benchmark::loadgen: Dispatch failed: Unexpected status code received: 500 Internal Server Error
2026-06-28T19:59:51.471310Z  WARN benchmark::loadgen: Dispatch failed: Unexpected status code received: 500 Internal Server Error
2026-06-28T19:59:51.472311Z  WARN benchmark::loadgen: Dispatch failed: Unexpected status code received: 500 Internal Server Error
2026-06-28T19:59:51.475188Z  WARN benchmark::loadgen: Dispatch failed: Unexpected status code received: 500 Internal Server Error
2026-06-28T19:59:51.476191Z  WARN benchmark::loadgen: Dispatch failed: Unexpected status code received: 500 Internal Server Error
2026-06-28T19:59:51.480215Z  WARN benchmark::loadgen: Dispatch failed: Unexpected status code received: 500 Internal Server Error
2026-06-28T19:59:51.484221Z  WARN benchmark::loadgen: Dispatch failed: Unexpected status code received: 500 Internal Server Error
2026-06-28T19:59:51.489499Z  WARN benchmark::loadgen: Dispatch failed: Unexpected status code received: 500 Internal Server Error
2026-06-28T19:59:51.490694Z  WARN benchmark::loadgen: Dispatch failed: Unexpected status code received: 500 Internal Server Error
2026-06-28T19:59:51.490697Z  WARN benchmark::loadgen: Dispatch failed: Unexpected status code received: 500 Internal Server Error
2026-06-28T19:59:51.492331Z  WARN benchmark::loadgen: Dispatch failed: Unexpected status code received: 500 Internal Server Error
2026-06-28T19:59:51.492331Z  WARN benchmark::loadgen: Dispatch failed: Unexpected status code received: 500 Internal Server Error
2026-06-28T19:59:51.495177Z  WARN benchmark::loadgen: Dispatch failed: Unexpected status code received: 500 Internal Server Error
2026-06-28T19:59:51.496195Z  WARN benchmark::loadgen: Dispatch failed: Unexpected status code received: 500 Internal Server Error
2026-06-28T19:59:51.497187Z  WARN benchmark::loadgen: Dispatch failed: Unexpected status code received: 500 Internal Server Error
2026-06-28T19:59:51.501872Z  WARN benchmark::loadgen: Dispatch failed: Unexpected status code received: 500 Internal Server Error
2026-06-28T19:59:51.504917Z  WARN benchmark::loadgen: Dispatch failed: Unexpected status code received: 500 Internal Server Error
2026-06-28T19:59:51.505097Z  WARN benchmark::loadgen: Dispatch failed: Unexpected status code received: 500 Internal Server Error
2026-06-28T19:59:51.506784Z  WARN benchmark::loadgen: Dispatch failed: Unexpected status code received: 500 Internal Server Error
2026-06-28T19:59:51.508244Z  WARN benchmark::loadgen: Dispatch failed: Unexpected status code received: 500 Internal Server Error
2026-06-28T19:59:51.509735Z  WARN benchmark::loadgen: Dispatch failed: Unexpected status code received: 500 Internal Server Error
2026-06-28T19:59:51.512264Z  WARN benchmark::loadgen: Dispatch failed: Unexpected status code received: 500 Internal Server Error
2026-06-28T19:59:51.514245Z  WARN benchmark::loadgen: Dispatch failed: Unexpected status code received: 500 Internal Server Error
2026-06-28T19:59:51.514254Z  WARN benchmark::loadgen: Dispatch failed: Unexpected status code received: 500 Internal Server Error
2026-06-28T19:59:51.517761Z  WARN benchmark::loadgen: Dispatch failed: Unexpected status code received: 500 Internal Server Error
2026-06-28T19:59:51.518192Z  WARN benchmark::loadgen: Dispatch failed: Unexpected status code received: 500 Internal Server Error
2026-06-28T19:59:51.520670Z  WARN benchmark::loadgen: Dispatch failed: Unexpected status code received: 500 Internal Server Error
2026-06-28T19:59:51.521214Z  WARN benchmark::loadgen: Dispatch failed: Unexpected status code received: 500 Internal Server Error
2026-06-28T19:59:51.522252Z  WARN benchmark::loadgen: Dispatch failed: Unexpected status code received: 500 Internal Server Error
2026-06-28T19:59:51.522252Z  WARN benchmark::loadgen: Dispatch failed: Unexpected status code received: 500 Internal Server Error
2026-06-28T19:59:51.527191Z  WARN benchmark::loadgen: Dispatch failed: Unexpected status code received: 500 Internal Server Error
2026-06-28T19:59:51.529696Z  WARN benchmark::loadgen: Dispatch failed: Unexpected status code received: 500 Internal Server Error
2026-06-28T19:59:51.533270Z  WARN benchmark::loadgen: Dispatch failed: Unexpected status code received: 500 Internal Server Error
2026-06-28T19:59:51.534722Z  WARN benchmark::loadgen: Dispatch failed: Unexpected status code received: 500 Internal Server Error
2026-06-28T19:59:51.536185Z  WARN benchmark::loadgen: Dispatch failed: Unexpected status code received: 500 Internal Server Error
2026-06-28T19:59:51.537751Z  WARN benchmark::loadgen: Dispatch failed: Unexpected status code received: 500 Internal Server Error
2026-06-28T19:59:51.538253Z  WARN benchmark::loadgen: Dispatch failed: Unexpected status code received: 500 Internal Server Error
2026-06-28T19:59:51.541755Z  WARN benchmark::loadgen: Dispatch failed: Unexpected status code received: 500 Internal Server Error
2026-06-28T19:59:51.542272Z  WARN benchmark::loadgen: Dispatch failed: Unexpected status code received: 500 Internal Server Error
2026-06-28T19:59:51.545912Z  WARN benchmark::loadgen: Dispatch failed: Unexpected status code received: 500 Internal Server Error
2026-06-28T19:59:51.546261Z  WARN benchmark::loadgen: Dispatch failed: Unexpected status code received: 500 Internal Server Error
2026-06-28T19:59:51.548263Z  WARN benchmark::loadgen: Dispatch failed: Unexpected status code received: 500 Internal Server Error
2026-06-28T19:59:51.550246Z  WARN benchmark::loadgen: Dispatch failed: Unexpected status code received: 500 Internal Server Error
2026-06-28T19:59:51.553217Z  WARN benchmark::loadgen: Dispatch failed: Unexpected status code received: 500 Internal Server Error
2026-06-28T19:59:51.554238Z  WARN benchmark::loadgen: Dispatch failed: Unexpected status code received: 500 Internal Server Error
2026-06-28T19:59:51.558148Z  WARN benchmark::loadgen: Dispatch failed: Unexpected status code received: 500 Internal Server Error
2026-06-28T19:59:51.560698Z  WARN benchmark::loadgen: Dispatch failed: Unexpected status code received: 500 Internal Server Error
2026-06-28T19:59:51.563165Z  WARN benchmark::loadgen: Dispatch failed: Unexpected status code received: 500 Internal Server Error
2026-06-28T19:59:51.565169Z  WARN benchmark::loadgen: Dispatch failed: Unexpected status code received: 500 Internal Server Error
2026-06-28T19:59:51.566281Z  WARN benchmark::loadgen: Dispatch failed: Unexpected status code received: 500 Internal Server Error
2026-06-28T19:59:51.567278Z  WARN benchmark::loadgen: Dispatch failed: Unexpected status code received: 500 Internal Server Error
2026-06-28T19:59:51.569633Z  WARN benchmark::loadgen: Dispatch failed: Unexpected status code received: 500 Internal Server Error
2026-06-28T19:59:51.570618Z  WARN benchmark::loadgen: Dispatch failed: Unexpected status code received: 500 Internal Server Error
2026-06-28T19:59:51.572301Z  WARN benchmark::loadgen: Dispatch failed: Unexpected status code received: 500 Internal Server Error
2026-06-28T19:59:51.574200Z  WARN benchmark::loadgen: Dispatch failed: Unexpected status code received: 500 Internal Server Error
2026-06-28T19:59:51.579602Z  WARN benchmark::loadgen: Dispatch failed: Unexpected status code received: 500 Internal Server Error
2026-06-28T19:59:51.580567Z  WARN benchmark::loadgen: Dispatch failed: Unexpected status code received: 500 Internal Server Error
2026-06-28T19:59:51.580624Z  WARN benchmark::loadgen: Dispatch failed: Unexpected status code received: 500 Internal Server Error
2026-06-28T19:59:51.583309Z  WARN benchmark::loadgen: Dispatch failed: Unexpected status code received: 500 Internal Server Error
2026-06-28T19:59:51.584295Z  WARN benchmark::loadgen: Dispatch failed: Unexpected status code received: 500 Internal Server Error
2026-06-28T19:59:51.585434Z  WARN benchmark::loadgen: Dispatch failed: Unexpected status code received: 500 Internal Server Error
2026-06-28T19:59:51.588334Z  WARN benchmark::loadgen: Dispatch failed: Unexpected status code received: 500 Internal Server Error
2026-06-28T19:59:51.589318Z  WARN benchmark::loadgen: Dispatch failed: Unexpected status code received: 500 Internal Server Error
2026-06-28T19:59:51.590443Z  WARN benchmark::loadgen: Dispatch failed: Unexpected status code received: 500 Internal Server Error
2026-06-28T19:59:51.590630Z  WARN benchmark::loadgen: Dispatch failed: Unexpected status code received: 500 Internal Server Error
2026-06-28T19:59:51.591238Z  WARN benchmark::loadgen: Dispatch failed: Unexpected status code received: 500 Internal Server Error
2026-06-28T19:59:51.593628Z  WARN benchmark::loadgen: Dispatch failed: Unexpected status code received: 500 Internal Server Error
2026-06-28T19:59:51.594538Z  WARN benchmark::loadgen: Dispatch failed: Unexpected status code received: 500 Internal Server Error
2026-06-28T19:59:51.595524Z  WARN benchmark::loadgen: Dispatch failed: Unexpected status code received: 500 Internal Server Error
2026-06-28T19:59:51.597490Z  WARN benchmark::loadgen: Dispatch failed: Unexpected status code received: 500 Internal Server Error
2026-06-28T19:59:51.602509Z  WARN benchmark::loadgen: Dispatch failed: Unexpected status code received: 500 Internal Server Error
2026-06-28T19:59:51.606265Z  WARN benchmark::loadgen: Dispatch failed: Unexpected status code received: 500 Internal Server Error
2026-06-28T19:59:51.608322Z  WARN benchmark::loadgen: Dispatch failed: Unexpected status code received: 500 Internal Server Error
2026-06-28T19:59:51.609305Z  WARN benchmark::loadgen: Dispatch failed: Unexpected status code received: 500 Internal Server Error
2026-06-28T19:59:51.610271Z  WARN benchmark::loadgen: Dispatch failed: Unexpected status code received: 500 Internal Server Error
2026-06-28T19:59:51.611212Z  WARN benchmark::loadgen: Dispatch failed: Unexpected status code received: 500 Internal Server Error
2026-06-28T19:59:51.612391Z  WARN benchmark::loadgen: Dispatch failed: Unexpected status code received: 500 Internal Server Error
2026-06-28T19:59:51.614261Z  WARN benchmark::loadgen: Dispatch failed: Unexpected status code received: 500 Internal Server Error
2026-06-28T19:59:51.615222Z  WARN benchmark::loadgen: Dispatch failed: Unexpected status code received: 500 Internal Server Error
2026-06-28T19:59:51.617257Z  WARN benchmark::loadgen: Dispatch failed: Unexpected status code received: 500 Internal Server Error
2026-06-28T19:59:51.619254Z  WARN benchmark::loadgen: Dispatch failed: Unexpected status code received: 500 Internal Server Error
2026-06-28T19:59:51.625222Z  WARN benchmark::loadgen: Dispatch failed: Unexpected status code received: 500 Internal Server Error
2026-06-28T19:59:51.626268Z  WARN benchmark::loadgen: Dispatch failed: Unexpected status code received: 500 Internal Server Error
2026-06-28T19:59:51.627205Z  WARN benchmark::loadgen: Dispatch failed: Unexpected status code received: 500 Internal Server Error
2026-06-28T19:59:51.631343Z  WARN benchmark::loadgen: Dispatch failed: Unexpected status code received: 500 Internal Server Error
2026-06-28T19:59:51.634266Z  WARN benchmark::loadgen: Dispatch failed: Unexpected status code received: 500 Internal Server Error
2026-06-28T19:59:51.635173Z  WARN benchmark::loadgen: Dispatch failed: Unexpected status code received: 500 Internal Server Error
2026-06-28T19:59:51.638189Z  WARN benchmark::loadgen: Dispatch failed: Unexpected status code received: 500 Internal Server Error
2026-06-28T19:59:51.638192Z  WARN benchmark::loadgen: Dispatch failed: Unexpected status code received: 500 Internal Server Error
2026-06-28T19:59:51.639222Z  WARN benchmark::loadgen: Dispatch failed: Unexpected status code received: 500 Internal Server Error
2026-06-28T19:59:51.642864Z  WARN benchmark::loadgen: Dispatch failed: Unexpected status code received: 500 Internal Server Error
2026-06-28T19:59:51.643217Z  WARN benchmark::loadgen: Dispatch failed: Unexpected status code received: 500 Internal Server Error
2026-06-28T19:59:51.645227Z  WARN benchmark::loadgen: Dispatch failed: Unexpected status code received: 500 Internal Server Error
2026-06-28T19:59:51.646264Z  WARN benchmark::loadgen: Dispatch failed: Unexpected status code received: 500 Internal Server Error
2026-06-28T19:59:51.647228Z  WARN benchmark::loadgen: Dispatch failed: Unexpected status code received: 500 Internal Server Error
2026-06-28T19:59:51.648183Z  WARN benchmark::loadgen: Dispatch failed: Unexpected status code received: 500 Internal Server Error
2026-06-28T19:59:51.649372Z  WARN benchmark::loadgen: Dispatch failed: Unexpected status code received: 500 Internal Server Error
2026-06-28T19:59:51.651282Z  WARN benchmark::loadgen: Dispatch failed: Unexpected status code received: 500 Internal Server Error
2026-06-28T19:59:51.652178Z  WARN benchmark::loadgen: Dispatch failed: Unexpected status code received: 500 Internal Server Error
2026-06-28T19:59:51.653698Z  WARN benchmark::loadgen: Dispatch failed: Unexpected status code received: 500 Internal Server Error
2026-06-28T19:59:51.655164Z  WARN benchmark::loadgen: Dispatch failed: Unexpected status code received: 500 Internal Server Error
2026-06-28T19:59:51.658620Z  WARN benchmark::loadgen: Dispatch failed: Unexpected status code received: 500 Internal Server Error
2026-06-28T19:59:51.662362Z  WARN benchmark::loadgen: Dispatch failed: Unexpected status code received: 500 Internal Server Error
2026-06-28T19:59:51.663179Z  WARN benchmark::loadgen: Dispatch failed: Unexpected status code received: 500 Internal Server Error
2026-06-28T19:59:51.668302Z  WARN benchmark::loadgen: Dispatch failed: Unexpected status code received: 500 Internal Server Error
2026-06-28T19:59:51.670749Z  WARN benchmark::loadgen: Dispatch failed: Unexpected status code received: 500 Internal Server Error
2026-06-28T19:59:51.672236Z  WARN benchmark::loadgen: Dispatch failed: Unexpected status code received: 500 Internal Server Error
2026-06-28T19:59:51.672272Z  WARN benchmark::loadgen: Dispatch failed: Unexpected status code received: 500 Internal Server Error
2026-06-28T19:59:51.675220Z  WARN benchmark::loadgen: Dispatch failed: Unexpected status code received: 500 Internal Server Error
2026-06-28T19:59:51.676199Z  WARN benchmark::loadgen: Dispatch failed: Unexpected status code received: 500 Internal Server Error
2026-06-28T19:59:51.677215Z  WARN benchmark::loadgen: Dispatch failed: Unexpected status code received: 500 Internal Server Error
2026-06-28T19:59:51.680692Z  WARN benchmark::loadgen: Dispatch failed: Unexpected status code received: 500 Internal Server Error
2026-06-28T19:59:51.683734Z  WARN benchmark::loadgen: Dispatch failed: Unexpected status code received: 500 Internal Server Error
2026-06-28T19:59:51.684196Z  WARN benchmark::loadgen: Dispatch failed: Unexpected status code received: 500 Internal Server Error
2026-06-28T19:59:51.687777Z  WARN benchmark::loadgen: Dispatch failed: Unexpected status code received: 500 Internal Server Error
2026-06-28T19:59:51.688220Z  WARN benchmark::loadgen: Dispatch failed: Unexpected status code received: 500 Internal Server Error
2026-06-28T19:59:51.692238Z  WARN benchmark::loadgen: Dispatch failed: Unexpected status code received: 500 Internal Server Error
2026-06-28T19:59:51.692240Z  WARN benchmark::loadgen: Dispatch failed: Unexpected status code received: 500 Internal Server Error
2026-06-28T19:59:51.694730Z  WARN benchmark::loadgen: Dispatch failed: Unexpected status code received: 500 Internal Server Error
2026-06-28T19:59:51.697180Z  WARN benchmark::loadgen: Dispatch failed: Unexpected status code received: 500 Internal Server Error
2026-06-28T19:59:51.698656Z  WARN benchmark::loadgen: Dispatch failed: Unexpected status code received: 500 Internal Server Error
2026-06-28T19:59:51.700572Z  WARN benchmark::loadgen: Dispatch failed: Unexpected status code received: 500 Internal Server Error
2026-06-28T19:59:51.702647Z  WARN benchmark::loadgen: Dispatch failed: Unexpected status code received: 500 Internal Server Error
2026-06-28T19:59:51.704529Z  WARN benchmark::loadgen: Dispatch failed: Unexpected status code received: 500 Internal Server Error
2026-06-28T19:59:51.706249Z  WARN benchmark::loadgen: Dispatch failed: Unexpected status code received: 500 Internal Server Error
2026-06-28T19:59:51.707151Z  WARN benchmark::loadgen: Dispatch failed: Unexpected status code received: 500 Internal Server Error
2026-06-28T19:59:51.709434Z  WARN benchmark::loadgen: Dispatch failed: Unexpected status code received: 500 Internal Server Error
2026-06-28T19:59:51.710385Z  WARN benchmark::loadgen: Dispatch failed: Unexpected status code received: 500 Internal Server Error
2026-06-28T19:59:51.712466Z  WARN benchmark::loadgen: Dispatch failed: Unexpected status code received: 500 Internal Server Error
2026-06-28T19:59:51.712572Z  WARN benchmark::loadgen: Dispatch failed: Unexpected status code received: 500 Internal Server Error
2026-06-28T19:59:51.714383Z  WARN benchmark::loadgen: Dispatch failed: Unexpected status code received: 500 Internal Server Error
2026-06-28T19:59:51.715368Z  WARN benchmark::loadgen: Dispatch failed: Unexpected status code received: 500 Internal Server Error
2026-06-28T19:59:51.717293Z  WARN benchmark::loadgen: Dispatch failed: Unexpected status code received: 500 Internal Server Error
2026-06-28T19:59:51.720253Z  WARN benchmark::loadgen: Dispatch failed: Unexpected status code received: 500 Internal Server Error
2026-06-28T19:59:51.720253Z  WARN benchmark::loadgen: Dispatch failed: Unexpected status code received: 500 Internal Server Error
2026-06-28T19:59:51.722278Z  WARN benchmark::loadgen: Dispatch failed: Unexpected status code received: 500 Internal Server Error
2026-06-28T19:59:51.725206Z  WARN benchmark::loadgen: Dispatch failed: Unexpected status code received: 500 Internal Server Error
2026-06-28T19:59:51.728184Z  WARN benchmark::loadgen: Dispatch failed: Unexpected status code received: 500 Internal Server Error
2026-06-28T19:59:51.729228Z  WARN benchmark::loadgen: Dispatch failed: Unexpected status code received: 500 Internal Server Error
2026-06-28T19:59:51.731303Z  WARN benchmark::loadgen: Dispatch failed: Unexpected status code received: 500 Internal Server Error
2026-06-28T19:59:51.731525Z  WARN benchmark::loadgen: Dispatch failed: Unexpected status code received: 500 Internal Server Error
2026-06-28T19:59:51.734212Z  WARN benchmark::loadgen: Dispatch failed: Unexpected status code received: 500 Internal Server Error
2026-06-28T19:59:51.735176Z  WARN benchmark::loadgen: Dispatch failed: Unexpected status code received: 500 Internal Server Error
2026-06-28T19:59:51.736196Z  WARN benchmark::loadgen: Dispatch failed: Unexpected status code received: 500 Internal Server Error
2026-06-28T19:59:51.740206Z  WARN benchmark::loadgen: Dispatch failed: Unexpected status code received: 500 Internal Server Error
2026-06-28T19:59:51.744187Z  WARN benchmark::loadgen: Dispatch failed: Unexpected status code received: 500 Internal Server Error
2026-06-28T19:59:51.744247Z  WARN benchmark::loadgen: Dispatch failed: Unexpected status code received: 500 Internal Server Error
2026-06-28T19:59:51.747192Z  WARN benchmark::loadgen: Dispatch failed: Unexpected status code received: 500 Internal Server Error
2026-06-28T19:59:51.748204Z  WARN benchmark::loadgen: Dispatch failed: Unexpected status code received: 500 Internal Server Error
2026-06-28T19:59:51.750184Z  WARN benchmark::loadgen: Dispatch failed: Unexpected status code received: 500 Internal Server Error
2026-06-28T19:59:51.752160Z  WARN benchmark::loadgen: Dispatch failed: Unexpected status code received: 500 Internal Server Error
2026-06-28T19:59:51.757203Z  WARN benchmark::loadgen: Dispatch failed: Unexpected status code received: 500 Internal Server Error
2026-06-28T19:59:51.758200Z  WARN benchmark::loadgen: Dispatch failed: Unexpected status code received: 500 Internal Server Error
2026-06-28T19:59:51.759168Z  WARN benchmark::loadgen: Dispatch failed: Unexpected status code received: 500 Internal Server Error
2026-06-28T19:59:51.762234Z  WARN benchmark::loadgen: Dispatch failed: Unexpected status code received: 500 Internal Server Error
2026-06-28T19:59:51.763191Z  WARN benchmark::loadgen: Dispatch failed: Unexpected status code received: 500 Internal Server Error
2026-06-28T19:59:51.764178Z  WARN benchmark::loadgen: Dispatch failed: Unexpected status code received: 500 Internal Server Error
2026-06-28T19:59:51.767221Z  WARN benchmark::loadgen: Dispatch failed: Unexpected status code received: 500 Internal Server Error
2026-06-28T19:59:51.771219Z  WARN benchmark::loadgen: Dispatch failed: Unexpected status code received: 500 Internal Server Error
2026-06-28T19:59:51.772285Z  WARN benchmark::loadgen: Dispatch failed: Unexpected status code received: 500 Internal Server Error
2026-06-28T19:59:51.774207Z  WARN benchmark::loadgen: Dispatch failed: Unexpected status code received: 500 Internal Server Error
2026-06-28T19:59:51.777672Z  WARN benchmark::loadgen: Dispatch failed: Unexpected status code received: 500 Internal Server Error
2026-06-28T19:59:51.778170Z  WARN benchmark::loadgen: Dispatch failed: Unexpected status code received: 500 Internal Server Error
2026-06-28T19:59:51.782580Z  WARN benchmark::loadgen: Dispatch failed: Unexpected status code received: 500 Internal Server Error
2026-06-28T19:59:51.783541Z  WARN benchmark::loadgen: Dispatch failed: Unexpected status code received: 500 Internal Server Error
2026-06-28T19:59:51.784191Z  WARN benchmark::loadgen: Dispatch failed: Unexpected status code received: 500 Internal Server Error
2026-06-28T19:59:51.786746Z  WARN benchmark::loadgen: Dispatch failed: Unexpected status code received: 500 Internal Server Error
2026-06-28T19:59:51.787200Z  WARN benchmark::loadgen: Dispatch failed: Unexpected status code received: 500 Internal Server Error
2026-06-28T19:59:51.790474Z  WARN benchmark::loadgen: Dispatch failed: Unexpected status code received: 500 Internal Server Error
2026-06-28T19:59:51.791417Z  WARN benchmark::loadgen: Dispatch failed: Unexpected status code received: 500 Internal Server Error
2026-06-28T19:59:51.793552Z  WARN benchmark::loadgen: Dispatch failed: Unexpected status code received: 500 Internal Server Error
2026-06-28T19:59:51.796448Z  WARN benchmark::loadgen: Dispatch failed: Unexpected status code received: 500 Internal Server Error
2026-06-28T19:59:51.796571Z  WARN benchmark::loadgen: Dispatch failed: Unexpected status code received: 500 Internal Server Error
2026-06-28T19:59:51.800315Z  WARN benchmark::loadgen: Dispatch failed: Unexpected status code received: 500 Internal Server Error
2026-06-28T19:59:51.801291Z  WARN benchmark::loadgen: Dispatch failed: Unexpected status code received: 500 Internal Server Error
2026-06-28T19:59:51.804304Z  WARN benchmark::loadgen: Dispatch failed: Unexpected status code received: 500 Internal Server Error
2026-06-28T19:59:51.806498Z  WARN benchmark::loadgen: Dispatch failed: Unexpected status code received: 500 Internal Server Error
2026-06-28T19:59:51.808519Z  WARN benchmark::loadgen: Dispatch failed: Unexpected status code received: 500 Internal Server Error
2026-06-28T19:59:51.809473Z  WARN benchmark::loadgen: Dispatch failed: Unexpected status code received: 500 Internal Server Error
2026-06-28T19:59:51.810174Z  WARN benchmark::loadgen: Dispatch failed: Unexpected status code received: 500 Internal Server Error
2026-06-28T19:59:51.811454Z  WARN benchmark::loadgen: Dispatch failed: Unexpected status code received: 500 Internal Server Error
2026-06-28T19:59:51.815472Z  WARN benchmark::loadgen: Dispatch failed: Unexpected status code received: 500 Internal Server Error
2026-06-28T19:59:51.816560Z  WARN benchmark::loadgen: Dispatch failed: Unexpected status code received: 500 Internal Server Error
2026-06-28T19:59:51.819353Z  WARN benchmark::loadgen: Dispatch failed: Unexpected status code received: 500 Internal Server Error
2026-06-28T19:59:51.820306Z  WARN benchmark::loadgen: Dispatch failed: Unexpected status code received: 500 Internal Server Error
2026-06-28T19:59:51.823401Z  WARN benchmark::loadgen: Dispatch failed: Unexpected status code received: 500 Internal Server Error
2026-06-28T19:59:51.826393Z  WARN benchmark::loadgen: Dispatch failed: Unexpected status code received: 500 Internal Server Error
2026-06-28T19:59:51.827373Z  WARN benchmark::loadgen: Dispatch failed: Unexpected status code received: 500 Internal Server Error
2026-06-28T19:59:51.830244Z  WARN benchmark::loadgen: Dispatch failed: Unexpected status code received: 500 Internal Server Error
2026-06-28T19:59:51.831232Z  WARN benchmark::loadgen: Dispatch failed: Unexpected status code received: 500 Internal Server Error
2026-06-28T19:59:51.832196Z  WARN benchmark::loadgen: Dispatch failed: Unexpected status code received: 500 Internal Server Error
2026-06-28T19:59:51.836370Z  WARN benchmark::loadgen: Dispatch failed: Unexpected status code received: 500 Internal Server Error
2026-06-28T19:59:51.840218Z  WARN benchmark::loadgen: Dispatch failed: Unexpected status code received: 500 Internal Server Error
2026-06-28T19:59:51.841895Z  WARN benchmark::loadgen: Dispatch failed: Unexpected status code received: 500 Internal Server Error
2026-06-28T19:59:51.843058Z  WARN benchmark::loadgen: Dispatch failed: Unexpected status code received: 500 Internal Server Error
2026-06-28T19:59:51.844684Z  WARN benchmark::loadgen: Dispatch failed: Unexpected status code received: 500 Internal Server Error
2026-06-28T19:59:51.846383Z  WARN benchmark::loadgen: Dispatch failed: Unexpected status code received: 500 Internal Server Error
2026-06-28T19:59:51.847253Z  WARN benchmark::loadgen: Dispatch failed: Unexpected status code received: 500 Internal Server Error
2026-06-28T19:59:51.848236Z  WARN benchmark::loadgen: Dispatch failed: Unexpected status code received: 500 Internal Server Error
2026-06-28T19:59:51.850251Z  WARN benchmark::loadgen: Dispatch failed: Unexpected status code received: 500 Internal Server Error
2026-06-28T19:59:51.852316Z  WARN benchmark::loadgen: Dispatch failed: Unexpected status code received: 500 Internal Server Error
2026-06-28T19:59:51.854281Z  WARN benchmark::loadgen: Dispatch failed: Unexpected status code received: 500 Internal Server Error
2026-06-28T19:59:51.855250Z  WARN benchmark::loadgen: Dispatch failed: Unexpected status code received: 500 Internal Server Error
2026-06-28T19:59:51.856182Z  WARN benchmark::loadgen: Dispatch failed: Unexpected status code received: 500 Internal Server Error
2026-06-28T19:59:51.858188Z  WARN benchmark::loadgen: Dispatch failed: Unexpected status code received: 500 Internal Server Error
2026-06-28T19:59:51.861224Z  WARN benchmark::loadgen: Dispatch failed: Unexpected status code received: 500 Internal Server Error
2026-06-28T19:59:51.864188Z  WARN benchmark::loadgen: Dispatch failed: Unexpected status code received: 500 Internal Server Error
2026-06-28T19:59:51.868178Z  WARN benchmark::loadgen: Dispatch failed: Unexpected status code received: 500 Internal Server Error
2026-06-28T19:59:51.869272Z  WARN benchmark::loadgen: Dispatch failed: Unexpected status code received: 500 Internal Server Error
2026-06-28T19:59:51.870201Z  WARN benchmark::loadgen: Dispatch failed: Unexpected status code received: 500 Internal Server Error
2026-06-28T19:59:51.874246Z  WARN benchmark::loadgen: Dispatch failed: Unexpected status code received: 500 Internal Server Error
2026-06-28T19:59:51.877170Z  WARN benchmark::loadgen: Dispatch failed: Unexpected status code received: 500 Internal Server Error
2026-06-28T19:59:51.878206Z  WARN benchmark::loadgen: Dispatch failed: Unexpected status code received: 500 Internal Server Error
2026-06-28T19:59:51.881733Z  WARN benchmark::loadgen: Dispatch failed: Unexpected status code received: 500 Internal Server Error
2026-06-28T19:59:51.882290Z  WARN benchmark::loadgen: Dispatch failed: Unexpected status code received: 500 Internal Server Error
2026-06-28T19:59:51.886195Z  WARN benchmark::loadgen: Dispatch failed: Unexpected status code received: 500 Internal Server Error
2026-06-28T19:59:51.888222Z  WARN benchmark::loadgen: Dispatch failed: Unexpected status code received: 500 Internal Server Error
2026-06-28T19:59:51.890183Z  WARN benchmark::loadgen: Dispatch failed: Unexpected status code received: 500 Internal Server Error
2026-06-28T19:59:51.891946Z  WARN benchmark::loadgen: Dispatch failed: Unexpected status code received: 500 Internal Server Error
2026-06-28T19:59:51.892251Z  WARN benchmark::loadgen: Dispatch failed: Unexpected status code received: 500 Internal Server Error
2026-06-28T19:59:51.893156Z  WARN benchmark::loadgen: Dispatch failed: Unexpected status code received: 500 Internal Server Error
2026-06-28T19:59:51.898180Z  WARN benchmark::loadgen: Dispatch failed: Unexpected status code received: 500 Internal Server Error
2026-06-28T19:59:51.898187Z  WARN benchmark::loadgen: Dispatch failed: Unexpected status code received: 500 Internal Server Error
2026-06-28T19:59:51.900180Z  WARN benchmark::loadgen: Dispatch failed: Unexpected status code received: 500 Internal Server Error
2026-06-28T19:59:51.905178Z  WARN benchmark::loadgen: Dispatch failed: Unexpected status code received: 500 Internal Server Error
2026-06-28T19:59:51.905235Z  WARN benchmark::loadgen: Dispatch failed: Unexpected status code received: 500 Internal Server Error
2026-06-28T19:59:51.907153Z  WARN benchmark::loadgen: Dispatch failed: Unexpected status code received: 500 Internal Server Error
2026-06-28T19:59:51.909685Z  WARN benchmark::loadgen: Dispatch failed: Unexpected status code received: 500 Internal Server Error
2026-06-28T19:59:51.910157Z  WARN benchmark::loadgen: Dispatch failed: Unexpected status code received: 500 Internal Server Error
2026-06-28T19:59:51.912577Z  WARN benchmark::loadgen: Dispatch failed: Unexpected status code received: 500 Internal Server Error
2026-06-28T19:59:51.913623Z  WARN benchmark::loadgen: Dispatch failed: Unexpected status code received: 500 Internal Server Error
2026-06-28T19:59:51.915204Z  WARN benchmark::loadgen: Dispatch failed: Unexpected status code received: 500 Internal Server Error
2026-06-28T19:59:51.916219Z  WARN benchmark::loadgen: Dispatch failed: Unexpected status code received: 500 Internal Server Error
2026-06-28T19:59:51.918493Z  WARN benchmark::loadgen: Dispatch failed: Unexpected status code received: 500 Internal Server Error
2026-06-28T19:59:51.920495Z  WARN benchmark::loadgen: Dispatch failed: Unexpected status code received: 500 Internal Server Error
2026-06-28T19:59:51.921445Z  WARN benchmark::loadgen: Dispatch failed: Unexpected status code received: 500 Internal Server Error
2026-06-28T19:59:51.922545Z  WARN benchmark::loadgen: Dispatch failed: Unexpected status code received: 500 Internal Server Error
2026-06-28T19:59:51.925494Z  WARN benchmark::loadgen: Dispatch failed: Unexpected status code received: 500 Internal Server Error
2026-06-28T19:59:51.926263Z  WARN benchmark::loadgen: Dispatch failed: Unexpected status code received: 500 Internal Server Error
2026-06-28T19:59:51.927220Z  WARN benchmark::loadgen: Dispatch failed: Unexpected status code received: 500 Internal Server Error
2026-06-28T19:59:51.929518Z  WARN benchmark::loadgen: Dispatch failed: Unexpected status code received: 500 Internal Server Error
2026-06-28T19:59:51.930473Z  WARN benchmark::loadgen: Dispatch failed: Unexpected status code received: 500 Internal Server Error
2026-06-28T19:59:51.931436Z  WARN benchmark::loadgen: Dispatch failed: Unexpected status code received: 500 Internal Server Error
2026-06-28T19:59:51.935509Z  WARN benchmark::loadgen: Dispatch failed: Unexpected status code received: 500 Internal Server Error
2026-06-28T19:59:51.939250Z  WARN benchmark::loadgen: Dispatch failed: Unexpected status code received: 500 Internal Server Error
2026-06-28T19:59:51.940192Z  WARN benchmark::loadgen: Dispatch failed: Unexpected status code received: 500 Internal Server Error
2026-06-28T19:59:51.942213Z  WARN benchmark::loadgen: Dispatch failed: Unexpected status code received: 500 Internal Server Error
2026-06-28T19:59:51.943230Z  WARN benchmark::loadgen: Dispatch failed: Unexpected status code received: 500 Internal Server Error
2026-06-28T19:59:51.944342Z  WARN benchmark::loadgen: Dispatch failed: Unexpected status code received: 500 Internal Server Error
2026-06-28T19:59:51.945198Z  WARN benchmark::loadgen: Dispatch failed: Unexpected status code received: 500 Internal Server Error
2026-06-28T19:59:51.949228Z  WARN benchmark::loadgen: Dispatch failed: Unexpected status code received: 500 Internal Server Error
2026-06-28T19:59:51.952408Z  WARN benchmark::loadgen: Dispatch failed: Unexpected status code received: 500 Internal Server Error
2026-06-28T19:59:51.953316Z  WARN benchmark::loadgen: Dispatch failed: Unexpected status code received: 500 Internal Server Error
2026-06-28T19:59:51.954266Z  WARN benchmark::loadgen: Dispatch failed: Unexpected status code received: 500 Internal Server Error
2026-06-28T19:59:51.955254Z  WARN benchmark::loadgen: Dispatch failed: Unexpected status code received: 500 Internal Server Error
2026-06-28T19:59:51.960182Z  WARN benchmark::loadgen: Dispatch failed: Unexpected status code received: 500 Internal Server Error
2026-06-28T19:59:51.962166Z  WARN benchmark::loadgen: Dispatch failed: Unexpected status code received: 500 Internal Server Error
2026-06-28T19:59:51.965175Z  WARN benchmark::loadgen: Dispatch failed: Unexpected status code received: 500 Internal Server Error
2026-06-28T19:59:51.966179Z  WARN benchmark::loadgen: Dispatch failed: Unexpected status code received: 500 Internal Server Error
2026-06-28T19:59:51.970172Z  WARN benchmark::loadgen: Dispatch failed: Unexpected status code received: 500 Internal Server Error
2026-06-28T19:59:51.970235Z  WARN benchmark::loadgen: Dispatch failed: Unexpected status code received: 500 Internal Server Error
2026-06-28T19:59:51.973196Z  WARN benchmark::loadgen: Dispatch failed: Unexpected status code received: 500 Internal Server Error
2026-06-28T19:59:51.974208Z  WARN benchmark::loadgen: Dispatch failed: Unexpected status code received: 500 Internal Server Error
2026-06-28T19:59:51.975177Z  WARN benchmark::loadgen: Dispatch failed: Unexpected status code received: 500 Internal Server Error
2026-06-28T19:59:51.976185Z  WARN benchmark::loadgen: Dispatch failed: Unexpected status code received: 500 Internal Server Error
2026-06-28T19:59:51.980177Z  WARN benchmark::loadgen: Dispatch failed: Unexpected status code received: 500 Internal Server Error
2026-06-28T19:59:51.983254Z  WARN benchmark::loadgen: Dispatch failed: Unexpected status code received: 500 Internal Server Error
2026-06-28T19:59:51.985197Z  WARN benchmark::loadgen: Dispatch failed: Unexpected status code received: 500 Internal Server Error
2026-06-28T19:59:51.988233Z  WARN benchmark::loadgen: Dispatch failed: Unexpected status code received: 500 Internal Server Error
2026-06-28T19:59:51.989211Z  WARN benchmark::loadgen: Dispatch failed: Unexpected status code received: 500 Internal Server Error
2026-06-28T19:59:51.991737Z  WARN benchmark::loadgen: Dispatch failed: Unexpected status code received: 500 Internal Server Error
2026-06-28T19:59:51.993277Z  WARN benchmark::loadgen: Dispatch failed: Unexpected status code received: 500 Internal Server Error
2026-06-28T19:59:51.994455Z  WARN benchmark::loadgen: Dispatch failed: Unexpected status code received: 500 Internal Server Error
2026-06-28T19:59:51.994609Z  WARN benchmark::loadgen: Dispatch failed: Unexpected status code received: 500 Internal Server Error
2026-06-28T19:59:51.999346Z  WARN benchmark::loadgen: Dispatch failed: Unexpected status code received: 500 Internal Server Error
2026-06-28T19:59:51.999479Z  WARN benchmark::loadgen: Dispatch failed: Unexpected status code received: 500 Internal Server Error
2026-06-28T19:59:52.002308Z  WARN benchmark::loadgen: Dispatch failed: Unexpected status code received: 500 Internal Server Error
2026-06-28T19:59:52.003408Z  WARN benchmark::loadgen: Dispatch failed: Unexpected status code received: 500 Internal Server Error
2026-06-28T19:59:52.006249Z  WARN benchmark::loadgen: Dispatch failed: Unexpected status code received: 500 Internal Server Error
2026-06-28T19:59:52.008368Z  WARN benchmark::loadgen: Dispatch failed: Unexpected status code received: 500 Internal Server Error
2026-06-28T19:59:52.008460Z  WARN benchmark::loadgen: Dispatch failed: Unexpected status code received: 500 Internal Server Error
2026-06-28T19:59:52.010272Z  WARN benchmark::loadgen: Dispatch failed: Unexpected status code received: 500 Internal Server Error
2026-06-28T19:59:52.012191Z  WARN benchmark::loadgen: Dispatch failed: Unexpected status code received: 500 Internal Server Error
2026-06-28T19:59:52.013374Z  WARN benchmark::loadgen: Dispatch failed: Unexpected status code received: 500 Internal Server Error
2026-06-28T19:59:52.016202Z  WARN benchmark::loadgen: Dispatch failed: Unexpected status code received: 500 Internal Server Error
2026-06-28T19:59:52.017238Z  WARN benchmark::loadgen: Dispatch failed: Unexpected status code received: 500 Internal Server Error
2026-06-28T19:59:52.018272Z  WARN benchmark::loadgen: Dispatch failed: Unexpected status code received: 500 Internal Server Error
2026-06-28T19:59:52.021207Z  WARN benchmark::loadgen: Dispatch failed: Unexpected status code received: 500 Internal Server Error
2026-06-28T19:59:52.024213Z  WARN benchmark::loadgen: Dispatch failed: Unexpected status code received: 500 Internal Server Error
2026-06-28T19:59:52.025182Z  WARN benchmark::loadgen: Dispatch failed: Unexpected status code received: 500 Internal Server Error
2026-06-28T19:59:52.028278Z  WARN benchmark::loadgen: Dispatch failed: Unexpected status code received: 500 Internal Server Error
2026-06-28T19:59:52.032250Z  WARN benchmark::loadgen: Dispatch failed: Unexpected status code received: 500 Internal Server Error
2026-06-28T19:59:52.033215Z  WARN benchmark::loadgen: Dispatch failed: Unexpected status code received: 500 Internal Server Error
2026-06-28T19:59:52.033216Z  WARN benchmark::loadgen: Dispatch failed: Unexpected status code received: 500 Internal Server Error
2026-06-28T19:59:52.036167Z  WARN benchmark::loadgen: Dispatch failed: Unexpected status code received: 500 Internal Server Error
2026-06-28T19:59:52.036205Z  WARN benchmark::loadgen: Dispatch failed: Unexpected status code received: 500 Internal Server Error
2026-06-28T19:59:52.041175Z  WARN benchmark::loadgen: Dispatch failed: Unexpected status code received: 500 Internal Server Error
2026-06-28T19:59:52.041208Z  WARN benchmark::loadgen: Dispatch failed: Unexpected status code received: 500 Internal Server Error
2026-06-28T19:59:52.042177Z  WARN benchmark::loadgen: Dispatch failed: Unexpected status code received: 500 Internal Server Error
2026-06-28T19:59:52.044202Z  WARN benchmark::loadgen: Dispatch failed: Unexpected status code received: 500 Internal Server Error
2026-06-28T19:59:52.045194Z  WARN benchmark::loadgen: Dispatch failed: Unexpected status code received: 500 Internal Server Error
2026-06-28T19:59:52.048205Z  WARN benchmark::loadgen: Dispatch failed: Unexpected status code received: 500 Internal Server Error
2026-06-28T19:59:52.049183Z  WARN benchmark::loadgen: Dispatch failed: Unexpected status code received: 500 Internal Server Error
2026-06-28T19:59:52.050167Z  WARN benchmark::loadgen: Dispatch failed: Unexpected status code received: 500 Internal Server Error
2026-06-28T19:59:52.053165Z  WARN benchmark::loadgen: Dispatch failed: Unexpected status code received: 500 Internal Server Error
2026-06-28T19:59:52.054255Z  WARN benchmark::loadgen: Dispatch failed: Unexpected status code received: 500 Internal Server Error
2026-06-28T19:59:52.057266Z  WARN benchmark::loadgen: Dispatch failed: Unexpected status code received: 500 Internal Server Error
2026-06-28T19:59:52.058154Z  WARN benchmark::loadgen: Dispatch failed: Unexpected status code received: 500 Internal Server Error
2026-06-28T19:59:52.062224Z  WARN benchmark::loadgen: Dispatch failed: Unexpected status code received: 500 Internal Server Error
2026-06-28T19:59:52.065260Z  WARN benchmark::loadgen: Dispatch failed: Unexpected status code received: 500 Internal Server Error
2026-06-28T19:59:52.066244Z  WARN benchmark::loadgen: Dispatch failed: Unexpected status code received: 500 Internal Server Error
2026-06-28T19:59:52.068373Z  WARN benchmark::loadgen: Dispatch failed: Unexpected status code received: 500 Internal Server Error
2026-06-28T19:59:52.070196Z  WARN benchmark::loadgen: Dispatch failed: Unexpected status code received: 500 Internal Server Error
2026-06-28T19:59:52.071261Z  WARN benchmark::loadgen: Dispatch failed: Unexpected status code received: 500 Internal Server Error
2026-06-28T19:59:52.073375Z  WARN benchmark::loadgen: Dispatch failed: Unexpected status code received: 500 Internal Server Error
2026-06-28T19:59:52.075219Z  WARN benchmark::loadgen: Dispatch failed: Unexpected status code received: 500 Internal Server Error
2026-06-28T19:59:52.077182Z  WARN benchmark::loadgen: Dispatch failed: Unexpected status code received: 500 Internal Server Error
2026-06-28T19:59:52.081203Z  WARN benchmark::loadgen: Dispatch failed: Unexpected status code received: 500 Internal Server Error
2026-06-28T19:59:52.081203Z  WARN benchmark::loadgen: Dispatch failed: Unexpected status code received: 500 Internal Server Error
2026-06-28T19:59:52.085216Z  WARN benchmark::loadgen: Dispatch failed: Unexpected status code received: 500 Internal Server Error
2026-06-28T19:59:52.087178Z  WARN benchmark::loadgen: Dispatch failed: Unexpected status code received: 500 Internal Server Error
2026-06-28T19:59:52.088363Z  WARN benchmark::loadgen: Dispatch failed: Unexpected status code received: 500 Internal Server Error
2026-06-28T19:59:52.090186Z  WARN benchmark::loadgen: Dispatch failed: Unexpected status code received: 500 Internal Server Error
2026-06-28T19:59:52.091192Z  WARN benchmark::loadgen: Dispatch failed: Unexpected status code received: 500 Internal Server Error
2026-06-28T19:59:52.094288Z  WARN benchmark::loadgen: Dispatch failed: Unexpected status code received: 500 Internal Server Error
2026-06-28T19:59:52.094288Z  WARN benchmark::loadgen: Dispatch failed: Unexpected status code received: 500 Internal Server Error
2026-06-28T19:59:52.096187Z  WARN benchmark::loadgen: Dispatch failed: Unexpected status code received: 500 Internal Server Error
2026-06-28T19:59:57.096435Z  INFO benchmark: Phase 6: Benchmark phases complete. Initiating teardown elapsed=45.002451003s
2026-06-28T19:59:57.096469Z  INFO benchmark: Terminating Lobby server process
2026-06-28T19:59:57.195693Z  INFO benchmark::metrics: Lobby telemetry UDS stream closed by server.
2026-06-28T19:59:57.196057Z  INFO benchmark: Lobby server process terminated
2026-06-28T19:59:57.196068Z  INFO benchmark: Tearing down infrastructure stack and cancelling tokens
2026-06-28T19:59:57.196075Z  INFO benchmark::infra::containers: Initiating explicit teardown of infrastructure containers...
2026-06-28T19:59:57.196624Z  INFO benchmark::mockrpc::router: Mockrpc server shut down chain_id=137 port=34227
2026-06-28T19:59:57.196671Z  INFO benchmark::mockrpc::router: Mockrpc server shut down chain_id=1 port=35279
2026-06-28T19:59:57.196626Z  INFO benchmark::mockrpc::router: Mockrpc server shut down chain_id=560048 port=40911
2026-06-28T19:59:58.070412Z  INFO benchmark::infra::containers: Infrastructure teardown complete.
2026-06-28T19:59:58.070779Z  INFO benchmark: Infrastructure stack torn down.
2026-06-28T19:59:58.070796Z  INFO benchmark: Phase 7: Generating latency and throughput report
2026-06-28T19:59:58.070805Z  INFO benchmark::metrics::deserialize: =======================================================
2026-06-28T19:59:58.070812Z  INFO benchmark::metrics::deserialize:   LOBBY PIPELINE LATENCY REPORT (Steady-State Window)
2026-06-28T19:59:58.070820Z  INFO benchmark::metrics::deserialize: =======================================================
2026-06-28T19:59:58.070830Z  INFO benchmark::metrics::deserialize: Total Samples Received: 20869
2026-06-28T19:59:58.070841Z  INFO benchmark::metrics::deserialize: Samples Filtered (Warmup/Drain): 6021
2026-06-28T19:59:58.070850Z  INFO benchmark::metrics::deserialize: -------------------------------------------------------
2026-06-28T19:59:58.070857Z  INFO benchmark::metrics::deserialize: RelayHost       | p50:      1µs | p95:      1µs | p99:      1µs | p99.9:      1µs | max:      1µs | dropped: 0
2026-06-28T19:59:58.070866Z  INFO benchmark::metrics::deserialize: Nonce Reserve   | p50:      1µs | p95:      1µs | p99:      1µs | p99.9:      1µs | max:      1µs | dropped: 0
2026-06-28T19:59:58.070876Z  INFO benchmark::metrics::deserialize: Sign (ECDSA)    | p50:      1µs | p95:      1µs | p99:      1µs | p99.9:      1µs | max:      1µs | dropped: 0
2026-06-28T19:59:58.070889Z  INFO benchmark::metrics::deserialize: Broadcast (RPC) | p50:      1µs | p95:      1µs | p99:      1µs | p99.9:      1µs | max:      1µs | dropped: 0
2026-06-28T19:59:58.070901Z  INFO benchmark::metrics::deserialize: Total Pipeline  | p50:      1µs | p95:      1µs | p99:      1µs | p99.9:      1µs | max:      1µs | dropped: 0
2026-06-28T19:59:58.070913Z  INFO benchmark::metrics::deserialize: =======================================================
2026-06-28T19:59:58.070923Z  INFO benchmark: Benchmark harness finished successfully. total_harness_time=83.165300303s
