2026-04-05T09:38:28.151724Z  INFO ThreadId(02) pipeline: starting pipeline test
2026-04-05T09:38:32.126113Z  INFO ThreadId(02) pipeline::containers: Anvil fork for chain 1 endpoint A on port 8545 online
2026-04-05T09:38:33.995263Z  INFO ThreadId(02) pipeline::containers: Anvil fork for chain 1 endpoint B on port 8546 online
2026-04-05T09:38:35.245080Z  INFO ThreadId(02) pipeline::containers: Anvil fork for chain 137 endpoint A on port 8547 online
2026-04-05T09:38:36.693619Z  INFO ThreadId(02) pipeline::containers: Anvil fork for chain 137 endpoint B on port 8548 online
2026-04-05T09:38:38.544595Z  INFO ThreadId(02) pipeline::containers: Anvil fork for chain 42161 endpoint A on port 8549 online
2026-04-05T09:38:39.787905Z  INFO ThreadId(02) pipeline::containers: Anvil fork for chain 42161 endpoint B on port 8550 online
2026-04-05T09:38:39.787952Z  INFO ThreadId(02) pipeline: all containers started succesfully
2026-04-05T09:38:47.402236Z  INFO ThreadId(02) pipeline: test accounts funded with 100 eth
2026-04-05T09:38:47.611308Z  INFO ThreadId(02) pipeline::helpers: Created endpoint pool for chain chain_id=1 endpoint_count=2
2026-04-05T09:38:47.816246Z  INFO ThreadId(02) pipeline::helpers: Created endpoint pool for chain chain_id=137 endpoint_count=2
2026-04-05T09:38:47.969168Z  INFO ThreadId(02) pipeline::helpers: Created endpoint pool for chain chain_id=42161 endpoint_count=2
2026-04-05T09:38:48.223865Z  INFO ThreadId(02) cortex::artifacts::state: StatusRegistry loaded artifacts_count=0
2026-04-05T09:38:48.223910Z  INFO ThreadId(02) cortex: cortex online
2026-04-05T09:38:48.223975Z  INFO ThreadId(02) pipeline: lobby app-router installed
2026-04-05T09:38:49.225458Z  INFO ThreadId(02) pipeline: Lobby server running lobby_server_url=http://127.0.0.1:3000
2026-04-05T09:38:49.267347Z  INFO ThreadId(14) lobby::server::handler: transaction submission accepted execution_id=812df8bb-2bf9-448f-86cb-86d9f595bc92 from=0xCFA80F1f22b0AD533F7d8e2CcC0A783aa4BCaFF3 chain_id=1
2026-04-05T09:38:49.267464Z  INFO ThreadId(06) lobby::server::handler: transaction submission accepted execution_id=95789508-4980-4731-b7c7-6055d2e75cd0 from=0x8AfE43fF49EBd5c4B8Cd1497ee77b437dd1711fc chain_id=1
2026-04-05T09:38:49.267505Z  INFO ThreadId(14) pipeline{execution_id=812df8bb-2bf9-448f-86cb-86d9f595bc92 chain_id=1 from_address=0xCFA80F1f22b0AD533F7d8e2CcC0A783aa4BCaFF3}: cortex::pipeline: Pipeline started elapsed_ms=0
2026-04-05T09:38:49.267538Z  INFO ThreadId(06) pipeline{execution_id=95789508-4980-4731-b7c7-6055d2e75cd0 chain_id=1 from_address=0x8AfE43fF49EBd5c4B8Cd1497ee77b437dd1711fc}: cortex::pipeline: Pipeline started elapsed_ms=0
2026-04-05T09:38:49.267662Z  INFO ThreadId(12) lobby::server::handler: transaction submission accepted execution_id=8ad2680a-63de-4438-ba15-4e86cbce246a from=0x8b172F820629b14cEAF859A6e159d1BcD3291Fe1 chain_id=1
2026-04-05T09:38:49.267795Z  INFO ThreadId(12) pipeline{execution_id=8ad2680a-63de-4438-ba15-4e86cbce246a chain_id=1 from_address=0x8b172F820629b14cEAF859A6e159d1BcD3291Fe1}: cortex::pipeline: Pipeline started elapsed_ms=0
2026-04-05T09:38:49.267918Z  INFO ThreadId(14) lobby::server::handler: transaction submission accepted execution_id=ec727be1-554c-4d3d-aa81-141155684baa from=0x8AfE43fF49EBd5c4B8Cd1497ee77b437dd1711fc chain_id=1
2026-04-05T09:38:49.267953Z  INFO ThreadId(06) lobby::server::handler: transaction submission accepted execution_id=107bc146-b615-4111-8131-d89a5ba3c752 from=0x8b172F820629b14cEAF859A6e159d1BcD3291Fe1 chain_id=137
2026-04-05T09:38:49.267999Z  INFO ThreadId(14) pipeline{execution_id=ec727be1-554c-4d3d-aa81-141155684baa chain_id=1 from_address=0x8AfE43fF49EBd5c4B8Cd1497ee77b437dd1711fc}: cortex::pipeline: Pipeline started elapsed_ms=0
2026-04-05T09:38:49.268019Z  INFO ThreadId(06) pipeline{execution_id=107bc146-b615-4111-8131-d89a5ba3c752 chain_id=137 from_address=0x8b172F820629b14cEAF859A6e159d1BcD3291Fe1}: cortex::pipeline: Pipeline started elapsed_ms=0
2026-04-05T09:38:49.271893Z  INFO ThreadId(14) lobby::server::handler: transaction submission accepted execution_id=8f3c1242-1491-43ee-99f3-e15295cf5426 from=0x8AfE43fF49EBd5c4B8Cd1497ee77b437dd1711fc chain_id=137
2026-04-05T09:38:49.271893Z  INFO ThreadId(17) lobby::server::handler: transaction submission accepted execution_id=be27e932-ff3c-4a93-842a-508c76e79f50 from=0x2EAC739a1e05F4a05a5B8fD93D332c4353E5A7cD chain_id=42161
2026-04-05T09:38:49.271902Z  INFO ThreadId(11) lobby::server::handler: transaction submission accepted execution_id=60b23f3d-cf31-4dbf-b684-1232d374e0c5 from=0x8b172F820629b14cEAF859A6e159d1BcD3291Fe1 chain_id=1
2026-04-05T09:38:49.271955Z  INFO ThreadId(05) lobby::server::handler: transaction submission accepted execution_id=0d91095b-3515-49db-aa04-02470a9696ff from=0x8AfE43fF49EBd5c4B8Cd1497ee77b437dd1711fc chain_id=42161
2026-04-05T09:38:49.271962Z  INFO ThreadId(18) lobby::server::handler: transaction submission accepted execution_id=c3dfc512-ae46-4d70-a53d-7eb0cb1efe7f from=0xfea6645D31443cF7Cf96eF1dB7823EB9365f98bf chain_id=1
2026-04-05T09:38:49.271975Z  INFO ThreadId(12) lobby::server::handler: transaction submission accepted execution_id=4583e515-e4a7-4236-8cd0-6524c2a39472 from=0xCFA80F1f22b0AD533F7d8e2CcC0A783aa4BCaFF3 chain_id=42161
2026-04-05T09:38:49.271985Z  INFO ThreadId(14) pipeline{execution_id=8f3c1242-1491-43ee-99f3-e15295cf5426 chain_id=137 from_address=0x8AfE43fF49EBd5c4B8Cd1497ee77b437dd1711fc}: cortex::pipeline: Pipeline started elapsed_ms=0
2026-04-05T09:38:49.271996Z  INFO ThreadId(11) pipeline{execution_id=60b23f3d-cf31-4dbf-b684-1232d374e0c5 chain_id=1 from_address=0x8b172F820629b14cEAF859A6e159d1BcD3291Fe1}: cortex::pipeline: Pipeline started elapsed_ms=0
2026-04-05T09:38:49.271989Z  INFO ThreadId(07) lobby::server::handler: transaction submission accepted execution_id=167c0ab0-19dc-4b91-9d65-7e24971d5a3d from=0x8b172F820629b14cEAF859A6e159d1BcD3291Fe1 chain_id=137
2026-04-05T09:38:49.272149Z  INFO ThreadId(14) lobby::server::handler: transaction submission accepted execution_id=deb12e5d-e6a1-4b4f-8bc4-a15536249df6 from=0x8b172F820629b14cEAF859A6e159d1BcD3291Fe1 chain_id=1
2026-04-05T09:38:49.272012Z  INFO ThreadId(06) lobby::server::handler: transaction submission accepted execution_id=49ad73cd-7f39-40ed-b20b-f792251e946f from=0x8b172F820629b14cEAF859A6e159d1BcD3291Fe1 chain_id=42161
2026-04-05T09:38:49.272011Z  INFO ThreadId(10) lobby::server::handler: transaction submission accepted execution_id=2077c537-df51-41fa-ac07-188d24bd29f0 from=0x8b172F820629b14cEAF859A6e159d1BcD3291Fe1 chain_id=137
2026-04-05T09:38:49.272173Z  INFO ThreadId(13) lobby::server::handler: transaction submission accepted execution_id=675c9c5b-6b85-4bc3-9e2a-a88596460895 from=0x8AfE43fF49EBd5c4B8Cd1497ee77b437dd1711fc chain_id=42161
2026-04-05T09:38:49.272215Z  INFO ThreadId(11) lobby::server::handler: transaction submission accepted execution_id=500dfcc6-ccd8-410a-a545-9e58e85cc219 from=0x8AfE43fF49EBd5c4B8Cd1497ee77b437dd1711fc chain_id=42161
2026-04-05T09:38:49.272225Z  INFO ThreadId(14) pipeline{execution_id=deb12e5d-e6a1-4b4f-8bc4-a15536249df6 chain_id=1 from_address=0x8b172F820629b14cEAF859A6e159d1BcD3291Fe1}: cortex::pipeline: Pipeline started elapsed_ms=0
2026-04-05T09:38:49.272249Z  INFO ThreadId(08) lobby::server::handler: transaction submission accepted execution_id=7f5df3ff-f105-495a-8744-d7c21ecdcb05 from=0x8AfE43fF49EBd5c4B8Cd1497ee77b437dd1711fc chain_id=42161
2026-04-05T09:38:49.272272Z  INFO ThreadId(07) pipeline{execution_id=167c0ab0-19dc-4b91-9d65-7e24971d5a3d chain_id=137 from_address=0x8b172F820629b14cEAF859A6e159d1BcD3291Fe1}: cortex::pipeline: Pipeline started elapsed_ms=0
2026-04-05T09:38:49.272278Z  INFO ThreadId(06) pipeline{execution_id=49ad73cd-7f39-40ed-b20b-f792251e946f chain_id=42161 from_address=0x8b172F820629b14cEAF859A6e159d1BcD3291Fe1}: cortex::pipeline: Pipeline started elapsed_ms=0
2026-04-05T09:38:49.272301Z  INFO ThreadId(14) lobby::server::handler: transaction submission accepted execution_id=1f9d7c1b-efb0-4a3e-8035-a284464c1d60 from=0x8AfE43fF49EBd5c4B8Cd1497ee77b437dd1711fc chain_id=137
2026-04-05T09:38:49.272310Z  INFO ThreadId(13) pipeline{execution_id=675c9c5b-6b85-4bc3-9e2a-a88596460895 chain_id=42161 from_address=0x8AfE43fF49EBd5c4B8Cd1497ee77b437dd1711fc}: cortex::pipeline: Pipeline started elapsed_ms=0
2026-04-05T09:38:49.272313Z  INFO ThreadId(10) pipeline{execution_id=2077c537-df51-41fa-ac07-188d24bd29f0 chain_id=137 from_address=0x8b172F820629b14cEAF859A6e159d1BcD3291Fe1}: cortex::pipeline: Pipeline started elapsed_ms=0
2026-04-05T09:38:49.272321Z  INFO ThreadId(11) pipeline{execution_id=500dfcc6-ccd8-410a-a545-9e58e85cc219 chain_id=42161 from_address=0x8AfE43fF49EBd5c4B8Cd1497ee77b437dd1711fc}: cortex::pipeline: Pipeline started elapsed_ms=0
2026-04-05T09:38:49.272345Z  INFO ThreadId(14) pipeline{execution_id=1f9d7c1b-efb0-4a3e-8035-a284464c1d60 chain_id=137 from_address=0x8AfE43fF49EBd5c4B8Cd1497ee77b437dd1711fc}: cortex::pipeline: Pipeline started elapsed_ms=0
2026-04-05T09:38:49.272374Z  INFO ThreadId(15) lobby::server::handler: transaction submission accepted execution_id=71258036-5d45-4a48-aa44-e0d4deb0314e from=0xCFA80F1f22b0AD533F7d8e2CcC0A783aa4BCaFF3 chain_id=1
2026-04-05T09:38:49.272395Z  INFO ThreadId(08) pipeline{execution_id=7f5df3ff-f105-495a-8744-d7c21ecdcb05 chain_id=42161 from_address=0x8AfE43fF49EBd5c4B8Cd1497ee77b437dd1711fc}: cortex::pipeline: Pipeline started elapsed_ms=0
2026-04-05T09:38:49.272401Z  INFO ThreadId(06) lobby::server::handler: transaction submission accepted execution_id=d3b8d511-3bdc-4ded-a68a-c56c29d7b536 from=0xfea6645D31443cF7Cf96eF1dB7823EB9365f98bf chain_id=42161
2026-04-05T09:38:49.272406Z  INFO ThreadId(14) lobby::server::handler: transaction submission accepted execution_id=f51dc9e8-5361-4ef2-bc63-73e7349f2590 from=0xCFA80F1f22b0AD533F7d8e2CcC0A783aa4BCaFF3 chain_id=1
2026-04-05T09:38:49.272446Z  INFO ThreadId(15) pipeline{execution_id=71258036-5d45-4a48-aa44-e0d4deb0314e chain_id=1 from_address=0xCFA80F1f22b0AD533F7d8e2CcC0A783aa4BCaFF3}: cortex::pipeline: Pipeline started elapsed_ms=0
2026-04-05T09:38:49.272449Z  INFO ThreadId(13) lobby::server::handler: transaction submission accepted execution_id=8db07275-4f06-4d2f-987d-9374854ea8a2 from=0x2EAC739a1e05F4a05a5B8fD93D332c4353E5A7cD chain_id=137
2026-04-05T09:38:49.272463Z  INFO ThreadId(11) lobby::server::handler: transaction submission accepted execution_id=1c1d18f9-d0e2-4d6f-9f1b-1b93d67aca1d from=0x2EAC739a1e05F4a05a5B8fD93D332c4353E5A7cD chain_id=1
2026-04-05T09:38:49.272489Z  INFO ThreadId(14) pipeline{execution_id=f51dc9e8-5361-4ef2-bc63-73e7349f2590 chain_id=1 from_address=0xCFA80F1f22b0AD533F7d8e2CcC0A783aa4BCaFF3}: cortex::pipeline: Pipeline started elapsed_ms=0
2026-04-05T09:38:49.272497Z  INFO ThreadId(06) pipeline{execution_id=d3b8d511-3bdc-4ded-a68a-c56c29d7b536 chain_id=42161 from_address=0xfea6645D31443cF7Cf96eF1dB7823EB9365f98bf}: cortex::pipeline: Pipeline started elapsed_ms=0
2026-04-05T09:38:49.272503Z  INFO ThreadId(08) lobby::server::handler: transaction submission accepted execution_id=8e711b35-9425-4f77-a942-273174964fa8 from=0x2EAC739a1e05F4a05a5B8fD93D332c4353E5A7cD chain_id=1
2026-04-05T09:38:49.272534Z  INFO ThreadId(13) pipeline{execution_id=8db07275-4f06-4d2f-987d-9374854ea8a2 chain_id=137 from_address=0x2EAC739a1e05F4a05a5B8fD93D332c4353E5A7cD}: cortex::pipeline: Pipeline started elapsed_ms=0
2026-04-05T09:38:49.272554Z  INFO ThreadId(11) pipeline{execution_id=1c1d18f9-d0e2-4d6f-9f1b-1b93d67aca1d chain_id=1 from_address=0x2EAC739a1e05F4a05a5B8fD93D332c4353E5A7cD}: cortex::pipeline: Pipeline started elapsed_ms=0
2026-04-05T09:38:49.272560Z  INFO ThreadId(15) lobby::server::handler: transaction submission accepted execution_id=10260726-b35d-4685-8fd0-0df82de33107 from=0x2EAC739a1e05F4a05a5B8fD93D332c4353E5A7cD chain_id=137
2026-04-05T09:38:49.272592Z  INFO ThreadId(03) lobby::server::handler: transaction submission accepted execution_id=2259ec63-e25a-4a1d-b855-32fd5eb9d18c from=0xfea6645D31443cF7Cf96eF1dB7823EB9365f98bf chain_id=1
2026-04-05T09:38:49.272594Z  INFO ThreadId(07) lobby::server::handler: transaction submission accepted execution_id=55750d89-46b9-4e12-a6d7-a7dc710f1ed4 from=0xfea6645D31443cF7Cf96eF1dB7823EB9365f98bf chain_id=42161
2026-04-05T09:38:49.272621Z  INFO ThreadId(06) lobby::server::handler: transaction submission accepted execution_id=76a62827-ae8f-44d0-b46b-f4928dcb2e86 from=0x8b172F820629b14cEAF859A6e159d1BcD3291Fe1 chain_id=1
2026-04-05T09:38:49.272626Z  INFO ThreadId(08) pipeline{execution_id=8e711b35-9425-4f77-a942-273174964fa8 chain_id=1 from_address=0x2EAC739a1e05F4a05a5B8fD93D332c4353E5A7cD}: cortex::pipeline: Pipeline started elapsed_ms=0
2026-04-05T09:38:49.272639Z  INFO ThreadId(15) pipeline{execution_id=10260726-b35d-4685-8fd0-0df82de33107 chain_id=137 from_address=0x2EAC739a1e05F4a05a5B8fD93D332c4353E5A7cD}: cortex::pipeline: Pipeline started elapsed_ms=0
2026-04-05T09:38:49.272659Z  INFO ThreadId(13) lobby::server::handler: transaction submission accepted execution_id=77522108-54c7-4f35-8d3e-8c060e5eea7f from=0xfea6645D31443cF7Cf96eF1dB7823EB9365f98bf chain_id=42161
2026-04-05T09:38:49.272674Z  INFO ThreadId(14) lobby::server::handler: transaction submission accepted execution_id=d90f6c73-b91e-4456-b468-c1a9cc4c7896 from=0x2EAC739a1e05F4a05a5B8fD93D332c4353E5A7cD chain_id=137
2026-04-05T09:38:49.272712Z  INFO ThreadId(15) lobby::server::handler: transaction submission accepted execution_id=c4409a67-5d12-40a7-b3fb-d8f33e7f9f84 from=0x8b172F820629b14cEAF859A6e159d1BcD3291Fe1 chain_id=1
2026-04-05T09:38:49.272740Z  INFO ThreadId(06) pipeline{execution_id=76a62827-ae8f-44d0-b46b-f4928dcb2e86 chain_id=1 from_address=0x8b172F820629b14cEAF859A6e159d1BcD3291Fe1}: cortex::pipeline: Pipeline started elapsed_ms=0
2026-04-05T09:38:49.272757Z  INFO ThreadId(03) pipeline{execution_id=2259ec63-e25a-4a1d-b855-32fd5eb9d18c chain_id=1 from_address=0xfea6645D31443cF7Cf96eF1dB7823EB9365f98bf}: cortex::pipeline: Pipeline started elapsed_ms=0
2026-04-05T09:38:49.272760Z  INFO ThreadId(14) pipeline{execution_id=d90f6c73-b91e-4456-b468-c1a9cc4c7896 chain_id=137 from_address=0x2EAC739a1e05F4a05a5B8fD93D332c4353E5A7cD}: cortex::pipeline: Pipeline started elapsed_ms=0
2026-04-05T09:38:49.272764Z  INFO ThreadId(07) pipeline{execution_id=55750d89-46b9-4e12-a6d7-a7dc710f1ed4 chain_id=42161 from_address=0xfea6645D31443cF7Cf96eF1dB7823EB9365f98bf}: cortex::pipeline: Pipeline started elapsed_ms=0
2026-04-05T09:38:49.272790Z  INFO ThreadId(13) pipeline{execution_id=77522108-54c7-4f35-8d3e-8c060e5eea7f chain_id=42161 from_address=0xfea6645D31443cF7Cf96eF1dB7823EB9365f98bf}: cortex::pipeline: Pipeline started elapsed_ms=0
2026-04-05T09:38:49.272793Z  INFO ThreadId(08) lobby::server::handler: transaction submission accepted execution_id=56a53b13-f8fa-4fdf-8aea-376fca61d54d from=0xfea6645D31443cF7Cf96eF1dB7823EB9365f98bf chain_id=1
2026-04-05T09:38:49.272802Z  INFO ThreadId(15) pipeline{execution_id=c4409a67-5d12-40a7-b3fb-d8f33e7f9f84 chain_id=1 from_address=0x8b172F820629b14cEAF859A6e159d1BcD3291Fe1}: cortex::pipeline: Pipeline started elapsed_ms=0
2026-04-05T09:38:49.272802Z  INFO ThreadId(11) lobby::server::handler: transaction submission accepted execution_id=5b963d6e-8757-443e-a217-a7f1eff5b9d3 from=0xCFA80F1f22b0AD533F7d8e2CcC0A783aa4BCaFF3 chain_id=42161
2026-04-05T09:38:49.272821Z  INFO ThreadId(06) lobby::server::handler: transaction submission accepted execution_id=fafe659e-2ddb-4294-9b1b-f3baa6118f06 from=0xCFA80F1f22b0AD533F7d8e2CcC0A783aa4BCaFF3 chain_id=137
2026-04-05T09:38:49.272851Z  INFO ThreadId(03) lobby::server::handler: transaction submission accepted execution_id=61bcfab5-54b8-43ec-a2da-0617ac2e8da7 from=0xfea6645D31443cF7Cf96eF1dB7823EB9365f98bf chain_id=1
2026-04-05T09:38:49.272857Z  INFO ThreadId(08) pipeline{execution_id=56a53b13-f8fa-4fdf-8aea-376fca61d54d chain_id=1 from_address=0xfea6645D31443cF7Cf96eF1dB7823EB9365f98bf}: cortex::pipeline: Pipeline started elapsed_ms=0
2026-04-05T09:38:49.272870Z  INFO ThreadId(11) pipeline{execution_id=5b963d6e-8757-443e-a217-a7f1eff5b9d3 chain_id=42161 from_address=0xCFA80F1f22b0AD533F7d8e2CcC0A783aa4BCaFF3}: cortex::pipeline: Pipeline started elapsed_ms=0
2026-04-05T09:38:49.272869Z  INFO ThreadId(06) pipeline{execution_id=fafe659e-2ddb-4294-9b1b-f3baa6118f06 chain_id=137 from_address=0xCFA80F1f22b0AD533F7d8e2CcC0A783aa4BCaFF3}: cortex::pipeline: Pipeline started elapsed_ms=0
2026-04-05T09:38:49.272878Z  INFO ThreadId(07) lobby::server::handler: transaction submission accepted execution_id=c9b79bae-8180-4154-95c2-d851dbe3125b from=0x8b172F820629b14cEAF859A6e159d1BcD3291Fe1 chain_id=1
2026-04-05T09:38:49.272883Z  INFO ThreadId(15) lobby::server::handler: transaction submission accepted execution_id=0dd4073c-ee7b-4f94-a88a-c04b4f47dda6 from=0xCFA80F1f22b0AD533F7d8e2CcC0A783aa4BCaFF3 chain_id=42161
2026-04-05T09:38:49.272901Z  INFO ThreadId(16) lobby::server::handler: transaction submission accepted execution_id=b8db649e-788c-4447-b5c0-1255d8ef5589 from=0x8AfE43fF49EBd5c4B8Cd1497ee77b437dd1711fc chain_id=42161
2026-04-05T09:38:49.272944Z  INFO ThreadId(09) lobby::server::handler: transaction submission accepted execution_id=a851eda5-8af9-4a8d-854e-f884f2b6cce3 from=0x2EAC739a1e05F4a05a5B8fD93D332c4353E5A7cD chain_id=1
2026-04-05T09:38:49.272956Z  INFO ThreadId(10) lobby::server::handler: transaction submission accepted execution_id=454cfcce-3cb1-4437-bd84-c647c26069b8 from=0xCFA80F1f22b0AD533F7d8e2CcC0A783aa4BCaFF3 chain_id=42161
2026-04-05T09:38:49.272019Z  INFO ThreadId(17) pipeline{execution_id=be27e932-ff3c-4a93-842a-508c76e79f50 chain_id=42161 from_address=0x2EAC739a1e05F4a05a5B8fD93D332c4353E5A7cD}: cortex::pipeline: Pipeline started elapsed_ms=0
2026-04-05T09:38:49.272049Z  INFO ThreadId(18) pipeline{execution_id=c3dfc512-ae46-4d70-a53d-7eb0cb1efe7f chain_id=1 from_address=0xfea6645D31443cF7Cf96eF1dB7823EB9365f98bf}: cortex::pipeline: Pipeline started elapsed_ms=0
2026-04-05T09:38:49.272077Z  INFO ThreadId(12) pipeline{execution_id=4583e515-e4a7-4236-8cd0-6524c2a39472 chain_id=42161 from_address=0xCFA80F1f22b0AD533F7d8e2CcC0A783aa4BCaFF3}: cortex::pipeline: Pipeline started elapsed_ms=0
2026-04-05T09:38:49.272100Z  INFO ThreadId(05) pipeline{execution_id=0d91095b-3515-49db-aa04-02470a9696ff chain_id=42161 from_address=0x8AfE43fF49EBd5c4B8Cd1497ee77b437dd1711fc}: cortex::pipeline: Pipeline started elapsed_ms=0
2026-04-05T09:38:49.273011Z  INFO ThreadId(14) lobby::server::handler: transaction submission accepted execution_id=a2848d08-1769-491b-9048-cfc672bd8ff0 from=0x8b172F820629b14cEAF859A6e159d1BcD3291Fe1 chain_id=137
2026-04-05T09:38:49.273212Z  INFO ThreadId(13) lobby::server::handler: transaction submission accepted execution_id=cf4e5a04-b655-4ea4-b438-be19191434e3 from=0x8AfE43fF49EBd5c4B8Cd1497ee77b437dd1711fc chain_id=42161
2026-04-05T09:38:49.273334Z  INFO ThreadId(03) pipeline{execution_id=61bcfab5-54b8-43ec-a2da-0617ac2e8da7 chain_id=1 from_address=0xfea6645D31443cF7Cf96eF1dB7823EB9365f98bf}: cortex::pipeline: Pipeline started elapsed_ms=0
2026-04-05T09:38:49.273395Z  INFO ThreadId(15) pipeline{execution_id=0dd4073c-ee7b-4f94-a88a-c04b4f47dda6 chain_id=42161 from_address=0xCFA80F1f22b0AD533F7d8e2CcC0A783aa4BCaFF3}: cortex::pipeline: Pipeline started elapsed_ms=0
2026-04-05T09:38:49.273405Z  INFO ThreadId(06) lobby::server::handler: transaction submission accepted execution_id=c8a487ff-fc70-4c52-8e7a-03e36d952f66 from=0x2EAC739a1e05F4a05a5B8fD93D332c4353E5A7cD chain_id=42161
2026-04-05T09:38:49.273405Z  INFO ThreadId(11) lobby::server::handler: transaction submission accepted execution_id=c89a42c9-efd2-4fcc-b8bb-09304e66a2ec from=0x8AfE43fF49EBd5c4B8Cd1497ee77b437dd1711fc chain_id=42161
2026-04-05T09:38:49.273410Z  INFO ThreadId(08) lobby::server::handler: transaction submission accepted execution_id=b2332b40-52f2-465e-be20-e7baeb6dbdc0 from=0x8AfE43fF49EBd5c4B8Cd1497ee77b437dd1711fc chain_id=137
2026-04-05T09:38:49.273412Z  INFO ThreadId(07) pipeline{execution_id=c9b79bae-8180-4154-95c2-d851dbe3125b chain_id=1 from_address=0x8b172F820629b14cEAF859A6e159d1BcD3291Fe1}: cortex::pipeline: Pipeline started elapsed_ms=0
2026-04-05T09:38:49.273434Z  INFO ThreadId(03) lobby::server::handler: transaction submission accepted execution_id=28852fbe-93fc-4741-9919-66d67cd917c2 from=0x2EAC739a1e05F4a05a5B8fD93D332c4353E5A7cD chain_id=1
2026-04-05T09:38:49.273473Z  INFO ThreadId(16) pipeline{execution_id=b8db649e-788c-4447-b5c0-1255d8ef5589 chain_id=42161 from_address=0x8AfE43fF49EBd5c4B8Cd1497ee77b437dd1711fc}: cortex::pipeline: Pipeline started elapsed_ms=0
2026-04-05T09:38:49.273478Z  INFO ThreadId(15) lobby::server::handler: transaction submission accepted execution_id=36be7057-bf20-4027-896d-62b8c1e256c2 from=0xfea6645D31443cF7Cf96eF1dB7823EB9365f98bf chain_id=137
2026-04-05T09:38:49.273483Z  INFO ThreadId(09) pipeline{execution_id=a851eda5-8af9-4a8d-854e-f884f2b6cce3 chain_id=1 from_address=0x2EAC739a1e05F4a05a5B8fD93D332c4353E5A7cD}: cortex::pipeline: Pipeline started elapsed_ms=0
2026-04-05T09:38:49.273486Z  INFO ThreadId(08) pipeline{execution_id=b2332b40-52f2-465e-be20-e7baeb6dbdc0 chain_id=137 from_address=0x8AfE43fF49EBd5c4B8Cd1497ee77b437dd1711fc}: cortex::pipeline: Pipeline started elapsed_ms=0
2026-04-05T09:38:49.273492Z  INFO ThreadId(07) lobby::server::handler: transaction submission accepted execution_id=2a4e8563-13ca-4552-8ceb-a0c948efc6dc from=0xCFA80F1f22b0AD533F7d8e2CcC0A783aa4BCaFF3 chain_id=1
2026-04-05T09:38:49.273516Z  INFO ThreadId(10) pipeline{execution_id=454cfcce-3cb1-4437-bd84-c647c26069b8 chain_id=42161 from_address=0xCFA80F1f22b0AD533F7d8e2CcC0A783aa4BCaFF3}: cortex::pipeline: Pipeline started elapsed_ms=0
2026-04-05T09:38:49.273529Z  INFO ThreadId(12) lobby::server::handler: transaction submission accepted execution_id=1df71be1-d82b-4236-8cfb-1e5e57fd0253 from=0x8AfE43fF49EBd5c4B8Cd1497ee77b437dd1711fc chain_id=42161
2026-04-05T09:38:49.273547Z  INFO ThreadId(15) pipeline{execution_id=36be7057-bf20-4027-896d-62b8c1e256c2 chain_id=137 from_address=0xfea6645D31443cF7Cf96eF1dB7823EB9365f98bf}: cortex::pipeline: Pipeline started elapsed_ms=0
2026-04-05T09:38:49.273548Z  INFO ThreadId(16) lobby::server::handler: transaction submission accepted execution_id=1c0a9e93-e8e0-43f4-8e25-96d01f6ed536 from=0xCFA80F1f22b0AD533F7d8e2CcC0A783aa4BCaFF3 chain_id=137
2026-04-05T09:38:49.273552Z  INFO ThreadId(17) lobby::server::handler: transaction submission accepted execution_id=5377f993-53ae-4fba-b3ec-0d55210e2537 from=0x8AfE43fF49EBd5c4B8Cd1497ee77b437dd1711fc chain_id=42161
2026-04-05T09:38:49.273572Z  INFO ThreadId(11) pipeline{execution_id=c89a42c9-efd2-4fcc-b8bb-09304e66a2ec chain_id=42161 from_address=0x8AfE43fF49EBd5c4B8Cd1497ee77b437dd1711fc}: cortex::pipeline: Pipeline started elapsed_ms=0
2026-04-05T09:38:49.273576Z  INFO ThreadId(09) lobby::server::handler: transaction submission accepted execution_id=7dc10139-724f-47b6-8e10-8bebfebf4251 from=0xfea6645D31443cF7Cf96eF1dB7823EB9365f98bf chain_id=42161
2026-04-05T09:38:49.273509Z  INFO ThreadId(14) pipeline{execution_id=a2848d08-1769-491b-9048-cfc672bd8ff0 chain_id=137 from_address=0x8b172F820629b14cEAF859A6e159d1BcD3291Fe1}: cortex::pipeline: Pipeline started elapsed_ms=0
2026-04-05T09:38:49.273615Z  INFO ThreadId(16) pipeline{execution_id=1c0a9e93-e8e0-43f4-8e25-96d01f6ed536 chain_id=137 from_address=0xCFA80F1f22b0AD533F7d8e2CcC0A783aa4BCaFF3}: cortex::pipeline: Pipeline started elapsed_ms=0
2026-04-05T09:38:49.273637Z  INFO ThreadId(07) pipeline{execution_id=2a4e8563-13ca-4552-8ceb-a0c948efc6dc chain_id=1 from_address=0xCFA80F1f22b0AD533F7d8e2CcC0A783aa4BCaFF3}: cortex::pipeline: Pipeline started elapsed_ms=0
2026-04-05T09:38:49.273643Z  INFO ThreadId(12) pipeline{execution_id=1df71be1-d82b-4236-8cfb-1e5e57fd0253 chain_id=42161 from_address=0x8AfE43fF49EBd5c4B8Cd1497ee77b437dd1711fc}: cortex::pipeline: Pipeline started elapsed_ms=0
2026-04-05T09:38:49.273641Z  INFO ThreadId(05) lobby::server::handler: transaction submission accepted execution_id=f2604c4b-5f42-4df8-9139-dd102acc541d from=0xfea6645D31443cF7Cf96eF1dB7823EB9365f98bf chain_id=137
2026-04-05T09:38:49.273643Z  INFO ThreadId(09) pipeline{execution_id=7dc10139-724f-47b6-8e10-8bebfebf4251 chain_id=42161 from_address=0xfea6645D31443cF7Cf96eF1dB7823EB9365f98bf}: cortex::pipeline: Pipeline started elapsed_ms=0
2026-04-05T09:38:49.273688Z  INFO ThreadId(10) lobby::server::handler: transaction submission accepted execution_id=f62ffaa9-478a-41d1-b384-d1506a94c9da from=0x8b172F820629b14cEAF859A6e159d1BcD3291Fe1 chain_id=1
2026-04-05T09:38:49.273691Z  INFO ThreadId(16) lobby::server::handler: transaction submission accepted execution_id=08ffb9f7-4bed-4394-9873-6b4a933164cf from=0x2EAC739a1e05F4a05a5B8fD93D332c4353E5A7cD chain_id=42161
2026-04-05T09:38:49.273768Z  INFO ThreadId(13) pipeline{execution_id=cf4e5a04-b655-4ea4-b438-be19191434e3 chain_id=42161 from_address=0x8AfE43fF49EBd5c4B8Cd1497ee77b437dd1711fc}: cortex::pipeline: Pipeline started elapsed_ms=0
2026-04-05T09:38:49.273767Z  INFO ThreadId(18) lobby::server::handler: transaction submission accepted execution_id=c367659c-8fa8-4b7a-a1c4-3a0f43c59fa6 from=0xfea6645D31443cF7Cf96eF1dB7823EB9365f98bf chain_id=1
2026-04-05T09:38:49.273786Z  INFO ThreadId(05) pipeline{execution_id=f2604c4b-5f42-4df8-9139-dd102acc541d chain_id=137 from_address=0xfea6645D31443cF7Cf96eF1dB7823EB9365f98bf}: cortex::pipeline: Pipeline started elapsed_ms=0
2026-04-05T09:38:49.273788Z  INFO ThreadId(08) lobby::server::handler: transaction submission accepted execution_id=8278eaa0-9fab-42f1-9f29-201c2f23213d from=0x8b172F820629b14cEAF859A6e159d1BcD3291Fe1 chain_id=42161
2026-04-05T09:38:49.273795Z  INFO ThreadId(16) pipeline{execution_id=08ffb9f7-4bed-4394-9873-6b4a933164cf chain_id=42161 from_address=0x2EAC739a1e05F4a05a5B8fD93D332c4353E5A7cD}: cortex::pipeline: Pipeline started elapsed_ms=0
2026-04-05T09:38:49.273810Z  INFO ThreadId(10) pipeline{execution_id=f62ffaa9-478a-41d1-b384-d1506a94c9da chain_id=1 from_address=0x8b172F820629b14cEAF859A6e159d1BcD3291Fe1}: cortex::pipeline: Pipeline started elapsed_ms=0
2026-04-05T09:38:49.273818Z  INFO ThreadId(06) pipeline{execution_id=c8a487ff-fc70-4c52-8e7a-03e36d952f66 chain_id=42161 from_address=0x2EAC739a1e05F4a05a5B8fD93D332c4353E5A7cD}: cortex::pipeline: Pipeline started elapsed_ms=0
2026-04-05T09:38:49.273837Z  INFO ThreadId(18) pipeline{execution_id=c367659c-8fa8-4b7a-a1c4-3a0f43c59fa6 chain_id=1 from_address=0xfea6645D31443cF7Cf96eF1dB7823EB9365f98bf}: cortex::pipeline: Pipeline started elapsed_ms=0
2026-04-05T09:38:49.273848Z  INFO ThreadId(08) pipeline{execution_id=8278eaa0-9fab-42f1-9f29-201c2f23213d chain_id=42161 from_address=0x8b172F820629b14cEAF859A6e159d1BcD3291Fe1}: cortex::pipeline: Pipeline started elapsed_ms=0
2026-04-05T09:38:49.273854Z  INFO ThreadId(16) lobby::server::handler: transaction submission accepted execution_id=407518a4-e9b6-4baf-b6a0-0712ab3ebe65 from=0x2EAC739a1e05F4a05a5B8fD93D332c4353E5A7cD chain_id=42161
2026-04-05T09:38:49.273870Z  INFO ThreadId(04) lobby::server::handler: transaction submission accepted execution_id=dd5251ca-94df-4a0b-896c-d7e2d4595377 from=0x8b172F820629b14cEAF859A6e159d1BcD3291Fe1 chain_id=137
2026-04-05T09:38:49.273875Z  INFO ThreadId(10) lobby::server::handler: transaction submission accepted execution_id=a2924911-a6c1-4356-85db-04b8f7d8dfef from=0xCFA80F1f22b0AD533F7d8e2CcC0A783aa4BCaFF3 chain_id=1
2026-04-05T09:38:49.273885Z  INFO ThreadId(06) lobby::server::handler: transaction submission accepted execution_id=00ed3edc-6706-4063-bd1e-fd5ba650812b from=0xfea6645D31443cF7Cf96eF1dB7823EB9365f98bf chain_id=137
2026-04-05T09:38:49.273899Z  INFO ThreadId(08) lobby::server::handler: transaction submission accepted execution_id=afb2913d-9955-4885-8304-0cafd6b1299c from=0x2EAC739a1e05F4a05a5B8fD93D332c4353E5A7cD chain_id=1
2026-04-05T09:38:49.273908Z  INFO ThreadId(16) pipeline{execution_id=407518a4-e9b6-4baf-b6a0-0712ab3ebe65 chain_id=42161 from_address=0x2EAC739a1e05F4a05a5B8fD93D332c4353E5A7cD}: cortex::pipeline: Pipeline started elapsed_ms=0
2026-04-05T09:38:49.273930Z  INFO ThreadId(10) pipeline{execution_id=a2924911-a6c1-4356-85db-04b8f7d8dfef chain_id=1 from_address=0xCFA80F1f22b0AD533F7d8e2CcC0A783aa4BCaFF3}: cortex::pipeline: Pipeline started elapsed_ms=0
2026-04-05T09:38:49.273937Z  INFO ThreadId(08) pipeline{execution_id=afb2913d-9955-4885-8304-0cafd6b1299c chain_id=1 from_address=0x2EAC739a1e05F4a05a5B8fD93D332c4353E5A7cD}: cortex::pipeline: Pipeline started elapsed_ms=0
2026-04-05T09:38:49.273943Z  INFO ThreadId(06) pipeline{execution_id=00ed3edc-6706-4063-bd1e-fd5ba650812b chain_id=137 from_address=0xfea6645D31443cF7Cf96eF1dB7823EB9365f98bf}: cortex::pipeline: Pipeline started elapsed_ms=0
2026-04-05T09:38:49.273956Z  INFO ThreadId(04) pipeline{execution_id=dd5251ca-94df-4a0b-896c-d7e2d4595377 chain_id=137 from_address=0x8b172F820629b14cEAF859A6e159d1BcD3291Fe1}: cortex::pipeline: Pipeline started elapsed_ms=0
2026-04-05T09:38:49.273959Z  INFO ThreadId(13) lobby::server::handler: transaction submission accepted execution_id=286bb435-eecc-4d43-8242-71b0f861e660 from=0x8AfE43fF49EBd5c4B8Cd1497ee77b437dd1711fc chain_id=1
2026-04-05T09:38:49.273986Z  INFO ThreadId(08) lobby::server::handler: transaction submission accepted execution_id=2133d73b-1b27-4ff2-ac35-ea35ea2d3c55 from=0x8AfE43fF49EBd5c4B8Cd1497ee77b437dd1711fc chain_id=137
2026-04-05T09:38:49.274004Z  INFO ThreadId(06) lobby::server::handler: transaction submission accepted execution_id=f6d2faa2-6948-4690-8ad1-814252734cfc from=0x8b172F820629b14cEAF859A6e159d1BcD3291Fe1 chain_id=137
2026-04-05T09:38:49.274004Z  INFO ThreadId(18) lobby::server::handler: transaction submission accepted execution_id=fa5a0a44-3ee8-4272-875d-d0955a858e46 from=0x8AfE43fF49EBd5c4B8Cd1497ee77b437dd1711fc chain_id=1
2026-04-05T09:38:49.274018Z  INFO ThreadId(04) lobby::server::handler: transaction submission accepted execution_id=0a3c27bd-112c-40af-956d-56d8a6a15867 from=0xCFA80F1f22b0AD533F7d8e2CcC0A783aa4BCaFF3 chain_id=137
2026-04-05T09:38:49.274020Z  INFO ThreadId(13) pipeline{execution_id=286bb435-eecc-4d43-8242-71b0f861e660 chain_id=1 from_address=0x8AfE43fF49EBd5c4B8Cd1497ee77b437dd1711fc}: cortex::pipeline: Pipeline started elapsed_ms=0
2026-04-05T09:38:49.274039Z  INFO ThreadId(08) pipeline{execution_id=2133d73b-1b27-4ff2-ac35-ea35ea2d3c55 chain_id=137 from_address=0x8AfE43fF49EBd5c4B8Cd1497ee77b437dd1711fc}: cortex::pipeline: Pipeline started elapsed_ms=0
2026-04-05T09:38:49.274061Z  INFO ThreadId(12) lobby::server::handler: transaction submission accepted execution_id=0a01a63c-d589-4105-acd6-c7d64e7c7c81 from=0x8AfE43fF49EBd5c4B8Cd1497ee77b437dd1711fc chain_id=1
2026-04-05T09:38:49.274070Z  INFO ThreadId(06) pipeline{execution_id=f6d2faa2-6948-4690-8ad1-814252734cfc chain_id=137 from_address=0x8b172F820629b14cEAF859A6e159d1BcD3291Fe1}: cortex::pipeline: Pipeline started elapsed_ms=0
2026-04-05T09:38:49.274070Z  INFO ThreadId(04) pipeline{execution_id=0a3c27bd-112c-40af-956d-56d8a6a15867 chain_id=137 from_address=0xCFA80F1f22b0AD533F7d8e2CcC0A783aa4BCaFF3}: cortex::pipeline: Pipeline started elapsed_ms=0
2026-04-05T09:38:49.274082Z  INFO ThreadId(10) lobby::server::handler: transaction submission accepted execution_id=ad70d993-2a8d-4c64-bc1e-59a55cae3655 from=0xCFA80F1f22b0AD533F7d8e2CcC0A783aa4BCaFF3 chain_id=137
2026-04-05T09:38:49.274097Z  INFO ThreadId(13) lobby::server::handler: transaction submission accepted execution_id=6dfa91bf-13d8-4517-b48c-be1dc0af395a from=0x8AfE43fF49EBd5c4B8Cd1497ee77b437dd1711fc chain_id=42161
2026-04-05T09:38:49.274117Z  INFO ThreadId(17) pipeline{execution_id=5377f993-53ae-4fba-b3ec-0d55210e2537 chain_id=42161 from_address=0x8AfE43fF49EBd5c4B8Cd1497ee77b437dd1711fc}: cortex::pipeline: Pipeline started elapsed_ms=0
2026-04-05T09:38:49.274135Z  INFO ThreadId(12) pipeline{execution_id=0a01a63c-d589-4105-acd6-c7d64e7c7c81 chain_id=1 from_address=0x8AfE43fF49EBd5c4B8Cd1497ee77b437dd1711fc}: cortex::pipeline: Pipeline started elapsed_ms=0
2026-04-05T09:38:49.274144Z  INFO ThreadId(04) lobby::server::handler: transaction submission accepted execution_id=63614d9d-1f32-4296-adfa-f3172b4f4652 from=0x8AfE43fF49EBd5c4B8Cd1497ee77b437dd1711fc chain_id=137
2026-04-05T09:38:49.274145Z  INFO ThreadId(07) lobby::server::handler: transaction submission accepted execution_id=c008aeda-bff5-48da-88ab-6dc008722b80 from=0x2EAC739a1e05F4a05a5B8fD93D332c4353E5A7cD chain_id=42161
2026-04-05T09:38:49.274162Z  INFO ThreadId(10) pipeline{execution_id=ad70d993-2a8d-4c64-bc1e-59a55cae3655 chain_id=137 from_address=0xCFA80F1f22b0AD533F7d8e2CcC0A783aa4BCaFF3}: cortex::pipeline: Pipeline started elapsed_ms=0
2026-04-05T09:38:49.274162Z  INFO ThreadId(13) pipeline{execution_id=6dfa91bf-13d8-4517-b48c-be1dc0af395a chain_id=42161 from_address=0x8AfE43fF49EBd5c4B8Cd1497ee77b437dd1711fc}: cortex::pipeline: Pipeline started elapsed_ms=0
2026-04-05T09:38:49.274198Z  INFO ThreadId(04) pipeline{execution_id=63614d9d-1f32-4296-adfa-f3172b4f4652 chain_id=137 from_address=0x8AfE43fF49EBd5c4B8Cd1497ee77b437dd1711fc}: cortex::pipeline: Pipeline started elapsed_ms=0
2026-04-05T09:38:49.274208Z  INFO ThreadId(07) pipeline{execution_id=c008aeda-bff5-48da-88ab-6dc008722b80 chain_id=42161 from_address=0x2EAC739a1e05F4a05a5B8fD93D332c4353E5A7cD}: cortex::pipeline: Pipeline started elapsed_ms=0
2026-04-05T09:38:49.274207Z  INFO ThreadId(12) lobby::server::handler: transaction submission accepted execution_id=ac782064-1d22-4ee5-8d00-02cfefdaa36f from=0x8b172F820629b14cEAF859A6e159d1BcD3291Fe1 chain_id=137
2026-04-05T09:38:49.274209Z  INFO ThreadId(09) lobby::server::handler: transaction submission accepted execution_id=0689e627-262b-42f9-8645-ccbb7f600035 from=0xCFA80F1f22b0AD533F7d8e2CcC0A783aa4BCaFF3 chain_id=137
2026-04-05T09:38:49.274216Z  INFO ThreadId(03) pipeline{execution_id=28852fbe-93fc-4741-9919-66d67cd917c2 chain_id=1 from_address=0x2EAC739a1e05F4a05a5B8fD93D332c4353E5A7cD}: cortex::pipeline: Pipeline started elapsed_ms=0
2026-04-05T09:38:49.274222Z  INFO ThreadId(17) lobby::server::handler: transaction submission accepted execution_id=d2ae135b-44a4-4775-9890-54d646065ee3 from=0xCFA80F1f22b0AD533F7d8e2CcC0A783aa4BCaFF3 chain_id=42161
2026-04-05T09:38:49.274221Z  INFO ThreadId(15) lobby::server::handler: transaction submission accepted execution_id=09dd25a7-a1f3-46e8-924d-e73927f86461 from=0x8b172F820629b14cEAF859A6e159d1BcD3291Fe1 chain_id=42161
2026-04-05T09:38:49.274224Z  INFO ThreadId(10) lobby::server::handler: transaction submission accepted execution_id=bc12bd6a-82db-4069-9d0a-1d114f36797e from=0xfea6645D31443cF7Cf96eF1dB7823EB9365f98bf chain_id=42161
2026-04-05T09:38:49.274228Z  INFO ThreadId(13) lobby::server::handler: transaction submission accepted execution_id=7b1242bc-bd67-47eb-af17-bbd3e5796cc0 from=0x8AfE43fF49EBd5c4B8Cd1497ee77b437dd1711fc chain_id=137
2026-04-05T09:38:49.274275Z  INFO ThreadId(12) pipeline{execution_id=ac782064-1d22-4ee5-8d00-02cfefdaa36f chain_id=137 from_address=0x8b172F820629b14cEAF859A6e159d1BcD3291Fe1}: cortex::pipeline: Pipeline started elapsed_ms=0
2026-04-05T09:38:49.274277Z  INFO ThreadId(04) lobby::server::handler: transaction submission accepted execution_id=8af8714d-4349-4998-8048-4a84db1d2799 from=0x8b172F820629b14cEAF859A6e159d1BcD3291Fe1 chain_id=137
2026-04-05T09:38:49.274285Z  INFO ThreadId(13) pipeline{execution_id=7b1242bc-bd67-47eb-af17-bbd3e5796cc0 chain_id=137 from_address=0x8AfE43fF49EBd5c4B8Cd1497ee77b437dd1711fc}: cortex::pipeline: Pipeline started elapsed_ms=0
2026-04-05T09:38:49.274285Z  INFO ThreadId(15) pipeline{execution_id=09dd25a7-a1f3-46e8-924d-e73927f86461 chain_id=42161 from_address=0x8b172F820629b14cEAF859A6e159d1BcD3291Fe1}: cortex::pipeline: Pipeline started elapsed_ms=0
2026-04-05T09:38:49.274287Z  INFO ThreadId(17) pipeline{execution_id=d2ae135b-44a4-4775-9890-54d646065ee3 chain_id=42161 from_address=0xCFA80F1f22b0AD533F7d8e2CcC0A783aa4BCaFF3}: cortex::pipeline: Pipeline started elapsed_ms=0
2026-04-05T09:38:49.274289Z  INFO ThreadId(10) pipeline{execution_id=bc12bd6a-82db-4069-9d0a-1d114f36797e chain_id=42161 from_address=0xfea6645D31443cF7Cf96eF1dB7823EB9365f98bf}: cortex::pipeline: Pipeline started elapsed_ms=0
2026-04-05T09:38:49.274293Z  INFO ThreadId(09) pipeline{execution_id=0689e627-262b-42f9-8645-ccbb7f600035 chain_id=137 from_address=0xCFA80F1f22b0AD533F7d8e2CcC0A783aa4BCaFF3}: cortex::pipeline: Pipeline started elapsed_ms=0
2026-04-05T09:38:49.274310Z  INFO ThreadId(03) lobby::server::handler: transaction submission accepted execution_id=cd01ca17-812e-4d7e-9856-c68f2b20c8f4 from=0xfea6645D31443cF7Cf96eF1dB7823EB9365f98bf chain_id=42161
2026-04-05T09:38:49.274310Z  INFO ThreadId(11) lobby::server::handler: transaction submission accepted execution_id=8639e24a-48d2-4a81-8467-78eaa92e9cd3 from=0x8b172F820629b14cEAF859A6e159d1BcD3291Fe1 chain_id=42161
2026-04-05T09:38:49.274310Z  INFO ThreadId(08) lobby::server::handler: transaction submission accepted execution_id=c2c51d2a-8dbd-4be1-93b9-b04999f9bc64 from=0x2EAC739a1e05F4a05a5B8fD93D332c4353E5A7cD chain_id=137
2026-04-05T09:38:49.274337Z  INFO ThreadId(04) pipeline{execution_id=8af8714d-4349-4998-8048-4a84db1d2799 chain_id=137 from_address=0x8b172F820629b14cEAF859A6e159d1BcD3291Fe1}: cortex::pipeline: Pipeline started elapsed_ms=0
2026-04-05T09:38:49.274344Z  INFO ThreadId(12) lobby::server::handler: transaction submission accepted execution_id=19298a63-d681-4a8b-b9fe-285819650b06 from=0xfea6645D31443cF7Cf96eF1dB7823EB9365f98bf chain_id=137
2026-04-05T09:38:49.274369Z  INFO ThreadId(03) pipeline{execution_id=cd01ca17-812e-4d7e-9856-c68f2b20c8f4 chain_id=42161 from_address=0xfea6645D31443cF7Cf96eF1dB7823EB9365f98bf}: cortex::pipeline: Pipeline started elapsed_ms=0
2026-04-05T09:38:49.274368Z  INFO ThreadId(10) lobby::server::handler: transaction submission accepted execution_id=05ae973b-0e4f-4254-85b4-8bc39bb36632 from=0xfea6645D31443cF7Cf96eF1dB7823EB9365f98bf chain_id=1
2026-04-05T09:38:49.274368Z  INFO ThreadId(13) lobby::server::handler: transaction submission accepted execution_id=0b2570da-7a3c-4e61-84a9-9a48964ca560 from=0xCFA80F1f22b0AD533F7d8e2CcC0A783aa4BCaFF3 chain_id=42161
2026-04-05T09:38:49.274370Z  INFO ThreadId(09) lobby::server::handler: transaction submission accepted execution_id=fff3e559-e3af-4dc3-9a47-ddeea1855509 from=0xCFA80F1f22b0AD533F7d8e2CcC0A783aa4BCaFF3 chain_id=1
2026-04-05T09:38:49.274375Z  INFO ThreadId(08) pipeline{execution_id=c2c51d2a-8dbd-4be1-93b9-b04999f9bc64 chain_id=137 from_address=0x2EAC739a1e05F4a05a5B8fD93D332c4353E5A7cD}: cortex::pipeline: Pipeline started elapsed_ms=0
2026-04-05T09:38:49.274375Z  INFO ThreadId(11) pipeline{execution_id=8639e24a-48d2-4a81-8467-78eaa92e9cd3 chain_id=42161 from_address=0x8b172F820629b14cEAF859A6e159d1BcD3291Fe1}: cortex::pipeline: Pipeline started elapsed_ms=0
2026-04-05T09:38:49.274394Z  INFO ThreadId(12) pipeline{execution_id=19298a63-d681-4a8b-b9fe-285819650b06 chain_id=137 from_address=0xfea6645D31443cF7Cf96eF1dB7823EB9365f98bf}: cortex::pipeline: Pipeline started elapsed_ms=0
2026-04-05T09:38:49.274404Z  INFO ThreadId(04) lobby::server::handler: transaction submission accepted execution_id=aadf0275-f9d9-4d0c-81af-eecc0197d43e from=0xfea6645D31443cF7Cf96eF1dB7823EB9365f98bf chain_id=42161
2026-04-05T09:38:49.274433Z  INFO ThreadId(10) pipeline{execution_id=05ae973b-0e4f-4254-85b4-8bc39bb36632 chain_id=1 from_address=0xfea6645D31443cF7Cf96eF1dB7823EB9365f98bf}: cortex::pipeline: Pipeline started elapsed_ms=0
2026-04-05T09:38:49.274434Z  INFO ThreadId(15) lobby::server::handler: transaction submission accepted execution_id=1eb39502-4c39-47aa-811b-6e4a60601e17 from=0x2EAC739a1e05F4a05a5B8fD93D332c4353E5A7cD chain_id=137
2026-04-05T09:38:49.274439Z  INFO ThreadId(13) pipeline{execution_id=0b2570da-7a3c-4e61-84a9-9a48964ca560 chain_id=42161 from_address=0xCFA80F1f22b0AD533F7d8e2CcC0A783aa4BCaFF3}: cortex::pipeline: Pipeline started elapsed_ms=0
2026-04-05T09:38:49.274449Z  INFO ThreadId(09) pipeline{execution_id=fff3e559-e3af-4dc3-9a47-ddeea1855509 chain_id=1 from_address=0xCFA80F1f22b0AD533F7d8e2CcC0A783aa4BCaFF3}: cortex::pipeline: Pipeline started elapsed_ms=0
2026-04-05T09:38:49.274452Z  INFO ThreadId(03) lobby::server::handler: transaction submission accepted execution_id=d071bacf-c8fb-4a1a-9dd3-9654c588f029 from=0xCFA80F1f22b0AD533F7d8e2CcC0A783aa4BCaFF3 chain_id=137
2026-04-05T09:38:49.274474Z  INFO ThreadId(04) pipeline{execution_id=aadf0275-f9d9-4d0c-81af-eecc0197d43e chain_id=42161 from_address=0xfea6645D31443cF7Cf96eF1dB7823EB9365f98bf}: cortex::pipeline: Pipeline started elapsed_ms=0
2026-04-05T09:38:49.274473Z  INFO ThreadId(11) lobby::server::handler: transaction submission accepted execution_id=06a9e267-d264-41f8-a833-ad5a3f92e621 from=0x2EAC739a1e05F4a05a5B8fD93D332c4353E5A7cD chain_id=1
2026-04-05T09:38:49.274488Z  INFO ThreadId(18) pipeline{execution_id=fa5a0a44-3ee8-4272-875d-d0955a858e46 chain_id=1 from_address=0x8AfE43fF49EBd5c4B8Cd1497ee77b437dd1711fc}: cortex::pipeline: Pipeline started elapsed_ms=0
2026-04-05T09:38:49.274508Z  INFO ThreadId(15) pipeline{execution_id=1eb39502-4c39-47aa-811b-6e4a60601e17 chain_id=137 from_address=0x2EAC739a1e05F4a05a5B8fD93D332c4353E5A7cD}: cortex::pipeline: Pipeline started elapsed_ms=0
2026-04-05T09:38:49.274513Z  INFO ThreadId(03) pipeline{execution_id=d071bacf-c8fb-4a1a-9dd3-9654c588f029 chain_id=137 from_address=0xCFA80F1f22b0AD533F7d8e2CcC0A783aa4BCaFF3}: cortex::pipeline: Pipeline started elapsed_ms=0
2026-04-05T09:38:49.274518Z  INFO ThreadId(13) lobby::server::handler: transaction submission accepted execution_id=9031d766-7c7a-4731-95cc-14ab9402c23c from=0x8AfE43fF49EBd5c4B8Cd1497ee77b437dd1711fc chain_id=42161
2026-04-05T09:38:49.274566Z  INFO ThreadId(12) lobby::server::handler: transaction submission accepted execution_id=cf6d1abe-91e5-4496-9591-b4d84e5de534 from=0x8b172F820629b14cEAF859A6e159d1BcD3291Fe1 chain_id=137
2026-04-05T09:38:49.274577Z  INFO ThreadId(13) pipeline{execution_id=9031d766-7c7a-4731-95cc-14ab9402c23c chain_id=42161 from_address=0x8AfE43fF49EBd5c4B8Cd1497ee77b437dd1711fc}: cortex::pipeline: Pipeline started elapsed_ms=0
2026-04-05T09:38:49.274599Z  INFO ThreadId(18) lobby::server::handler: transaction submission accepted execution_id=43dcdf82-3ec4-47ee-9e41-4b7d75eff41f from=0x2EAC739a1e05F4a05a5B8fD93D332c4353E5A7cD chain_id=1
2026-04-05T09:38:49.274621Z  INFO ThreadId(04) lobby::server::handler: transaction submission accepted execution_id=b60783cd-2577-4c28-848b-e181700c0deb from=0x8AfE43fF49EBd5c4B8Cd1497ee77b437dd1711fc chain_id=1
2026-04-05T09:38:49.274640Z  INFO ThreadId(05) lobby::server::handler: transaction submission accepted execution_id=9b9a973a-b68d-42af-9725-29161e5448fc from=0x2EAC739a1e05F4a05a5B8fD93D332c4353E5A7cD chain_id=42161
2026-04-05T09:38:49.274655Z  INFO ThreadId(11) pipeline{execution_id=06a9e267-d264-41f8-a833-ad5a3f92e621 chain_id=1 from_address=0x2EAC739a1e05F4a05a5B8fD93D332c4353E5A7cD}: cortex::pipeline: Pipeline started elapsed_ms=0
2026-04-05T09:38:49.274660Z  INFO ThreadId(12) pipeline{execution_id=cf6d1abe-91e5-4496-9591-b4d84e5de534 chain_id=137 from_address=0x8b172F820629b14cEAF859A6e159d1BcD3291Fe1}: cortex::pipeline: Pipeline started elapsed_ms=0
2026-04-05T09:38:49.274669Z  INFO ThreadId(18) pipeline{execution_id=43dcdf82-3ec4-47ee-9e41-4b7d75eff41f chain_id=1 from_address=0x2EAC739a1e05F4a05a5B8fD93D332c4353E5A7cD}: cortex::pipeline: Pipeline started elapsed_ms=0
2026-04-05T09:38:49.274678Z  INFO ThreadId(14) lobby::server::handler: transaction submission accepted execution_id=1262e658-693b-4d2f-a18f-d5ca528d46c3 from=0xCFA80F1f22b0AD533F7d8e2CcC0A783aa4BCaFF3 chain_id=137
2026-04-05T09:38:49.274678Z  INFO ThreadId(09) lobby::server::handler: transaction submission accepted execution_id=a5dfba69-3c54-4547-881d-a3485c8a33fb from=0x2EAC739a1e05F4a05a5B8fD93D332c4353E5A7cD chain_id=137
2026-04-05T09:38:49.274684Z  INFO ThreadId(04) pipeline{execution_id=b60783cd-2577-4c28-848b-e181700c0deb chain_id=1 from_address=0x8AfE43fF49EBd5c4B8Cd1497ee77b437dd1711fc}: cortex::pipeline: Pipeline started elapsed_ms=0
2026-04-05T09:38:49.274702Z  INFO ThreadId(05) pipeline{execution_id=9b9a973a-b68d-42af-9725-29161e5448fc chain_id=42161 from_address=0x2EAC739a1e05F4a05a5B8fD93D332c4353E5A7cD}: cortex::pipeline: Pipeline started elapsed_ms=0
2026-04-05T09:38:49.274725Z  INFO ThreadId(12) lobby::server::handler: transaction submission accepted execution_id=7647507a-c310-4a22-ba6c-94fd40f6eb3b from=0x8b172F820629b14cEAF859A6e159d1BcD3291Fe1 chain_id=137
2026-04-05T09:38:49.274760Z  INFO ThreadId(14) pipeline{execution_id=1262e658-693b-4d2f-a18f-d5ca528d46c3 chain_id=137 from_address=0xCFA80F1f22b0AD533F7d8e2CcC0A783aa4BCaFF3}: cortex::pipeline: Pipeline started elapsed_ms=0
2026-04-05T09:38:49.274766Z  INFO ThreadId(09) pipeline{execution_id=a5dfba69-3c54-4547-881d-a3485c8a33fb chain_id=137 from_address=0x2EAC739a1e05F4a05a5B8fD93D332c4353E5A7cD}: cortex::pipeline: Pipeline started elapsed_ms=0
2026-04-05T09:38:49.274790Z  INFO ThreadId(12) pipeline{execution_id=7647507a-c310-4a22-ba6c-94fd40f6eb3b chain_id=137 from_address=0x8b172F820629b14cEAF859A6e159d1BcD3291Fe1}: cortex::pipeline: Pipeline started elapsed_ms=0
2026-04-05T09:38:49.274943Z  INFO ThreadId(11) lobby::server::handler: transaction submission accepted execution_id=b5d6d921-6345-4e5d-bdb7-0c8a6ffc8b02 from=0x8b172F820629b14cEAF859A6e159d1BcD3291Fe1 chain_id=42161
2026-04-05T09:38:49.275026Z  INFO ThreadId(11) pipeline{execution_id=b5d6d921-6345-4e5d-bdb7-0c8a6ffc8b02 chain_id=42161 from_address=0x8b172F820629b14cEAF859A6e159d1BcD3291Fe1}: cortex::pipeline: Pipeline started elapsed_ms=0
2026-04-05T09:38:49.275090Z  INFO ThreadId(02) pipeline: 100/100 transactions submitted in 9.954537ms
2026-04-05T09:38:49.281034Z  INFO ThreadId(18) pipeline{execution_id=812df8bb-2bf9-448f-86cb-86d9f595bc92 chain_id=1 from_address=0xCFA80F1f22b0AD533F7d8e2CcC0A783aa4BCaFF3}: cortex::pipeline: nonce reserved elapsed_ms=13 nonce=0
2026-04-05T09:38:49.281192Z  INFO ThreadId(03) pipeline{execution_id=95789508-4980-4731-b7c7-6055d2e75cd0 chain_id=1 from_address=0x8AfE43fF49EBd5c4B8Cd1497ee77b437dd1711fc}: cortex::pipeline: nonce reserved elapsed_ms=13 nonce=0
2026-04-05T09:38:49.281852Z  INFO ThreadId(18) pipeline{execution_id=8ad2680a-63de-4438-ba15-4e86cbce246a chain_id=1 from_address=0x8b172F820629b14cEAF859A6e159d1BcD3291Fe1}: cortex::pipeline: nonce reserved elapsed_ms=14 nonce=0
2026-04-05T09:38:49.282436Z  INFO ThreadId(03) pipeline{execution_id=ec727be1-554c-4d3d-aa81-141155684baa chain_id=1 from_address=0x8AfE43fF49EBd5c4B8Cd1497ee77b437dd1711fc}: cortex::pipeline: nonce reserved elapsed_ms=14 nonce=1
2026-04-05T09:38:49.283577Z  INFO ThreadId(18) pipeline{execution_id=8f3c1242-1491-43ee-99f3-e15295cf5426 chain_id=137 from_address=0x8AfE43fF49EBd5c4B8Cd1497ee77b437dd1711fc}: cortex::pipeline: nonce reserved elapsed_ms=11 nonce=0
2026-04-05T09:38:49.285934Z  INFO ThreadId(10) pipeline{execution_id=812df8bb-2bf9-448f-86cb-86d9f595bc92 chain_id=1 from_address=0xCFA80F1f22b0AD533F7d8e2CcC0A783aa4BCaFF3}: cortex::pipeline: transaction signed elapsed_ms=18
2026-04-05T09:38:49.286536Z  INFO ThreadId(12) pipeline{execution_id=8f3c1242-1491-43ee-99f3-e15295cf5426 chain_id=137 from_address=0x8AfE43fF49EBd5c4B8Cd1497ee77b437dd1711fc}: cortex::pipeline: transaction signed elapsed_ms=14
2026-04-05T09:38:49.286746Z  INFO ThreadId(06) pipeline{execution_id=107bc146-b615-4111-8131-d89a5ba3c752 chain_id=137 from_address=0x8b172F820629b14cEAF859A6e159d1BcD3291Fe1}: cortex::pipeline: nonce reserved elapsed_ms=18 nonce=0
2026-04-05T09:38:49.288146Z  INFO ThreadId(06) pipeline{execution_id=60b23f3d-cf31-4dbf-b684-1232d374e0c5 chain_id=1 from_address=0x8b172F820629b14cEAF859A6e159d1BcD3291Fe1}: cortex::pipeline: nonce reserved elapsed_ms=16 nonce=1
2026-04-05T09:38:49.288613Z  INFO ThreadId(10) pipeline{execution_id=107bc146-b615-4111-8131-d89a5ba3c752 chain_id=137 from_address=0x8b172F820629b14cEAF859A6e159d1BcD3291Fe1}: cortex::pipeline: transaction signed elapsed_ms=20
2026-04-05T09:38:49.289587Z  INFO ThreadId(06) pipeline{execution_id=812df8bb-2bf9-448f-86cb-86d9f595bc92 chain_id=1 from_address=0xCFA80F1f22b0AD533F7d8e2CcC0A783aa4BCaFF3}: cortex::pipeline: transaction broadcasted: elapsed_ms=22 tx_hash=0x02d1ff8485b97a4e0f9b58c9b614463b07c4d758b9fc614cc0ffdd4dc930e543
2026-04-05T09:38:49.289613Z  INFO ThreadId(03) pipeline{execution_id=60b23f3d-cf31-4dbf-b684-1232d374e0c5 chain_id=1 from_address=0x8b172F820629b14cEAF859A6e159d1BcD3291Fe1}: cortex::pipeline: transaction signed elapsed_ms=17
2026-04-05T09:38:49.290259Z  INFO ThreadId(10) pipeline{execution_id=8f3c1242-1491-43ee-99f3-e15295cf5426 chain_id=137 from_address=0x8AfE43fF49EBd5c4B8Cd1497ee77b437dd1711fc}: cortex::pipeline: transaction broadcasted: elapsed_ms=18 tx_hash=0xba0cfa6746b158706239dbc93a981b333d6bbf7878bdbe272be1f14d615590ce
2026-04-05T09:38:49.290265Z  INFO ThreadId(18) pipeline{execution_id=95789508-4980-4731-b7c7-6055d2e75cd0 chain_id=1 from_address=0x8AfE43fF49EBd5c4B8Cd1497ee77b437dd1711fc}: cortex::pipeline: transaction signed elapsed_ms=22
2026-04-05T09:38:49.290342Z  INFO ThreadId(03) pipeline{execution_id=deb12e5d-e6a1-4b4f-8bc4-a15536249df6 chain_id=1 from_address=0x8b172F820629b14cEAF859A6e159d1BcD3291Fe1}: cortex::pipeline: nonce reserved elapsed_ms=18 nonce=2
2026-04-05T09:38:49.290995Z  INFO ThreadId(10) pipeline{execution_id=ec727be1-554c-4d3d-aa81-141155684baa chain_id=1 from_address=0x8AfE43fF49EBd5c4B8Cd1497ee77b437dd1711fc}: cortex::pipeline: transaction signed elapsed_ms=22
2026-04-05T09:38:49.292663Z  INFO ThreadId(06) pipeline{execution_id=deb12e5d-e6a1-4b4f-8bc4-a15536249df6 chain_id=1 from_address=0x8b172F820629b14cEAF859A6e159d1BcD3291Fe1}: cortex::pipeline: transaction signed elapsed_ms=20
2026-04-05T09:38:49.292823Z  INFO ThreadId(06) pipeline{execution_id=167c0ab0-19dc-4b91-9d65-7e24971d5a3d chain_id=137 from_address=0x8b172F820629b14cEAF859A6e159d1BcD3291Fe1}: cortex::pipeline: nonce reserved elapsed_ms=20 nonce=1
2026-04-05T09:38:49.293276Z  INFO ThreadId(07) pipeline{execution_id=60b23f3d-cf31-4dbf-b684-1232d374e0c5 chain_id=1 from_address=0x8b172F820629b14cEAF859A6e159d1BcD3291Fe1}: cortex::pipeline: transaction broadcasted: elapsed_ms=21 tx_hash=0xd2e9f19f95c34c311863820d8cc86317c33518aa000a292b01069c256aa428a1
2026-04-05T09:38:49.294407Z  INFO ThreadId(18) pipeline{execution_id=167c0ab0-19dc-4b91-9d65-7e24971d5a3d chain_id=137 from_address=0x8b172F820629b14cEAF859A6e159d1BcD3291Fe1}: cortex::pipeline: transaction signed elapsed_ms=22
2026-04-05T09:38:49.294454Z  INFO ThreadId(07) pipeline{execution_id=107bc146-b615-4111-8131-d89a5ba3c752 chain_id=137 from_address=0x8b172F820629b14cEAF859A6e159d1BcD3291Fe1}: cortex::pipeline: transaction broadcasted: elapsed_ms=26 tx_hash=0xb186126bdfa3625f17a4973c0fb3cb8b7e258149b3746bbfa6611608ea5a42a9
2026-04-05T09:38:49.295943Z  INFO ThreadId(06) pipeline{execution_id=49ad73cd-7f39-40ed-b20b-f792251e946f chain_id=42161 from_address=0x8b172F820629b14cEAF859A6e159d1BcD3291Fe1}: cortex::pipeline: nonce reserved elapsed_ms=23 nonce=0
2026-04-05T09:38:49.295972Z  INFO ThreadId(10) pipeline{execution_id=95789508-4980-4731-b7c7-6055d2e75cd0 chain_id=1 from_address=0x8AfE43fF49EBd5c4B8Cd1497ee77b437dd1711fc}: cortex::pipeline: transaction broadcasted: elapsed_ms=28 tx_hash=0xbc3dc8b8031f63c7d64f98f917e6f498c0cef60390ee7a9f426e7a26cf522db8
2026-04-05T09:38:49.297775Z  INFO ThreadId(18) pipeline{execution_id=167c0ab0-19dc-4b91-9d65-7e24971d5a3d chain_id=137 from_address=0x8b172F820629b14cEAF859A6e159d1BcD3291Fe1}: cortex::pipeline: transaction broadcasted: elapsed_ms=25 tx_hash=0x77b6f76031e179fc5f4d17d80af811d6853119673022e7c8bede40963b55892b
2026-04-05T09:38:49.297873Z  INFO ThreadId(06) pipeline{execution_id=49ad73cd-7f39-40ed-b20b-f792251e946f chain_id=42161 from_address=0x8b172F820629b14cEAF859A6e159d1BcD3291Fe1}: cortex::pipeline: transaction signed elapsed_ms=25
2026-04-05T09:38:49.298914Z  INFO ThreadId(10) pipeline{execution_id=ec727be1-554c-4d3d-aa81-141155684baa chain_id=1 from_address=0x8AfE43fF49EBd5c4B8Cd1497ee77b437dd1711fc}: cortex::pipeline: transaction broadcasted: elapsed_ms=30 tx_hash=0x28403868c1c815e91e2e20e46b269700e53d4f8edc53cf76b382e3c5aa8f2f7c
2026-04-05T09:38:49.300427Z  INFO ThreadId(12) pipeline{execution_id=8ad2680a-63de-4438-ba15-4e86cbce246a chain_id=1 from_address=0x8b172F820629b14cEAF859A6e159d1BcD3291Fe1}: cortex::pipeline: transaction signed elapsed_ms=32
2026-04-05T09:38:49.301087Z  INFO ThreadId(10) pipeline{execution_id=49ad73cd-7f39-40ed-b20b-f792251e946f chain_id=42161 from_address=0x8b172F820629b14cEAF859A6e159d1BcD3291Fe1}: cortex::pipeline: transaction broadcasted: elapsed_ms=28 tx_hash=0x53ad2ce099467938aa3900d94e8abc689ac3f2387eca79bceb7301352da09710
2026-04-05T09:38:49.301493Z  INFO ThreadId(06) pipeline{execution_id=675c9c5b-6b85-4bc3-9e2a-a88596460895 chain_id=42161 from_address=0x8AfE43fF49EBd5c4B8Cd1497ee77b437dd1711fc}: cortex::pipeline: nonce reserved elapsed_ms=29 nonce=0
2026-04-05T09:38:49.301895Z  INFO ThreadId(07) pipeline{execution_id=deb12e5d-e6a1-4b4f-8bc4-a15536249df6 chain_id=1 from_address=0x8b172F820629b14cEAF859A6e159d1BcD3291Fe1}: cortex::pipeline: transaction broadcasted: elapsed_ms=29 tx_hash=0x687e09145bc7cce2c08c279ffe1a9d57b89e2d74ab5bc8326e7e0d9f2366fa85
2026-04-05T09:38:49.302287Z  INFO ThreadId(12) pipeline{execution_id=2077c537-df51-41fa-ac07-188d24bd29f0 chain_id=137 from_address=0x8b172F820629b14cEAF859A6e159d1BcD3291Fe1}: cortex::pipeline: nonce reserved elapsed_ms=29 nonce=2
2026-04-05T09:38:49.303005Z  INFO ThreadId(18) pipeline{execution_id=500dfcc6-ccd8-410a-a545-9e58e85cc219 chain_id=42161 from_address=0x8AfE43fF49EBd5c4B8Cd1497ee77b437dd1711fc}: cortex::pipeline: nonce reserved elapsed_ms=30 nonce=1
2026-04-05T09:38:49.304295Z  INFO ThreadId(07) pipeline{execution_id=2077c537-df51-41fa-ac07-188d24bd29f0 chain_id=137 from_address=0x8b172F820629b14cEAF859A6e159d1BcD3291Fe1}: cortex::pipeline: transaction signed elapsed_ms=31
2026-04-05T09:38:49.304694Z  INFO ThreadId(12) pipeline{execution_id=8ad2680a-63de-4438-ba15-4e86cbce246a chain_id=1 from_address=0x8b172F820629b14cEAF859A6e159d1BcD3291Fe1}: cortex::pipeline: transaction broadcasted: elapsed_ms=36 tx_hash=0xa411ff2942748cfc678dd58532510f66b114606f44979a128bbe8e9980a92d28
2026-04-05T09:38:49.304713Z  INFO ThreadId(06) pipeline{execution_id=500dfcc6-ccd8-410a-a545-9e58e85cc219 chain_id=42161 from_address=0x8AfE43fF49EBd5c4B8Cd1497ee77b437dd1711fc}: cortex::pipeline: transaction signed elapsed_ms=32
2026-04-05T09:38:49.305383Z  INFO ThreadId(07) pipeline{execution_id=675c9c5b-6b85-4bc3-9e2a-a88596460895 chain_id=42161 from_address=0x8AfE43fF49EBd5c4B8Cd1497ee77b437dd1711fc}: cortex::pipeline: transaction signed elapsed_ms=33
2026-04-05T09:38:49.306461Z  INFO ThreadId(07) pipeline{execution_id=1f9d7c1b-efb0-4a3e-8035-a284464c1d60 chain_id=137 from_address=0x8AfE43fF49EBd5c4B8Cd1497ee77b437dd1711fc}: cortex::pipeline: nonce reserved elapsed_ms=34 nonce=1
2026-04-05T09:38:49.307159Z  INFO ThreadId(12) pipeline{execution_id=71258036-5d45-4a48-aa44-e0d4deb0314e chain_id=1 from_address=0xCFA80F1f22b0AD533F7d8e2CcC0A783aa4BCaFF3}: cortex::pipeline: nonce reserved elapsed_ms=34 nonce=1
2026-04-05T09:38:49.307262Z  INFO ThreadId(10) pipeline{execution_id=500dfcc6-ccd8-410a-a545-9e58e85cc219 chain_id=42161 from_address=0x8AfE43fF49EBd5c4B8Cd1497ee77b437dd1711fc}: cortex::pipeline: transaction broadcasted: elapsed_ms=34 tx_hash=0xae1de83fff6db6e3b50d83851cc8b6a0c61dccc6036269c7ff8095cea9e6bb55
2026-04-05T09:38:49.307503Z  INFO ThreadId(10) pipeline{execution_id=2077c537-df51-41fa-ac07-188d24bd29f0 chain_id=137 from_address=0x8b172F820629b14cEAF859A6e159d1BcD3291Fe1}: cortex::pipeline: transaction broadcasted: elapsed_ms=35 tx_hash=0x7aa799b5b08d4ed338b672078247cef39060d5fd22d046e62314e179cd3ba344
2026-04-05T09:38:49.307865Z  INFO ThreadId(12) pipeline{execution_id=d3b8d511-3bdc-4ded-a68a-c56c29d7b536 chain_id=42161 from_address=0xfea6645D31443cF7Cf96eF1dB7823EB9365f98bf}: cortex::pipeline: nonce reserved elapsed_ms=35 nonce=0
2026-04-05T09:38:49.307903Z  INFO ThreadId(06) pipeline{execution_id=7f5df3ff-f105-495a-8744-d7c21ecdcb05 chain_id=42161 from_address=0x8AfE43fF49EBd5c4B8Cd1497ee77b437dd1711fc}: cortex::pipeline: nonce reserved elapsed_ms=35 nonce=2
2026-04-05T09:38:49.308329Z  INFO ThreadId(12) pipeline{execution_id=1f9d7c1b-efb0-4a3e-8035-a284464c1d60 chain_id=137 from_address=0x8AfE43fF49EBd5c4B8Cd1497ee77b437dd1711fc}: cortex::pipeline: transaction signed elapsed_ms=35
2026-04-05T09:38:49.308692Z  INFO ThreadId(12) pipeline{execution_id=f51dc9e8-5361-4ef2-bc63-73e7349f2590 chain_id=1 from_address=0xCFA80F1f22b0AD533F7d8e2CcC0A783aa4BCaFF3}: cortex::pipeline: nonce reserved elapsed_ms=36 nonce=2
2026-04-05T09:38:49.308939Z  INFO ThreadId(12) pipeline{execution_id=8db07275-4f06-4d2f-987d-9374854ea8a2 chain_id=137 from_address=0x2EAC739a1e05F4a05a5B8fD93D332c4353E5A7cD}: cortex::pipeline: nonce reserved elapsed_ms=36 nonce=0
2026-04-05T09:38:49.310081Z  INFO ThreadId(07) pipeline{execution_id=675c9c5b-6b85-4bc3-9e2a-a88596460895 chain_id=42161 from_address=0x8AfE43fF49EBd5c4B8Cd1497ee77b437dd1711fc}: cortex::pipeline: transaction broadcasted: elapsed_ms=37 tx_hash=0xdd602063626327a7b500c4bc847dc7f55dbff6ebd4a228acb00149bc42452e65
2026-04-05T09:38:49.310405Z  INFO ThreadId(10) pipeline{execution_id=7f5df3ff-f105-495a-8744-d7c21ecdcb05 chain_id=42161 from_address=0x8AfE43fF49EBd5c4B8Cd1497ee77b437dd1711fc}: cortex::pipeline: transaction signed elapsed_ms=38
2026-04-05T09:38:49.310443Z  INFO ThreadId(12) pipeline{execution_id=f51dc9e8-5361-4ef2-bc63-73e7349f2590 chain_id=1 from_address=0xCFA80F1f22b0AD533F7d8e2CcC0A783aa4BCaFF3}: cortex::pipeline: transaction signed elapsed_ms=37
2026-04-05T09:38:49.310453Z  INFO ThreadId(07) pipeline{execution_id=71258036-5d45-4a48-aa44-e0d4deb0314e chain_id=1 from_address=0xCFA80F1f22b0AD533F7d8e2CcC0A783aa4BCaFF3}: cortex::pipeline: transaction signed elapsed_ms=38
2026-04-05T09:38:49.311200Z  INFO ThreadId(07) pipeline{execution_id=1c1d18f9-d0e2-4d6f-9f1b-1b93d67aca1d chain_id=1 from_address=0x2EAC739a1e05F4a05a5B8fD93D332c4353E5A7cD}: cortex::pipeline: nonce reserved elapsed_ms=38 nonce=0
2026-04-05T09:38:49.311555Z  INFO ThreadId(03) pipeline{execution_id=8db07275-4f06-4d2f-987d-9374854ea8a2 chain_id=137 from_address=0x2EAC739a1e05F4a05a5B8fD93D332c4353E5A7cD}: cortex::pipeline: transaction signed elapsed_ms=39
2026-04-05T09:38:49.312125Z  INFO ThreadId(05) pipeline{execution_id=1f9d7c1b-efb0-4a3e-8035-a284464c1d60 chain_id=137 from_address=0x8AfE43fF49EBd5c4B8Cd1497ee77b437dd1711fc}: cortex::pipeline: transaction broadcasted: elapsed_ms=39 tx_hash=0x023a977a14e85ceecbaef34578c55a07115771d97ff47d01e0feefd8bca7c268
2026-04-05T09:38:49.312471Z  INFO ThreadId(05) pipeline{execution_id=7f5df3ff-f105-495a-8744-d7c21ecdcb05 chain_id=42161 from_address=0x8AfE43fF49EBd5c4B8Cd1497ee77b437dd1711fc}: cortex::pipeline: transaction broadcasted: elapsed_ms=40 tx_hash=0x18f3185826c4d0c3cd1c67a0b0ef36edb3ff7c3eedd237465d78a542043935fb
2026-04-05T09:38:49.312843Z  INFO ThreadId(10) pipeline{execution_id=1c1d18f9-d0e2-4d6f-9f1b-1b93d67aca1d chain_id=1 from_address=0x2EAC739a1e05F4a05a5B8fD93D332c4353E5A7cD}: cortex::pipeline: transaction signed elapsed_ms=40
2026-04-05T09:38:49.312861Z  INFO ThreadId(05) pipeline{execution_id=f51dc9e8-5361-4ef2-bc63-73e7349f2590 chain_id=1 from_address=0xCFA80F1f22b0AD533F7d8e2CcC0A783aa4BCaFF3}: cortex::pipeline: transaction broadcasted: elapsed_ms=40 tx_hash=0x61f77eaedb8c2ebc0a316c4581e63f4958e09cfc34c23dc5cfdabc7c1a88b105
2026-04-05T09:38:49.313628Z  INFO ThreadId(03) pipeline{execution_id=10260726-b35d-4685-8fd0-0df82de33107 chain_id=137 from_address=0x2EAC739a1e05F4a05a5B8fD93D332c4353E5A7cD}: cortex::pipeline: nonce reserved elapsed_ms=40 nonce=1
2026-04-05T09:38:49.313829Z  INFO ThreadId(03) pipeline{execution_id=8db07275-4f06-4d2f-987d-9374854ea8a2 chain_id=137 from_address=0x2EAC739a1e05F4a05a5B8fD93D332c4353E5A7cD}: cortex::pipeline: transaction broadcasted: elapsed_ms=41 tx_hash=0xf0bd49c8ce7b5ff635018b369aa25c6c5eff2e92b96139b71854b81f38580089
2026-04-05T09:38:49.314280Z  INFO ThreadId(07) pipeline{execution_id=71258036-5d45-4a48-aa44-e0d4deb0314e chain_id=1 from_address=0xCFA80F1f22b0AD533F7d8e2CcC0A783aa4BCaFF3}: cortex::pipeline: transaction broadcasted: elapsed_ms=41 tx_hash=0x1f7a710046c79b7d472dc6c0dc06598680b1bb9cc993a50c3bd422e2647a4dd4
2026-04-05T09:38:49.314939Z  INFO ThreadId(07) pipeline{execution_id=10260726-b35d-4685-8fd0-0df82de33107 chain_id=137 from_address=0x2EAC739a1e05F4a05a5B8fD93D332c4353E5A7cD}: cortex::pipeline: transaction signed elapsed_ms=42
2026-04-05T09:38:49.315851Z  INFO ThreadId(18) pipeline{execution_id=8e711b35-9425-4f77-a942-273174964fa8 chain_id=1 from_address=0x2EAC739a1e05F4a05a5B8fD93D332c4353E5A7cD}: cortex::pipeline: nonce reserved elapsed_ms=43 nonce=1
2026-04-05T09:38:49.316343Z  INFO ThreadId(10) pipeline{execution_id=1c1d18f9-d0e2-4d6f-9f1b-1b93d67aca1d chain_id=1 from_address=0x2EAC739a1e05F4a05a5B8fD93D332c4353E5A7cD}: cortex::pipeline: transaction broadcasted: elapsed_ms=43 tx_hash=0xb8e23ded167849246a975b288e919b4cadb217df2b84c0aed6fab57aa411f04f
2026-04-05T09:38:49.316499Z  INFO ThreadId(03) pipeline{execution_id=d3b8d511-3bdc-4ded-a68a-c56c29d7b536 chain_id=42161 from_address=0xfea6645D31443cF7Cf96eF1dB7823EB9365f98bf}: cortex::pipeline: transaction signed elapsed_ms=44
2026-04-05T09:38:49.317084Z  INFO ThreadId(18) pipeline{execution_id=76a62827-ae8f-44d0-b46b-f4928dcb2e86 chain_id=1 from_address=0x8b172F820629b14cEAF859A6e159d1BcD3291Fe1}: cortex::pipeline: nonce reserved elapsed_ms=44 nonce=3
2026-04-05T09:38:49.317360Z  INFO ThreadId(05) pipeline{execution_id=10260726-b35d-4685-8fd0-0df82de33107 chain_id=137 from_address=0x2EAC739a1e05F4a05a5B8fD93D332c4353E5A7cD}: cortex::pipeline: transaction broadcasted: elapsed_ms=44 tx_hash=0x0c1d67f0b9c913b652adf5b450fd50cc45cd432184e8f982511624f3b5f0b77a
2026-04-05T09:38:49.318064Z  INFO ThreadId(10) pipeline{execution_id=2259ec63-e25a-4a1d-b855-32fd5eb9d18c chain_id=1 from_address=0xfea6645D31443cF7Cf96eF1dB7823EB9365f98bf}: cortex::pipeline: nonce reserved elapsed_ms=45 nonce=0
2026-04-05T09:38:49.318412Z  INFO ThreadId(18) pipeline{execution_id=76a62827-ae8f-44d0-b46b-f4928dcb2e86 chain_id=1 from_address=0x8b172F820629b14cEAF859A6e159d1BcD3291Fe1}: cortex::pipeline: transaction signed elapsed_ms=45
2026-04-05T09:38:49.318545Z  INFO ThreadId(10) pipeline{execution_id=8e711b35-9425-4f77-a942-273174964fa8 chain_id=1 from_address=0x2EAC739a1e05F4a05a5B8fD93D332c4353E5A7cD}: cortex::pipeline: transaction signed elapsed_ms=45
2026-04-05T09:38:49.318833Z  INFO ThreadId(03) pipeline{execution_id=d90f6c73-b91e-4456-b468-c1a9cc4c7896 chain_id=137 from_address=0x2EAC739a1e05F4a05a5B8fD93D332c4353E5A7cD}: cortex::pipeline: nonce reserved elapsed_ms=46 nonce=2
2026-04-05T09:38:49.319520Z  INFO ThreadId(18) pipeline{execution_id=55750d89-46b9-4e12-a6d7-a7dc710f1ed4 chain_id=42161 from_address=0xfea6645D31443cF7Cf96eF1dB7823EB9365f98bf}: cortex::pipeline: nonce reserved elapsed_ms=46 nonce=1
2026-04-05T09:38:49.319627Z  INFO ThreadId(18) pipeline{execution_id=2259ec63-e25a-4a1d-b855-32fd5eb9d18c chain_id=1 from_address=0xfea6645D31443cF7Cf96eF1dB7823EB9365f98bf}: cortex::pipeline: transaction signed elapsed_ms=46
2026-04-05T09:38:49.320055Z  INFO ThreadId(03) pipeline{execution_id=76a62827-ae8f-44d0-b46b-f4928dcb2e86 chain_id=1 from_address=0x8b172F820629b14cEAF859A6e159d1BcD3291Fe1}: cortex::pipeline: transaction broadcasted: elapsed_ms=47 tx_hash=0xb15a58c138643e9fea2f98ee5827b47bce825b1ce1f41866b8ed226c3828ef36
2026-04-05T09:38:49.320100Z  INFO ThreadId(05) pipeline{execution_id=d90f6c73-b91e-4456-b468-c1a9cc4c7896 chain_id=137 from_address=0x2EAC739a1e05F4a05a5B8fD93D332c4353E5A7cD}: cortex::pipeline: transaction signed elapsed_ms=47
2026-04-05T09:38:49.320131Z  INFO ThreadId(10) pipeline{execution_id=d3b8d511-3bdc-4ded-a68a-c56c29d7b536 chain_id=42161 from_address=0xfea6645D31443cF7Cf96eF1dB7823EB9365f98bf}: cortex::pipeline: transaction broadcasted: elapsed_ms=47 tx_hash=0x124e0b97453ed0da675dafa6c461e79a3018d5ba75eb0c876bbf3f96ba0dc19a
2026-04-05T09:38:49.320810Z  INFO ThreadId(18) pipeline{execution_id=77522108-54c7-4f35-8d3e-8c060e5eea7f chain_id=42161 from_address=0xfea6645D31443cF7Cf96eF1dB7823EB9365f98bf}: cortex::pipeline: nonce reserved elapsed_ms=48 nonce=2
2026-04-05T09:38:49.320949Z  INFO ThreadId(18) pipeline{execution_id=55750d89-46b9-4e12-a6d7-a7dc710f1ed4 chain_id=42161 from_address=0xfea6645D31443cF7Cf96eF1dB7823EB9365f98bf}: cortex::pipeline: transaction signed elapsed_ms=48
2026-04-05T09:38:49.320960Z  INFO ThreadId(10) pipeline{execution_id=c4409a67-5d12-40a7-b3fb-d8f33e7f9f84 chain_id=1 from_address=0x8b172F820629b14cEAF859A6e159d1BcD3291Fe1}: cortex::pipeline: nonce reserved elapsed_ms=48 nonce=4
2026-04-05T09:38:49.321936Z  INFO ThreadId(07) pipeline{execution_id=d90f6c73-b91e-4456-b468-c1a9cc4c7896 chain_id=137 from_address=0x2EAC739a1e05F4a05a5B8fD93D332c4353E5A7cD}: cortex::pipeline: transaction broadcasted: elapsed_ms=49 tx_hash=0x90c217e60156b74d1d570580172d69bbe2f2ba87096e47dd09fa9919b5b3c5e9
2026-04-05T09:38:49.322046Z  INFO ThreadId(07) pipeline{execution_id=56a53b13-f8fa-4fdf-8aea-376fca61d54d chain_id=1 from_address=0xfea6645D31443cF7Cf96eF1dB7823EB9365f98bf}: cortex::pipeline: nonce reserved elapsed_ms=49 nonce=1
2026-04-05T09:38:49.322245Z  INFO ThreadId(10) pipeline{execution_id=77522108-54c7-4f35-8d3e-8c060e5eea7f chain_id=42161 from_address=0xfea6645D31443cF7Cf96eF1dB7823EB9365f98bf}: cortex::pipeline: transaction signed elapsed_ms=49
2026-04-05T09:38:49.322257Z  INFO ThreadId(07) pipeline{execution_id=c4409a67-5d12-40a7-b3fb-d8f33e7f9f84 chain_id=1 from_address=0x8b172F820629b14cEAF859A6e159d1BcD3291Fe1}: cortex::pipeline: transaction signed elapsed_ms=49
2026-04-05T09:38:49.322546Z  INFO ThreadId(18) pipeline{execution_id=8e711b35-9425-4f77-a942-273174964fa8 chain_id=1 from_address=0x2EAC739a1e05F4a05a5B8fD93D332c4353E5A7cD}: cortex::pipeline: transaction broadcasted: elapsed_ms=49 tx_hash=0x303f4887656bb6ce056e3c8159af5643e602623d6750ddac1b4503a8b9393f4e
2026-04-05T09:38:49.322564Z  INFO ThreadId(07) pipeline{execution_id=55750d89-46b9-4e12-a6d7-a7dc710f1ed4 chain_id=42161 from_address=0xfea6645D31443cF7Cf96eF1dB7823EB9365f98bf}: cortex::pipeline: transaction broadcasted: elapsed_ms=49 tx_hash=0x36d21c27a4ebcb07914722cd4c9ac6dc86593a9e60bec91be33f226eb70e321f
2026-04-05T09:38:49.323238Z  INFO ThreadId(18) pipeline{execution_id=56a53b13-f8fa-4fdf-8aea-376fca61d54d chain_id=1 from_address=0xfea6645D31443cF7Cf96eF1dB7823EB9365f98bf}: cortex::pipeline: transaction signed elapsed_ms=50
2026-04-05T09:38:49.323965Z  INFO ThreadId(07) pipeline{execution_id=77522108-54c7-4f35-8d3e-8c060e5eea7f chain_id=42161 from_address=0xfea6645D31443cF7Cf96eF1dB7823EB9365f98bf}: cortex::pipeline: transaction broadcasted: elapsed_ms=51 tx_hash=0x9e803ad90b0eda9f60bec8215553ee35f389c9f0eb2a7aff5c55efcf570c6e4f
2026-04-05T09:38:49.323992Z  INFO ThreadId(05) pipeline{execution_id=5b963d6e-8757-443e-a217-a7f1eff5b9d3 chain_id=42161 from_address=0xCFA80F1f22b0AD533F7d8e2CcC0A783aa4BCaFF3}: cortex::pipeline: nonce reserved elapsed_ms=51 nonce=0
2026-04-05T09:38:49.324564Z  INFO ThreadId(18) pipeline{execution_id=2259ec63-e25a-4a1d-b855-32fd5eb9d18c chain_id=1 from_address=0xfea6645D31443cF7Cf96eF1dB7823EB9365f98bf}: cortex::pipeline: transaction broadcasted: elapsed_ms=51 tx_hash=0xb78e0474641f4952da8a7d8b8c79a38778a0c23c84d3c68290b73eb1015d4383
2026-04-05T09:38:49.324580Z  INFO ThreadId(12) pipeline{execution_id=61bcfab5-54b8-43ec-a2da-0617ac2e8da7 chain_id=1 from_address=0xfea6645D31443cF7Cf96eF1dB7823EB9365f98bf}: cortex::pipeline: nonce reserved elapsed_ms=51 nonce=2
2026-04-05T09:38:49.325332Z  INFO ThreadId(07) pipeline{execution_id=fafe659e-2ddb-4294-9b1b-f3baa6118f06 chain_id=137 from_address=0xCFA80F1f22b0AD533F7d8e2CcC0A783aa4BCaFF3}: cortex::pipeline: nonce reserved elapsed_ms=52 nonce=0
2026-04-05T09:38:49.325740Z  INFO ThreadId(07) pipeline{execution_id=5b963d6e-8757-443e-a217-a7f1eff5b9d3 chain_id=42161 from_address=0xCFA80F1f22b0AD533F7d8e2CcC0A783aa4BCaFF3}: cortex::pipeline: transaction signed elapsed_ms=52
2026-04-05T09:38:49.325998Z  INFO ThreadId(07) pipeline{execution_id=61bcfab5-54b8-43ec-a2da-0617ac2e8da7 chain_id=1 from_address=0xfea6645D31443cF7Cf96eF1dB7823EB9365f98bf}: cortex::pipeline: transaction signed elapsed_ms=52
2026-04-05T09:38:49.326317Z  INFO ThreadId(10) pipeline{execution_id=c4409a67-5d12-40a7-b3fb-d8f33e7f9f84 chain_id=1 from_address=0x8b172F820629b14cEAF859A6e159d1BcD3291Fe1}: cortex::pipeline: transaction broadcasted: elapsed_ms=53 tx_hash=0xa797d578228c79c59f8b186ce61f178087c5a196849c22042e4e95a1509bb9b5
2026-04-05T09:38:49.326670Z  INFO ThreadId(03) pipeline{execution_id=c9b79bae-8180-4154-95c2-d851dbe3125b chain_id=1 from_address=0x8b172F820629b14cEAF859A6e159d1BcD3291Fe1}: cortex::pipeline: nonce reserved elapsed_ms=53 nonce=5
2026-04-05T09:38:49.326784Z  INFO ThreadId(12) pipeline{execution_id=0dd4073c-ee7b-4f94-a88a-c04b4f47dda6 chain_id=42161 from_address=0xCFA80F1f22b0AD533F7d8e2CcC0A783aa4BCaFF3}: cortex::pipeline: nonce reserved elapsed_ms=53 nonce=1
2026-04-05T09:38:49.328398Z  INFO ThreadId(15) pipeline{execution_id=be27e932-ff3c-4a93-842a-508c76e79f50 chain_id=42161 from_address=0x2EAC739a1e05F4a05a5B8fD93D332c4353E5A7cD}: cortex::pipeline: nonce reserved elapsed_ms=56 nonce=0
2026-04-05T09:38:49.328766Z  INFO ThreadId(12) pipeline{execution_id=5b963d6e-8757-443e-a217-a7f1eff5b9d3 chain_id=42161 from_address=0xCFA80F1f22b0AD533F7d8e2CcC0A783aa4BCaFF3}: cortex::pipeline: transaction broadcasted: elapsed_ms=55 tx_hash=0xeb3a8ed8eb063da003ab166d432c8ea9eb274a1940c2eb9ce9f345d379329d5a
2026-04-05T09:38:49.329227Z  INFO ThreadId(17) pipeline{execution_id=4583e515-e4a7-4236-8cd0-6524c2a39472 chain_id=42161 from_address=0xCFA80F1f22b0AD533F7d8e2CcC0A783aa4BCaFF3}: cortex::pipeline: nonce reserved elapsed_ms=57 nonce=2
2026-04-05T09:38:49.329408Z  INFO ThreadId(11) pipeline{execution_id=fafe659e-2ddb-4294-9b1b-f3baa6118f06 chain_id=137 from_address=0xCFA80F1f22b0AD533F7d8e2CcC0A783aa4BCaFF3}: cortex::pipeline: transaction signed elapsed_ms=56
2026-04-05T09:38:49.329437Z  INFO ThreadId(15) pipeline{execution_id=56a53b13-f8fa-4fdf-8aea-376fca61d54d chain_id=1 from_address=0xfea6645D31443cF7Cf96eF1dB7823EB9365f98bf}: cortex::pipeline: transaction broadcasted: elapsed_ms=56 tx_hash=0x248f09d43807a1180dd41dfb5356223918129e5d634bbd99e7d3477fb5fffa36
2026-04-05T09:38:49.329665Z  INFO ThreadId(06) pipeline{execution_id=c9b79bae-8180-4154-95c2-d851dbe3125b chain_id=1 from_address=0x8b172F820629b14cEAF859A6e159d1BcD3291Fe1}: cortex::pipeline: transaction signed elapsed_ms=56
2026-04-05T09:38:49.330682Z  INFO ThreadId(07) pipeline{execution_id=b8db649e-788c-4447-b5c0-1255d8ef5589 chain_id=42161 from_address=0x8AfE43fF49EBd5c4B8Cd1497ee77b437dd1711fc}: cortex::pipeline: nonce reserved elapsed_ms=57 nonce=3
2026-04-05T09:38:49.330723Z  INFO ThreadId(11) pipeline{execution_id=be27e932-ff3c-4a93-842a-508c76e79f50 chain_id=42161 from_address=0x2EAC739a1e05F4a05a5B8fD93D332c4353E5A7cD}: cortex::pipeline: transaction signed elapsed_ms=58
2026-04-05T09:38:49.330848Z  INFO ThreadId(14) pipeline{execution_id=4583e515-e4a7-4236-8cd0-6524c2a39472 chain_id=42161 from_address=0xCFA80F1f22b0AD533F7d8e2CcC0A783aa4BCaFF3}: cortex::pipeline: transaction signed elapsed_ms=58
2026-04-05T09:38:49.331323Z  INFO ThreadId(14) pipeline{execution_id=fafe659e-2ddb-4294-9b1b-f3baa6118f06 chain_id=137 from_address=0xCFA80F1f22b0AD533F7d8e2CcC0A783aa4BCaFF3}: cortex::pipeline: transaction broadcasted: elapsed_ms=58 tx_hash=0xefcb75844e8d11cf5605e69d6994cc9e2ffeb872daed8849ce918fdb1867f41a
2026-04-05T09:38:49.331340Z  INFO ThreadId(09) pipeline{execution_id=0dd4073c-ee7b-4f94-a88a-c04b4f47dda6 chain_id=42161 from_address=0xCFA80F1f22b0AD533F7d8e2CcC0A783aa4BCaFF3}: cortex::pipeline: transaction signed elapsed_ms=57
2026-04-05T09:38:49.331358Z  INFO ThreadId(06) pipeline{execution_id=61bcfab5-54b8-43ec-a2da-0617ac2e8da7 chain_id=1 from_address=0xfea6645D31443cF7Cf96eF1dB7823EB9365f98bf}: cortex::pipeline: transaction broadcasted: elapsed_ms=58 tx_hash=0xfa40a9ca815d5d9950babf8e3ac1898c7e59bc3dc9b28b31106d8cff27413d08
2026-04-05T09:38:49.331822Z  INFO ThreadId(09) pipeline{execution_id=a851eda5-8af9-4a8d-854e-f884f2b6cce3 chain_id=1 from_address=0x2EAC739a1e05F4a05a5B8fD93D332c4353E5A7cD}: cortex::pipeline: nonce reserved elapsed_ms=58 nonce=2
2026-04-05T09:38:49.332413Z  INFO ThreadId(06) pipeline{execution_id=b8db649e-788c-4447-b5c0-1255d8ef5589 chain_id=42161 from_address=0x8AfE43fF49EBd5c4B8Cd1497ee77b437dd1711fc}: cortex::pipeline: transaction signed elapsed_ms=58
2026-04-05T09:38:49.332506Z  INFO ThreadId(11) pipeline{execution_id=be27e932-ff3c-4a93-842a-508c76e79f50 chain_id=42161 from_address=0x2EAC739a1e05F4a05a5B8fD93D332c4353E5A7cD}: cortex::pipeline: transaction broadcasted: elapsed_ms=60 tx_hash=0xd496ddcc4367ee598679ada779bdf2a5d305ae775fda977c5cb8045baf69391f
2026-04-05T09:38:49.332819Z  INFO ThreadId(06) pipeline{execution_id=a851eda5-8af9-4a8d-854e-f884f2b6cce3 chain_id=1 from_address=0x2EAC739a1e05F4a05a5B8fD93D332c4353E5A7cD}: cortex::pipeline: transaction signed elapsed_ms=59
2026-04-05T09:38:49.333022Z  INFO ThreadId(11) pipeline{execution_id=c9b79bae-8180-4154-95c2-d851dbe3125b chain_id=1 from_address=0x8b172F820629b14cEAF859A6e159d1BcD3291Fe1}: cortex::pipeline: transaction broadcasted: elapsed_ms=59 tx_hash=0x6c92ad0dca48474336aacea34319d9314f4f6167dc74997861d3422445ae427d
2026-04-05T09:38:49.333302Z  INFO ThreadId(11) pipeline{execution_id=b2332b40-52f2-465e-be20-e7baeb6dbdc0 chain_id=137 from_address=0x8AfE43fF49EBd5c4B8Cd1497ee77b437dd1711fc}: cortex::pipeline: nonce reserved elapsed_ms=59 nonce=2
2026-04-05T09:38:49.333961Z  INFO ThreadId(14) pipeline{execution_id=4583e515-e4a7-4236-8cd0-6524c2a39472 chain_id=42161 from_address=0xCFA80F1f22b0AD533F7d8e2CcC0A783aa4BCaFF3}: cortex::pipeline: transaction broadcasted: elapsed_ms=61 tx_hash=0x79d69cdae89a7d99969dc204deffcc76638ddabc94f2f5664fcbe57d7f76c9a8
2026-04-05T09:38:49.334685Z  INFO ThreadId(15) pipeline{execution_id=b2332b40-52f2-465e-be20-e7baeb6dbdc0 chain_id=137 from_address=0x8AfE43fF49EBd5c4B8Cd1497ee77b437dd1711fc}: cortex::pipeline: transaction signed elapsed_ms=61
2026-04-05T09:38:49.334699Z  INFO ThreadId(11) pipeline{execution_id=a851eda5-8af9-4a8d-854e-f884f2b6cce3 chain_id=1 from_address=0x2EAC739a1e05F4a05a5B8fD93D332c4353E5A7cD}: cortex::pipeline: transaction broadcasted: elapsed_ms=61 tx_hash=0x681aa2fdf79348d89a2b9a141b64df355d7f8c116f34c237eb66e2ee77537afb
2026-04-05T09:38:49.334856Z  INFO ThreadId(09) pipeline{execution_id=36be7057-bf20-4027-896d-62b8c1e256c2 chain_id=137 from_address=0xfea6645D31443cF7Cf96eF1dB7823EB9365f98bf}: cortex::pipeline: nonce reserved elapsed_ms=61 nonce=0
2026-04-05T09:38:49.335492Z  INFO ThreadId(11) pipeline{execution_id=0d91095b-3515-49db-aa04-02470a9696ff chain_id=42161 from_address=0x8AfE43fF49EBd5c4B8Cd1497ee77b437dd1711fc}: cortex::pipeline: nonce reserved elapsed_ms=63 nonce=4
2026-04-05T09:38:49.335495Z  INFO ThreadId(14) pipeline{execution_id=454cfcce-3cb1-4437-bd84-c647c26069b8 chain_id=42161 from_address=0xCFA80F1f22b0AD533F7d8e2CcC0A783aa4BCaFF3}: cortex::pipeline: nonce reserved elapsed_ms=61 nonce=3
2026-04-05T09:38:49.335582Z  INFO ThreadId(15) pipeline{execution_id=0dd4073c-ee7b-4f94-a88a-c04b4f47dda6 chain_id=42161 from_address=0xCFA80F1f22b0AD533F7d8e2CcC0A783aa4BCaFF3}: cortex::pipeline: transaction broadcasted: elapsed_ms=62 tx_hash=0x5d5f243115a71400306f0ab02a7e408b9be680fff328962409a7a8e01c1fc1f2
2026-04-05T09:38:49.336280Z  INFO ThreadId(11) pipeline{execution_id=36be7057-bf20-4027-896d-62b8c1e256c2 chain_id=137 from_address=0xfea6645D31443cF7Cf96eF1dB7823EB9365f98bf}: cortex::pipeline: transaction signed elapsed_ms=62
2026-04-05T09:38:49.336291Z  INFO ThreadId(06) pipeline{execution_id=a2848d08-1769-491b-9048-cfc672bd8ff0 chain_id=137 from_address=0x8b172F820629b14cEAF859A6e159d1BcD3291Fe1}: cortex::pipeline: nonce reserved elapsed_ms=62 nonce=3
2026-04-05T09:38:49.336387Z  INFO ThreadId(10) pipeline{execution_id=b2332b40-52f2-465e-be20-e7baeb6dbdc0 chain_id=137 from_address=0x8AfE43fF49EBd5c4B8Cd1497ee77b437dd1711fc}: cortex::pipeline: transaction broadcasted: elapsed_ms=62 tx_hash=0x62ef150ca054708c137a8045667c5ee75e72bc2cefaf773ddc3f8cc42bb4a861
2026-04-05T09:38:49.337201Z  INFO ThreadId(14) pipeline{execution_id=454cfcce-3cb1-4437-bd84-c647c26069b8 chain_id=42161 from_address=0xCFA80F1f22b0AD533F7d8e2CcC0A783aa4BCaFF3}: cortex::pipeline: transaction signed elapsed_ms=63
2026-04-05T09:38:49.337217Z  INFO ThreadId(10) pipeline{execution_id=b8db649e-788c-4447-b5c0-1255d8ef5589 chain_id=42161 from_address=0x8AfE43fF49EBd5c4B8Cd1497ee77b437dd1711fc}: cortex::pipeline: transaction broadcasted: elapsed_ms=63 tx_hash=0x3a6e9e0066b6a8d19f91fcd1643d50b7d160aea75aaa95116bf00bb4e78aa44c
2026-04-05T09:38:49.337400Z  INFO ThreadId(09) pipeline{execution_id=0d91095b-3515-49db-aa04-02470a9696ff chain_id=42161 from_address=0x8AfE43fF49EBd5c4B8Cd1497ee77b437dd1711fc}: cortex::pipeline: transaction signed elapsed_ms=65
2026-04-05T09:38:49.337454Z  INFO ThreadId(14) pipeline{execution_id=1c0a9e93-e8e0-43f4-8e25-96d01f6ed536 chain_id=137 from_address=0xCFA80F1f22b0AD533F7d8e2CcC0A783aa4BCaFF3}: cortex::pipeline: nonce reserved elapsed_ms=63 nonce=1
2026-04-05T09:38:49.338179Z  INFO ThreadId(15) pipeline{execution_id=a2848d08-1769-491b-9048-cfc672bd8ff0 chain_id=137 from_address=0x8b172F820629b14cEAF859A6e159d1BcD3291Fe1}: cortex::pipeline: transaction signed elapsed_ms=64
2026-04-05T09:38:49.338559Z  INFO ThreadId(10) pipeline{execution_id=36be7057-bf20-4027-896d-62b8c1e256c2 chain_id=137 from_address=0xfea6645D31443cF7Cf96eF1dB7823EB9365f98bf}: cortex::pipeline: transaction broadcasted: elapsed_ms=65 tx_hash=0x857f893b4d60de7e8532ab8592b3c0adcfde3a8dbc87ddf206060c2df3d4d084
2026-04-05T09:38:49.339243Z  INFO ThreadId(17) pipeline{execution_id=2a4e8563-13ca-4552-8ceb-a0c948efc6dc chain_id=1 from_address=0xCFA80F1f22b0AD533F7d8e2CcC0A783aa4BCaFF3}: cortex::pipeline: nonce reserved elapsed_ms=65 nonce=3
2026-04-05T09:38:49.339567Z  INFO ThreadId(17) pipeline{execution_id=454cfcce-3cb1-4437-bd84-c647c26069b8 chain_id=42161 from_address=0xCFA80F1f22b0AD533F7d8e2CcC0A783aa4BCaFF3}: cortex::pipeline: transaction broadcasted: elapsed_ms=66 tx_hash=0xbbbe17e642ac203b3985af2e865feee609b6d8b6af2baa0479f9ff33120b7ee5
2026-04-05T09:38:49.339721Z  INFO ThreadId(17) pipeline{execution_id=1c0a9e93-e8e0-43f4-8e25-96d01f6ed536 chain_id=137 from_address=0xCFA80F1f22b0AD533F7d8e2CcC0A783aa4BCaFF3}: cortex::pipeline: transaction signed elapsed_ms=66
2026-04-05T09:38:49.340578Z  INFO ThreadId(17) pipeline{execution_id=a2848d08-1769-491b-9048-cfc672bd8ff0 chain_id=137 from_address=0x8b172F820629b14cEAF859A6e159d1BcD3291Fe1}: cortex::pipeline: transaction broadcasted: elapsed_ms=67 tx_hash=0x836357f66c7903bc3f0c19682c825f3d178a700a4254370f8cf969abdb76eec0
2026-04-05T09:38:49.340690Z  INFO ThreadId(07) pipeline{execution_id=1df71be1-d82b-4236-8cfb-1e5e57fd0253 chain_id=42161 from_address=0x8AfE43fF49EBd5c4B8Cd1497ee77b437dd1711fc}: cortex::pipeline: nonce reserved elapsed_ms=67 nonce=5
2026-04-05T09:38:49.340754Z  INFO ThreadId(14) pipeline{execution_id=c3dfc512-ae46-4d70-a53d-7eb0cb1efe7f chain_id=1 from_address=0xfea6645D31443cF7Cf96eF1dB7823EB9365f98bf}: cortex::pipeline: nonce reserved elapsed_ms=68 nonce=3
2026-04-05T09:38:49.341382Z  INFO ThreadId(17) pipeline{execution_id=2a4e8563-13ca-4552-8ceb-a0c948efc6dc chain_id=1 from_address=0xCFA80F1f22b0AD533F7d8e2CcC0A783aa4BCaFF3}: cortex::pipeline: transaction signed elapsed_ms=67
2026-04-05T09:38:49.342291Z  INFO ThreadId(10) pipeline{execution_id=1df71be1-d82b-4236-8cfb-1e5e57fd0253 chain_id=42161 from_address=0x8AfE43fF49EBd5c4B8Cd1497ee77b437dd1711fc}: cortex::pipeline: transaction signed elapsed_ms=68
2026-04-05T09:38:49.342386Z  INFO ThreadId(10) pipeline{execution_id=c3dfc512-ae46-4d70-a53d-7eb0cb1efe7f chain_id=1 from_address=0xfea6645D31443cF7Cf96eF1dB7823EB9365f98bf}: cortex::pipeline: transaction signed elapsed_ms=70
2026-04-05T09:38:49.342616Z  INFO ThreadId(10) pipeline{execution_id=c89a42c9-efd2-4fcc-b8bb-09304e66a2ec chain_id=42161 from_address=0x8AfE43fF49EBd5c4B8Cd1497ee77b437dd1711fc}: cortex::pipeline: nonce reserved elapsed_ms=69 nonce=6
2026-04-05T09:38:49.342806Z  INFO ThreadId(10) pipeline{execution_id=0d91095b-3515-49db-aa04-02470a9696ff chain_id=42161 from_address=0x8AfE43fF49EBd5c4B8Cd1497ee77b437dd1711fc}: cortex::pipeline: transaction broadcasted: elapsed_ms=70 tx_hash=0x77254335f63826b3724fa2bd7d289e40762d993184b7a0a17bab426fee4211d4
2026-04-05T09:38:49.342806Z  INFO ThreadId(14) pipeline{execution_id=1c0a9e93-e8e0-43f4-8e25-96d01f6ed536 chain_id=137 from_address=0xCFA80F1f22b0AD533F7d8e2CcC0A783aa4BCaFF3}: cortex::pipeline: transaction broadcasted: elapsed_ms=69 tx_hash=0xf4f23eb65e912497207af24cbdab984b34200646a0c743405991d4139d290d26
2026-04-05T09:38:49.343602Z  INFO ThreadId(17) pipeline{execution_id=2a4e8563-13ca-4552-8ceb-a0c948efc6dc chain_id=1 from_address=0xCFA80F1f22b0AD533F7d8e2CcC0A783aa4BCaFF3}: cortex::pipeline: transaction broadcasted: elapsed_ms=69 tx_hash=0xa2aae302b51abbb8239a408d59f015a69403c9207f397f5756e1bffa0f4d54d5
2026-04-05T09:38:49.344064Z  INFO ThreadId(14) pipeline{execution_id=7dc10139-724f-47b6-8e10-8bebfebf4251 chain_id=42161 from_address=0xfea6645D31443cF7Cf96eF1dB7823EB9365f98bf}: cortex::pipeline: nonce reserved elapsed_ms=70 nonce=3
2026-04-05T09:38:49.344244Z  INFO ThreadId(10) pipeline{execution_id=c89a42c9-efd2-4fcc-b8bb-09304e66a2ec chain_id=42161 from_address=0x8AfE43fF49EBd5c4B8Cd1497ee77b437dd1711fc}: cortex::pipeline: transaction signed elapsed_ms=70
2026-04-05T09:38:49.344857Z  INFO ThreadId(14) pipeline{execution_id=cf4e5a04-b655-4ea4-b438-be19191434e3 chain_id=42161 from_address=0x8AfE43fF49EBd5c4B8Cd1497ee77b437dd1711fc}: cortex::pipeline: nonce reserved elapsed_ms=71 nonce=7
2026-04-05T09:38:49.345139Z  INFO ThreadId(15) pipeline{execution_id=1df71be1-d82b-4236-8cfb-1e5e57fd0253 chain_id=42161 from_address=0x8AfE43fF49EBd5c4B8Cd1497ee77b437dd1711fc}: cortex::pipeline: transaction broadcasted: elapsed_ms=71 tx_hash=0x962e92a402be381e9818eec1a591266ed7305a0d80252616358a5849f18e309c
2026-04-05T09:38:49.345612Z  INFO ThreadId(11) pipeline{execution_id=7dc10139-724f-47b6-8e10-8bebfebf4251 chain_id=42161 from_address=0xfea6645D31443cF7Cf96eF1dB7823EB9365f98bf}: cortex::pipeline: transaction signed elapsed_ms=71
2026-04-05T09:38:49.345958Z  INFO ThreadId(15) pipeline{execution_id=f2604c4b-5f42-4df8-9139-dd102acc541d chain_id=137 from_address=0xfea6645D31443cF7Cf96eF1dB7823EB9365f98bf}: cortex::pipeline: nonce reserved elapsed_ms=72 nonce=1
2026-04-05T09:38:49.346382Z  INFO ThreadId(07) pipeline{execution_id=cf4e5a04-b655-4ea4-b438-be19191434e3 chain_id=42161 from_address=0x8AfE43fF49EBd5c4B8Cd1497ee77b437dd1711fc}: cortex::pipeline: transaction signed elapsed_ms=72
2026-04-05T09:38:49.346392Z  INFO ThreadId(11) pipeline{execution_id=c3dfc512-ae46-4d70-a53d-7eb0cb1efe7f chain_id=1 from_address=0xfea6645D31443cF7Cf96eF1dB7823EB9365f98bf}: cortex::pipeline: transaction broadcasted: elapsed_ms=74 tx_hash=0x47b8ab95e4f19d4afaf139c08b72d488d40c28092fff67fd27b13ee44249e888
2026-04-05T09:38:49.346946Z  INFO ThreadId(15) pipeline{execution_id=08ffb9f7-4bed-4394-9873-6b4a933164cf chain_id=42161 from_address=0x2EAC739a1e05F4a05a5B8fD93D332c4353E5A7cD}: cortex::pipeline: nonce reserved elapsed_ms=73 nonce=1
2026-04-05T09:38:49.347026Z  INFO ThreadId(07) pipeline{execution_id=c89a42c9-efd2-4fcc-b8bb-09304e66a2ec chain_id=42161 from_address=0x8AfE43fF49EBd5c4B8Cd1497ee77b437dd1711fc}: cortex::pipeline: transaction broadcasted: elapsed_ms=73 tx_hash=0x01b2eaa18a632902395d2df8d011ee026be41e8d67cdcbc7e70066c9fceb0d76
2026-04-05T09:38:49.347282Z  INFO ThreadId(07) pipeline{execution_id=f2604c4b-5f42-4df8-9139-dd102acc541d chain_id=137 from_address=0xfea6645D31443cF7Cf96eF1dB7823EB9365f98bf}: cortex::pipeline: transaction signed elapsed_ms=73
2026-04-05T09:38:49.347793Z  INFO ThreadId(11) pipeline{execution_id=f62ffaa9-478a-41d1-b384-d1506a94c9da chain_id=1 from_address=0x8b172F820629b14cEAF859A6e159d1BcD3291Fe1}: cortex::pipeline: nonce reserved elapsed_ms=73 nonce=6
2026-04-05T09:38:49.348373Z  INFO ThreadId(11) pipeline{execution_id=08ffb9f7-4bed-4394-9873-6b4a933164cf chain_id=42161 from_address=0x2EAC739a1e05F4a05a5B8fD93D332c4353E5A7cD}: cortex::pipeline: transaction signed elapsed_ms=74
2026-04-05T09:38:49.348524Z  INFO ThreadId(15) pipeline{execution_id=7dc10139-724f-47b6-8e10-8bebfebf4251 chain_id=42161 from_address=0xfea6645D31443cF7Cf96eF1dB7823EB9365f98bf}: cortex::pipeline: transaction broadcasted: elapsed_ms=74 tx_hash=0xaa13c2515a0e7e651f0515d9fb64c6008c177adbef28491374943ff64a6944ea
2026-04-05T09:38:49.348782Z  INFO ThreadId(14) pipeline{execution_id=c8a487ff-fc70-4c52-8e7a-03e36d952f66 chain_id=42161 from_address=0x2EAC739a1e05F4a05a5B8fD93D332c4353E5A7cD}: cortex::pipeline: nonce reserved elapsed_ms=74 nonce=2
2026-04-05T09:38:49.348808Z  INFO ThreadId(07) pipeline{execution_id=c367659c-8fa8-4b7a-a1c4-3a0f43c59fa6 chain_id=1 from_address=0xfea6645D31443cF7Cf96eF1dB7823EB9365f98bf}: cortex::pipeline: nonce reserved elapsed_ms=74 nonce=4
2026-04-05T09:38:49.349066Z  INFO ThreadId(11) pipeline{execution_id=f62ffaa9-478a-41d1-b384-d1506a94c9da chain_id=1 from_address=0x8b172F820629b14cEAF859A6e159d1BcD3291Fe1}: cortex::pipeline: transaction signed elapsed_ms=75
2026-04-05T09:38:49.349782Z  INFO ThreadId(09) pipeline{execution_id=f2604c4b-5f42-4df8-9139-dd102acc541d chain_id=137 from_address=0xfea6645D31443cF7Cf96eF1dB7823EB9365f98bf}: cortex::pipeline: transaction broadcasted: elapsed_ms=75 tx_hash=0x3434b6bb7888e7d446522bb3298c19d3cfcc3b5177ddcda312ad4c323265400c
2026-04-05T09:38:49.349904Z  INFO ThreadId(14) pipeline{execution_id=c8a487ff-fc70-4c52-8e7a-03e36d952f66 chain_id=42161 from_address=0x2EAC739a1e05F4a05a5B8fD93D332c4353E5A7cD}: cortex::pipeline: transaction signed elapsed_ms=76
2026-04-05T09:38:49.350319Z  INFO ThreadId(14) pipeline{execution_id=c367659c-8fa8-4b7a-a1c4-3a0f43c59fa6 chain_id=1 from_address=0xfea6645D31443cF7Cf96eF1dB7823EB9365f98bf}: cortex::pipeline: transaction signed elapsed_ms=76
2026-04-05T09:38:49.350357Z  INFO ThreadId(07) pipeline{execution_id=cf4e5a04-b655-4ea4-b438-be19191434e3 chain_id=42161 from_address=0x8AfE43fF49EBd5c4B8Cd1497ee77b437dd1711fc}: cortex::pipeline: transaction broadcasted: elapsed_ms=76 tx_hash=0xba2d31762a93a17e4b7b7a40fc10b51d38db432c511c81611b6a8b4df886d5ee
2026-04-05T09:38:49.350555Z  INFO ThreadId(14) pipeline{execution_id=8278eaa0-9fab-42f1-9f29-201c2f23213d chain_id=42161 from_address=0x8b172F820629b14cEAF859A6e159d1BcD3291Fe1}: cortex::pipeline: nonce reserved elapsed_ms=76 nonce=1
2026-04-05T09:38:49.350574Z  INFO ThreadId(17) pipeline{execution_id=407518a4-e9b6-4baf-b6a0-0712ab3ebe65 chain_id=42161 from_address=0x2EAC739a1e05F4a05a5B8fD93D332c4353E5A7cD}: cortex::pipeline: nonce reserved elapsed_ms=76 nonce=3
2026-04-05T09:38:49.351056Z  INFO ThreadId(11) pipeline{execution_id=f62ffaa9-478a-41d1-b384-d1506a94c9da chain_id=1 from_address=0x8b172F820629b14cEAF859A6e159d1BcD3291Fe1}: cortex::pipeline: transaction broadcasted: elapsed_ms=77 tx_hash=0xae296b45260cafb2d56ec0d8c3850702ce257860c0db4a6b079a00eef0a65eec
2026-04-05T09:38:49.351821Z  INFO ThreadId(11) pipeline{execution_id=8278eaa0-9fab-42f1-9f29-201c2f23213d chain_id=42161 from_address=0x8b172F820629b14cEAF859A6e159d1BcD3291Fe1}: cortex::pipeline: transaction signed elapsed_ms=77
2026-04-05T09:38:49.351968Z  INFO ThreadId(14) pipeline{execution_id=407518a4-e9b6-4baf-b6a0-0712ab3ebe65 chain_id=42161 from_address=0x2EAC739a1e05F4a05a5B8fD93D332c4353E5A7cD}: cortex::pipeline: transaction signed elapsed_ms=78
2026-04-05T09:38:49.352810Z  INFO ThreadId(14) pipeline{execution_id=a2924911-a6c1-4356-85db-04b8f7d8dfef chain_id=1 from_address=0xCFA80F1f22b0AD533F7d8e2CcC0A783aa4BCaFF3}: cortex::pipeline: nonce reserved elapsed_ms=78 nonce=4
2026-04-05T09:38:49.353601Z  INFO ThreadId(07) pipeline{execution_id=afb2913d-9955-4885-8304-0cafd6b1299c chain_id=1 from_address=0x2EAC739a1e05F4a05a5B8fD93D332c4353E5A7cD}: cortex::pipeline: nonce reserved elapsed_ms=79 nonce=3
2026-04-05T09:38:49.353617Z  INFO ThreadId(10) pipeline{execution_id=08ffb9f7-4bed-4394-9873-6b4a933164cf chain_id=42161 from_address=0x2EAC739a1e05F4a05a5B8fD93D332c4353E5A7cD}: cortex::pipeline: transaction broadcasted: elapsed_ms=79 tx_hash=0xd3b5ce6ba2e9c26ea1daa71932aa5a87811e4cbd60903280258c1e677261f54b
2026-04-05T09:38:49.354560Z  INFO ThreadId(07) pipeline{execution_id=a2924911-a6c1-4356-85db-04b8f7d8dfef chain_id=1 from_address=0xCFA80F1f22b0AD533F7d8e2CcC0A783aa4BCaFF3}: cortex::pipeline: transaction signed elapsed_ms=80
2026-04-05T09:38:49.354695Z  INFO ThreadId(14) pipeline{execution_id=00ed3edc-6706-4063-bd1e-fd5ba650812b chain_id=137 from_address=0xfea6645D31443cF7Cf96eF1dB7823EB9365f98bf}: cortex::pipeline: nonce reserved elapsed_ms=80 nonce=2
2026-04-05T09:38:49.354950Z  INFO ThreadId(17) pipeline{execution_id=c367659c-8fa8-4b7a-a1c4-3a0f43c59fa6 chain_id=1 from_address=0xfea6645D31443cF7Cf96eF1dB7823EB9365f98bf}: cortex::pipeline: transaction broadcasted: elapsed_ms=81 tx_hash=0xd03d275d88f7534b61496648ff3be4e6027d334610c5ac54ecbab61b6df6a65c
2026-04-05T09:38:49.355097Z  INFO ThreadId(10) pipeline{execution_id=dd5251ca-94df-4a0b-896c-d7e2d4595377 chain_id=137 from_address=0x8b172F820629b14cEAF859A6e159d1BcD3291Fe1}: cortex::pipeline: nonce reserved elapsed_ms=81 nonce=4
2026-04-05T09:38:49.355349Z  INFO ThreadId(07) pipeline{execution_id=afb2913d-9955-4885-8304-0cafd6b1299c chain_id=1 from_address=0x2EAC739a1e05F4a05a5B8fD93D332c4353E5A7cD}: cortex::pipeline: transaction signed elapsed_ms=81
2026-04-05T09:38:49.355761Z  INFO ThreadId(17) pipeline{execution_id=286bb435-eecc-4d43-8242-71b0f861e660 chain_id=1 from_address=0x8AfE43fF49EBd5c4B8Cd1497ee77b437dd1711fc}: cortex::pipeline: nonce reserved elapsed_ms=81 nonce=2
2026-04-05T09:38:49.355764Z  INFO ThreadId(07) pipeline{execution_id=c8a487ff-fc70-4c52-8e7a-03e36d952f66 chain_id=42161 from_address=0x2EAC739a1e05F4a05a5B8fD93D332c4353E5A7cD}: cortex::pipeline: transaction broadcasted: elapsed_ms=81 tx_hash=0xe7f4ed0c3c26f2ddbbe56d2f06bec4374150f9de0b15b5f62d2a693f87ca2863
2026-04-05T09:38:49.356228Z  INFO ThreadId(09) pipeline{execution_id=00ed3edc-6706-4063-bd1e-fd5ba650812b chain_id=137 from_address=0xfea6645D31443cF7Cf96eF1dB7823EB9365f98bf}: cortex::pipeline: transaction signed elapsed_ms=82
2026-04-05T09:38:49.356638Z  INFO ThreadId(11) pipeline{execution_id=a2924911-a6c1-4356-85db-04b8f7d8dfef chain_id=1 from_address=0xCFA80F1f22b0AD533F7d8e2CcC0A783aa4BCaFF3}: cortex::pipeline: transaction broadcasted: elapsed_ms=82 tx_hash=0x911f30461642195a923e32ff0688e4056565d7c4da070866ae971c74eae969e7
2026-04-05T09:38:49.356777Z  INFO ThreadId(11) pipeline{execution_id=dd5251ca-94df-4a0b-896c-d7e2d4595377 chain_id=137 from_address=0x8b172F820629b14cEAF859A6e159d1BcD3291Fe1}: cortex::pipeline: transaction signed elapsed_ms=82
2026-04-05T09:38:49.356781Z  INFO ThreadId(06) pipeline{execution_id=2133d73b-1b27-4ff2-ac35-ea35ea2d3c55 chain_id=137 from_address=0x8AfE43fF49EBd5c4B8Cd1497ee77b437dd1711fc}: cortex::pipeline: nonce reserved elapsed_ms=82 nonce=3
2026-04-05T09:38:49.357542Z  INFO ThreadId(06) pipeline{execution_id=286bb435-eecc-4d43-8242-71b0f861e660 chain_id=1 from_address=0x8AfE43fF49EBd5c4B8Cd1497ee77b437dd1711fc}: cortex::pipeline: transaction signed elapsed_ms=83
2026-04-05T09:38:49.357581Z  INFO ThreadId(10) pipeline{execution_id=0a3c27bd-112c-40af-956d-56d8a6a15867 chain_id=137 from_address=0xCFA80F1f22b0AD533F7d8e2CcC0A783aa4BCaFF3}: cortex::pipeline: nonce reserved elapsed_ms=83 nonce=2
2026-04-05T09:38:49.358091Z  INFO ThreadId(06) pipeline{execution_id=00ed3edc-6706-4063-bd1e-fd5ba650812b chain_id=137 from_address=0xfea6645D31443cF7Cf96eF1dB7823EB9365f98bf}: cortex::pipeline: transaction broadcasted: elapsed_ms=84 tx_hash=0x40bd4aaba3fb82aea91bd34b067ac79bc2d0c77bd1709fd1c9a6e0775974ed94
2026-04-05T09:38:49.358225Z  INFO ThreadId(07) pipeline{execution_id=8278eaa0-9fab-42f1-9f29-201c2f23213d chain_id=42161 from_address=0x8b172F820629b14cEAF859A6e159d1BcD3291Fe1}: cortex::pipeline: transaction broadcasted: elapsed_ms=84 tx_hash=0x79e7a659a3746a716be0a2593599fcae3e1530d6ca2f4af54b0d7eaf5a5b58ff
2026-04-05T09:38:49.358719Z  INFO ThreadId(07) pipeline{execution_id=afb2913d-9955-4885-8304-0cafd6b1299c chain_id=1 from_address=0x2EAC739a1e05F4a05a5B8fD93D332c4353E5A7cD}: cortex::pipeline: transaction broadcasted: elapsed_ms=84 tx_hash=0x137656e7b61ef7671b516a90223b9cdb4314550e7b79f486db3aa7a74a9e759a
2026-04-05T09:38:49.358911Z  INFO ThreadId(10) pipeline{execution_id=2133d73b-1b27-4ff2-ac35-ea35ea2d3c55 chain_id=137 from_address=0x8AfE43fF49EBd5c4B8Cd1497ee77b437dd1711fc}: cortex::pipeline: transaction signed elapsed_ms=84
2026-04-05T09:38:49.358957Z  INFO ThreadId(11) pipeline{execution_id=0a3c27bd-112c-40af-956d-56d8a6a15867 chain_id=137 from_address=0xCFA80F1f22b0AD533F7d8e2CcC0A783aa4BCaFF3}: cortex::pipeline: transaction signed elapsed_ms=84
2026-04-05T09:38:49.359248Z  INFO ThreadId(10) pipeline{execution_id=f6d2faa2-6948-4690-8ad1-814252734cfc chain_id=137 from_address=0x8b172F820629b14cEAF859A6e159d1BcD3291Fe1}: cortex::pipeline: nonce reserved elapsed_ms=85 nonce=5
2026-04-05T09:38:49.360054Z  INFO ThreadId(11) pipeline{execution_id=407518a4-e9b6-4baf-b6a0-0712ab3ebe65 chain_id=42161 from_address=0x2EAC739a1e05F4a05a5B8fD93D332c4353E5A7cD}: cortex::pipeline: transaction broadcasted: elapsed_ms=86 tx_hash=0x0b22c82ce12e330b94278ae2a5b9ffdcf434f4aedc7007db2ecb5f756c31ff1f
2026-04-05T09:38:49.360099Z  INFO ThreadId(10) pipeline{execution_id=5377f993-53ae-4fba-b3ec-0d55210e2537 chain_id=42161 from_address=0x8AfE43fF49EBd5c4B8Cd1497ee77b437dd1711fc}: cortex::pipeline: nonce reserved elapsed_ms=85 nonce=8
2026-04-05T09:38:49.360102Z  INFO ThreadId(07) pipeline{execution_id=dd5251ca-94df-4a0b-896c-d7e2d4595377 chain_id=137 from_address=0x8b172F820629b14cEAF859A6e159d1BcD3291Fe1}: cortex::pipeline: transaction broadcasted: elapsed_ms=86 tx_hash=0xb84e7312432461202dcc5117ef8794352460c7dadd597920e9bf71b304d78838
2026-04-05T09:38:49.360546Z  INFO ThreadId(06) pipeline{execution_id=f6d2faa2-6948-4690-8ad1-814252734cfc chain_id=137 from_address=0x8b172F820629b14cEAF859A6e159d1BcD3291Fe1}: cortex::pipeline: transaction signed elapsed_ms=86
2026-04-05T09:38:49.360935Z  INFO ThreadId(11) pipeline{execution_id=286bb435-eecc-4d43-8242-71b0f861e660 chain_id=1 from_address=0x8AfE43fF49EBd5c4B8Cd1497ee77b437dd1711fc}: cortex::pipeline: transaction broadcasted: elapsed_ms=86 tx_hash=0xe4af7e058009614f357785c7574dcc6cef78d60530534bb9e03229d61991f417
2026-04-05T09:38:49.361782Z  INFO ThreadId(06) pipeline{execution_id=5377f993-53ae-4fba-b3ec-0d55210e2537 chain_id=42161 from_address=0x8AfE43fF49EBd5c4B8Cd1497ee77b437dd1711fc}: cortex::pipeline: transaction signed elapsed_ms=87
2026-04-05T09:38:49.361803Z  INFO ThreadId(11) pipeline{execution_id=2133d73b-1b27-4ff2-ac35-ea35ea2d3c55 chain_id=137 from_address=0x8AfE43fF49EBd5c4B8Cd1497ee77b437dd1711fc}: cortex::pipeline: transaction broadcasted: elapsed_ms=87 tx_hash=0xe1356e6583263513489fea0548dc5dcfcd4f4b5468bce3e7042b1d53bcabab86
2026-04-05T09:38:49.362096Z  INFO ThreadId(06) pipeline{execution_id=0a01a63c-d589-4105-acd6-c7d64e7c7c81 chain_id=1 from_address=0x8AfE43fF49EBd5c4B8Cd1497ee77b437dd1711fc}: cortex::pipeline: nonce reserved elapsed_ms=87 nonce=3
2026-04-05T09:38:49.362251Z  INFO ThreadId(15) pipeline{execution_id=ad70d993-2a8d-4c64-bc1e-59a55cae3655 chain_id=137 from_address=0xCFA80F1f22b0AD533F7d8e2CcC0A783aa4BCaFF3}: cortex::pipeline: nonce reserved elapsed_ms=88 nonce=3
2026-04-05T09:38:49.362679Z  INFO ThreadId(10) pipeline{execution_id=6dfa91bf-13d8-4517-b48c-be1dc0af395a chain_id=42161 from_address=0x8AfE43fF49EBd5c4B8Cd1497ee77b437dd1711fc}: cortex::pipeline: nonce reserved elapsed_ms=88 nonce=9
2026-04-05T09:38:49.363277Z  INFO ThreadId(11) pipeline{execution_id=63614d9d-1f32-4296-adfa-f3172b4f4652 chain_id=137 from_address=0x8AfE43fF49EBd5c4B8Cd1497ee77b437dd1711fc}: cortex::pipeline: nonce reserved elapsed_ms=89 nonce=4
2026-04-05T09:38:49.363417Z  INFO ThreadId(11) pipeline{execution_id=0a3c27bd-112c-40af-956d-56d8a6a15867 chain_id=137 from_address=0xCFA80F1f22b0AD533F7d8e2CcC0A783aa4BCaFF3}: cortex::pipeline: transaction broadcasted: elapsed_ms=89 tx_hash=0x9a03c4bfb01a9e528a1832b5200772508c30dec9a3bf32b82e1199fa3145a7bf
2026-04-05T09:38:49.363433Z  INFO ThreadId(10) pipeline{execution_id=0a01a63c-d589-4105-acd6-c7d64e7c7c81 chain_id=1 from_address=0x8AfE43fF49EBd5c4B8Cd1497ee77b437dd1711fc}: cortex::pipeline: transaction signed elapsed_ms=89
2026-04-05T09:38:49.363476Z  INFO ThreadId(14) pipeline{execution_id=5377f993-53ae-4fba-b3ec-0d55210e2537 chain_id=42161 from_address=0x8AfE43fF49EBd5c4B8Cd1497ee77b437dd1711fc}: cortex::pipeline: transaction broadcasted: elapsed_ms=89 tx_hash=0xfe379bbb073d66e61f573b573ef2099951e13ba5cee9bdd782625ade5c50361f
2026-04-05T09:38:49.363547Z  INFO ThreadId(07) pipeline{execution_id=ad70d993-2a8d-4c64-bc1e-59a55cae3655 chain_id=137 from_address=0xCFA80F1f22b0AD533F7d8e2CcC0A783aa4BCaFF3}: cortex::pipeline: transaction signed elapsed_ms=89
2026-04-05T09:38:49.364064Z  INFO ThreadId(07) pipeline{execution_id=6dfa91bf-13d8-4517-b48c-be1dc0af395a chain_id=42161 from_address=0x8AfE43fF49EBd5c4B8Cd1497ee77b437dd1711fc}: cortex::pipeline: transaction signed elapsed_ms=89
2026-04-05T09:38:49.364394Z  INFO ThreadId(15) pipeline{execution_id=c008aeda-bff5-48da-88ab-6dc008722b80 chain_id=42161 from_address=0x2EAC739a1e05F4a05a5B8fD93D332c4353E5A7cD}: cortex::pipeline: nonce reserved elapsed_ms=90 nonce=4
2026-04-05T09:38:49.364597Z  INFO ThreadId(15) pipeline{execution_id=63614d9d-1f32-4296-adfa-f3172b4f4652 chain_id=137 from_address=0x8AfE43fF49EBd5c4B8Cd1497ee77b437dd1711fc}: cortex::pipeline: transaction signed elapsed_ms=90
2026-04-05T09:38:49.365009Z  INFO ThreadId(06) pipeline{execution_id=f6d2faa2-6948-4690-8ad1-814252734cfc chain_id=137 from_address=0x8b172F820629b14cEAF859A6e159d1BcD3291Fe1}: cortex::pipeline: transaction broadcasted: elapsed_ms=90 tx_hash=0x4caff489e2956051ba280cba42538b54ab1832f1e58fdce55c3df2ad4358043c
2026-04-05T09:38:49.365255Z  INFO ThreadId(15) pipeline{execution_id=0a01a63c-d589-4105-acd6-c7d64e7c7c81 chain_id=1 from_address=0x8AfE43fF49EBd5c4B8Cd1497ee77b437dd1711fc}: cortex::pipeline: transaction broadcasted: elapsed_ms=91 tx_hash=0x213b40531c19ae87e2356ccce47bf46f6b98fea3914fdbfb55479c29732ecb7e
2026-04-05T09:38:49.365349Z  INFO ThreadId(10) pipeline{execution_id=28852fbe-93fc-4741-9919-66d67cd917c2 chain_id=1 from_address=0x2EAC739a1e05F4a05a5B8fD93D332c4353E5A7cD}: cortex::pipeline: nonce reserved elapsed_ms=91 nonce=4
2026-04-05T09:38:49.365764Z  INFO ThreadId(07) pipeline{execution_id=c008aeda-bff5-48da-88ab-6dc008722b80 chain_id=42161 from_address=0x2EAC739a1e05F4a05a5B8fD93D332c4353E5A7cD}: cortex::pipeline: transaction signed elapsed_ms=91
2026-04-05T09:38:49.366114Z  INFO ThreadId(17) pipeline{execution_id=6dfa91bf-13d8-4517-b48c-be1dc0af395a chain_id=42161 from_address=0x8AfE43fF49EBd5c4B8Cd1497ee77b437dd1711fc}: cortex::pipeline: transaction broadcasted: elapsed_ms=91 tx_hash=0x5e6e51ab3198d68977294f73026699205ad2dbf2f84353a647bd5dd6440b5d97
2026-04-05T09:38:49.366474Z  INFO ThreadId(07) pipeline{execution_id=ac782064-1d22-4ee5-8d00-02cfefdaa36f chain_id=137 from_address=0x8b172F820629b14cEAF859A6e159d1BcD3291Fe1}: cortex::pipeline: nonce reserved elapsed_ms=92 nonce=6
2026-04-05T09:38:49.366670Z  INFO ThreadId(15) pipeline{execution_id=28852fbe-93fc-4741-9919-66d67cd917c2 chain_id=1 from_address=0x2EAC739a1e05F4a05a5B8fD93D332c4353E5A7cD}: cortex::pipeline: transaction signed elapsed_ms=92
2026-04-05T09:38:49.366950Z  INFO ThreadId(17) pipeline{execution_id=ad70d993-2a8d-4c64-bc1e-59a55cae3655 chain_id=137 from_address=0xCFA80F1f22b0AD533F7d8e2CcC0A783aa4BCaFF3}: cortex::pipeline: transaction broadcasted: elapsed_ms=92 tx_hash=0x5862c0e1c8305e92cd4aa1df92b4c05ae2916f1ff4d60d1e5008ed6ce740f137
2026-04-05T09:38:49.367357Z  INFO ThreadId(06) pipeline{execution_id=7b1242bc-bd67-47eb-af17-bbd3e5796cc0 chain_id=137 from_address=0x8AfE43fF49EBd5c4B8Cd1497ee77b437dd1711fc}: cortex::pipeline: nonce reserved elapsed_ms=93 nonce=5
2026-04-05T09:38:49.367386Z  INFO ThreadId(10) pipeline{execution_id=ac782064-1d22-4ee5-8d00-02cfefdaa36f chain_id=137 from_address=0x8b172F820629b14cEAF859A6e159d1BcD3291Fe1}: cortex::pipeline: transaction signed elapsed_ms=93
2026-04-05T09:38:49.367806Z  INFO ThreadId(15) pipeline{execution_id=c008aeda-bff5-48da-88ab-6dc008722b80 chain_id=42161 from_address=0x2EAC739a1e05F4a05a5B8fD93D332c4353E5A7cD}: cortex::pipeline: transaction broadcasted: elapsed_ms=93 tx_hash=0x4f114cc6fe4c2b25844a0ceabd29296d2b83b1190dc11439b3af45355ce5dbec
2026-04-05T09:38:49.368300Z  INFO ThreadId(15) pipeline{execution_id=09dd25a7-a1f3-46e8-924d-e73927f86461 chain_id=42161 from_address=0x8b172F820629b14cEAF859A6e159d1BcD3291Fe1}: cortex::pipeline: nonce reserved elapsed_ms=94 nonce=2
2026-04-05T09:38:49.368300Z  INFO ThreadId(07) pipeline{execution_id=28852fbe-93fc-4741-9919-66d67cd917c2 chain_id=1 from_address=0x2EAC739a1e05F4a05a5B8fD93D332c4353E5A7cD}: cortex::pipeline: transaction broadcasted: elapsed_ms=94 tx_hash=0x6a98801e4b9e418931526baefce6b794b44b02033eb506c66e511af5b733364f
2026-04-05T09:38:49.368766Z  INFO ThreadId(14) pipeline{execution_id=63614d9d-1f32-4296-adfa-f3172b4f4652 chain_id=137 from_address=0x8AfE43fF49EBd5c4B8Cd1497ee77b437dd1711fc}: cortex::pipeline: transaction broadcasted: elapsed_ms=94 tx_hash=0x2709f5ac988af016b577a3c2f8392917cfa988fd7f5d8a96314efed33edca580
2026-04-05T09:38:49.368810Z  INFO ThreadId(06) pipeline{execution_id=7b1242bc-bd67-47eb-af17-bbd3e5796cc0 chain_id=137 from_address=0x8AfE43fF49EBd5c4B8Cd1497ee77b437dd1711fc}: cortex::pipeline: transaction signed elapsed_ms=94
2026-04-05T09:38:49.369050Z  INFO ThreadId(11) pipeline{execution_id=d2ae135b-44a4-4775-9890-54d646065ee3 chain_id=42161 from_address=0xCFA80F1f22b0AD533F7d8e2CcC0A783aa4BCaFF3}: cortex::pipeline: nonce reserved elapsed_ms=94 nonce=4
2026-04-05T09:38:49.369718Z  INFO ThreadId(06) pipeline{execution_id=09dd25a7-a1f3-46e8-924d-e73927f86461 chain_id=42161 from_address=0x8b172F820629b14cEAF859A6e159d1BcD3291Fe1}: cortex::pipeline: transaction signed elapsed_ms=95
2026-04-05T09:38:49.369996Z  INFO ThreadId(14) pipeline{execution_id=d2ae135b-44a4-4775-9890-54d646065ee3 chain_id=42161 from_address=0xCFA80F1f22b0AD533F7d8e2CcC0A783aa4BCaFF3}: cortex::pipeline: transaction signed elapsed_ms=95
2026-04-05T09:38:49.370144Z  INFO ThreadId(11) pipeline{execution_id=ac782064-1d22-4ee5-8d00-02cfefdaa36f chain_id=137 from_address=0x8b172F820629b14cEAF859A6e159d1BcD3291Fe1}: cortex::pipeline: transaction broadcasted: elapsed_ms=95 tx_hash=0x5cf1027b631ab14c63b5230a83cd1be0205fada2816bb8a55dafd0e20d74d15a
2026-04-05T09:38:49.370389Z  INFO ThreadId(17) pipeline{execution_id=bc12bd6a-82db-4069-9d0a-1d114f36797e chain_id=42161 from_address=0xfea6645D31443cF7Cf96eF1dB7823EB9365f98bf}: cortex::pipeline: nonce reserved elapsed_ms=96 nonce=4
2026-04-05T09:38:49.371009Z  INFO ThreadId(07) pipeline{execution_id=0689e627-262b-42f9-8645-ccbb7f600035 chain_id=137 from_address=0xCFA80F1f22b0AD533F7d8e2CcC0A783aa4BCaFF3}: cortex::pipeline: nonce reserved elapsed_ms=96 nonce=4
2026-04-05T09:38:49.371018Z  INFO ThreadId(11) pipeline{execution_id=8af8714d-4349-4998-8048-4a84db1d2799 chain_id=137 from_address=0x8b172F820629b14cEAF859A6e159d1BcD3291Fe1}: cortex::pipeline: nonce reserved elapsed_ms=96 nonce=7
2026-04-05T09:38:49.371331Z  INFO ThreadId(14) pipeline{execution_id=bc12bd6a-82db-4069-9d0a-1d114f36797e chain_id=42161 from_address=0xfea6645D31443cF7Cf96eF1dB7823EB9365f98bf}: cortex::pipeline: transaction signed elapsed_ms=97
2026-04-05T09:38:49.371512Z  INFO ThreadId(17) pipeline{execution_id=7b1242bc-bd67-47eb-af17-bbd3e5796cc0 chain_id=137 from_address=0x8AfE43fF49EBd5c4B8Cd1497ee77b437dd1711fc}: cortex::pipeline: transaction broadcasted: elapsed_ms=97 tx_hash=0x5ecdcd3bfd16283422662c959bb3c1b81ffe80626f545511407776966e9fae55
2026-04-05T09:38:49.371910Z  INFO ThreadId(15) pipeline{execution_id=09dd25a7-a1f3-46e8-924d-e73927f86461 chain_id=42161 from_address=0x8b172F820629b14cEAF859A6e159d1BcD3291Fe1}: cortex::pipeline: transaction broadcasted: elapsed_ms=97 tx_hash=0x5ca6f83ea1f3627d9023630fcb4e98691a05e49607f9bdfecc7bda12e174279f
2026-04-05T09:38:49.372161Z  INFO ThreadId(17) pipeline{execution_id=8af8714d-4349-4998-8048-4a84db1d2799 chain_id=137 from_address=0x8b172F820629b14cEAF859A6e159d1BcD3291Fe1}: cortex::pipeline: transaction signed elapsed_ms=97
2026-04-05T09:38:49.372159Z  INFO ThreadId(10) pipeline{execution_id=0689e627-262b-42f9-8645-ccbb7f600035 chain_id=137 from_address=0xCFA80F1f22b0AD533F7d8e2CcC0A783aa4BCaFF3}: cortex::pipeline: transaction signed elapsed_ms=97
2026-04-05T09:38:49.372723Z  INFO ThreadId(07) pipeline{execution_id=cd01ca17-812e-4d7e-9856-c68f2b20c8f4 chain_id=42161 from_address=0xfea6645D31443cF7Cf96eF1dB7823EB9365f98bf}: cortex::pipeline: nonce reserved elapsed_ms=98 nonce=5
2026-04-05T09:38:49.373137Z  INFO ThreadId(07) pipeline{execution_id=d2ae135b-44a4-4775-9890-54d646065ee3 chain_id=42161 from_address=0xCFA80F1f22b0AD533F7d8e2CcC0A783aa4BCaFF3}: cortex::pipeline: transaction broadcasted: elapsed_ms=98 tx_hash=0x3a2c80474e66f0a6797043c1f4ba12c7fe6a8919fe21c3a96cb9ce2a58e1afce
2026-04-05T09:38:49.373335Z  INFO ThreadId(07) pipeline{execution_id=c2c51d2a-8dbd-4be1-93b9-b04999f9bc64 chain_id=137 from_address=0x2EAC739a1e05F4a05a5B8fD93D332c4353E5A7cD}: cortex::pipeline: nonce reserved elapsed_ms=98 nonce=3
2026-04-05T09:38:49.373515Z  INFO ThreadId(14) pipeline{execution_id=8af8714d-4349-4998-8048-4a84db1d2799 chain_id=137 from_address=0x8b172F820629b14cEAF859A6e159d1BcD3291Fe1}: cortex::pipeline: transaction broadcasted: elapsed_ms=99 tx_hash=0x5e47aa583355fa1fae44a346bad99ac77080b761694670730f1dd87ac5eb8cec
2026-04-05T09:38:49.374181Z  INFO ThreadId(15) pipeline{execution_id=cd01ca17-812e-4d7e-9856-c68f2b20c8f4 chain_id=42161 from_address=0xfea6645D31443cF7Cf96eF1dB7823EB9365f98bf}: cortex::pipeline: transaction signed elapsed_ms=99
2026-04-05T09:38:49.374197Z  INFO ThreadId(11) pipeline{execution_id=8639e24a-48d2-4a81-8467-78eaa92e9cd3 chain_id=42161 from_address=0x8b172F820629b14cEAF859A6e159d1BcD3291Fe1}: cortex::pipeline: nonce reserved elapsed_ms=99 nonce=3
2026-04-05T09:38:49.374613Z  INFO ThreadId(17) pipeline{execution_id=c2c51d2a-8dbd-4be1-93b9-b04999f9bc64 chain_id=137 from_address=0x2EAC739a1e05F4a05a5B8fD93D332c4353E5A7cD}: cortex::pipeline: transaction signed elapsed_ms=100
2026-04-05T09:38:49.374718Z  INFO ThreadId(14) pipeline{execution_id=bc12bd6a-82db-4069-9d0a-1d114f36797e chain_id=42161 from_address=0xfea6645D31443cF7Cf96eF1dB7823EB9365f98bf}: cortex::pipeline: transaction broadcasted: elapsed_ms=100 tx_hash=0x844fe0fd914c44b9c103ca308549303dc7cca9bdd1d19a007e9934253cd70ebd
2026-04-05T09:38:49.374839Z  INFO ThreadId(15) pipeline{execution_id=19298a63-d681-4a8b-b9fe-285819650b06 chain_id=137 from_address=0xfea6645D31443cF7Cf96eF1dB7823EB9365f98bf}: cortex::pipeline: nonce reserved elapsed_ms=100 nonce=3
2026-04-05T09:38:49.375533Z  INFO ThreadId(11) pipeline{execution_id=05ae973b-0e4f-4254-85b4-8bc39bb36632 chain_id=1 from_address=0xfea6645D31443cF7Cf96eF1dB7823EB9365f98bf}: cortex::pipeline: nonce reserved elapsed_ms=101 nonce=5
2026-04-05T09:38:49.375550Z  INFO ThreadId(17) pipeline{execution_id=0689e627-262b-42f9-8645-ccbb7f600035 chain_id=137 from_address=0xCFA80F1f22b0AD533F7d8e2CcC0A783aa4BCaFF3}: cortex::pipeline: transaction broadcasted: elapsed_ms=101 tx_hash=0x3e858c968055bc152f0ab8ec28038dd837e315929328689a6a6c54064cdac911
2026-04-05T09:38:49.375856Z  INFO ThreadId(11) pipeline{execution_id=8639e24a-48d2-4a81-8467-78eaa92e9cd3 chain_id=42161 from_address=0x8b172F820629b14cEAF859A6e159d1BcD3291Fe1}: cortex::pipeline: transaction signed elapsed_ms=101
2026-04-05T09:38:49.375923Z  INFO ThreadId(14) pipeline{execution_id=19298a63-d681-4a8b-b9fe-285819650b06 chain_id=137 from_address=0xfea6645D31443cF7Cf96eF1dB7823EB9365f98bf}: cortex::pipeline: transaction signed elapsed_ms=101
2026-04-05T09:38:49.376302Z  INFO ThreadId(11) pipeline{execution_id=0b2570da-7a3c-4e61-84a9-9a48964ca560 chain_id=42161 from_address=0xCFA80F1f22b0AD533F7d8e2CcC0A783aa4BCaFF3}: cortex::pipeline: nonce reserved elapsed_ms=101 nonce=5
2026-04-05T09:38:49.376895Z  INFO ThreadId(17) pipeline{execution_id=cd01ca17-812e-4d7e-9856-c68f2b20c8f4 chain_id=42161 from_address=0xfea6645D31443cF7Cf96eF1dB7823EB9365f98bf}: cortex::pipeline: transaction broadcasted: elapsed_ms=102 tx_hash=0xa0c94c8abc835c0342f33ce81badaf00f2e56e0bd92ed785221a6551dfb32696
2026-04-05T09:38:49.376974Z  INFO ThreadId(11) pipeline{execution_id=05ae973b-0e4f-4254-85b4-8bc39bb36632 chain_id=1 from_address=0xfea6645D31443cF7Cf96eF1dB7823EB9365f98bf}: cortex::pipeline: transaction signed elapsed_ms=102
2026-04-05T09:38:49.377141Z  INFO ThreadId(11) pipeline{execution_id=fff3e559-e3af-4dc3-9a47-ddeea1855509 chain_id=1 from_address=0xCFA80F1f22b0AD533F7d8e2CcC0A783aa4BCaFF3}: cortex::pipeline: nonce reserved elapsed_ms=102 nonce=5
2026-04-05T09:38:49.377917Z  INFO ThreadId(15) pipeline{execution_id=c2c51d2a-8dbd-4be1-93b9-b04999f9bc64 chain_id=137 from_address=0x2EAC739a1e05F4a05a5B8fD93D332c4353E5A7cD}: cortex::pipeline: transaction broadcasted: elapsed_ms=103 tx_hash=0x8806b5f6a01836059454ba640cf6e6ecd7a3234846f64523ef489d8423b8ac14
2026-04-05T09:38:49.377984Z  INFO ThreadId(10) pipeline{execution_id=0b2570da-7a3c-4e61-84a9-9a48964ca560 chain_id=42161 from_address=0xCFA80F1f22b0AD533F7d8e2CcC0A783aa4BCaFF3}: cortex::pipeline: transaction signed elapsed_ms=103
2026-04-05T09:38:49.378027Z  INFO ThreadId(11) pipeline{execution_id=aadf0275-f9d9-4d0c-81af-eecc0197d43e chain_id=42161 from_address=0xfea6645D31443cF7Cf96eF1dB7823EB9365f98bf}: cortex::pipeline: nonce reserved elapsed_ms=103 nonce=6
2026-04-05T09:38:49.378419Z  INFO ThreadId(17) pipeline{execution_id=fff3e559-e3af-4dc3-9a47-ddeea1855509 chain_id=1 from_address=0xCFA80F1f22b0AD533F7d8e2CcC0A783aa4BCaFF3}: cortex::pipeline: transaction signed elapsed_ms=103
2026-04-05T09:38:49.379539Z  INFO ThreadId(17) pipeline{execution_id=8639e24a-48d2-4a81-8467-78eaa92e9cd3 chain_id=42161 from_address=0x8b172F820629b14cEAF859A6e159d1BcD3291Fe1}: cortex::pipeline: transaction broadcasted: elapsed_ms=105 tx_hash=0xd62c2a9a8c386c430e92c1ed6ad590905c09698504ba853fac09b977dfc45368
2026-04-05T09:38:49.379667Z  INFO ThreadId(06) pipeline{execution_id=aadf0275-f9d9-4d0c-81af-eecc0197d43e chain_id=42161 from_address=0xfea6645D31443cF7Cf96eF1dB7823EB9365f98bf}: cortex::pipeline: transaction signed elapsed_ms=105
2026-04-05T09:38:49.379880Z  INFO ThreadId(17) pipeline{execution_id=05ae973b-0e4f-4254-85b4-8bc39bb36632 chain_id=1 from_address=0xfea6645D31443cF7Cf96eF1dB7823EB9365f98bf}: cortex::pipeline: transaction broadcasted: elapsed_ms=105 tx_hash=0x3f902e165517c060209fc4d006f2fe951d90fe322fce74cc86adbd7ca8926950
2026-04-05T09:38:49.380193Z  INFO ThreadId(11) pipeline{execution_id=1eb39502-4c39-47aa-811b-6e4a60601e17 chain_id=137 from_address=0x2EAC739a1e05F4a05a5B8fD93D332c4353E5A7cD}: cortex::pipeline: nonce reserved elapsed_ms=105 nonce=4
2026-04-05T09:38:49.380852Z  INFO ThreadId(03) pipeline{execution_id=fa5a0a44-3ee8-4272-875d-d0955a858e46 chain_id=1 from_address=0x8AfE43fF49EBd5c4B8Cd1497ee77b437dd1711fc}: cortex::pipeline: nonce reserved elapsed_ms=106 nonce=4
2026-04-05T09:38:49.381585Z  INFO ThreadId(05) pipeline{execution_id=19298a63-d681-4a8b-b9fe-285819650b06 chain_id=137 from_address=0xfea6645D31443cF7Cf96eF1dB7823EB9365f98bf}: cortex::pipeline: transaction broadcasted: elapsed_ms=107 tx_hash=0x8e4f23521be272f47c480b9bd4dae0cc070e18be6609ee8959bba6adedf723e2
2026-04-05T09:38:49.382258Z  INFO ThreadId(18) pipeline{execution_id=0b2570da-7a3c-4e61-84a9-9a48964ca560 chain_id=42161 from_address=0xCFA80F1f22b0AD533F7d8e2CcC0A783aa4BCaFF3}: cortex::pipeline: transaction broadcasted: elapsed_ms=107 tx_hash=0xf0259557910bf320f666965a86f49f9a146a1a8873a33fcc0fe20c9790fed965
2026-04-05T09:38:49.382745Z  INFO ThreadId(14) pipeline{execution_id=fa5a0a44-3ee8-4272-875d-d0955a858e46 chain_id=1 from_address=0x8AfE43fF49EBd5c4B8Cd1497ee77b437dd1711fc}: cortex::pipeline: transaction signed elapsed_ms=108
2026-04-05T09:38:49.382745Z  INFO ThreadId(07) pipeline{execution_id=fff3e559-e3af-4dc3-9a47-ddeea1855509 chain_id=1 from_address=0xCFA80F1f22b0AD533F7d8e2CcC0A783aa4BCaFF3}: cortex::pipeline: transaction broadcasted: elapsed_ms=108 tx_hash=0x742e014afae55d95999c4e5c16f16cb7998d796af12878953d66357a2da95d1c
2026-04-05T09:38:49.383440Z  INFO ThreadId(09) pipeline{execution_id=06a9e267-d264-41f8-a833-ad5a3f92e621 chain_id=1 from_address=0x2EAC739a1e05F4a05a5B8fD93D332c4353E5A7cD}: cortex::pipeline: nonce reserved elapsed_ms=108 nonce=5
2026-04-05T09:38:49.383535Z  INFO ThreadId(09) pipeline{execution_id=9031d766-7c7a-4731-95cc-14ab9402c23c chain_id=42161 from_address=0x8AfE43fF49EBd5c4B8Cd1497ee77b437dd1711fc}: cortex::pipeline: nonce reserved elapsed_ms=108 nonce=10
2026-04-05T09:38:49.384427Z  INFO ThreadId(13) pipeline{execution_id=aadf0275-f9d9-4d0c-81af-eecc0197d43e chain_id=42161 from_address=0xfea6645D31443cF7Cf96eF1dB7823EB9365f98bf}: cortex::pipeline: transaction broadcasted: elapsed_ms=109 tx_hash=0x651b00e1e4a1a48205eb3f08c2b4d0f5d66acf77e1cb326138c006c630b7d531
2026-04-05T09:38:49.384498Z  INFO ThreadId(14) pipeline{execution_id=1eb39502-4c39-47aa-811b-6e4a60601e17 chain_id=137 from_address=0x2EAC739a1e05F4a05a5B8fD93D332c4353E5A7cD}: cortex::pipeline: transaction signed elapsed_ms=109
2026-04-05T09:38:49.384688Z  INFO ThreadId(07) pipeline{execution_id=9031d766-7c7a-4731-95cc-14ab9402c23c chain_id=42161 from_address=0x8AfE43fF49EBd5c4B8Cd1497ee77b437dd1711fc}: cortex::pipeline: transaction signed elapsed_ms=110
2026-04-05T09:38:49.384866Z  INFO ThreadId(18) pipeline{execution_id=fa5a0a44-3ee8-4272-875d-d0955a858e46 chain_id=1 from_address=0x8AfE43fF49EBd5c4B8Cd1497ee77b437dd1711fc}: cortex::pipeline: transaction broadcasted: elapsed_ms=110 tx_hash=0x48e2c3cf5b54c3d1fc93174f713763ca5d4f12383377c75e04f8d55e57661e80
2026-04-05T09:38:49.384870Z  INFO ThreadId(09) pipeline{execution_id=06a9e267-d264-41f8-a833-ad5a3f92e621 chain_id=1 from_address=0x2EAC739a1e05F4a05a5B8fD93D332c4353E5A7cD}: cortex::pipeline: transaction signed elapsed_ms=110
2026-04-05T09:38:49.385758Z  INFO ThreadId(14) pipeline{execution_id=43dcdf82-3ec4-47ee-9e41-4b7d75eff41f chain_id=1 from_address=0x2EAC739a1e05F4a05a5B8fD93D332c4353E5A7cD}: cortex::pipeline: nonce reserved elapsed_ms=111 nonce=6
2026-04-05T09:38:49.386158Z  INFO ThreadId(10) pipeline{execution_id=1eb39502-4c39-47aa-811b-6e4a60601e17 chain_id=137 from_address=0x2EAC739a1e05F4a05a5B8fD93D332c4353E5A7cD}: cortex::pipeline: transaction broadcasted: elapsed_ms=111 tx_hash=0x6fd78fa8f94d2db976f78eb432e82301de005d2158f96b0b67783ecbd933371c
2026-04-05T09:38:49.386293Z  INFO ThreadId(05) pipeline{execution_id=06a9e267-d264-41f8-a833-ad5a3f92e621 chain_id=1 from_address=0x2EAC739a1e05F4a05a5B8fD93D332c4353E5A7cD}: cortex::pipeline: transaction broadcasted: elapsed_ms=111 tx_hash=0xfc6d1f4bce4dc5f83b90c79ba29bf335cb61c4bc1028feaef77b4f434e98592c
2026-04-05T09:38:49.386372Z  INFO ThreadId(07) pipeline{execution_id=cf6d1abe-91e5-4496-9591-b4d84e5de534 chain_id=137 from_address=0x8b172F820629b14cEAF859A6e159d1BcD3291Fe1}: cortex::pipeline: nonce reserved elapsed_ms=111 nonce=8
2026-04-05T09:38:49.386689Z  INFO ThreadId(10) pipeline{execution_id=9031d766-7c7a-4731-95cc-14ab9402c23c chain_id=42161 from_address=0x8AfE43fF49EBd5c4B8Cd1497ee77b437dd1711fc}: cortex::pipeline: transaction broadcasted: elapsed_ms=112 tx_hash=0x4663176dcf616103dd50d8cf3435060318e98d08e2a13fb8515819e0d0ca7dea
2026-04-05T09:38:49.387187Z  INFO ThreadId(14) pipeline{execution_id=b60783cd-2577-4c28-848b-e181700c0deb chain_id=1 from_address=0x8AfE43fF49EBd5c4B8Cd1497ee77b437dd1711fc}: cortex::pipeline: nonce reserved elapsed_ms=112 nonce=5
2026-04-05T09:38:49.387385Z  INFO ThreadId(09) pipeline{execution_id=9b9a973a-b68d-42af-9725-29161e5448fc chain_id=42161 from_address=0x2EAC739a1e05F4a05a5B8fD93D332c4353E5A7cD}: cortex::pipeline: nonce reserved elapsed_ms=112 nonce=5
2026-04-05T09:38:49.387602Z  INFO ThreadId(09) pipeline{execution_id=cf6d1abe-91e5-4496-9591-b4d84e5de534 chain_id=137 from_address=0x8b172F820629b14cEAF859A6e159d1BcD3291Fe1}: cortex::pipeline: transaction signed elapsed_ms=112
2026-04-05T09:38:49.388081Z  INFO ThreadId(09) pipeline{execution_id=1262e658-693b-4d2f-a18f-d5ca528d46c3 chain_id=137 from_address=0xCFA80F1f22b0AD533F7d8e2CcC0A783aa4BCaFF3}: cortex::pipeline: nonce reserved elapsed_ms=113 nonce=5
2026-04-05T09:38:49.388115Z  INFO ThreadId(07) pipeline{execution_id=43dcdf82-3ec4-47ee-9e41-4b7d75eff41f chain_id=1 from_address=0x2EAC739a1e05F4a05a5B8fD93D332c4353E5A7cD}: cortex::pipeline: transaction signed elapsed_ms=113
2026-04-05T09:38:49.388538Z  INFO ThreadId(14) pipeline{execution_id=b60783cd-2577-4c28-848b-e181700c0deb chain_id=1 from_address=0x8AfE43fF49EBd5c4B8Cd1497ee77b437dd1711fc}: cortex::pipeline: transaction signed elapsed_ms=113
2026-04-05T09:38:49.388637Z  INFO ThreadId(14) pipeline{execution_id=9b9a973a-b68d-42af-9725-29161e5448fc chain_id=42161 from_address=0x2EAC739a1e05F4a05a5B8fD93D332c4353E5A7cD}: cortex::pipeline: transaction signed elapsed_ms=113
2026-04-05T09:38:49.389047Z  INFO ThreadId(05) pipeline{execution_id=1262e658-693b-4d2f-a18f-d5ca528d46c3 chain_id=137 from_address=0xCFA80F1f22b0AD533F7d8e2CcC0A783aa4BCaFF3}: cortex::pipeline: transaction signed elapsed_ms=114
2026-04-05T09:38:49.389058Z  INFO ThreadId(03) pipeline{execution_id=a5dfba69-3c54-4547-881d-a3485c8a33fb chain_id=137 from_address=0x2EAC739a1e05F4a05a5B8fD93D332c4353E5A7cD}: cortex::pipeline: nonce reserved elapsed_ms=114 nonce=5
2026-04-05T09:38:49.389216Z  INFO ThreadId(03) pipeline{execution_id=cf6d1abe-91e5-4496-9591-b4d84e5de534 chain_id=137 from_address=0x8b172F820629b14cEAF859A6e159d1BcD3291Fe1}: cortex::pipeline: transaction broadcasted: elapsed_ms=114 tx_hash=0xea83fa41fdf4001da3c2fda827dca656b97c5e6fc7be9a18409676a4918e8ab0
2026-04-05T09:38:49.389591Z  INFO ThreadId(03) pipeline{execution_id=43dcdf82-3ec4-47ee-9e41-4b7d75eff41f chain_id=1 from_address=0x2EAC739a1e05F4a05a5B8fD93D332c4353E5A7cD}: cortex::pipeline: transaction broadcasted: elapsed_ms=114 tx_hash=0x7367ab952b084d34d5a0b0ef9a91fb1d2164b7226ff1b67bc3aae9c887830eda
2026-04-05T09:38:49.389677Z  INFO ThreadId(07) pipeline{execution_id=7647507a-c310-4a22-ba6c-94fd40f6eb3b chain_id=137 from_address=0x8b172F820629b14cEAF859A6e159d1BcD3291Fe1}: cortex::pipeline: nonce reserved elapsed_ms=114 nonce=9
2026-04-05T09:38:49.390195Z  INFO ThreadId(09) pipeline{execution_id=a5dfba69-3c54-4547-881d-a3485c8a33fb chain_id=137 from_address=0x2EAC739a1e05F4a05a5B8fD93D332c4353E5A7cD}: cortex::pipeline: transaction signed elapsed_ms=115
2026-04-05T09:38:49.390528Z  INFO ThreadId(03) pipeline{execution_id=d071bacf-c8fb-4a1a-9dd3-9654c588f029 chain_id=137 from_address=0xCFA80F1f22b0AD533F7d8e2CcC0A783aa4BCaFF3}: cortex::pipeline: nonce reserved elapsed_ms=116 nonce=6
2026-04-05T09:38:49.390618Z  INFO ThreadId(03) pipeline{execution_id=9b9a973a-b68d-42af-9725-29161e5448fc chain_id=42161 from_address=0x2EAC739a1e05F4a05a5B8fD93D332c4353E5A7cD}: cortex::pipeline: transaction broadcasted: elapsed_ms=115 tx_hash=0xabe2b8cca98a1b410c6fadaf5fb1e6466833535200391f5cb40cedbbcfc3ea4f
2026-04-05T09:38:49.390633Z  INFO ThreadId(05) pipeline{execution_id=1262e658-693b-4d2f-a18f-d5ca528d46c3 chain_id=137 from_address=0xCFA80F1f22b0AD533F7d8e2CcC0A783aa4BCaFF3}: cortex::pipeline: transaction broadcasted: elapsed_ms=115 tx_hash=0xb2c18e15452a68f42635124ac1f07bddd26cd00d6632cf6762d14cd436e9c216
2026-04-05T09:38:49.390678Z  INFO ThreadId(14) pipeline{execution_id=7647507a-c310-4a22-ba6c-94fd40f6eb3b chain_id=137 from_address=0x8b172F820629b14cEAF859A6e159d1BcD3291Fe1}: cortex::pipeline: transaction signed elapsed_ms=115
2026-04-05T09:38:49.390968Z  INFO ThreadId(07) pipeline{execution_id=b60783cd-2577-4c28-848b-e181700c0deb chain_id=1 from_address=0x8AfE43fF49EBd5c4B8Cd1497ee77b437dd1711fc}: cortex::pipeline: transaction broadcasted: elapsed_ms=116 tx_hash=0xadaeef28ff4b704a50a7c8f531f53bb646be9bc623b2bd9c619c619e5588599b
2026-04-05T09:38:49.391136Z  INFO ThreadId(09) pipeline{execution_id=b5d6d921-6345-4e5d-bdb7-0c8a6ffc8b02 chain_id=42161 from_address=0x8b172F820629b14cEAF859A6e159d1BcD3291Fe1}: cortex::pipeline: nonce reserved elapsed_ms=116 nonce=4
2026-04-05T09:38:49.391629Z  INFO ThreadId(09) pipeline{execution_id=d071bacf-c8fb-4a1a-9dd3-9654c588f029 chain_id=137 from_address=0xCFA80F1f22b0AD533F7d8e2CcC0A783aa4BCaFF3}: cortex::pipeline: transaction signed elapsed_ms=117
2026-04-05T09:38:49.391891Z  INFO ThreadId(05) pipeline{execution_id=b5d6d921-6345-4e5d-bdb7-0c8a6ffc8b02 chain_id=42161 from_address=0x8b172F820629b14cEAF859A6e159d1BcD3291Fe1}: cortex::pipeline: transaction signed elapsed_ms=116
2026-04-05T09:38:49.392082Z  INFO ThreadId(07) pipeline{execution_id=a5dfba69-3c54-4547-881d-a3485c8a33fb chain_id=137 from_address=0x2EAC739a1e05F4a05a5B8fD93D332c4353E5A7cD}: cortex::pipeline: transaction broadcasted: elapsed_ms=117 tx_hash=0x966cc8747d41380f019e07c9c5c70711c9b775da3e4943fb0e704cecc8032480
2026-04-05T09:38:49.393378Z  INFO ThreadId(09) pipeline{execution_id=b5d6d921-6345-4e5d-bdb7-0c8a6ffc8b02 chain_id=42161 from_address=0x8b172F820629b14cEAF859A6e159d1BcD3291Fe1}: cortex::pipeline: transaction broadcasted: elapsed_ms=118 tx_hash=0x7cb41ce62658a6c2b897bcfffa7279576a486cf705dce57fffcabf41fa61c652
2026-04-05T09:38:49.393440Z  INFO ThreadId(05) pipeline{execution_id=7647507a-c310-4a22-ba6c-94fd40f6eb3b chain_id=137 from_address=0x8b172F820629b14cEAF859A6e159d1BcD3291Fe1}: cortex::pipeline: transaction broadcasted: elapsed_ms=118 tx_hash=0x7cade3f851326bff9866feb109233a12530f0342e91dc48febe6638b018fc166
2026-04-05T09:38:49.394528Z  INFO ThreadId(07) pipeline{execution_id=d071bacf-c8fb-4a1a-9dd3-9654c588f029 chain_id=137 from_address=0xCFA80F1f22b0AD533F7d8e2CcC0A783aa4BCaFF3}: cortex::pipeline: transaction broadcasted: elapsed_ms=120 tx_hash=0xcc5d0056c8a6cbefa5bc4e13fe5e9d74fbd47e5196c4335b08042a0951a5a8d5
2026-04-05T09:38:51.497673Z  INFO ThreadId(17) pipeline{execution_id=49ad73cd-7f39-40ed-b20b-f792251e946f chain_id=42161 from_address=0x8b172F820629b14cEAF859A6e159d1BcD3291Fe1}: cortex::pipeline: transaction confirmed on-chain elapsed_ms=2225 block_number=449255557 confirmations=1
2026-04-05T09:38:51.497678Z  INFO ThreadId(04) pipeline{execution_id=812df8bb-2bf9-448f-86cb-86d9f595bc92 chain_id=1 from_address=0xCFA80F1f22b0AD533F7d8e2CcC0A783aa4BCaFF3}: cortex::pipeline: transaction confirmed on-chain elapsed_ms=2230 block_number=24812630 confirmations=1
2026-04-05T09:38:51.497684Z  INFO ThreadId(05) pipeline{execution_id=8f3c1242-1491-43ee-99f3-e15295cf5426 chain_id=137 from_address=0x8AfE43fF49EBd5c4B8Cd1497ee77b437dd1711fc}: cortex::pipeline: transaction confirmed on-chain elapsed_ms=2225 block_number=85130953 confirmations=1
2026-04-05T09:38:51.497739Z  INFO ThreadId(17) pipeline{execution_id=49ad73cd-7f39-40ed-b20b-f792251e946f chain_id=42161 from_address=0x8b172F820629b14cEAF859A6e159d1BcD3291Fe1}: cortex::pipeline: pipeline completed elapsed_ms=2225
2026-04-05T09:38:51.497765Z  INFO ThreadId(04) pipeline{execution_id=812df8bb-2bf9-448f-86cb-86d9f595bc92 chain_id=1 from_address=0xCFA80F1f22b0AD533F7d8e2CcC0A783aa4BCaFF3}: cortex::pipeline: pipeline completed elapsed_ms=2230
2026-04-05T09:38:51.497791Z  INFO ThreadId(05) pipeline{execution_id=8f3c1242-1491-43ee-99f3-e15295cf5426 chain_id=137 from_address=0x8AfE43fF49EBd5c4B8Cd1497ee77b437dd1711fc}: cortex::pipeline: pipeline completed elapsed_ms=2225
2026-04-05T09:38:51.501503Z  INFO ThreadId(05) pipeline{execution_id=60b23f3d-cf31-4dbf-b684-1232d374e0c5 chain_id=1 from_address=0x8b172F820629b14cEAF859A6e159d1BcD3291Fe1}: cortex::pipeline: transaction confirmed on-chain elapsed_ms=2229 block_number=24812628 confirmations=1
2026-04-05T09:38:51.501552Z  INFO ThreadId(05) pipeline{execution_id=60b23f3d-cf31-4dbf-b684-1232d374e0c5 chain_id=1 from_address=0x8b172F820629b14cEAF859A6e159d1BcD3291Fe1}: cortex::pipeline: pipeline completed elapsed_ms=2229
2026-04-05T09:38:51.502254Z  INFO ThreadId(12) pipeline{execution_id=500dfcc6-ccd8-410a-a545-9e58e85cc219 chain_id=42161 from_address=0x8AfE43fF49EBd5c4B8Cd1497ee77b437dd1711fc}: cortex::pipeline: transaction confirmed on-chain elapsed_ms=2229 block_number=449255551 confirmations=2
2026-04-05T09:38:51.502287Z  INFO ThreadId(12) pipeline{execution_id=500dfcc6-ccd8-410a-a545-9e58e85cc219 chain_id=42161 from_address=0x8AfE43fF49EBd5c4B8Cd1497ee77b437dd1711fc}: cortex::pipeline: pipeline completed elapsed_ms=2229
2026-04-05T09:38:51.504231Z  INFO ThreadId(13) pipeline{execution_id=107bc146-b615-4111-8131-d89a5ba3c752 chain_id=137 from_address=0x8b172F820629b14cEAF859A6e159d1BcD3291Fe1}: cortex::pipeline: transaction confirmed on-chain elapsed_ms=2236 block_number=85130952 confirmations=1
2026-04-05T09:38:51.504287Z  INFO ThreadId(13) pipeline{execution_id=107bc146-b615-4111-8131-d89a5ba3c752 chain_id=137 from_address=0x8b172F820629b14cEAF859A6e159d1BcD3291Fe1}: cortex::pipeline: pipeline completed elapsed_ms=2236
2026-04-05T09:38:51.505461Z  INFO ThreadId(03) pipeline{execution_id=95789508-4980-4731-b7c7-6055d2e75cd0 chain_id=1 from_address=0x8AfE43fF49EBd5c4B8Cd1497ee77b437dd1711fc}: cortex::pipeline: transaction confirmed on-chain elapsed_ms=2237 block_number=24812630 confirmations=1
2026-04-05T09:38:51.505499Z  INFO ThreadId(03) pipeline{execution_id=95789508-4980-4731-b7c7-6055d2e75cd0 chain_id=1 from_address=0x8AfE43fF49EBd5c4B8Cd1497ee77b437dd1711fc}: cortex::pipeline: pipeline completed elapsed_ms=2237
2026-04-05T09:38:51.507114Z  INFO ThreadId(12) pipeline{execution_id=167c0ab0-19dc-4b91-9d65-7e24971d5a3d chain_id=137 from_address=0x8b172F820629b14cEAF859A6e159d1BcD3291Fe1}: cortex::pipeline: transaction confirmed on-chain elapsed_ms=2234 block_number=85130952 confirmations=1
2026-04-05T09:38:51.507177Z  INFO ThreadId(12) pipeline{execution_id=167c0ab0-19dc-4b91-9d65-7e24971d5a3d chain_id=137 from_address=0x8b172F820629b14cEAF859A6e159d1BcD3291Fe1}: cortex::pipeline: pipeline completed elapsed_ms=2234
2026-04-05T09:38:51.508520Z  INFO ThreadId(15) pipeline{execution_id=675c9c5b-6b85-4bc3-9e2a-a88596460895 chain_id=42161 from_address=0x8AfE43fF49EBd5c4B8Cd1497ee77b437dd1711fc}: cortex::pipeline: transaction confirmed on-chain elapsed_ms=2236 block_number=449255551 confirmations=2
2026-04-05T09:38:51.508581Z  INFO ThreadId(15) pipeline{execution_id=675c9c5b-6b85-4bc3-9e2a-a88596460895 chain_id=42161 from_address=0x8AfE43fF49EBd5c4B8Cd1497ee77b437dd1711fc}: cortex::pipeline: pipeline completed elapsed_ms=2236
2026-04-05T09:38:51.509603Z  INFO ThreadId(13) pipeline{execution_id=ec727be1-554c-4d3d-aa81-141155684baa chain_id=1 from_address=0x8AfE43fF49EBd5c4B8Cd1497ee77b437dd1711fc}: cortex::pipeline: transaction confirmed on-chain elapsed_ms=2241 block_number=24812630 confirmations=1
2026-04-05T09:38:51.509660Z  INFO ThreadId(13) pipeline{execution_id=ec727be1-554c-4d3d-aa81-141155684baa chain_id=1 from_address=0x8AfE43fF49EBd5c4B8Cd1497ee77b437dd1711fc}: cortex::pipeline: pipeline completed elapsed_ms=2241
2026-04-05T09:38:51.510659Z  INFO ThreadId(09) pipeline{execution_id=7f5df3ff-f105-495a-8744-d7c21ecdcb05 chain_id=42161 from_address=0x8AfE43fF49EBd5c4B8Cd1497ee77b437dd1711fc}: cortex::pipeline: transaction confirmed on-chain elapsed_ms=2238 block_number=449255551 confirmations=2
2026-04-05T09:38:51.510694Z  INFO ThreadId(15) pipeline{execution_id=2077c537-df51-41fa-ac07-188d24bd29f0 chain_id=137 from_address=0x8b172F820629b14cEAF859A6e159d1BcD3291Fe1}: cortex::pipeline: transaction confirmed on-chain elapsed_ms=2238 block_number=85130952 confirmations=1
2026-04-05T09:38:51.510748Z  INFO ThreadId(09) pipeline{execution_id=7f5df3ff-f105-495a-8744-d7c21ecdcb05 chain_id=42161 from_address=0x8AfE43fF49EBd5c4B8Cd1497ee77b437dd1711fc}: cortex::pipeline: pipeline completed elapsed_ms=2238
2026-04-05T09:38:51.510770Z  INFO ThreadId(15) pipeline{execution_id=2077c537-df51-41fa-ac07-188d24bd29f0 chain_id=137 from_address=0x8b172F820629b14cEAF859A6e159d1BcD3291Fe1}: cortex::pipeline: pipeline completed elapsed_ms=2238
2026-04-05T09:38:51.511815Z  INFO ThreadId(12) pipeline{execution_id=deb12e5d-e6a1-4b4f-8bc4-a15536249df6 chain_id=1 from_address=0x8b172F820629b14cEAF859A6e159d1BcD3291Fe1}: cortex::pipeline: transaction confirmed on-chain elapsed_ms=2239 block_number=24812628 confirmations=1
2026-04-05T09:38:51.511988Z  INFO ThreadId(12) pipeline{execution_id=deb12e5d-e6a1-4b4f-8bc4-a15536249df6 chain_id=1 from_address=0x8b172F820629b14cEAF859A6e159d1BcD3291Fe1}: cortex::pipeline: pipeline completed elapsed_ms=2239
2026-04-05T09:38:51.512767Z  INFO ThreadId(03) pipeline{execution_id=d3b8d511-3bdc-4ded-a68a-c56c29d7b536 chain_id=42161 from_address=0xfea6645D31443cF7Cf96eF1dB7823EB9365f98bf}: cortex::pipeline: transaction confirmed on-chain elapsed_ms=2240 block_number=449255551 confirmations=2
2026-04-05T09:38:51.512822Z  INFO ThreadId(10) pipeline{execution_id=8db07275-4f06-4d2f-987d-9374854ea8a2 chain_id=137 from_address=0x2EAC739a1e05F4a05a5B8fD93D332c4353E5A7cD}: cortex::pipeline: transaction confirmed on-chain elapsed_ms=2240 block_number=85130953 confirmations=1
2026-04-05T09:38:51.512846Z  INFO ThreadId(03) pipeline{execution_id=d3b8d511-3bdc-4ded-a68a-c56c29d7b536 chain_id=42161 from_address=0xfea6645D31443cF7Cf96eF1dB7823EB9365f98bf}: cortex::pipeline: pipeline completed elapsed_ms=2240
2026-04-05T09:38:51.512872Z  INFO ThreadId(10) pipeline{execution_id=8db07275-4f06-4d2f-987d-9374854ea8a2 chain_id=137 from_address=0x2EAC739a1e05F4a05a5B8fD93D332c4353E5A7cD}: cortex::pipeline: pipeline completed elapsed_ms=2240
2026-04-05T09:38:51.513762Z  INFO ThreadId(13) pipeline{execution_id=55750d89-46b9-4e12-a6d7-a7dc710f1ed4 chain_id=42161 from_address=0xfea6645D31443cF7Cf96eF1dB7823EB9365f98bf}: cortex::pipeline: transaction confirmed on-chain elapsed_ms=2240 block_number=449255551 confirmations=2
2026-04-05T09:38:51.513819Z  INFO ThreadId(13) pipeline{execution_id=55750d89-46b9-4e12-a6d7-a7dc710f1ed4 chain_id=42161 from_address=0xfea6645D31443cF7Cf96eF1dB7823EB9365f98bf}: cortex::pipeline: pipeline completed elapsed_ms=2241
2026-04-05T09:38:51.515415Z  INFO ThreadId(09) pipeline{execution_id=1f9d7c1b-efb0-4a3e-8035-a284464c1d60 chain_id=137 from_address=0x8AfE43fF49EBd5c4B8Cd1497ee77b437dd1711fc}: cortex::pipeline: transaction confirmed on-chain elapsed_ms=2243 block_number=85130953 confirmations=1
2026-04-05T09:38:51.515473Z  INFO ThreadId(09) pipeline{execution_id=1f9d7c1b-efb0-4a3e-8035-a284464c1d60 chain_id=137 from_address=0x8AfE43fF49EBd5c4B8Cd1497ee77b437dd1711fc}: cortex::pipeline: pipeline completed elapsed_ms=2243
2026-04-05T09:38:51.515999Z  INFO ThreadId(09) pipeline{execution_id=8ad2680a-63de-4438-ba15-4e86cbce246a chain_id=1 from_address=0x8b172F820629b14cEAF859A6e159d1BcD3291Fe1}: cortex::pipeline: transaction confirmed on-chain elapsed_ms=2248 block_number=24812628 confirmations=1
2026-04-05T09:38:51.516049Z  INFO ThreadId(09) pipeline{execution_id=8ad2680a-63de-4438-ba15-4e86cbce246a chain_id=1 from_address=0x8b172F820629b14cEAF859A6e159d1BcD3291Fe1}: cortex::pipeline: pipeline completed elapsed_ms=2248
2026-04-05T09:38:51.516230Z  INFO ThreadId(18) pipeline{execution_id=77522108-54c7-4f35-8d3e-8c060e5eea7f chain_id=42161 from_address=0xfea6645D31443cF7Cf96eF1dB7823EB9365f98bf}: cortex::pipeline: transaction confirmed on-chain elapsed_ms=2243 block_number=449255551 confirmations=2
2026-04-05T09:38:51.516236Z  INFO ThreadId(09) pipeline{execution_id=10260726-b35d-4685-8fd0-0df82de33107 chain_id=137 from_address=0x2EAC739a1e05F4a05a5B8fD93D332c4353E5A7cD}: cortex::pipeline: transaction confirmed on-chain elapsed_ms=2243 block_number=85130953 confirmations=1
2026-04-05T09:38:51.516262Z  INFO ThreadId(18) pipeline{execution_id=77522108-54c7-4f35-8d3e-8c060e5eea7f chain_id=42161 from_address=0xfea6645D31443cF7Cf96eF1dB7823EB9365f98bf}: cortex::pipeline: pipeline completed elapsed_ms=2243
2026-04-05T09:38:51.516277Z  INFO ThreadId(09) pipeline{execution_id=10260726-b35d-4685-8fd0-0df82de33107 chain_id=137 from_address=0x2EAC739a1e05F4a05a5B8fD93D332c4353E5A7cD}: cortex::pipeline: pipeline completed elapsed_ms=2243
2026-04-05T09:38:51.518618Z  INFO ThreadId(09) pipeline{execution_id=f51dc9e8-5361-4ef2-bc63-73e7349f2590 chain_id=1 from_address=0xCFA80F1f22b0AD533F7d8e2CcC0A783aa4BCaFF3}: cortex::pipeline: transaction confirmed on-chain elapsed_ms=2246 block_number=24812630 confirmations=1
2026-04-05T09:38:51.518677Z  INFO ThreadId(09) pipeline{execution_id=f51dc9e8-5361-4ef2-bc63-73e7349f2590 chain_id=1 from_address=0xCFA80F1f22b0AD533F7d8e2CcC0A783aa4BCaFF3}: cortex::pipeline: pipeline completed elapsed_ms=2246
2026-04-05T09:38:51.519534Z  INFO ThreadId(10) pipeline{execution_id=d90f6c73-b91e-4456-b468-c1a9cc4c7896 chain_id=137 from_address=0x2EAC739a1e05F4a05a5B8fD93D332c4353E5A7cD}: cortex::pipeline: transaction confirmed on-chain elapsed_ms=2246 block_number=85130953 confirmations=1
2026-04-05T09:38:51.519591Z  INFO ThreadId(10) pipeline{execution_id=d90f6c73-b91e-4456-b468-c1a9cc4c7896 chain_id=137 from_address=0x2EAC739a1e05F4a05a5B8fD93D332c4353E5A7cD}: cortex::pipeline: pipeline completed elapsed_ms=2246
2026-04-05T09:38:51.519648Z  INFO ThreadId(18) pipeline{execution_id=71258036-5d45-4a48-aa44-e0d4deb0314e chain_id=1 from_address=0xCFA80F1f22b0AD533F7d8e2CcC0A783aa4BCaFF3}: cortex::pipeline: transaction confirmed on-chain elapsed_ms=2247 block_number=24812630 confirmations=1
2026-04-05T09:38:51.519685Z  INFO ThreadId(18) pipeline{execution_id=71258036-5d45-4a48-aa44-e0d4deb0314e chain_id=1 from_address=0xCFA80F1f22b0AD533F7d8e2CcC0A783aa4BCaFF3}: cortex::pipeline: pipeline completed elapsed_ms=2247
2026-04-05T09:38:51.520553Z  INFO ThreadId(09) pipeline{execution_id=5b963d6e-8757-443e-a217-a7f1eff5b9d3 chain_id=42161 from_address=0xCFA80F1f22b0AD533F7d8e2CcC0A783aa4BCaFF3}: cortex::pipeline: transaction confirmed on-chain elapsed_ms=2247 block_number=449255551 confirmations=2
2026-04-05T09:38:51.520594Z  INFO ThreadId(09) pipeline{execution_id=5b963d6e-8757-443e-a217-a7f1eff5b9d3 chain_id=42161 from_address=0xCFA80F1f22b0AD533F7d8e2CcC0A783aa4BCaFF3}: cortex::pipeline: pipeline completed elapsed_ms=2247
2026-04-05T09:38:51.522095Z  INFO ThreadId(18) pipeline{execution_id=1c1d18f9-d0e2-4d6f-9f1b-1b93d67aca1d chain_id=1 from_address=0x2EAC739a1e05F4a05a5B8fD93D332c4353E5A7cD}: cortex::pipeline: transaction confirmed on-chain elapsed_ms=2249 block_number=24812630 confirmations=1
2026-04-05T09:38:51.522137Z  INFO ThreadId(18) pipeline{execution_id=1c1d18f9-d0e2-4d6f-9f1b-1b93d67aca1d chain_id=1 from_address=0x2EAC739a1e05F4a05a5B8fD93D332c4353E5A7cD}: cortex::pipeline: pipeline completed elapsed_ms=2249
2026-04-05T09:38:51.522145Z  INFO ThreadId(10) pipeline{execution_id=fafe659e-2ddb-4294-9b1b-f3baa6118f06 chain_id=137 from_address=0xCFA80F1f22b0AD533F7d8e2CcC0A783aa4BCaFF3}: cortex::pipeline: transaction confirmed on-chain elapsed_ms=2249 block_number=85130953 confirmations=1
2026-04-05T09:38:51.522181Z  INFO ThreadId(10) pipeline{execution_id=fafe659e-2ddb-4294-9b1b-f3baa6118f06 chain_id=137 from_address=0xCFA80F1f22b0AD533F7d8e2CcC0A783aa4BCaFF3}: cortex::pipeline: pipeline completed elapsed_ms=2249
2026-04-05T09:38:51.522990Z  INFO ThreadId(09) pipeline{execution_id=be27e932-ff3c-4a93-842a-508c76e79f50 chain_id=42161 from_address=0x2EAC739a1e05F4a05a5B8fD93D332c4353E5A7cD}: cortex::pipeline: transaction confirmed on-chain elapsed_ms=2250 block_number=449255551 confirmations=2
2026-04-05T09:38:51.523025Z  INFO ThreadId(09) pipeline{execution_id=be27e932-ff3c-4a93-842a-508c76e79f50 chain_id=42161 from_address=0x2EAC739a1e05F4a05a5B8fD93D332c4353E5A7cD}: cortex::pipeline: pipeline completed elapsed_ms=2251
2026-04-05T09:38:51.524499Z  INFO ThreadId(09) pipeline{execution_id=76a62827-ae8f-44d0-b46b-f4928dcb2e86 chain_id=1 from_address=0x8b172F820629b14cEAF859A6e159d1BcD3291Fe1}: cortex::pipeline: transaction confirmed on-chain elapsed_ms=2251 block_number=24812628 confirmations=1
2026-04-05T09:38:51.524549Z  INFO ThreadId(09) pipeline{execution_id=76a62827-ae8f-44d0-b46b-f4928dcb2e86 chain_id=1 from_address=0x8b172F820629b14cEAF859A6e159d1BcD3291Fe1}: cortex::pipeline: pipeline completed elapsed_ms=2251
2026-04-05T09:38:51.524670Z  INFO ThreadId(09) pipeline{execution_id=b2332b40-52f2-465e-be20-e7baeb6dbdc0 chain_id=137 from_address=0x8AfE43fF49EBd5c4B8Cd1497ee77b437dd1711fc}: cortex::pipeline: transaction confirmed on-chain elapsed_ms=2251 block_number=85130953 confirmations=1
2026-04-05T09:38:51.524711Z  INFO ThreadId(09) pipeline{execution_id=b2332b40-52f2-465e-be20-e7baeb6dbdc0 chain_id=137 from_address=0x8AfE43fF49EBd5c4B8Cd1497ee77b437dd1711fc}: cortex::pipeline: pipeline completed elapsed_ms=2251
2026-04-05T09:38:51.524829Z  INFO ThreadId(09) pipeline{execution_id=4583e515-e4a7-4236-8cd0-6524c2a39472 chain_id=42161 from_address=0xCFA80F1f22b0AD533F7d8e2CcC0A783aa4BCaFF3}: cortex::pipeline: transaction confirmed on-chain elapsed_ms=2252 block_number=449255551 confirmations=2
2026-04-05T09:38:51.524864Z  INFO ThreadId(09) pipeline{execution_id=4583e515-e4a7-4236-8cd0-6524c2a39472 chain_id=42161 from_address=0xCFA80F1f22b0AD533F7d8e2CcC0A783aa4BCaFF3}: cortex::pipeline: pipeline completed elapsed_ms=2252
2026-04-05T09:38:51.527186Z  INFO ThreadId(10) pipeline{execution_id=36be7057-bf20-4027-896d-62b8c1e256c2 chain_id=137 from_address=0xfea6645D31443cF7Cf96eF1dB7823EB9365f98bf}: cortex::pipeline: transaction confirmed on-chain elapsed_ms=2253 block_number=85130953 confirmations=1
2026-04-05T09:38:51.527255Z  INFO ThreadId(10) pipeline{execution_id=36be7057-bf20-4027-896d-62b8c1e256c2 chain_id=137 from_address=0xfea6645D31443cF7Cf96eF1dB7823EB9365f98bf}: cortex::pipeline: pipeline completed elapsed_ms=2253
2026-04-05T09:38:51.528021Z  INFO ThreadId(18) pipeline{execution_id=8e711b35-9425-4f77-a942-273174964fa8 chain_id=1 from_address=0x2EAC739a1e05F4a05a5B8fD93D332c4353E5A7cD}: cortex::pipeline: transaction confirmed on-chain elapsed_ms=2255 block_number=24812630 confirmations=1
2026-04-05T09:38:51.528066Z  INFO ThreadId(18) pipeline{execution_id=8e711b35-9425-4f77-a942-273174964fa8 chain_id=1 from_address=0x2EAC739a1e05F4a05a5B8fD93D332c4353E5A7cD}: cortex::pipeline: pipeline completed elapsed_ms=2255
2026-04-05T09:38:51.528540Z  INFO ThreadId(18) pipeline{execution_id=0dd4073c-ee7b-4f94-a88a-c04b4f47dda6 chain_id=42161 from_address=0xCFA80F1f22b0AD533F7d8e2CcC0A783aa4BCaFF3}: cortex::pipeline: transaction confirmed on-chain elapsed_ms=2255 block_number=449255551 confirmations=2
2026-04-05T09:38:51.528577Z  INFO ThreadId(18) pipeline{execution_id=0dd4073c-ee7b-4f94-a88a-c04b4f47dda6 chain_id=42161 from_address=0xCFA80F1f22b0AD533F7d8e2CcC0A783aa4BCaFF3}: cortex::pipeline: pipeline completed elapsed_ms=2255
2026-04-05T09:38:51.530762Z  INFO ThreadId(04) pipeline{execution_id=2259ec63-e25a-4a1d-b855-32fd5eb9d18c chain_id=1 from_address=0xfea6645D31443cF7Cf96eF1dB7823EB9365f98bf}: cortex::pipeline: transaction confirmed on-chain elapsed_ms=2258 block_number=24812630 confirmations=1
2026-04-05T09:38:51.530779Z  INFO ThreadId(13) pipeline{execution_id=a2848d08-1769-491b-9048-cfc672bd8ff0 chain_id=137 from_address=0x8b172F820629b14cEAF859A6e159d1BcD3291Fe1}: cortex::pipeline: transaction confirmed on-chain elapsed_ms=2257 block_number=85130952 confirmations=1
2026-04-05T09:38:51.530826Z  INFO ThreadId(04) pipeline{execution_id=2259ec63-e25a-4a1d-b855-32fd5eb9d18c chain_id=1 from_address=0xfea6645D31443cF7Cf96eF1dB7823EB9365f98bf}: cortex::pipeline: pipeline completed elapsed_ms=2258
2026-04-05T09:38:51.530823Z  INFO ThreadId(09) pipeline{execution_id=b8db649e-788c-4447-b5c0-1255d8ef5589 chain_id=42161 from_address=0x8AfE43fF49EBd5c4B8Cd1497ee77b437dd1711fc}: cortex::pipeline: transaction confirmed on-chain elapsed_ms=2257 block_number=449255551 confirmations=2
2026-04-05T09:38:51.530857Z  INFO ThreadId(13) pipeline{execution_id=a2848d08-1769-491b-9048-cfc672bd8ff0 chain_id=137 from_address=0x8b172F820629b14cEAF859A6e159d1BcD3291Fe1}: cortex::pipeline: pipeline completed elapsed_ms=2257
2026-04-05T09:38:51.530966Z  INFO ThreadId(09) pipeline{execution_id=b8db649e-788c-4447-b5c0-1255d8ef5589 chain_id=42161 from_address=0x8AfE43fF49EBd5c4B8Cd1497ee77b437dd1711fc}: cortex::pipeline: pipeline completed elapsed_ms=2257
2026-04-05T09:38:51.533153Z  INFO ThreadId(09) pipeline{execution_id=1c0a9e93-e8e0-43f4-8e25-96d01f6ed536 chain_id=137 from_address=0xCFA80F1f22b0AD533F7d8e2CcC0A783aa4BCaFF3}: cortex::pipeline: transaction confirmed on-chain elapsed_ms=2259 block_number=85130953 confirmations=1
2026-04-05T09:38:51.533214Z  INFO ThreadId(09) pipeline{execution_id=1c0a9e93-e8e0-43f4-8e25-96d01f6ed536 chain_id=137 from_address=0xCFA80F1f22b0AD533F7d8e2CcC0A783aa4BCaFF3}: cortex::pipeline: pipeline completed elapsed_ms=2259
2026-04-05T09:38:51.534226Z  INFO ThreadId(13) pipeline{execution_id=454cfcce-3cb1-4437-bd84-c647c26069b8 chain_id=42161 from_address=0xCFA80F1f22b0AD533F7d8e2CcC0A783aa4BCaFF3}: cortex::pipeline: transaction confirmed on-chain elapsed_ms=2260 block_number=449255551 confirmations=2
2026-04-05T09:38:51.534282Z  INFO ThreadId(13) pipeline{execution_id=454cfcce-3cb1-4437-bd84-c647c26069b8 chain_id=42161 from_address=0xCFA80F1f22b0AD533F7d8e2CcC0A783aa4BCaFF3}: cortex::pipeline: pipeline completed elapsed_ms=2260
2026-04-05T09:38:51.534609Z  INFO ThreadId(04) pipeline{execution_id=c4409a67-5d12-40a7-b3fb-d8f33e7f9f84 chain_id=1 from_address=0x8b172F820629b14cEAF859A6e159d1BcD3291Fe1}: cortex::pipeline: transaction confirmed on-chain elapsed_ms=2261 block_number=24812628 confirmations=1
2026-04-05T09:38:51.534652Z  INFO ThreadId(04) pipeline{execution_id=c4409a67-5d12-40a7-b3fb-d8f33e7f9f84 chain_id=1 from_address=0x8b172F820629b14cEAF859A6e159d1BcD3291Fe1}: cortex::pipeline: pipeline completed elapsed_ms=2261
2026-04-05T09:38:51.535891Z  INFO ThreadId(18) pipeline{execution_id=f2604c4b-5f42-4df8-9139-dd102acc541d chain_id=137 from_address=0xfea6645D31443cF7Cf96eF1dB7823EB9365f98bf}: cortex::pipeline: transaction confirmed on-chain elapsed_ms=2262 block_number=85130953 confirmations=1
2026-04-05T09:38:51.535939Z  INFO ThreadId(18) pipeline{execution_id=f2604c4b-5f42-4df8-9139-dd102acc541d chain_id=137 from_address=0xfea6645D31443cF7Cf96eF1dB7823EB9365f98bf}: cortex::pipeline: pipeline completed elapsed_ms=2262
2026-04-05T09:38:51.536410Z  INFO ThreadId(18) pipeline{execution_id=0d91095b-3515-49db-aa04-02470a9696ff chain_id=42161 from_address=0x8AfE43fF49EBd5c4B8Cd1497ee77b437dd1711fc}: cortex::pipeline: transaction confirmed on-chain elapsed_ms=2264 block_number=449255551 confirmations=2
2026-04-05T09:38:51.536442Z  INFO ThreadId(18) pipeline{execution_id=0d91095b-3515-49db-aa04-02470a9696ff chain_id=42161 from_address=0x8AfE43fF49EBd5c4B8Cd1497ee77b437dd1711fc}: cortex::pipeline: pipeline completed elapsed_ms=2264
2026-04-05T09:38:51.536793Z  INFO ThreadId(18) pipeline{execution_id=56a53b13-f8fa-4fdf-8aea-376fca61d54d chain_id=1 from_address=0xfea6645D31443cF7Cf96eF1dB7823EB9365f98bf}: cortex::pipeline: transaction confirmed on-chain elapsed_ms=2263 block_number=24812630 confirmations=1
2026-04-05T09:38:51.536823Z  INFO ThreadId(18) pipeline{execution_id=56a53b13-f8fa-4fdf-8aea-376fca61d54d chain_id=1 from_address=0xfea6645D31443cF7Cf96eF1dB7823EB9365f98bf}: cortex::pipeline: pipeline completed elapsed_ms=2263
2026-04-05T09:38:51.538309Z  INFO ThreadId(18) pipeline{execution_id=00ed3edc-6706-4063-bd1e-fd5ba650812b chain_id=137 from_address=0xfea6645D31443cF7Cf96eF1dB7823EB9365f98bf}: cortex::pipeline: transaction confirmed on-chain elapsed_ms=2264 block_number=85130953 confirmations=1
2026-04-05T09:38:51.538359Z  INFO ThreadId(18) pipeline{execution_id=00ed3edc-6706-4063-bd1e-fd5ba650812b chain_id=137 from_address=0xfea6645D31443cF7Cf96eF1dB7823EB9365f98bf}: cortex::pipeline: pipeline completed elapsed_ms=2264
2026-04-05T09:38:51.538688Z  INFO ThreadId(13) pipeline{execution_id=1df71be1-d82b-4236-8cfb-1e5e57fd0253 chain_id=42161 from_address=0x8AfE43fF49EBd5c4B8Cd1497ee77b437dd1711fc}: cortex::pipeline: transaction confirmed on-chain elapsed_ms=2265 block_number=449255551 confirmations=2
2026-04-05T09:38:51.538743Z  INFO ThreadId(13) pipeline{execution_id=1df71be1-d82b-4236-8cfb-1e5e57fd0253 chain_id=42161 from_address=0x8AfE43fF49EBd5c4B8Cd1497ee77b437dd1711fc}: cortex::pipeline: pipeline completed elapsed_ms=2265
2026-04-05T09:38:51.539804Z  INFO ThreadId(09) pipeline{execution_id=61bcfab5-54b8-43ec-a2da-0617ac2e8da7 chain_id=1 from_address=0xfea6645D31443cF7Cf96eF1dB7823EB9365f98bf}: cortex::pipeline: transaction confirmed on-chain elapsed_ms=2266 block_number=24812630 confirmations=1
2026-04-05T09:38:51.539855Z  INFO ThreadId(09) pipeline{execution_id=61bcfab5-54b8-43ec-a2da-0617ac2e8da7 chain_id=1 from_address=0xfea6645D31443cF7Cf96eF1dB7823EB9365f98bf}: cortex::pipeline: pipeline completed elapsed_ms=2266
2026-04-05T09:38:51.541242Z  INFO ThreadId(13) pipeline{execution_id=dd5251ca-94df-4a0b-896c-d7e2d4595377 chain_id=137 from_address=0x8b172F820629b14cEAF859A6e159d1BcD3291Fe1}: cortex::pipeline: transaction confirmed on-chain elapsed_ms=2267 block_number=85130952 confirmations=1
2026-04-05T09:38:51.541302Z  INFO ThreadId(13) pipeline{execution_id=dd5251ca-94df-4a0b-896c-d7e2d4595377 chain_id=137 from_address=0x8b172F820629b14cEAF859A6e159d1BcD3291Fe1}: cortex::pipeline: pipeline completed elapsed_ms=2267
2026-04-05T09:38:51.541958Z  INFO ThreadId(04) pipeline{execution_id=c89a42c9-efd2-4fcc-b8bb-09304e66a2ec chain_id=42161 from_address=0x8AfE43fF49EBd5c4B8Cd1497ee77b437dd1711fc}: cortex::pipeline: transaction confirmed on-chain elapsed_ms=2268 block_number=449255551 confirmations=2
2026-04-05T09:38:51.542004Z  INFO ThreadId(04) pipeline{execution_id=c89a42c9-efd2-4fcc-b8bb-09304e66a2ec chain_id=42161 from_address=0x8AfE43fF49EBd5c4B8Cd1497ee77b437dd1711fc}: cortex::pipeline: pipeline completed elapsed_ms=2268
2026-04-05T09:38:51.542393Z  INFO ThreadId(09) pipeline{execution_id=c9b79bae-8180-4154-95c2-d851dbe3125b chain_id=1 from_address=0x8b172F820629b14cEAF859A6e159d1BcD3291Fe1}: cortex::pipeline: transaction confirmed on-chain elapsed_ms=2268 block_number=24812628 confirmations=1
2026-04-05T09:38:51.542429Z  INFO ThreadId(09) pipeline{execution_id=c9b79bae-8180-4154-95c2-d851dbe3125b chain_id=1 from_address=0x8b172F820629b14cEAF859A6e159d1BcD3291Fe1}: cortex::pipeline: pipeline completed elapsed_ms=2269
2026-04-05T09:38:51.543868Z  INFO ThreadId(05) pipeline{execution_id=2133d73b-1b27-4ff2-ac35-ea35ea2d3c55 chain_id=137 from_address=0x8AfE43fF49EBd5c4B8Cd1497ee77b437dd1711fc}: cortex::pipeline: transaction confirmed on-chain elapsed_ms=2269 block_number=85130953 confirmations=1
2026-04-05T09:38:51.543872Z  INFO ThreadId(08) pipeline{execution_id=7dc10139-724f-47b6-8e10-8bebfebf4251 chain_id=42161 from_address=0xfea6645D31443cF7Cf96eF1dB7823EB9365f98bf}: cortex::pipeline: transaction confirmed on-chain elapsed_ms=2270 block_number=449255551 confirmations=2
2026-04-05T09:38:51.543914Z  INFO ThreadId(05) pipeline{execution_id=2133d73b-1b27-4ff2-ac35-ea35ea2d3c55 chain_id=137 from_address=0x8AfE43fF49EBd5c4B8Cd1497ee77b437dd1711fc}: cortex::pipeline: pipeline completed elapsed_ms=2269
2026-04-05T09:38:51.543928Z  INFO ThreadId(08) pipeline{execution_id=7dc10139-724f-47b6-8e10-8bebfebf4251 chain_id=42161 from_address=0xfea6645D31443cF7Cf96eF1dB7823EB9365f98bf}: cortex::pipeline: pipeline completed elapsed_ms=2270
2026-04-05T09:38:51.544861Z  INFO ThreadId(10) pipeline{execution_id=a851eda5-8af9-4a8d-854e-f884f2b6cce3 chain_id=1 from_address=0x2EAC739a1e05F4a05a5B8fD93D332c4353E5A7cD}: cortex::pipeline: transaction confirmed on-chain elapsed_ms=2271 block_number=24812630 confirmations=1
2026-04-05T09:38:51.544908Z  INFO ThreadId(10) pipeline{execution_id=a851eda5-8af9-4a8d-854e-f884f2b6cce3 chain_id=1 from_address=0x2EAC739a1e05F4a05a5B8fD93D332c4353E5A7cD}: cortex::pipeline: pipeline completed elapsed_ms=2271
2026-04-05T09:38:51.546153Z  INFO ThreadId(10) pipeline{execution_id=cf4e5a04-b655-4ea4-b438-be19191434e3 chain_id=42161 from_address=0x8AfE43fF49EBd5c4B8Cd1497ee77b437dd1711fc}: cortex::pipeline: transaction confirmed on-chain elapsed_ms=2272 block_number=449255551 confirmations=2
2026-04-05T09:38:51.546179Z  INFO ThreadId(05) pipeline{execution_id=0a3c27bd-112c-40af-956d-56d8a6a15867 chain_id=137 from_address=0xCFA80F1f22b0AD533F7d8e2CcC0A783aa4BCaFF3}: cortex::pipeline: transaction confirmed on-chain elapsed_ms=2272 block_number=85130953 confirmations=1
2026-04-05T09:38:51.546207Z  INFO ThreadId(10) pipeline{execution_id=cf4e5a04-b655-4ea4-b438-be19191434e3 chain_id=42161 from_address=0x8AfE43fF49EBd5c4B8Cd1497ee77b437dd1711fc}: cortex::pipeline: pipeline completed elapsed_ms=2272
2026-04-05T09:38:51.546221Z  INFO ThreadId(05) pipeline{execution_id=0a3c27bd-112c-40af-956d-56d8a6a15867 chain_id=137 from_address=0xCFA80F1f22b0AD533F7d8e2CcC0A783aa4BCaFF3}: cortex::pipeline: pipeline completed elapsed_ms=2272
2026-04-05T09:38:51.547271Z  INFO ThreadId(09) pipeline{execution_id=2a4e8563-13ca-4552-8ceb-a0c948efc6dc chain_id=1 from_address=0xCFA80F1f22b0AD533F7d8e2CcC0A783aa4BCaFF3}: cortex::pipeline: transaction confirmed on-chain elapsed_ms=2273 block_number=24812630 confirmations=1
2026-04-05T09:38:51.547332Z  INFO ThreadId(09) pipeline{execution_id=2a4e8563-13ca-4552-8ceb-a0c948efc6dc chain_id=1 from_address=0xCFA80F1f22b0AD533F7d8e2CcC0A783aa4BCaFF3}: cortex::pipeline: pipeline completed elapsed_ms=2273
2026-04-05T09:38:51.548983Z  INFO ThreadId(09) pipeline{execution_id=08ffb9f7-4bed-4394-9873-6b4a933164cf chain_id=42161 from_address=0x2EAC739a1e05F4a05a5B8fD93D332c4353E5A7cD}: cortex::pipeline: transaction confirmed on-chain elapsed_ms=2275 block_number=449255551 confirmations=2
2026-04-05T09:38:51.549033Z  INFO ThreadId(09) pipeline{execution_id=08ffb9f7-4bed-4394-9873-6b4a933164cf chain_id=42161 from_address=0x2EAC739a1e05F4a05a5B8fD93D332c4353E5A7cD}: cortex::pipeline: pipeline completed elapsed_ms=2275
2026-04-05T09:38:51.549196Z  INFO ThreadId(10) pipeline{execution_id=f6d2faa2-6948-4690-8ad1-814252734cfc chain_id=137 from_address=0x8b172F820629b14cEAF859A6e159d1BcD3291Fe1}: cortex::pipeline: transaction confirmed on-chain elapsed_ms=2275 block_number=85130952 confirmations=1
2026-04-05T09:38:51.549229Z  INFO ThreadId(10) pipeline{execution_id=f6d2faa2-6948-4690-8ad1-814252734cfc chain_id=137 from_address=0x8b172F820629b14cEAF859A6e159d1BcD3291Fe1}: cortex::pipeline: pipeline completed elapsed_ms=2275
2026-04-05T09:38:51.549783Z  INFO ThreadId(10) pipeline{execution_id=c3dfc512-ae46-4d70-a53d-7eb0cb1efe7f chain_id=1 from_address=0xfea6645D31443cF7Cf96eF1dB7823EB9365f98bf}: cortex::pipeline: transaction confirmed on-chain elapsed_ms=2277 block_number=24812630 confirmations=1
2026-04-05T09:38:51.549814Z  INFO ThreadId(10) pipeline{execution_id=c3dfc512-ae46-4d70-a53d-7eb0cb1efe7f chain_id=1 from_address=0xfea6645D31443cF7Cf96eF1dB7823EB9365f98bf}: cortex::pipeline: pipeline completed elapsed_ms=2277
2026-04-05T09:38:51.550983Z  INFO ThreadId(09) pipeline{execution_id=c8a487ff-fc70-4c52-8e7a-03e36d952f66 chain_id=42161 from_address=0x2EAC739a1e05F4a05a5B8fD93D332c4353E5A7cD}: cortex::pipeline: transaction confirmed on-chain elapsed_ms=2277 block_number=449255551 confirmations=2
2026-04-05T09:38:51.551022Z  INFO ThreadId(09) pipeline{execution_id=c8a487ff-fc70-4c52-8e7a-03e36d952f66 chain_id=42161 from_address=0x2EAC739a1e05F4a05a5B8fD93D332c4353E5A7cD}: cortex::pipeline: pipeline completed elapsed_ms=2277
2026-04-05T09:38:51.551885Z  INFO ThreadId(10) pipeline{execution_id=ad70d993-2a8d-4c64-bc1e-59a55cae3655 chain_id=137 from_address=0xCFA80F1f22b0AD533F7d8e2CcC0A783aa4BCaFF3}: cortex::pipeline: transaction confirmed on-chain elapsed_ms=2277 block_number=85130953 confirmations=1
2026-04-05T09:38:51.551926Z  INFO ThreadId(10) pipeline{execution_id=ad70d993-2a8d-4c64-bc1e-59a55cae3655 chain_id=137 from_address=0xCFA80F1f22b0AD533F7d8e2CcC0A783aa4BCaFF3}: cortex::pipeline: pipeline completed elapsed_ms=2277
2026-04-05T09:38:51.551940Z  INFO ThreadId(18) pipeline{execution_id=f62ffaa9-478a-41d1-b384-d1506a94c9da chain_id=1 from_address=0x8b172F820629b14cEAF859A6e159d1BcD3291Fe1}: cortex::pipeline: transaction confirmed on-chain elapsed_ms=2278 block_number=24812628 confirmations=1
2026-04-05T09:38:51.551967Z  INFO ThreadId(18) pipeline{execution_id=f62ffaa9-478a-41d1-b384-d1506a94c9da chain_id=1 from_address=0x8b172F820629b14cEAF859A6e159d1BcD3291Fe1}: cortex::pipeline: pipeline completed elapsed_ms=2278
2026-04-05T09:38:51.553989Z  INFO ThreadId(16) pipeline{execution_id=8278eaa0-9fab-42f1-9f29-201c2f23213d chain_id=42161 from_address=0x8b172F820629b14cEAF859A6e159d1BcD3291Fe1}: cortex::pipeline: transaction confirmed on-chain elapsed_ms=2280 block_number=449255557 confirmations=1
2026-04-05T09:38:51.554050Z  INFO ThreadId(16) pipeline{execution_id=8278eaa0-9fab-42f1-9f29-201c2f23213d chain_id=42161 from_address=0x8b172F820629b14cEAF859A6e159d1BcD3291Fe1}: cortex::pipeline: pipeline completed elapsed_ms=2280
2026-04-05T09:38:51.554221Z  INFO ThreadId(12) pipeline{execution_id=63614d9d-1f32-4296-adfa-f3172b4f4652 chain_id=137 from_address=0x8AfE43fF49EBd5c4B8Cd1497ee77b437dd1711fc}: cortex::pipeline: transaction confirmed on-chain elapsed_ms=2280 block_number=85130953 confirmations=1
2026-04-05T09:38:51.554263Z  INFO ThreadId(12) pipeline{execution_id=63614d9d-1f32-4296-adfa-f3172b4f4652 chain_id=137 from_address=0x8AfE43fF49EBd5c4B8Cd1497ee77b437dd1711fc}: cortex::pipeline: pipeline completed elapsed_ms=2280
2026-04-05T09:38:51.555329Z  INFO ThreadId(16) pipeline{execution_id=c367659c-8fa8-4b7a-a1c4-3a0f43c59fa6 chain_id=1 from_address=0xfea6645D31443cF7Cf96eF1dB7823EB9365f98bf}: cortex::pipeline: transaction confirmed on-chain elapsed_ms=2281 block_number=24812630 confirmations=1
2026-04-05T09:38:51.555376Z  INFO ThreadId(16) pipeline{execution_id=c367659c-8fa8-4b7a-a1c4-3a0f43c59fa6 chain_id=1 from_address=0xfea6645D31443cF7Cf96eF1dB7823EB9365f98bf}: cortex::pipeline: pipeline completed elapsed_ms=2281
2026-04-05T09:38:51.556986Z  INFO ThreadId(18) pipeline{execution_id=ac782064-1d22-4ee5-8d00-02cfefdaa36f chain_id=137 from_address=0x8b172F820629b14cEAF859A6e159d1BcD3291Fe1}: cortex::pipeline: transaction confirmed on-chain elapsed_ms=2282 block_number=85130952 confirmations=1
2026-04-05T09:38:51.557030Z  INFO ThreadId(18) pipeline{execution_id=ac782064-1d22-4ee5-8d00-02cfefdaa36f chain_id=137 from_address=0x8b172F820629b14cEAF859A6e159d1BcD3291Fe1}: cortex::pipeline: pipeline completed elapsed_ms=2282
2026-04-05T09:38:51.557416Z  INFO ThreadId(16) pipeline{execution_id=407518a4-e9b6-4baf-b6a0-0712ab3ebe65 chain_id=42161 from_address=0x2EAC739a1e05F4a05a5B8fD93D332c4353E5A7cD}: cortex::pipeline: transaction confirmed on-chain elapsed_ms=2283 block_number=449255551 confirmations=2
2026-04-05T09:38:51.557465Z  INFO ThreadId(16) pipeline{execution_id=407518a4-e9b6-4baf-b6a0-0712ab3ebe65 chain_id=42161 from_address=0x2EAC739a1e05F4a05a5B8fD93D332c4353E5A7cD}: cortex::pipeline: pipeline completed elapsed_ms=2283
2026-04-05T09:38:51.557886Z  INFO ThreadId(10) pipeline{execution_id=a2924911-a6c1-4356-85db-04b8f7d8dfef chain_id=1 from_address=0xCFA80F1f22b0AD533F7d8e2CcC0A783aa4BCaFF3}: cortex::pipeline: transaction confirmed on-chain elapsed_ms=2283 block_number=24812630 confirmations=1
2026-04-05T09:38:51.557928Z  INFO ThreadId(10) pipeline{execution_id=a2924911-a6c1-4356-85db-04b8f7d8dfef chain_id=1 from_address=0xCFA80F1f22b0AD533F7d8e2CcC0A783aa4BCaFF3}: cortex::pipeline: pipeline completed elapsed_ms=2283
2026-04-05T09:38:51.559658Z  INFO ThreadId(09) pipeline{execution_id=7b1242bc-bd67-47eb-af17-bbd3e5796cc0 chain_id=137 from_address=0x8AfE43fF49EBd5c4B8Cd1497ee77b437dd1711fc}: cortex::pipeline: transaction confirmed on-chain elapsed_ms=2285 block_number=85130953 confirmations=1
2026-04-05T09:38:51.559723Z  INFO ThreadId(09) pipeline{execution_id=7b1242bc-bd67-47eb-af17-bbd3e5796cc0 chain_id=137 from_address=0x8AfE43fF49EBd5c4B8Cd1497ee77b437dd1711fc}: cortex::pipeline: pipeline completed elapsed_ms=2285
2026-04-05T09:38:51.560213Z  INFO ThreadId(09) pipeline{execution_id=afb2913d-9955-4885-8304-0cafd6b1299c chain_id=1 from_address=0x2EAC739a1e05F4a05a5B8fD93D332c4353E5A7cD}: cortex::pipeline: transaction confirmed on-chain elapsed_ms=2286 block_number=24812630 confirmations=1
2026-04-05T09:38:51.560224Z  INFO ThreadId(18) pipeline{execution_id=5377f993-53ae-4fba-b3ec-0d55210e2537 chain_id=42161 from_address=0x8AfE43fF49EBd5c4B8Cd1497ee77b437dd1711fc}: cortex::pipeline: transaction confirmed on-chain elapsed_ms=2286 block_number=449255551 confirmations=2
2026-04-05T09:38:51.560262Z  INFO ThreadId(09) pipeline{execution_id=afb2913d-9955-4885-8304-0cafd6b1299c chain_id=1 from_address=0x2EAC739a1e05F4a05a5B8fD93D332c4353E5A7cD}: cortex::pipeline: pipeline completed elapsed_ms=2286
2026-04-05T09:38:51.560267Z  INFO ThreadId(18) pipeline{execution_id=5377f993-53ae-4fba-b3ec-0d55210e2537 chain_id=42161 from_address=0x8AfE43fF49EBd5c4B8Cd1497ee77b437dd1711fc}: cortex::pipeline: pipeline completed elapsed_ms=2286
2026-04-05T09:38:51.562828Z  INFO ThreadId(17) pipeline{execution_id=8af8714d-4349-4998-8048-4a84db1d2799 chain_id=137 from_address=0x8b172F820629b14cEAF859A6e159d1BcD3291Fe1}: cortex::pipeline: transaction confirmed on-chain elapsed_ms=2288 block_number=85130952 confirmations=1
2026-04-05T09:38:51.562873Z  INFO ThreadId(18) pipeline{execution_id=286bb435-eecc-4d43-8242-71b0f861e660 chain_id=1 from_address=0x8AfE43fF49EBd5c4B8Cd1497ee77b437dd1711fc}: cortex::pipeline: transaction confirmed on-chain elapsed_ms=2288 block_number=24812630 confirmations=1
2026-04-05T09:38:51.562884Z  INFO ThreadId(17) pipeline{execution_id=8af8714d-4349-4998-8048-4a84db1d2799 chain_id=137 from_address=0x8b172F820629b14cEAF859A6e159d1BcD3291Fe1}: cortex::pipeline: pipeline completed elapsed_ms=2288
2026-04-05T09:38:51.562933Z  INFO ThreadId(18) pipeline{execution_id=286bb435-eecc-4d43-8242-71b0f861e660 chain_id=1 from_address=0x8AfE43fF49EBd5c4B8Cd1497ee77b437dd1711fc}: cortex::pipeline: pipeline completed elapsed_ms=2288
2026-04-05T09:38:51.563648Z  INFO ThreadId(09) pipeline{execution_id=6dfa91bf-13d8-4517-b48c-be1dc0af395a chain_id=42161 from_address=0x8AfE43fF49EBd5c4B8Cd1497ee77b437dd1711fc}: cortex::pipeline: transaction confirmed on-chain elapsed_ms=2289 block_number=449255551 confirmations=2
2026-04-05T09:38:51.563690Z  INFO ThreadId(09) pipeline{execution_id=6dfa91bf-13d8-4517-b48c-be1dc0af395a chain_id=42161 from_address=0x8AfE43fF49EBd5c4B8Cd1497ee77b437dd1711fc}: cortex::pipeline: pipeline completed elapsed_ms=2289
2026-04-05T09:38:51.564860Z  INFO ThreadId(12) pipeline{execution_id=0689e627-262b-42f9-8645-ccbb7f600035 chain_id=137 from_address=0xCFA80F1f22b0AD533F7d8e2CcC0A783aa4BCaFF3}: cortex::pipeline: transaction confirmed on-chain elapsed_ms=2290 block_number=85130953 confirmations=1
2026-04-05T09:38:51.564904Z  INFO ThreadId(12) pipeline{execution_id=0689e627-262b-42f9-8645-ccbb7f600035 chain_id=137 from_address=0xCFA80F1f22b0AD533F7d8e2CcC0A783aa4BCaFF3}: cortex::pipeline: pipeline completed elapsed_ms=2290
2026-04-05T09:38:51.565456Z  INFO ThreadId(15) pipeline{execution_id=0a01a63c-d589-4105-acd6-c7d64e7c7c81 chain_id=1 from_address=0x8AfE43fF49EBd5c4B8Cd1497ee77b437dd1711fc}: cortex::pipeline: transaction confirmed on-chain elapsed_ms=2291 block_number=24812630 confirmations=1
2026-04-05T09:38:51.565495Z  INFO ThreadId(15) pipeline{execution_id=0a01a63c-d589-4105-acd6-c7d64e7c7c81 chain_id=1 from_address=0x8AfE43fF49EBd5c4B8Cd1497ee77b437dd1711fc}: cortex::pipeline: pipeline completed elapsed_ms=2291
2026-04-05T09:38:51.565896Z  INFO ThreadId(12) pipeline{execution_id=c008aeda-bff5-48da-88ab-6dc008722b80 chain_id=42161 from_address=0x2EAC739a1e05F4a05a5B8fD93D332c4353E5A7cD}: cortex::pipeline: transaction confirmed on-chain elapsed_ms=2291 block_number=449255551 confirmations=2
2026-04-05T09:38:51.565950Z  INFO ThreadId(12) pipeline{execution_id=c008aeda-bff5-48da-88ab-6dc008722b80 chain_id=42161 from_address=0x2EAC739a1e05F4a05a5B8fD93D332c4353E5A7cD}: cortex::pipeline: pipeline completed elapsed_ms=2291
2026-04-05T09:38:51.567774Z  INFO ThreadId(09) pipeline{execution_id=28852fbe-93fc-4741-9919-66d67cd917c2 chain_id=1 from_address=0x2EAC739a1e05F4a05a5B8fD93D332c4353E5A7cD}: cortex::pipeline: transaction confirmed on-chain elapsed_ms=2293 block_number=24812630 confirmations=1
2026-04-05T09:38:51.567839Z  INFO ThreadId(09) pipeline{execution_id=28852fbe-93fc-4741-9919-66d67cd917c2 chain_id=1 from_address=0x2EAC739a1e05F4a05a5B8fD93D332c4353E5A7cD}: cortex::pipeline: pipeline completed elapsed_ms=2293
2026-04-05T09:38:51.568577Z  INFO ThreadId(12) pipeline{execution_id=09dd25a7-a1f3-46e8-924d-e73927f86461 chain_id=42161 from_address=0x8b172F820629b14cEAF859A6e159d1BcD3291Fe1}: cortex::pipeline: transaction confirmed on-chain elapsed_ms=2294 block_number=449255557 confirmations=1
2026-04-05T09:38:51.568629Z  INFO ThreadId(12) pipeline{execution_id=09dd25a7-a1f3-46e8-924d-e73927f86461 chain_id=42161 from_address=0x8b172F820629b14cEAF859A6e159d1BcD3291Fe1}: cortex::pipeline: pipeline completed elapsed_ms=2294
2026-04-05T09:38:51.568806Z  INFO ThreadId(18) pipeline{execution_id=c2c51d2a-8dbd-4be1-93b9-b04999f9bc64 chain_id=137 from_address=0x2EAC739a1e05F4a05a5B8fD93D332c4353E5A7cD}: cortex::pipeline: transaction confirmed on-chain elapsed_ms=2294 block_number=85130953 confirmations=1
2026-04-05T09:38:51.568852Z  INFO ThreadId(18) pipeline{execution_id=c2c51d2a-8dbd-4be1-93b9-b04999f9bc64 chain_id=137 from_address=0x2EAC739a1e05F4a05a5B8fD93D332c4353E5A7cD}: cortex::pipeline: pipeline completed elapsed_ms=2294
2026-04-05T09:38:51.570455Z  INFO ThreadId(09) pipeline{execution_id=05ae973b-0e4f-4254-85b4-8bc39bb36632 chain_id=1 from_address=0xfea6645D31443cF7Cf96eF1dB7823EB9365f98bf}: cortex::pipeline: transaction confirmed on-chain elapsed_ms=2296 block_number=24812630 confirmations=1
2026-04-05T09:38:51.570506Z  INFO ThreadId(09) pipeline{execution_id=05ae973b-0e4f-4254-85b4-8bc39bb36632 chain_id=1 from_address=0xfea6645D31443cF7Cf96eF1dB7823EB9365f98bf}: cortex::pipeline: pipeline completed elapsed_ms=2296
2026-04-05T09:38:51.570966Z  INFO ThreadId(12) pipeline{execution_id=19298a63-d681-4a8b-b9fe-285819650b06 chain_id=137 from_address=0xfea6645D31443cF7Cf96eF1dB7823EB9365f98bf}: cortex::pipeline: transaction confirmed on-chain elapsed_ms=2296 block_number=85130953 confirmations=1
2026-04-05T09:38:51.570998Z  INFO ThreadId(12) pipeline{execution_id=19298a63-d681-4a8b-b9fe-285819650b06 chain_id=137 from_address=0xfea6645D31443cF7Cf96eF1dB7823EB9365f98bf}: cortex::pipeline: pipeline completed elapsed_ms=2296
2026-04-05T09:38:51.571005Z  INFO ThreadId(05) pipeline{execution_id=d2ae135b-44a4-4775-9890-54d646065ee3 chain_id=42161 from_address=0xCFA80F1f22b0AD533F7d8e2CcC0A783aa4BCaFF3}: cortex::pipeline: transaction confirmed on-chain elapsed_ms=2296 block_number=449255551 confirmations=2
2026-04-05T09:38:51.571038Z  INFO ThreadId(05) pipeline{execution_id=d2ae135b-44a4-4775-9890-54d646065ee3 chain_id=42161 from_address=0xCFA80F1f22b0AD533F7d8e2CcC0A783aa4BCaFF3}: cortex::pipeline: pipeline completed elapsed_ms=2296
2026-04-05T09:38:51.572563Z  INFO ThreadId(09) pipeline{execution_id=bc12bd6a-82db-4069-9d0a-1d114f36797e chain_id=42161 from_address=0xfea6645D31443cF7Cf96eF1dB7823EB9365f98bf}: cortex::pipeline: transaction confirmed on-chain elapsed_ms=2298 block_number=449255551 confirmations=2
2026-04-05T09:38:51.572628Z  INFO ThreadId(09) pipeline{execution_id=bc12bd6a-82db-4069-9d0a-1d114f36797e chain_id=42161 from_address=0xfea6645D31443cF7Cf96eF1dB7823EB9365f98bf}: cortex::pipeline: pipeline completed elapsed_ms=2298
2026-04-05T09:38:51.573158Z  INFO ThreadId(12) pipeline{execution_id=fff3e559-e3af-4dc3-9a47-ddeea1855509 chain_id=1 from_address=0xCFA80F1f22b0AD533F7d8e2CcC0A783aa4BCaFF3}: cortex::pipeline: transaction confirmed on-chain elapsed_ms=2298 block_number=24812630 confirmations=1
2026-04-05T09:38:51.573212Z  INFO ThreadId(12) pipeline{execution_id=fff3e559-e3af-4dc3-9a47-ddeea1855509 chain_id=1 from_address=0xCFA80F1f22b0AD533F7d8e2CcC0A783aa4BCaFF3}: cortex::pipeline: pipeline completed elapsed_ms=2298
2026-04-05T09:38:51.573829Z  INFO ThreadId(12) pipeline{execution_id=1eb39502-4c39-47aa-811b-6e4a60601e17 chain_id=137 from_address=0x2EAC739a1e05F4a05a5B8fD93D332c4353E5A7cD}: cortex::pipeline: transaction confirmed on-chain elapsed_ms=2299 block_number=85130953 confirmations=1
2026-04-05T09:38:51.573869Z  INFO ThreadId(12) pipeline{execution_id=1eb39502-4c39-47aa-811b-6e4a60601e17 chain_id=137 from_address=0x2EAC739a1e05F4a05a5B8fD93D332c4353E5A7cD}: cortex::pipeline: pipeline completed elapsed_ms=2299
2026-04-05T09:38:51.575286Z  INFO ThreadId(12) pipeline{execution_id=cd01ca17-812e-4d7e-9856-c68f2b20c8f4 chain_id=42161 from_address=0xfea6645D31443cF7Cf96eF1dB7823EB9365f98bf}: cortex::pipeline: transaction confirmed on-chain elapsed_ms=2300 block_number=449255551 confirmations=2
2026-04-05T09:38:51.575326Z  INFO ThreadId(12) pipeline{execution_id=cd01ca17-812e-4d7e-9856-c68f2b20c8f4 chain_id=42161 from_address=0xfea6645D31443cF7Cf96eF1dB7823EB9365f98bf}: cortex::pipeline: pipeline completed elapsed_ms=2300
2026-04-05T09:38:51.576291Z  INFO ThreadId(13) pipeline{execution_id=cf6d1abe-91e5-4496-9591-b4d84e5de534 chain_id=137 from_address=0x8b172F820629b14cEAF859A6e159d1BcD3291Fe1}: cortex::pipeline: transaction confirmed on-chain elapsed_ms=2301 block_number=85130952 confirmations=2
2026-04-05T09:38:51.576333Z  INFO ThreadId(13) pipeline{execution_id=cf6d1abe-91e5-4496-9591-b4d84e5de534 chain_id=137 from_address=0x8b172F820629b14cEAF859A6e159d1BcD3291Fe1}: cortex::pipeline: pipeline completed elapsed_ms=2301
2026-04-05T09:38:51.577150Z  INFO ThreadId(09) pipeline{execution_id=8639e24a-48d2-4a81-8467-78eaa92e9cd3 chain_id=42161 from_address=0x8b172F820629b14cEAF859A6e159d1BcD3291Fe1}: cortex::pipeline: transaction confirmed on-chain elapsed_ms=2302 block_number=449255557 confirmations=1
2026-04-05T09:38:51.577192Z  INFO ThreadId(09) pipeline{execution_id=8639e24a-48d2-4a81-8467-78eaa92e9cd3 chain_id=42161 from_address=0x8b172F820629b14cEAF859A6e159d1BcD3291Fe1}: cortex::pipeline: pipeline completed elapsed_ms=2302
2026-04-05T09:38:51.578501Z  INFO ThreadId(18) pipeline{execution_id=fa5a0a44-3ee8-4272-875d-d0955a858e46 chain_id=1 from_address=0x8AfE43fF49EBd5c4B8Cd1497ee77b437dd1711fc}: cortex::pipeline: transaction confirmed on-chain elapsed_ms=2304 block_number=24812630 confirmations=1
2026-04-05T09:38:51.578556Z  INFO ThreadId(18) pipeline{execution_id=fa5a0a44-3ee8-4272-875d-d0955a858e46 chain_id=1 from_address=0x8AfE43fF49EBd5c4B8Cd1497ee77b437dd1711fc}: cortex::pipeline: pipeline completed elapsed_ms=2304
2026-04-05T09:38:51.578571Z  INFO ThreadId(09) pipeline{execution_id=1262e658-693b-4d2f-a18f-d5ca528d46c3 chain_id=137 from_address=0xCFA80F1f22b0AD533F7d8e2CcC0A783aa4BCaFF3}: cortex::pipeline: transaction confirmed on-chain elapsed_ms=2303 block_number=85130953 confirmations=1
2026-04-05T09:38:51.578602Z  INFO ThreadId(09) pipeline{execution_id=1262e658-693b-4d2f-a18f-d5ca528d46c3 chain_id=137 from_address=0xCFA80F1f22b0AD533F7d8e2CcC0A783aa4BCaFF3}: cortex::pipeline: pipeline completed elapsed_ms=2303
2026-04-05T09:38:51.579645Z  INFO ThreadId(09) pipeline{execution_id=0b2570da-7a3c-4e61-84a9-9a48964ca560 chain_id=42161 from_address=0xCFA80F1f22b0AD533F7d8e2CcC0A783aa4BCaFF3}: cortex::pipeline: transaction confirmed on-chain elapsed_ms=2305 block_number=449255551 confirmations=2
2026-04-05T09:38:51.579693Z  INFO ThreadId(09) pipeline{execution_id=0b2570da-7a3c-4e61-84a9-9a48964ca560 chain_id=42161 from_address=0xCFA80F1f22b0AD533F7d8e2CcC0A783aa4BCaFF3}: cortex::pipeline: pipeline completed elapsed_ms=2305
2026-04-05T09:38:51.581488Z  INFO ThreadId(05) pipeline{execution_id=aadf0275-f9d9-4d0c-81af-eecc0197d43e chain_id=42161 from_address=0xfea6645D31443cF7Cf96eF1dB7823EB9365f98bf}: cortex::pipeline: transaction confirmed on-chain elapsed_ms=2307 block_number=449255551 confirmations=2
2026-04-05T09:38:51.581533Z  INFO ThreadId(05) pipeline{execution_id=aadf0275-f9d9-4d0c-81af-eecc0197d43e chain_id=42161 from_address=0xfea6645D31443cF7Cf96eF1dB7823EB9365f98bf}: cortex::pipeline: pipeline completed elapsed_ms=2307
2026-04-05T09:38:51.581657Z  INFO ThreadId(05) pipeline{execution_id=06a9e267-d264-41f8-a833-ad5a3f92e621 chain_id=1 from_address=0x2EAC739a1e05F4a05a5B8fD93D332c4353E5A7cD}: cortex::pipeline: transaction confirmed on-chain elapsed_ms=2307 block_number=24812630 confirmations=1
2026-04-05T09:38:51.581691Z  INFO ThreadId(05) pipeline{execution_id=06a9e267-d264-41f8-a833-ad5a3f92e621 chain_id=1 from_address=0x2EAC739a1e05F4a05a5B8fD93D332c4353E5A7cD}: cortex::pipeline: pipeline completed elapsed_ms=2307
2026-04-05T09:38:51.582327Z  INFO ThreadId(09) pipeline{execution_id=a5dfba69-3c54-4547-881d-a3485c8a33fb chain_id=137 from_address=0x2EAC739a1e05F4a05a5B8fD93D332c4353E5A7cD}: cortex::pipeline: transaction confirmed on-chain elapsed_ms=2307 block_number=85130953 confirmations=1
2026-04-05T09:38:51.582362Z  INFO ThreadId(09) pipeline{execution_id=a5dfba69-3c54-4547-881d-a3485c8a33fb chain_id=137 from_address=0x2EAC739a1e05F4a05a5B8fD93D332c4353E5A7cD}: cortex::pipeline: pipeline completed elapsed_ms=2307
2026-04-05T09:38:51.583292Z  INFO ThreadId(18) pipeline{execution_id=43dcdf82-3ec4-47ee-9e41-4b7d75eff41f chain_id=1 from_address=0x2EAC739a1e05F4a05a5B8fD93D332c4353E5A7cD}: cortex::pipeline: transaction confirmed on-chain elapsed_ms=2308 block_number=24812630 confirmations=1
2026-04-05T09:38:51.583330Z  INFO ThreadId(18) pipeline{execution_id=43dcdf82-3ec4-47ee-9e41-4b7d75eff41f chain_id=1 from_address=0x2EAC739a1e05F4a05a5B8fD93D332c4353E5A7cD}: cortex::pipeline: pipeline completed elapsed_ms=2308
2026-04-05T09:38:51.583503Z  INFO ThreadId(13) pipeline{execution_id=9031d766-7c7a-4731-95cc-14ab9402c23c chain_id=42161 from_address=0x8AfE43fF49EBd5c4B8Cd1497ee77b437dd1711fc}: cortex::pipeline: transaction confirmed on-chain elapsed_ms=2308 block_number=449255551 confirmations=2
2026-04-05T09:38:51.583541Z  INFO ThreadId(13) pipeline{execution_id=9031d766-7c7a-4731-95cc-14ab9402c23c chain_id=42161 from_address=0x8AfE43fF49EBd5c4B8Cd1497ee77b437dd1711fc}: cortex::pipeline: pipeline completed elapsed_ms=2308
2026-04-05T09:38:51.584365Z  INFO ThreadId(09) pipeline{execution_id=7647507a-c310-4a22-ba6c-94fd40f6eb3b chain_id=137 from_address=0x8b172F820629b14cEAF859A6e159d1BcD3291Fe1}: cortex::pipeline: transaction confirmed on-chain elapsed_ms=2309 block_number=85130952 confirmations=2
2026-04-05T09:38:51.584408Z  INFO ThreadId(09) pipeline{execution_id=7647507a-c310-4a22-ba6c-94fd40f6eb3b chain_id=137 from_address=0x8b172F820629b14cEAF859A6e159d1BcD3291Fe1}: cortex::pipeline: pipeline completed elapsed_ms=2309
2026-04-05T09:38:51.584919Z  INFO ThreadId(09) pipeline{execution_id=9b9a973a-b68d-42af-9725-29161e5448fc chain_id=42161 from_address=0x2EAC739a1e05F4a05a5B8fD93D332c4353E5A7cD}: cortex::pipeline: transaction confirmed on-chain elapsed_ms=2310 block_number=449255551 confirmations=2
2026-04-05T09:38:51.584952Z  INFO ThreadId(09) pipeline{execution_id=9b9a973a-b68d-42af-9725-29161e5448fc chain_id=42161 from_address=0x2EAC739a1e05F4a05a5B8fD93D332c4353E5A7cD}: cortex::pipeline: pipeline completed elapsed_ms=2310
2026-04-05T09:38:51.585208Z  INFO ThreadId(09) pipeline{execution_id=b60783cd-2577-4c28-848b-e181700c0deb chain_id=1 from_address=0x8AfE43fF49EBd5c4B8Cd1497ee77b437dd1711fc}: cortex::pipeline: transaction confirmed on-chain elapsed_ms=2310 block_number=24812630 confirmations=1
2026-04-05T09:38:51.585240Z  INFO ThreadId(09) pipeline{execution_id=b60783cd-2577-4c28-848b-e181700c0deb chain_id=1 from_address=0x8AfE43fF49EBd5c4B8Cd1497ee77b437dd1711fc}: cortex::pipeline: pipeline completed elapsed_ms=2310
2026-04-05T09:38:51.586633Z  INFO ThreadId(09) pipeline{execution_id=d071bacf-c8fb-4a1a-9dd3-9654c588f029 chain_id=137 from_address=0xCFA80F1f22b0AD533F7d8e2CcC0A783aa4BCaFF3}: cortex::pipeline: transaction confirmed on-chain elapsed_ms=2312 block_number=85130953 confirmations=1
2026-04-05T09:38:51.586685Z  INFO ThreadId(09) pipeline{execution_id=d071bacf-c8fb-4a1a-9dd3-9654c588f029 chain_id=137 from_address=0xCFA80F1f22b0AD533F7d8e2CcC0A783aa4BCaFF3}: cortex::pipeline: pipeline completed elapsed_ms=2312
2026-04-05T09:38:51.586841Z  INFO ThreadId(15) pipeline{execution_id=b5d6d921-6345-4e5d-bdb7-0c8a6ffc8b02 chain_id=42161 from_address=0x8b172F820629b14cEAF859A6e159d1BcD3291Fe1}: cortex::pipeline: transaction confirmed on-chain elapsed_ms=2311 block_number=449255557 confirmations=1
2026-04-05T09:38:51.586883Z  INFO ThreadId(15) pipeline{execution_id=b5d6d921-6345-4e5d-bdb7-0c8a6ffc8b02 chain_id=42161 from_address=0x8b172F820629b14cEAF859A6e159d1BcD3291Fe1}: cortex::pipeline: pipeline completed elapsed_ms=2311
2026-04-05T09:38:51.617997Z  INFO ThreadId(02) pipeline: ╔══════════════════════════════════════════════════════════════╗
2026-04-05T09:38:51.618056Z  INFO ThreadId(02) pipeline: ║           HEALTHY PATH TEST - RESULTS REPORT                 ║
2026-04-05T09:38:51.618073Z  INFO ThreadId(02) pipeline: ╠══════════════════════════════════════════════════════════════╣
2026-04-05T09:38:51.618086Z  INFO ThreadId(02) pipeline: ║ Total Transactions:                                      100 ║
2026-04-05T09:38:51.618098Z  INFO ThreadId(02) pipeline: ║ Successful:                                              100 ║
2026-04-05T09:38:51.618110Z  INFO ThreadId(02) pipeline: ║ Failed:                                                    0 ║
2026-04-05T09:38:51.618127Z  INFO ThreadId(02) pipeline: ║ Success Rate:                                        100.00% ║
2026-04-05T09:38:51.618159Z  INFO ThreadId(02) pipeline: ╚══════════════════════════════════════════════════════════════╝
2026-04-05T09:38:51.618175Z  INFO ThreadId(02) pipeline: 
 SUCCESS RATE: 100.00%