2026-04-05T10:19:42.880527Z  INFO ThreadId(02) pipeline: starting pipeline test
2026-04-05T10:19:47.082232Z  INFO ThreadId(02) pipeline::containers: Anvil fork for chain 1 endpoint A on port 8545 online
2026-04-05T10:19:48.575038Z  INFO ThreadId(02) pipeline::containers: Anvil fork for chain 1 endpoint B on port 8546 online
2026-04-05T10:19:50.868986Z  INFO ThreadId(02) pipeline::containers: Anvil fork for chain 137 endpoint A on port 8547 online
2026-04-05T10:19:52.757965Z  INFO ThreadId(02) pipeline::containers: Anvil fork for chain 137 endpoint B on port 8548 online
2026-04-05T10:19:54.854440Z  INFO ThreadId(02) pipeline::containers: Anvil fork for chain 42161 endpoint A on port 8549 online
2026-04-05T10:19:57.154903Z  INFO ThreadId(02) pipeline::containers: Anvil fork for chain 42161 endpoint B on port 8550 online
2026-04-05T10:19:57.154985Z  INFO ThreadId(02) pipeline: all containers started succesfully
2026-04-05T10:20:06.548654Z  INFO ThreadId(02) pipeline: test accounts funded with 100 eth
2026-04-05T10:20:06.823823Z  INFO ThreadId(02) pipeline::helpers: Created endpoint pool for chain chain_id=137 endpoint_count=2
2026-04-05T10:20:07.098566Z  INFO ThreadId(02) pipeline::helpers: Created endpoint pool for chain chain_id=42161 endpoint_count=2
2026-04-05T10:20:07.376523Z  INFO ThreadId(02) pipeline::helpers: Created endpoint pool for chain chain_id=1 endpoint_count=2
2026-04-05T10:20:07.826193Z  INFO ThreadId(02) cortex::artifacts::state: StatusRegistry loaded artifacts_count=0
2026-04-05T10:20:07.826276Z  INFO ThreadId(02) cortex: cortex online
2026-04-05T10:20:07.826428Z  INFO ThreadId(02) pipeline: lobby app-router installed
2026-04-05T10:20:08.827773Z  INFO ThreadId(02) pipeline: Lobby server running lobby_server_url=http://127.0.0.1:3000
2026-04-05T10:20:08.911656Z  INFO ThreadId(09) lobby::server::handler: transaction submission accepted execution_id=0c7a68b8-1279-451b-81c7-cbc2fb07e4d8 from=0xfea6645D31443cF7Cf96eF1dB7823EB9365f98bf chain_id=1
2026-04-05T10:20:08.911677Z  INFO ThreadId(03) lobby::server::handler: transaction submission accepted execution_id=6b2c8957-164c-434f-9aa8-0c0e0fe60277 from=0x8b172F820629b14cEAF859A6e159d1BcD3291Fe1 chain_id=42161
2026-04-05T10:20:08.911976Z  INFO ThreadId(03) pipeline{execution_id=6b2c8957-164c-434f-9aa8-0c0e0fe60277 chain_id=42161 from_address=0x8b172F820629b14cEAF859A6e159d1BcD3291Fe1}: cortex::pipeline: Pipeline started elapsed_ms=0
2026-04-05T10:20:08.911978Z  INFO ThreadId(09) pipeline{execution_id=0c7a68b8-1279-451b-81c7-cbc2fb07e4d8 chain_id=1 from_address=0xfea6645D31443cF7Cf96eF1dB7823EB9365f98bf}: cortex::pipeline: Pipeline started elapsed_ms=0
2026-04-05T10:20:08.912299Z  INFO ThreadId(13) lobby::server::handler: transaction submission accepted execution_id=ddee923e-cebc-4aed-9af1-42d7b0407b22 from=0x8AfE43fF49EBd5c4B8Cd1497ee77b437dd1711fc chain_id=1
2026-04-05T10:20:08.912322Z  INFO ThreadId(09) lobby::server::handler: transaction submission accepted execution_id=b0b72e2b-156d-4e5b-818b-d8dbc294ad65 from=0xfea6645D31443cF7Cf96eF1dB7823EB9365f98bf chain_id=137
2026-04-05T10:20:08.912454Z  INFO ThreadId(13) pipeline{execution_id=ddee923e-cebc-4aed-9af1-42d7b0407b22 chain_id=1 from_address=0x8AfE43fF49EBd5c4B8Cd1497ee77b437dd1711fc}: cortex::pipeline: Pipeline started elapsed_ms=0
2026-04-05T10:20:08.912454Z  INFO ThreadId(09) pipeline{execution_id=b0b72e2b-156d-4e5b-818b-d8dbc294ad65 chain_id=137 from_address=0xfea6645D31443cF7Cf96eF1dB7823EB9365f98bf}: cortex::pipeline: Pipeline started elapsed_ms=0
2026-04-05T10:20:08.912683Z  INFO ThreadId(16) lobby::server::handler: transaction submission accepted execution_id=ac099b73-e5f3-4ce9-8c34-9ae5d8cb6188 from=0x8AfE43fF49EBd5c4B8Cd1497ee77b437dd1711fc chain_id=42161
2026-04-05T10:20:08.912715Z  INFO ThreadId(05) lobby::server::handler: transaction submission accepted execution_id=ca7291a3-2c43-4157-a081-ebc29ade7e55 from=0xCFA80F1f22b0AD533F7d8e2CcC0A783aa4BCaFF3 chain_id=1
2026-04-05T10:20:08.912869Z  INFO ThreadId(16) pipeline{execution_id=ac099b73-e5f3-4ce9-8c34-9ae5d8cb6188 chain_id=42161 from_address=0x8AfE43fF49EBd5c4B8Cd1497ee77b437dd1711fc}: cortex::pipeline: Pipeline started elapsed_ms=0
2026-04-05T10:20:08.912879Z  INFO ThreadId(05) pipeline{execution_id=ca7291a3-2c43-4157-a081-ebc29ade7e55 chain_id=1 from_address=0xCFA80F1f22b0AD533F7d8e2CcC0A783aa4BCaFF3}: cortex::pipeline: Pipeline started elapsed_ms=0
2026-04-05T10:20:08.913047Z  INFO ThreadId(09) lobby::server::handler: transaction submission accepted execution_id=c2d3ed6c-ba1e-40dc-a005-f4de210529e5 from=0x8b172F820629b14cEAF859A6e159d1BcD3291Fe1 chain_id=1
2026-04-05T10:20:08.913055Z  INFO ThreadId(13) lobby::server::handler: transaction submission accepted execution_id=0d4b0dc9-7518-4a9b-af7f-3473599ecab3 from=0x2EAC739a1e05F4a05a5B8fD93D332c4353E5A7cD chain_id=137
2026-04-05T10:20:08.913148Z  INFO ThreadId(13) pipeline{execution_id=0d4b0dc9-7518-4a9b-af7f-3473599ecab3 chain_id=137 from_address=0x2EAC739a1e05F4a05a5B8fD93D332c4353E5A7cD}: cortex::pipeline: Pipeline started elapsed_ms=0
2026-04-05T10:20:08.913158Z  INFO ThreadId(09) pipeline{execution_id=c2d3ed6c-ba1e-40dc-a005-f4de210529e5 chain_id=1 from_address=0x8b172F820629b14cEAF859A6e159d1BcD3291Fe1}: cortex::pipeline: Pipeline started elapsed_ms=0
2026-04-05T10:20:08.913316Z  INFO ThreadId(13) lobby::server::handler: transaction submission accepted execution_id=196c3d40-a527-4e0f-a16a-ecce6bf92a7b from=0x8AfE43fF49EBd5c4B8Cd1497ee77b437dd1711fc chain_id=1
2026-04-05T10:20:08.913320Z  INFO ThreadId(09) lobby::server::handler: transaction submission accepted execution_id=f7b6b557-543c-40a6-b3a4-c655f41b627d from=0x8b172F820629b14cEAF859A6e159d1BcD3291Fe1 chain_id=137
2026-04-05T10:20:08.913405Z  INFO ThreadId(13) pipeline{execution_id=196c3d40-a527-4e0f-a16a-ecce6bf92a7b chain_id=1 from_address=0x8AfE43fF49EBd5c4B8Cd1497ee77b437dd1711fc}: cortex::pipeline: Pipeline started elapsed_ms=0
2026-04-05T10:20:08.913415Z  INFO ThreadId(09) pipeline{execution_id=f7b6b557-543c-40a6-b3a4-c655f41b627d chain_id=137 from_address=0x8b172F820629b14cEAF859A6e159d1BcD3291Fe1}: cortex::pipeline: Pipeline started elapsed_ms=0
2026-04-05T10:20:08.913562Z  INFO ThreadId(17) lobby::server::handler: transaction submission accepted execution_id=4c977347-5c7d-4b3c-9c1a-63dfe63d1683 from=0x8b172F820629b14cEAF859A6e159d1BcD3291Fe1 chain_id=1
2026-04-05T10:20:08.913574Z  INFO ThreadId(16) lobby::server::handler: transaction submission accepted execution_id=c574a94d-abb4-42f1-8475-51608a3434a5 from=0x8AfE43fF49EBd5c4B8Cd1497ee77b437dd1711fc chain_id=42161
2026-04-05T10:20:08.913657Z  INFO ThreadId(16) pipeline{execution_id=c574a94d-abb4-42f1-8475-51608a3434a5 chain_id=42161 from_address=0x8AfE43fF49EBd5c4B8Cd1497ee77b437dd1711fc}: cortex::pipeline: Pipeline started elapsed_ms=0
2026-04-05T10:20:08.913667Z  INFO ThreadId(17) pipeline{execution_id=4c977347-5c7d-4b3c-9c1a-63dfe63d1683 chain_id=1 from_address=0x8b172F820629b14cEAF859A6e159d1BcD3291Fe1}: cortex::pipeline: Pipeline started elapsed_ms=0
2026-04-05T10:20:08.913839Z  INFO ThreadId(16) lobby::server::handler: transaction submission accepted execution_id=6d939822-1bc5-4d27-8c76-450cc70f2c5e from=0xfea6645D31443cF7Cf96eF1dB7823EB9365f98bf chain_id=42161
2026-04-05T10:20:08.913848Z  INFO ThreadId(03) lobby::server::handler: transaction submission accepted execution_id=20b01352-8f26-4374-a531-377b0e174d18 from=0x8b172F820629b14cEAF859A6e159d1BcD3291Fe1 chain_id=42161
2026-04-05T10:20:08.913922Z  INFO ThreadId(16) pipeline{execution_id=6d939822-1bc5-4d27-8c76-450cc70f2c5e chain_id=42161 from_address=0xfea6645D31443cF7Cf96eF1dB7823EB9365f98bf}: cortex::pipeline: Pipeline started elapsed_ms=0
2026-04-05T10:20:08.913941Z  INFO ThreadId(03) pipeline{execution_id=20b01352-8f26-4374-a531-377b0e174d18 chain_id=42161 from_address=0x8b172F820629b14cEAF859A6e159d1BcD3291Fe1}: cortex::pipeline: Pipeline started elapsed_ms=0
2026-04-05T10:20:08.914105Z  INFO ThreadId(09) lobby::server::handler: transaction submission accepted execution_id=e7be2924-b30d-4f27-a973-49360f7a25cc from=0xCFA80F1f22b0AD533F7d8e2CcC0A783aa4BCaFF3 chain_id=1
2026-04-05T10:20:08.914116Z  INFO ThreadId(17) lobby::server::handler: transaction submission accepted execution_id=6d184ed0-aa17-472a-bc7a-70dbfc725fae from=0x8AfE43fF49EBd5c4B8Cd1497ee77b437dd1711fc chain_id=137
2026-04-05T10:20:08.914218Z  INFO ThreadId(09) pipeline{execution_id=e7be2924-b30d-4f27-a973-49360f7a25cc chain_id=1 from_address=0xCFA80F1f22b0AD533F7d8e2CcC0A783aa4BCaFF3}: cortex::pipeline: Pipeline started elapsed_ms=0
2026-04-05T10:20:08.914220Z  INFO ThreadId(17) pipeline{execution_id=6d184ed0-aa17-472a-bc7a-70dbfc725fae chain_id=137 from_address=0x8AfE43fF49EBd5c4B8Cd1497ee77b437dd1711fc}: cortex::pipeline: Pipeline started elapsed_ms=0
2026-04-05T10:20:08.914387Z  INFO ThreadId(09) lobby::server::handler: transaction submission accepted execution_id=249bb22f-7797-4d1f-932f-b140779f8006 from=0x2EAC739a1e05F4a05a5B8fD93D332c4353E5A7cD chain_id=137
2026-04-05T10:20:08.914413Z  INFO ThreadId(16) lobby::server::handler: transaction submission accepted execution_id=5f2f65b7-6ae2-4a60-ab68-aa60ee4906e8 from=0xfea6645D31443cF7Cf96eF1dB7823EB9365f98bf chain_id=1
2026-04-05T10:20:08.914485Z  INFO ThreadId(09) pipeline{execution_id=249bb22f-7797-4d1f-932f-b140779f8006 chain_id=137 from_address=0x2EAC739a1e05F4a05a5B8fD93D332c4353E5A7cD}: cortex::pipeline: Pipeline started elapsed_ms=0
2026-04-05T10:20:08.914522Z  INFO ThreadId(16) pipeline{execution_id=5f2f65b7-6ae2-4a60-ab68-aa60ee4906e8 chain_id=1 from_address=0xfea6645D31443cF7Cf96eF1dB7823EB9365f98bf}: cortex::pipeline: Pipeline started elapsed_ms=0
2026-04-05T10:20:08.914632Z  INFO ThreadId(03) lobby::server::handler: transaction submission accepted execution_id=1080785c-9fd3-42f1-8a18-01a416c93172 from=0x2EAC739a1e05F4a05a5B8fD93D332c4353E5A7cD chain_id=1
2026-04-05T10:20:08.914646Z  INFO ThreadId(13) lobby::server::handler: transaction submission accepted execution_id=2c0634c3-e961-41ed-b14b-e3fa21a348ac from=0xCFA80F1f22b0AD533F7d8e2CcC0A783aa4BCaFF3 chain_id=1
2026-04-05T10:20:08.914722Z  INFO ThreadId(03) pipeline{execution_id=1080785c-9fd3-42f1-8a18-01a416c93172 chain_id=1 from_address=0x2EAC739a1e05F4a05a5B8fD93D332c4353E5A7cD}: cortex::pipeline: Pipeline started elapsed_ms=0
2026-04-05T10:20:08.914725Z  INFO ThreadId(13) pipeline{execution_id=2c0634c3-e961-41ed-b14b-e3fa21a348ac chain_id=1 from_address=0xCFA80F1f22b0AD533F7d8e2CcC0A783aa4BCaFF3}: cortex::pipeline: Pipeline started elapsed_ms=0
2026-04-05T10:20:08.914877Z  INFO ThreadId(09) lobby::server::handler: transaction submission accepted execution_id=e291f09a-4247-4a19-b4bf-3a7b4b9938c0 from=0x8AfE43fF49EBd5c4B8Cd1497ee77b437dd1711fc chain_id=137
2026-04-05T10:20:08.914899Z  INFO ThreadId(13) lobby::server::handler: transaction submission accepted execution_id=3cd5f7b7-7b80-4d35-8b60-a2c810e2a71b from=0x8AfE43fF49EBd5c4B8Cd1497ee77b437dd1711fc chain_id=1
2026-04-05T10:20:08.914963Z  INFO ThreadId(09) pipeline{execution_id=e291f09a-4247-4a19-b4bf-3a7b4b9938c0 chain_id=137 from_address=0x8AfE43fF49EBd5c4B8Cd1497ee77b437dd1711fc}: cortex::pipeline: Pipeline started elapsed_ms=0
2026-04-05T10:20:08.914987Z  INFO ThreadId(13) pipeline{execution_id=3cd5f7b7-7b80-4d35-8b60-a2c810e2a71b chain_id=1 from_address=0x8AfE43fF49EBd5c4B8Cd1497ee77b437dd1711fc}: cortex::pipeline: Pipeline started elapsed_ms=0
2026-04-05T10:20:08.915117Z  INFO ThreadId(13) lobby::server::handler: transaction submission accepted execution_id=725be2da-8506-4278-bdd5-69d3e379d415 from=0x8b172F820629b14cEAF859A6e159d1BcD3291Fe1 chain_id=137
2026-04-05T10:20:08.915152Z  INFO ThreadId(03) lobby::server::handler: transaction submission accepted execution_id=72201418-dc84-4bf4-8bd1-d0f039c3495e from=0xCFA80F1f22b0AD533F7d8e2CcC0A783aa4BCaFF3 chain_id=137
2026-04-05T10:20:08.915203Z  INFO ThreadId(13) pipeline{execution_id=725be2da-8506-4278-bdd5-69d3e379d415 chain_id=137 from_address=0x8b172F820629b14cEAF859A6e159d1BcD3291Fe1}: cortex::pipeline: Pipeline started elapsed_ms=0
2026-04-05T10:20:08.915240Z  INFO ThreadId(03) pipeline{execution_id=72201418-dc84-4bf4-8bd1-d0f039c3495e chain_id=137 from_address=0xCFA80F1f22b0AD533F7d8e2CcC0A783aa4BCaFF3}: cortex::pipeline: Pipeline started elapsed_ms=0
2026-04-05T10:20:08.915361Z  INFO ThreadId(16) lobby::server::handler: transaction submission accepted execution_id=5abc9478-5c51-432f-b842-efdf14a2dc9c from=0x2EAC739a1e05F4a05a5B8fD93D332c4353E5A7cD chain_id=42161
2026-04-05T10:20:08.915446Z  INFO ThreadId(05) lobby::server::handler: transaction submission accepted execution_id=5608a173-1003-4d55-bf91-89e77c80d885 from=0x8AfE43fF49EBd5c4B8Cd1497ee77b437dd1711fc chain_id=1
2026-04-05T10:20:08.915451Z  INFO ThreadId(16) pipeline{execution_id=5abc9478-5c51-432f-b842-efdf14a2dc9c chain_id=42161 from_address=0x2EAC739a1e05F4a05a5B8fD93D332c4353E5A7cD}: cortex::pipeline: Pipeline started elapsed_ms=0
2026-04-05T10:20:08.915567Z  INFO ThreadId(05) pipeline{execution_id=5608a173-1003-4d55-bf91-89e77c80d885 chain_id=1 from_address=0x8AfE43fF49EBd5c4B8Cd1497ee77b437dd1711fc}: cortex::pipeline: Pipeline started elapsed_ms=0
2026-04-05T10:20:08.915588Z  INFO ThreadId(17) lobby::server::handler: transaction submission accepted execution_id=0542af07-490d-4e5b-96d4-812645f49c3d from=0x8AfE43fF49EBd5c4B8Cd1497ee77b437dd1711fc chain_id=1
2026-04-05T10:20:08.915682Z  INFO ThreadId(17) pipeline{execution_id=0542af07-490d-4e5b-96d4-812645f49c3d chain_id=1 from_address=0x8AfE43fF49EBd5c4B8Cd1497ee77b437dd1711fc}: cortex::pipeline: Pipeline started elapsed_ms=0
2026-04-05T10:20:08.915705Z  INFO ThreadId(16) lobby::server::handler: transaction submission accepted execution_id=79b35d0d-d572-4691-ad77-3dfc2a9cd7ab from=0x2EAC739a1e05F4a05a5B8fD93D332c4353E5A7cD chain_id=1
2026-04-05T10:20:08.915804Z  INFO ThreadId(16) pipeline{execution_id=79b35d0d-d572-4691-ad77-3dfc2a9cd7ab chain_id=1 from_address=0x2EAC739a1e05F4a05a5B8fD93D332c4353E5A7cD}: cortex::pipeline: Pipeline started elapsed_ms=0
2026-04-05T10:20:08.915894Z  INFO ThreadId(05) lobby::server::handler: transaction submission accepted execution_id=29b3aa25-7aea-4b7f-9255-9c40c6f19a51 from=0x8AfE43fF49EBd5c4B8Cd1497ee77b437dd1711fc chain_id=1
2026-04-05T10:20:08.915945Z  INFO ThreadId(13) lobby::server::handler: transaction submission accepted execution_id=192434ea-de00-4bfe-8b11-ef2b2811be74 from=0x8b172F820629b14cEAF859A6e159d1BcD3291Fe1 chain_id=1
2026-04-05T10:20:08.916013Z  INFO ThreadId(05) pipeline{execution_id=29b3aa25-7aea-4b7f-9255-9c40c6f19a51 chain_id=1 from_address=0x8AfE43fF49EBd5c4B8Cd1497ee77b437dd1711fc}: cortex::pipeline: Pipeline started elapsed_ms=0
2026-04-05T10:20:08.916040Z  INFO ThreadId(13) pipeline{execution_id=192434ea-de00-4bfe-8b11-ef2b2811be74 chain_id=1 from_address=0x8b172F820629b14cEAF859A6e159d1BcD3291Fe1}: cortex::pipeline: Pipeline started elapsed_ms=0
2026-04-05T10:20:08.916193Z  INFO ThreadId(05) lobby::server::handler: transaction submission accepted execution_id=f9184b3b-8be4-40b1-b741-2dc221d75753 from=0x8b172F820629b14cEAF859A6e159d1BcD3291Fe1 chain_id=42161
2026-04-05T10:20:08.916201Z  INFO ThreadId(09) lobby::server::handler: transaction submission accepted execution_id=93a9d889-498b-4e2e-97a2-5bab6b406855 from=0xfea6645D31443cF7Cf96eF1dB7823EB9365f98bf chain_id=42161
2026-04-05T10:20:08.916276Z  INFO ThreadId(05) pipeline{execution_id=f9184b3b-8be4-40b1-b741-2dc221d75753 chain_id=42161 from_address=0x8b172F820629b14cEAF859A6e159d1BcD3291Fe1}: cortex::pipeline: Pipeline started elapsed_ms=0
2026-04-05T10:20:08.916280Z  INFO ThreadId(09) pipeline{execution_id=93a9d889-498b-4e2e-97a2-5bab6b406855 chain_id=42161 from_address=0xfea6645D31443cF7Cf96eF1dB7823EB9365f98bf}: cortex::pipeline: Pipeline started elapsed_ms=0
2026-04-05T10:20:08.916406Z  INFO ThreadId(09) lobby::server::handler: transaction submission accepted execution_id=0c3a3580-e527-487d-b1ad-505a10316a07 from=0x2EAC739a1e05F4a05a5B8fD93D332c4353E5A7cD chain_id=42161
2026-04-05T10:20:08.916438Z  INFO ThreadId(03) lobby::server::handler: transaction submission accepted execution_id=e870a10e-5704-4f6c-819a-4c1ba5bb8bb9 from=0xfea6645D31443cF7Cf96eF1dB7823EB9365f98bf chain_id=1
2026-04-05T10:20:08.916484Z  INFO ThreadId(09) pipeline{execution_id=0c3a3580-e527-487d-b1ad-505a10316a07 chain_id=42161 from_address=0x2EAC739a1e05F4a05a5B8fD93D332c4353E5A7cD}: cortex::pipeline: Pipeline started elapsed_ms=0
2026-04-05T10:20:08.916514Z  INFO ThreadId(03) pipeline{execution_id=e870a10e-5704-4f6c-819a-4c1ba5bb8bb9 chain_id=1 from_address=0xfea6645D31443cF7Cf96eF1dB7823EB9365f98bf}: cortex::pipeline: Pipeline started elapsed_ms=0
2026-04-05T10:20:08.916672Z  INFO ThreadId(17) lobby::server::handler: transaction submission accepted execution_id=870275b8-ba9b-4a52-a1bc-0cf2f9e91c36 from=0x2EAC739a1e05F4a05a5B8fD93D332c4353E5A7cD chain_id=42161
2026-04-05T10:20:08.916682Z  INFO ThreadId(09) lobby::server::handler: transaction submission accepted execution_id=0a77bd0e-c9f4-4c0e-bf21-3e48a336169f from=0xfea6645D31443cF7Cf96eF1dB7823EB9365f98bf chain_id=1
2026-04-05T10:20:08.916768Z  INFO ThreadId(09) pipeline{execution_id=0a77bd0e-c9f4-4c0e-bf21-3e48a336169f chain_id=1 from_address=0xfea6645D31443cF7Cf96eF1dB7823EB9365f98bf}: cortex::pipeline: Pipeline started elapsed_ms=0
2026-04-05T10:20:08.916774Z  INFO ThreadId(17) pipeline{execution_id=870275b8-ba9b-4a52-a1bc-0cf2f9e91c36 chain_id=42161 from_address=0x2EAC739a1e05F4a05a5B8fD93D332c4353E5A7cD}: cortex::pipeline: Pipeline started elapsed_ms=0
2026-04-05T10:20:08.916943Z  INFO ThreadId(13) lobby::server::handler: transaction submission accepted execution_id=44540f75-47ac-42bf-be98-04cc65cd00f6 from=0x8b172F820629b14cEAF859A6e159d1BcD3291Fe1 chain_id=42161
2026-04-05T10:20:08.916953Z  INFO ThreadId(16) lobby::server::handler: transaction submission accepted execution_id=168b67f3-5370-428a-87dd-2dd36df80a64 from=0xCFA80F1f22b0AD533F7d8e2CcC0A783aa4BCaFF3 chain_id=1
2026-04-05T10:20:08.917038Z  INFO ThreadId(13) pipeline{execution_id=44540f75-47ac-42bf-be98-04cc65cd00f6 chain_id=42161 from_address=0x8b172F820629b14cEAF859A6e159d1BcD3291Fe1}: cortex::pipeline: Pipeline started elapsed_ms=0
2026-04-05T10:20:08.917039Z  INFO ThreadId(16) pipeline{execution_id=168b67f3-5370-428a-87dd-2dd36df80a64 chain_id=1 from_address=0xCFA80F1f22b0AD533F7d8e2CcC0A783aa4BCaFF3}: cortex::pipeline: Pipeline started elapsed_ms=0
2026-04-05T10:20:08.917207Z  INFO ThreadId(03) lobby::server::handler: transaction submission accepted execution_id=5599c5fc-bc1d-4988-833b-c2e95466a078 from=0x2EAC739a1e05F4a05a5B8fD93D332c4353E5A7cD chain_id=1
2026-04-05T10:20:08.917210Z  INFO ThreadId(16) lobby::server::handler: transaction submission accepted execution_id=020c4dea-c76f-4333-810d-052f52ef8ec5 from=0x2EAC739a1e05F4a05a5B8fD93D332c4353E5A7cD chain_id=1
2026-04-05T10:20:08.917294Z  INFO ThreadId(16) pipeline{execution_id=020c4dea-c76f-4333-810d-052f52ef8ec5 chain_id=1 from_address=0x2EAC739a1e05F4a05a5B8fD93D332c4353E5A7cD}: cortex::pipeline: Pipeline started elapsed_ms=0
2026-04-05T10:20:08.917294Z  INFO ThreadId(03) pipeline{execution_id=5599c5fc-bc1d-4988-833b-c2e95466a078 chain_id=1 from_address=0x2EAC739a1e05F4a05a5B8fD93D332c4353E5A7cD}: cortex::pipeline: Pipeline started elapsed_ms=0
2026-04-05T10:20:08.917450Z  INFO ThreadId(09) lobby::server::handler: transaction submission accepted execution_id=13191fc2-6b08-448b-af15-ea193b7b72bd from=0x8b172F820629b14cEAF859A6e159d1BcD3291Fe1 chain_id=42161
2026-04-05T10:20:08.917450Z  INFO ThreadId(05) lobby::server::handler: transaction submission accepted execution_id=d0f80c29-32ab-4d0f-812a-eac8455e4abc from=0x8AfE43fF49EBd5c4B8Cd1497ee77b437dd1711fc chain_id=137
2026-04-05T10:20:08.917536Z  INFO ThreadId(09) pipeline{execution_id=13191fc2-6b08-448b-af15-ea193b7b72bd chain_id=42161 from_address=0x8b172F820629b14cEAF859A6e159d1BcD3291Fe1}: cortex::pipeline: Pipeline started elapsed_ms=0
2026-04-05T10:20:08.917568Z  INFO ThreadId(05) pipeline{execution_id=d0f80c29-32ab-4d0f-812a-eac8455e4abc chain_id=137 from_address=0x8AfE43fF49EBd5c4B8Cd1497ee77b437dd1711fc}: cortex::pipeline: Pipeline started elapsed_ms=0
2026-04-05T10:20:08.917722Z  INFO ThreadId(03) lobby::server::handler: transaction submission accepted execution_id=8fec4d21-777b-42dc-a2dd-d6281e8d5c86 from=0xCFA80F1f22b0AD533F7d8e2CcC0A783aa4BCaFF3 chain_id=42161
2026-04-05T10:20:08.917746Z  INFO ThreadId(16) lobby::server::handler: transaction submission accepted execution_id=b39c1ee0-53a5-4ff8-afc8-f513bb1f70f2 from=0x8b172F820629b14cEAF859A6e159d1BcD3291Fe1 chain_id=1
2026-04-05T10:20:08.917830Z  INFO ThreadId(03) pipeline{execution_id=8fec4d21-777b-42dc-a2dd-d6281e8d5c86 chain_id=42161 from_address=0xCFA80F1f22b0AD533F7d8e2CcC0A783aa4BCaFF3}: cortex::pipeline: Pipeline started elapsed_ms=0
2026-04-05T10:20:08.917860Z  INFO ThreadId(16) pipeline{execution_id=b39c1ee0-53a5-4ff8-afc8-f513bb1f70f2 chain_id=1 from_address=0x8b172F820629b14cEAF859A6e159d1BcD3291Fe1}: cortex::pipeline: Pipeline started elapsed_ms=0
2026-04-05T10:20:08.918005Z  INFO ThreadId(05) lobby::server::handler: transaction submission accepted execution_id=dc6e6c8a-f46d-4e28-bd7d-91f4391f0ab0 from=0xfea6645D31443cF7Cf96eF1dB7823EB9365f98bf chain_id=1
2026-04-05T10:20:08.918015Z  INFO ThreadId(09) lobby::server::handler: transaction submission accepted execution_id=0d1fced4-efa7-447d-aa51-f8739b3af7d7 from=0xfea6645D31443cF7Cf96eF1dB7823EB9365f98bf chain_id=137
2026-04-05T10:20:08.918110Z  INFO ThreadId(09) pipeline{execution_id=0d1fced4-efa7-447d-aa51-f8739b3af7d7 chain_id=137 from_address=0xfea6645D31443cF7Cf96eF1dB7823EB9365f98bf}: cortex::pipeline: Pipeline started elapsed_ms=0
2026-04-05T10:20:08.918113Z  INFO ThreadId(05) pipeline{execution_id=dc6e6c8a-f46d-4e28-bd7d-91f4391f0ab0 chain_id=1 from_address=0xfea6645D31443cF7Cf96eF1dB7823EB9365f98bf}: cortex::pipeline: Pipeline started elapsed_ms=0
2026-04-05T10:20:08.918301Z  INFO ThreadId(16) lobby::server::handler: transaction submission accepted execution_id=da02586e-f1dc-4354-a331-d6d73df969ad from=0xCFA80F1f22b0AD533F7d8e2CcC0A783aa4BCaFF3 chain_id=42161
2026-04-05T10:20:08.918305Z  INFO ThreadId(03) lobby::server::handler: transaction submission accepted execution_id=6e29a17f-9dd0-4673-8699-5a6c01873c57 from=0x8AfE43fF49EBd5c4B8Cd1497ee77b437dd1711fc chain_id=137
2026-04-05T10:20:08.918398Z  INFO ThreadId(16) pipeline{execution_id=da02586e-f1dc-4354-a331-d6d73df969ad chain_id=42161 from_address=0xCFA80F1f22b0AD533F7d8e2CcC0A783aa4BCaFF3}: cortex::pipeline: Pipeline started elapsed_ms=0
2026-04-05T10:20:08.918412Z  INFO ThreadId(03) pipeline{execution_id=6e29a17f-9dd0-4673-8699-5a6c01873c57 chain_id=137 from_address=0x8AfE43fF49EBd5c4B8Cd1497ee77b437dd1711fc}: cortex::pipeline: Pipeline started elapsed_ms=0
2026-04-05T10:20:08.918569Z  INFO ThreadId(03) lobby::server::handler: transaction submission accepted execution_id=206f3e14-51c9-4df3-b135-67c3957c6e06 from=0xCFA80F1f22b0AD533F7d8e2CcC0A783aa4BCaFF3 chain_id=42161
2026-04-05T10:20:08.918570Z  INFO ThreadId(16) lobby::server::handler: transaction submission accepted execution_id=f4306fc9-011a-4b2b-9ba4-0d3ca32d040d from=0xCFA80F1f22b0AD533F7d8e2CcC0A783aa4BCaFF3 chain_id=42161
2026-04-05T10:20:08.918672Z  INFO ThreadId(03) pipeline{execution_id=206f3e14-51c9-4df3-b135-67c3957c6e06 chain_id=42161 from_address=0xCFA80F1f22b0AD533F7d8e2CcC0A783aa4BCaFF3}: cortex::pipeline: Pipeline started elapsed_ms=0
2026-04-05T10:20:08.918691Z  INFO ThreadId(16) pipeline{execution_id=f4306fc9-011a-4b2b-9ba4-0d3ca32d040d chain_id=42161 from_address=0xCFA80F1f22b0AD533F7d8e2CcC0A783aa4BCaFF3}: cortex::pipeline: Pipeline started elapsed_ms=0
2026-04-05T10:20:08.918863Z  INFO ThreadId(05) lobby::server::handler: transaction submission accepted execution_id=e9653fc8-39f7-4dce-a354-c2a2bf3cdea3 from=0xfea6645D31443cF7Cf96eF1dB7823EB9365f98bf chain_id=42161
2026-04-05T10:20:08.918864Z  INFO ThreadId(15) lobby::server::handler: transaction submission accepted execution_id=cb40aaf5-744d-46bf-a391-96f05fc87a53 from=0x2EAC739a1e05F4a05a5B8fD93D332c4353E5A7cD chain_id=1
2026-04-05T10:20:08.918978Z  INFO ThreadId(05) pipeline{execution_id=e9653fc8-39f7-4dce-a354-c2a2bf3cdea3 chain_id=42161 from_address=0xfea6645D31443cF7Cf96eF1dB7823EB9365f98bf}: cortex::pipeline: Pipeline started elapsed_ms=0
2026-04-05T10:20:08.919016Z  INFO ThreadId(15) pipeline{execution_id=cb40aaf5-744d-46bf-a391-96f05fc87a53 chain_id=1 from_address=0x2EAC739a1e05F4a05a5B8fD93D332c4353E5A7cD}: cortex::pipeline: Pipeline started elapsed_ms=0
2026-04-05T10:20:08.919136Z  INFO ThreadId(16) lobby::server::handler: transaction submission accepted execution_id=67ae4668-172b-4fcf-8c4c-f0d93e6de619 from=0x8b172F820629b14cEAF859A6e159d1BcD3291Fe1 chain_id=1
2026-04-05T10:20:08.919148Z  INFO ThreadId(15) lobby::server::handler: transaction submission accepted execution_id=b9ab5343-015a-4aa0-aa48-4466c605318f from=0xfea6645D31443cF7Cf96eF1dB7823EB9365f98bf chain_id=1
2026-04-05T10:20:08.919247Z  INFO ThreadId(16) pipeline{execution_id=67ae4668-172b-4fcf-8c4c-f0d93e6de619 chain_id=1 from_address=0x8b172F820629b14cEAF859A6e159d1BcD3291Fe1}: cortex::pipeline: Pipeline started elapsed_ms=0
2026-04-05T10:20:08.919247Z  INFO ThreadId(15) pipeline{execution_id=b9ab5343-015a-4aa0-aa48-4466c605318f chain_id=1 from_address=0xfea6645D31443cF7Cf96eF1dB7823EB9365f98bf}: cortex::pipeline: Pipeline started elapsed_ms=0
2026-04-05T10:20:08.919424Z  INFO ThreadId(15) lobby::server::handler: transaction submission accepted execution_id=b14522bf-f91f-4805-bbfa-ee63baa1b0b3 from=0x8b172F820629b14cEAF859A6e159d1BcD3291Fe1 chain_id=1
2026-04-05T10:20:08.919459Z  INFO ThreadId(05) lobby::server::handler: transaction submission accepted execution_id=bc5b59e5-d47a-4297-9a0c-6861a7e2248b from=0x8b172F820629b14cEAF859A6e159d1BcD3291Fe1 chain_id=42161
2026-04-05T10:20:08.919535Z  INFO ThreadId(05) pipeline{execution_id=bc5b59e5-d47a-4297-9a0c-6861a7e2248b chain_id=42161 from_address=0x8b172F820629b14cEAF859A6e159d1BcD3291Fe1}: cortex::pipeline: Pipeline started elapsed_ms=0
2026-04-05T10:20:08.919535Z  INFO ThreadId(15) pipeline{execution_id=b14522bf-f91f-4805-bbfa-ee63baa1b0b3 chain_id=1 from_address=0x8b172F820629b14cEAF859A6e159d1BcD3291Fe1}: cortex::pipeline: Pipeline started elapsed_ms=0
2026-04-05T10:20:08.919713Z  INFO ThreadId(05) lobby::server::handler: transaction submission accepted execution_id=18553b77-7f58-4304-b71e-919c42900235 from=0x8AfE43fF49EBd5c4B8Cd1497ee77b437dd1711fc chain_id=1
2026-04-05T10:20:08.919778Z  INFO ThreadId(09) lobby::server::handler: transaction submission accepted execution_id=e82fb02e-bba8-4dbc-96c7-fa64eb9ecda5 from=0xCFA80F1f22b0AD533F7d8e2CcC0A783aa4BCaFF3 chain_id=42161
2026-04-05T10:20:08.919814Z  INFO ThreadId(05) pipeline{execution_id=18553b77-7f58-4304-b71e-919c42900235 chain_id=1 from_address=0x8AfE43fF49EBd5c4B8Cd1497ee77b437dd1711fc}: cortex::pipeline: Pipeline started elapsed_ms=0
2026-04-05T10:20:08.919873Z  INFO ThreadId(09) pipeline{execution_id=e82fb02e-bba8-4dbc-96c7-fa64eb9ecda5 chain_id=42161 from_address=0xCFA80F1f22b0AD533F7d8e2CcC0A783aa4BCaFF3}: cortex::pipeline: Pipeline started elapsed_ms=0
2026-04-05T10:20:08.919982Z  INFO ThreadId(15) lobby::server::handler: transaction submission accepted execution_id=5381f009-d2c4-45d2-abef-093f663861c4 from=0x8AfE43fF49EBd5c4B8Cd1497ee77b437dd1711fc chain_id=137
2026-04-05T10:20:08.920083Z  INFO ThreadId(15) pipeline{execution_id=5381f009-d2c4-45d2-abef-093f663861c4 chain_id=137 from_address=0x8AfE43fF49EBd5c4B8Cd1497ee77b437dd1711fc}: cortex::pipeline: Pipeline started elapsed_ms=0
2026-04-05T10:20:08.920088Z  INFO ThreadId(03) lobby::server::handler: transaction submission accepted execution_id=18f52b9e-a4c5-43d7-ad5d-c1abd1ae73f3 from=0xCFA80F1f22b0AD533F7d8e2CcC0A783aa4BCaFF3 chain_id=1
2026-04-05T10:20:08.920182Z  INFO ThreadId(03) pipeline{execution_id=18f52b9e-a4c5-43d7-ad5d-c1abd1ae73f3 chain_id=1 from_address=0xCFA80F1f22b0AD533F7d8e2CcC0A783aa4BCaFF3}: cortex::pipeline: Pipeline started elapsed_ms=0
2026-04-05T10:20:08.920248Z  INFO ThreadId(15) lobby::server::handler: transaction submission accepted execution_id=dcacd231-8470-49ad-b1fe-1c95c77f1bc6 from=0x2EAC739a1e05F4a05a5B8fD93D332c4353E5A7cD chain_id=42161
2026-04-05T10:20:08.920329Z  INFO ThreadId(15) pipeline{execution_id=dcacd231-8470-49ad-b1fe-1c95c77f1bc6 chain_id=42161 from_address=0x2EAC739a1e05F4a05a5B8fD93D332c4353E5A7cD}: cortex::pipeline: Pipeline started elapsed_ms=0
2026-04-05T10:20:08.920335Z  INFO ThreadId(03) lobby::server::handler: transaction submission accepted execution_id=dba2916d-d022-48fe-bdac-0f6ebe0bd391 from=0x8AfE43fF49EBd5c4B8Cd1497ee77b437dd1711fc chain_id=137
2026-04-05T10:20:08.920427Z  INFO ThreadId(03) pipeline{execution_id=dba2916d-d022-48fe-bdac-0f6ebe0bd391 chain_id=137 from_address=0x8AfE43fF49EBd5c4B8Cd1497ee77b437dd1711fc}: cortex::pipeline: Pipeline started elapsed_ms=0
2026-04-05T10:20:08.920505Z  INFO ThreadId(09) lobby::server::handler: transaction submission accepted execution_id=a313c6e1-a034-49b9-a431-b731fb416421 from=0x8AfE43fF49EBd5c4B8Cd1497ee77b437dd1711fc chain_id=42161
2026-04-05T10:20:08.920585Z  INFO ThreadId(13) lobby::server::handler: transaction submission accepted execution_id=4ca1b29f-50f4-4924-beb7-5380fc73edef from=0xCFA80F1f22b0AD533F7d8e2CcC0A783aa4BCaFF3 chain_id=42161
2026-04-05T10:20:08.920616Z  INFO ThreadId(09) pipeline{execution_id=a313c6e1-a034-49b9-a431-b731fb416421 chain_id=42161 from_address=0x8AfE43fF49EBd5c4B8Cd1497ee77b437dd1711fc}: cortex::pipeline: Pipeline started elapsed_ms=0
2026-04-05T10:20:08.920701Z  INFO ThreadId(13) pipeline{execution_id=4ca1b29f-50f4-4924-beb7-5380fc73edef chain_id=42161 from_address=0xCFA80F1f22b0AD533F7d8e2CcC0A783aa4BCaFF3}: cortex::pipeline: Pipeline started elapsed_ms=0
2026-04-05T10:20:08.920857Z  INFO ThreadId(09) lobby::server::handler: transaction submission accepted execution_id=a66d19a0-da35-4ff0-b2e0-2f1075c5833d from=0x2EAC739a1e05F4a05a5B8fD93D332c4353E5A7cD chain_id=137
2026-04-05T10:20:08.920917Z  INFO ThreadId(03) lobby::server::handler: transaction submission accepted execution_id=294152e0-06f8-4ff3-ba51-9e7029d4463a from=0xfea6645D31443cF7Cf96eF1dB7823EB9365f98bf chain_id=137
2026-04-05T10:20:08.920972Z  INFO ThreadId(09) pipeline{execution_id=a66d19a0-da35-4ff0-b2e0-2f1075c5833d chain_id=137 from_address=0x2EAC739a1e05F4a05a5B8fD93D332c4353E5A7cD}: cortex::pipeline: Pipeline started elapsed_ms=0
2026-04-05T10:20:08.921024Z  INFO ThreadId(03) pipeline{execution_id=294152e0-06f8-4ff3-ba51-9e7029d4463a chain_id=137 from_address=0xfea6645D31443cF7Cf96eF1dB7823EB9365f98bf}: cortex::pipeline: Pipeline started elapsed_ms=0
2026-04-05T10:20:08.921206Z  INFO ThreadId(16) lobby::server::handler: transaction submission accepted execution_id=401b4abc-aac6-4659-9ad9-3cf695a4b40f from=0xCFA80F1f22b0AD533F7d8e2CcC0A783aa4BCaFF3 chain_id=42161
2026-04-05T10:20:08.921270Z  INFO ThreadId(05) lobby::server::handler: transaction submission accepted execution_id=3a2ad9c0-e93f-4ff6-93ac-e2ede2db0768 from=0x2EAC739a1e05F4a05a5B8fD93D332c4353E5A7cD chain_id=1
2026-04-05T10:20:08.921331Z  INFO ThreadId(16) pipeline{execution_id=401b4abc-aac6-4659-9ad9-3cf695a4b40f chain_id=42161 from_address=0xCFA80F1f22b0AD533F7d8e2CcC0A783aa4BCaFF3}: cortex::pipeline: Pipeline started elapsed_ms=0
2026-04-05T10:20:08.921394Z  INFO ThreadId(05) pipeline{execution_id=3a2ad9c0-e93f-4ff6-93ac-e2ede2db0768 chain_id=1 from_address=0x2EAC739a1e05F4a05a5B8fD93D332c4353E5A7cD}: cortex::pipeline: Pipeline started elapsed_ms=0
2026-04-05T10:20:08.921516Z  INFO ThreadId(05) lobby::server::handler: transaction submission accepted execution_id=8b70da02-1440-4143-8222-872e91546f3f from=0x8b172F820629b14cEAF859A6e159d1BcD3291Fe1 chain_id=42161
2026-04-05T10:20:08.921559Z  INFO ThreadId(16) lobby::server::handler: transaction submission accepted execution_id=754be92a-8b4b-4196-bce8-df404bfa85a3 from=0xfea6645D31443cF7Cf96eF1dB7823EB9365f98bf chain_id=137
2026-04-05T10:20:08.921627Z  INFO ThreadId(05) pipeline{execution_id=8b70da02-1440-4143-8222-872e91546f3f chain_id=42161 from_address=0x8b172F820629b14cEAF859A6e159d1BcD3291Fe1}: cortex::pipeline: Pipeline started elapsed_ms=0
2026-04-05T10:20:08.921644Z  INFO ThreadId(16) pipeline{execution_id=754be92a-8b4b-4196-bce8-df404bfa85a3 chain_id=137 from_address=0xfea6645D31443cF7Cf96eF1dB7823EB9365f98bf}: cortex::pipeline: Pipeline started elapsed_ms=0
2026-04-05T10:20:08.921892Z  INFO ThreadId(15) lobby::server::handler: transaction submission accepted execution_id=f3ec749f-8da2-4676-90d7-d8e0ebe3f8dd from=0x8b172F820629b14cEAF859A6e159d1BcD3291Fe1 chain_id=42161
2026-04-05T10:20:08.921891Z  INFO ThreadId(05) lobby::server::handler: transaction submission accepted execution_id=2129d373-6f99-4388-b557-1011d7f8128e from=0x2EAC739a1e05F4a05a5B8fD93D332c4353E5A7cD chain_id=137
2026-04-05T10:20:08.921978Z  INFO ThreadId(17) lobby::server::handler: transaction submission accepted execution_id=1a332b42-4192-412c-bbc5-87c6751c0cce from=0x8b172F820629b14cEAF859A6e159d1BcD3291Fe1 chain_id=42161
2026-04-05T10:20:08.922015Z  INFO ThreadId(15) pipeline{execution_id=f3ec749f-8da2-4676-90d7-d8e0ebe3f8dd chain_id=42161 from_address=0x8b172F820629b14cEAF859A6e159d1BcD3291Fe1}: cortex::pipeline: Pipeline started elapsed_ms=0
2026-04-05T10:20:08.922019Z  INFO ThreadId(16) lobby::server::handler: transaction submission accepted execution_id=524909f9-e9fa-4d28-b50a-2572b798865e from=0xCFA80F1f22b0AD533F7d8e2CcC0A783aa4BCaFF3 chain_id=137
2026-04-05T10:20:08.922044Z  INFO ThreadId(05) pipeline{execution_id=2129d373-6f99-4388-b557-1011d7f8128e chain_id=137 from_address=0x2EAC739a1e05F4a05a5B8fD93D332c4353E5A7cD}: cortex::pipeline: Pipeline started elapsed_ms=0
2026-04-05T10:20:08.922080Z  INFO ThreadId(13) lobby::server::handler: transaction submission accepted execution_id=351b34e0-9529-4c2b-ad9c-923d28dee50a from=0x8AfE43fF49EBd5c4B8Cd1497ee77b437dd1711fc chain_id=1
2026-04-05T10:20:08.922107Z  INFO ThreadId(17) pipeline{execution_id=1a332b42-4192-412c-bbc5-87c6751c0cce chain_id=42161 from_address=0x8b172F820629b14cEAF859A6e159d1BcD3291Fe1}: cortex::pipeline: Pipeline started elapsed_ms=0
2026-04-05T10:20:08.922141Z  INFO ThreadId(09) lobby::server::handler: transaction submission accepted execution_id=6c40126c-4127-45db-b664-63581c4c715b from=0x2EAC739a1e05F4a05a5B8fD93D332c4353E5A7cD chain_id=1
2026-04-05T10:20:08.922153Z  INFO ThreadId(16) pipeline{execution_id=524909f9-e9fa-4d28-b50a-2572b798865e chain_id=137 from_address=0xCFA80F1f22b0AD533F7d8e2CcC0A783aa4BCaFF3}: cortex::pipeline: Pipeline started elapsed_ms=0
2026-04-05T10:20:08.922196Z  INFO ThreadId(13) pipeline{execution_id=351b34e0-9529-4c2b-ad9c-923d28dee50a chain_id=1 from_address=0x8AfE43fF49EBd5c4B8Cd1497ee77b437dd1711fc}: cortex::pipeline: Pipeline started elapsed_ms=0
2026-04-05T10:20:08.922196Z  INFO ThreadId(15) lobby::server::handler: transaction submission accepted execution_id=73085d14-aefa-4198-a4dd-b3628d3ac849 from=0x8b172F820629b14cEAF859A6e159d1BcD3291Fe1 chain_id=1
2026-04-05T10:20:08.922257Z  INFO ThreadId(12) lobby::server::handler: transaction submission accepted execution_id=49982d0e-a9b0-4fdc-b192-f65f1e1a2b4f from=0x8AfE43fF49EBd5c4B8Cd1497ee77b437dd1711fc chain_id=42161
2026-04-05T10:20:08.922272Z  INFO ThreadId(09) pipeline{execution_id=6c40126c-4127-45db-b664-63581c4c715b chain_id=1 from_address=0x2EAC739a1e05F4a05a5B8fD93D332c4353E5A7cD}: cortex::pipeline: Pipeline started elapsed_ms=0
2026-04-05T10:20:08.922300Z  INFO ThreadId(03) lobby::server::handler: transaction submission accepted execution_id=557987d6-353b-4acb-aede-1c46bf9f2178 from=0x8AfE43fF49EBd5c4B8Cd1497ee77b437dd1711fc chain_id=1
2026-04-05T10:20:08.922300Z  INFO ThreadId(05) lobby::server::handler: transaction submission accepted execution_id=5afa4d49-a79e-4674-9d15-a60d7476e221 from=0x2EAC739a1e05F4a05a5B8fD93D332c4353E5A7cD chain_id=42161
2026-04-05T10:20:08.922326Z  INFO ThreadId(16) lobby::server::handler: transaction submission accepted execution_id=19ece276-5d5f-4e86-869e-c89e416075d5 from=0x8b172F820629b14cEAF859A6e159d1BcD3291Fe1 chain_id=1
2026-04-05T10:20:08.922386Z  INFO ThreadId(15) pipeline{execution_id=73085d14-aefa-4198-a4dd-b3628d3ac849 chain_id=1 from_address=0x8b172F820629b14cEAF859A6e159d1BcD3291Fe1}: cortex::pipeline: Pipeline started elapsed_ms=0
2026-04-05T10:20:08.922417Z  INFO ThreadId(03) pipeline{execution_id=557987d6-353b-4acb-aede-1c46bf9f2178 chain_id=1 from_address=0x8AfE43fF49EBd5c4B8Cd1497ee77b437dd1711fc}: cortex::pipeline: Pipeline started elapsed_ms=0
2026-04-05T10:20:08.922422Z  INFO ThreadId(12) pipeline{execution_id=49982d0e-a9b0-4fdc-b192-f65f1e1a2b4f chain_id=42161 from_address=0x8AfE43fF49EBd5c4B8Cd1497ee77b437dd1711fc}: cortex::pipeline: Pipeline started elapsed_ms=0
2026-04-05T10:20:08.922428Z  INFO ThreadId(16) pipeline{execution_id=19ece276-5d5f-4e86-869e-c89e416075d5 chain_id=1 from_address=0x8b172F820629b14cEAF859A6e159d1BcD3291Fe1}: cortex::pipeline: Pipeline started elapsed_ms=0
2026-04-05T10:20:08.922442Z  INFO ThreadId(05) pipeline{execution_id=5afa4d49-a79e-4674-9d15-a60d7476e221 chain_id=42161 from_address=0x2EAC739a1e05F4a05a5B8fD93D332c4353E5A7cD}: cortex::pipeline: Pipeline started elapsed_ms=0
2026-04-05T10:20:08.922465Z  INFO ThreadId(14) lobby::server::handler: transaction submission accepted execution_id=16238d21-9aed-4fa3-b458-300719a545d5 from=0xfea6645D31443cF7Cf96eF1dB7823EB9365f98bf chain_id=137
2026-04-05T10:20:08.922511Z  INFO ThreadId(07) lobby::server::handler: transaction submission accepted execution_id=93c49b34-536d-4592-92d6-8eb959f0acc1 from=0xCFA80F1f22b0AD533F7d8e2CcC0A783aa4BCaFF3 chain_id=42161
2026-04-05T10:20:08.922600Z  INFO ThreadId(14) pipeline{execution_id=16238d21-9aed-4fa3-b458-300719a545d5 chain_id=137 from_address=0xfea6645D31443cF7Cf96eF1dB7823EB9365f98bf}: cortex::pipeline: Pipeline started elapsed_ms=0
2026-04-05T10:20:08.922644Z  INFO ThreadId(07) pipeline{execution_id=93c49b34-536d-4592-92d6-8eb959f0acc1 chain_id=42161 from_address=0xCFA80F1f22b0AD533F7d8e2CcC0A783aa4BCaFF3}: cortex::pipeline: Pipeline started elapsed_ms=0
2026-04-05T10:20:08.922760Z  INFO ThreadId(05) lobby::server::handler: transaction submission accepted execution_id=e5febd15-99a7-4011-b588-823e8b2429dd from=0xCFA80F1f22b0AD533F7d8e2CcC0A783aa4BCaFF3 chain_id=137
2026-04-05T10:20:08.922785Z  INFO ThreadId(07) lobby::server::handler: transaction submission accepted execution_id=4775747c-fe78-4982-b5d6-e50ae90bc525 from=0x2EAC739a1e05F4a05a5B8fD93D332c4353E5A7cD chain_id=42161
2026-04-05T10:20:08.922824Z  INFO ThreadId(08) lobby::server::handler: transaction submission accepted execution_id=ba0135b2-d06a-4c37-a0ae-e959bd7ea00b from=0x8AfE43fF49EBd5c4B8Cd1497ee77b437dd1711fc chain_id=42161
2026-04-05T10:20:08.922864Z  INFO ThreadId(13) lobby::server::handler: transaction submission accepted execution_id=712ac1ff-4f42-4f19-9ca5-414531639afe from=0xfea6645D31443cF7Cf96eF1dB7823EB9365f98bf chain_id=1
2026-04-05T10:20:08.922894Z  INFO ThreadId(05) pipeline{execution_id=e5febd15-99a7-4011-b588-823e8b2429dd chain_id=137 from_address=0xCFA80F1f22b0AD533F7d8e2CcC0A783aa4BCaFF3}: cortex::pipeline: Pipeline started elapsed_ms=0
2026-04-05T10:20:08.922902Z  INFO ThreadId(07) pipeline{execution_id=4775747c-fe78-4982-b5d6-e50ae90bc525 chain_id=42161 from_address=0x2EAC739a1e05F4a05a5B8fD93D332c4353E5A7cD}: cortex::pipeline: Pipeline started elapsed_ms=0
2026-04-05T10:20:08.922978Z  INFO ThreadId(08) pipeline{execution_id=ba0135b2-d06a-4c37-a0ae-e959bd7ea00b chain_id=42161 from_address=0x8AfE43fF49EBd5c4B8Cd1497ee77b437dd1711fc}: cortex::pipeline: Pipeline started elapsed_ms=0
2026-04-05T10:20:08.922989Z  INFO ThreadId(12) lobby::server::handler: transaction submission accepted execution_id=b11d555f-bea7-41d0-8fdf-3d35be9710a9 from=0x2EAC739a1e05F4a05a5B8fD93D332c4353E5A7cD chain_id=42161
2026-04-05T10:20:08.923049Z  INFO ThreadId(11) lobby::server::handler: transaction submission accepted execution_id=c13b1270-c5a6-4d4a-84d6-3257141acd7d from=0x8AfE43fF49EBd5c4B8Cd1497ee77b437dd1711fc chain_id=137
2026-04-05T10:20:08.923054Z  INFO ThreadId(13) pipeline{execution_id=712ac1ff-4f42-4f19-9ca5-414531639afe chain_id=1 from_address=0xfea6645D31443cF7Cf96eF1dB7823EB9365f98bf}: cortex::pipeline: Pipeline started elapsed_ms=0
2026-04-05T10:20:08.923071Z  INFO ThreadId(08) lobby::server::handler: transaction submission accepted execution_id=2c3cdf1e-c97d-41db-8c9f-0ff6dd888bed from=0x2EAC739a1e05F4a05a5B8fD93D332c4353E5A7cD chain_id=1
2026-04-05T10:20:08.923259Z  INFO ThreadId(04) lobby::server::handler: transaction submission accepted execution_id=54a6e2f5-5cdd-4099-a3c9-364643a93cdb from=0xfea6645D31443cF7Cf96eF1dB7823EB9365f98bf chain_id=42161
2026-04-05T10:20:08.923281Z  INFO ThreadId(18) lobby::server::handler: transaction submission accepted execution_id=88cba843-44f7-484b-834a-4df4ae48442c from=0xfea6645D31443cF7Cf96eF1dB7823EB9365f98bf chain_id=137
2026-04-05T10:20:08.923100Z  INFO ThreadId(12) pipeline{execution_id=b11d555f-bea7-41d0-8fdf-3d35be9710a9 chain_id=42161 from_address=0x2EAC739a1e05F4a05a5B8fD93D332c4353E5A7cD}: cortex::pipeline: Pipeline started elapsed_ms=0
2026-04-05T10:20:08.923296Z  INFO ThreadId(06) lobby::server::handler: transaction submission accepted execution_id=5db17eb7-eb95-4012-98ef-e62e05118131 from=0x2EAC739a1e05F4a05a5B8fD93D332c4353E5A7cD chain_id=137
2026-04-05T10:20:08.923143Z  INFO ThreadId(16) lobby::server::handler: transaction submission accepted execution_id=666fd910-a4af-4b10-896a-9673034a5332 from=0x2EAC739a1e05F4a05a5B8fD93D332c4353E5A7cD chain_id=137
2026-04-05T10:20:08.923386Z  INFO ThreadId(13) lobby::server::handler: transaction submission accepted execution_id=b169201b-5e13-42a7-a9ce-f0998fa8ee33 from=0xCFA80F1f22b0AD533F7d8e2CcC0A783aa4BCaFF3 chain_id=42161
2026-04-05T10:20:08.923392Z  INFO ThreadId(08) pipeline{execution_id=2c3cdf1e-c97d-41db-8c9f-0ff6dd888bed chain_id=1 from_address=0x2EAC739a1e05F4a05a5B8fD93D332c4353E5A7cD}: cortex::pipeline: Pipeline started elapsed_ms=0
2026-04-05T10:20:08.923148Z  INFO ThreadId(17) lobby::server::handler: transaction submission accepted execution_id=ccc0801a-c0bf-4b83-adea-e99bd8b88101 from=0x8AfE43fF49EBd5c4B8Cd1497ee77b437dd1711fc chain_id=137
2026-04-05T10:20:08.923466Z  INFO ThreadId(16) pipeline{execution_id=666fd910-a4af-4b10-896a-9673034a5332 chain_id=137 from_address=0x2EAC739a1e05F4a05a5B8fD93D332c4353E5A7cD}: cortex::pipeline: Pipeline started elapsed_ms=0
2026-04-05T10:20:08.923189Z  INFO ThreadId(11) pipeline{execution_id=c13b1270-c5a6-4d4a-84d6-3257141acd7d chain_id=137 from_address=0x8AfE43fF49EBd5c4B8Cd1497ee77b437dd1711fc}: cortex::pipeline: Pipeline started elapsed_ms=0
2026-04-05T10:20:08.923480Z  INFO ThreadId(15) lobby::server::handler: transaction submission accepted execution_id=af376b30-3869-4169-bdb5-f9edf8f296c5 from=0xfea6645D31443cF7Cf96eF1dB7823EB9365f98bf chain_id=1
2026-04-05T10:20:08.923524Z  INFO ThreadId(06) pipeline{execution_id=5db17eb7-eb95-4012-98ef-e62e05118131 chain_id=137 from_address=0x2EAC739a1e05F4a05a5B8fD93D332c4353E5A7cD}: cortex::pipeline: Pipeline started elapsed_ms=0
2026-04-05T10:20:08.923544Z  INFO ThreadId(08) lobby::server::handler: transaction submission accepted execution_id=fa5e73f0-70f4-4732-ad72-968f87c063f4 from=0x8AfE43fF49EBd5c4B8Cd1497ee77b437dd1711fc chain_id=1
2026-04-05T10:20:08.923551Z  INFO ThreadId(05) lobby::server::handler: transaction submission accepted execution_id=cd014ced-cbca-4f94-a933-f51b202471bd from=0x8b172F820629b14cEAF859A6e159d1BcD3291Fe1 chain_id=42161
2026-04-05T10:20:08.923586Z  INFO ThreadId(07) lobby::server::handler: transaction submission accepted execution_id=d44a94f0-88cf-43a3-b1f6-3c4effcba3b6 from=0x2EAC739a1e05F4a05a5B8fD93D332c4353E5A7cD chain_id=1
2026-04-05T10:20:08.923608Z  INFO ThreadId(15) pipeline{execution_id=af376b30-3869-4169-bdb5-f9edf8f296c5 chain_id=1 from_address=0xfea6645D31443cF7Cf96eF1dB7823EB9365f98bf}: cortex::pipeline: Pipeline started elapsed_ms=0
2026-04-05T10:20:08.923609Z  INFO ThreadId(17) pipeline{execution_id=ccc0801a-c0bf-4b83-adea-e99bd8b88101 chain_id=137 from_address=0x8AfE43fF49EBd5c4B8Cd1497ee77b437dd1711fc}: cortex::pipeline: Pipeline started elapsed_ms=0
2026-04-05T10:20:08.923586Z  INFO ThreadId(03) lobby::server::handler: transaction submission accepted execution_id=03c8898b-6f97-4389-b0bb-a600520484e0 from=0xCFA80F1f22b0AD533F7d8e2CcC0A783aa4BCaFF3 chain_id=137
2026-04-05T10:20:08.923664Z  INFO ThreadId(08) pipeline{execution_id=fa5e73f0-70f4-4732-ad72-968f87c063f4 chain_id=1 from_address=0x8AfE43fF49EBd5c4B8Cd1497ee77b437dd1711fc}: cortex::pipeline: Pipeline started elapsed_ms=0
2026-04-05T10:20:08.923670Z  INFO ThreadId(05) pipeline{execution_id=cd014ced-cbca-4f94-a933-f51b202471bd chain_id=42161 from_address=0x8b172F820629b14cEAF859A6e159d1BcD3291Fe1}: cortex::pipeline: Pipeline started elapsed_ms=0
2026-04-05T10:20:08.923723Z  INFO ThreadId(07) pipeline{execution_id=d44a94f0-88cf-43a3-b1f6-3c4effcba3b6 chain_id=1 from_address=0x2EAC739a1e05F4a05a5B8fD93D332c4353E5A7cD}: cortex::pipeline: Pipeline started elapsed_ms=0
2026-04-05T10:20:08.923766Z  INFO ThreadId(03) pipeline{execution_id=03c8898b-6f97-4389-b0bb-a600520484e0 chain_id=137 from_address=0xCFA80F1f22b0AD533F7d8e2CcC0A783aa4BCaFF3}: cortex::pipeline: Pipeline started elapsed_ms=0
2026-04-05T10:20:08.923772Z  INFO ThreadId(17) lobby::server::handler: transaction submission accepted execution_id=a8bf1104-357d-4ceb-ad12-c1f06eb750fe from=0xfea6645D31443cF7Cf96eF1dB7823EB9365f98bf chain_id=1
2026-04-05T10:20:08.923850Z  INFO ThreadId(04) pipeline{execution_id=54a6e2f5-5cdd-4099-a3c9-364643a93cdb chain_id=42161 from_address=0xfea6645D31443cF7Cf96eF1dB7823EB9365f98bf}: cortex::pipeline: Pipeline started elapsed_ms=0
2026-04-05T10:20:08.923856Z  INFO ThreadId(12) lobby::server::handler: transaction submission accepted execution_id=aa84a089-1b30-4cfa-8284-bde98ab35277 from=0xCFA80F1f22b0AD533F7d8e2CcC0A783aa4BCaFF3 chain_id=1
2026-04-05T10:20:08.923863Z  INFO ThreadId(05) lobby::server::handler: transaction submission accepted execution_id=a844fb0b-7d4a-4630-bbf3-6e87a9e4a1cd from=0x8AfE43fF49EBd5c4B8Cd1497ee77b437dd1711fc chain_id=1
2026-04-05T10:20:08.923899Z  INFO ThreadId(07) lobby::server::handler: transaction submission accepted execution_id=1c5f7a0f-d941-4935-89b4-cef877e2b3c4 from=0x2EAC739a1e05F4a05a5B8fD93D332c4353E5A7cD chain_id=1
2026-04-05T10:20:08.923226Z  INFO ThreadId(14) lobby::server::handler: transaction submission accepted execution_id=0bb8c4cf-a0fa-4d51-961e-877c4b67236b from=0x8AfE43fF49EBd5c4B8Cd1497ee77b437dd1711fc chain_id=137
2026-04-05T10:20:08.923898Z  INFO ThreadId(09) lobby::server::handler: transaction submission accepted execution_id=470c45df-d3db-4913-ab5a-6b9c5f0b7a83 from=0x2EAC739a1e05F4a05a5B8fD93D332c4353E5A7cD chain_id=1
2026-04-05T10:20:08.923904Z  INFO ThreadId(06) lobby::server::handler: transaction submission accepted execution_id=d52439fb-9971-44f6-b16c-09900b4fb608 from=0x2EAC739a1e05F4a05a5B8fD93D332c4353E5A7cD chain_id=42161
2026-04-05T10:20:08.923973Z  INFO ThreadId(18) pipeline{execution_id=88cba843-44f7-484b-834a-4df4ae48442c chain_id=137 from_address=0xfea6645D31443cF7Cf96eF1dB7823EB9365f98bf}: cortex::pipeline: Pipeline started elapsed_ms=0
2026-04-05T10:20:08.924104Z  INFO ThreadId(13) pipeline{execution_id=b169201b-5e13-42a7-a9ce-f0998fa8ee33 chain_id=42161 from_address=0xCFA80F1f22b0AD533F7d8e2CcC0A783aa4BCaFF3}: cortex::pipeline: Pipeline started elapsed_ms=0
2026-04-05T10:20:08.924141Z  INFO ThreadId(15) lobby::server::handler: transaction submission accepted execution_id=03bd649c-c0b4-46f3-83ec-27b9dcb82002 from=0x8b172F820629b14cEAF859A6e159d1BcD3291Fe1 chain_id=137
2026-04-05T10:20:08.924151Z  INFO ThreadId(11) lobby::server::handler: transaction submission accepted execution_id=a4cbf7d4-12fa-4efa-8bbc-e84aa46cbd1b from=0xfea6645D31443cF7Cf96eF1dB7823EB9365f98bf chain_id=42161
2026-04-05T10:20:08.924319Z  INFO ThreadId(17) pipeline{execution_id=a8bf1104-357d-4ceb-ad12-c1f06eb750fe chain_id=1 from_address=0xfea6645D31443cF7Cf96eF1dB7823EB9365f98bf}: cortex::pipeline: Pipeline started elapsed_ms=0
2026-04-05T10:20:08.924352Z  INFO ThreadId(03) lobby::server::handler: transaction submission accepted execution_id=bd561750-f6c4-4346-a8ff-5e11ce6c9dd2 from=0x8AfE43fF49EBd5c4B8Cd1497ee77b437dd1711fc chain_id=1
2026-04-05T10:20:08.924370Z  INFO ThreadId(12) pipeline{execution_id=aa84a089-1b30-4cfa-8284-bde98ab35277 chain_id=1 from_address=0xCFA80F1f22b0AD533F7d8e2CcC0A783aa4BCaFF3}: cortex::pipeline: Pipeline started elapsed_ms=0
2026-04-05T10:20:08.924373Z  INFO ThreadId(16) lobby::server::handler: transaction submission accepted execution_id=4d6122f5-c2fc-4cbc-b976-77b0e2411100 from=0x8AfE43fF49EBd5c4B8Cd1497ee77b437dd1711fc chain_id=137
2026-04-05T10:20:08.924382Z  INFO ThreadId(05) pipeline{execution_id=a844fb0b-7d4a-4630-bbf3-6e87a9e4a1cd chain_id=1 from_address=0x8AfE43fF49EBd5c4B8Cd1497ee77b437dd1711fc}: cortex::pipeline: Pipeline started elapsed_ms=0
2026-04-05T10:20:08.924391Z  INFO ThreadId(07) pipeline{execution_id=1c5f7a0f-d941-4935-89b4-cef877e2b3c4 chain_id=1 from_address=0x2EAC739a1e05F4a05a5B8fD93D332c4353E5A7cD}: cortex::pipeline: Pipeline started elapsed_ms=0
2026-04-05T10:20:08.924436Z  INFO ThreadId(08) lobby::server::handler: transaction submission accepted execution_id=b0428139-b683-4836-8d4a-16c1eb09a552 from=0x2EAC739a1e05F4a05a5B8fD93D332c4353E5A7cD chain_id=137
2026-04-05T10:20:08.924457Z  INFO ThreadId(14) pipeline{execution_id=0bb8c4cf-a0fa-4d51-961e-877c4b67236b chain_id=137 from_address=0x8AfE43fF49EBd5c4B8Cd1497ee77b437dd1711fc}: cortex::pipeline: Pipeline started elapsed_ms=0
2026-04-05T10:20:08.924502Z  INFO ThreadId(03) pipeline{execution_id=bd561750-f6c4-4346-a8ff-5e11ce6c9dd2 chain_id=1 from_address=0x8AfE43fF49EBd5c4B8Cd1497ee77b437dd1711fc}: cortex::pipeline: Pipeline started elapsed_ms=0
2026-04-05T10:20:08.924539Z  INFO ThreadId(07) lobby::server::handler: transaction submission accepted execution_id=66e23f29-2e1b-4f64-8fff-b333a3434be4 from=0x8AfE43fF49EBd5c4B8Cd1497ee77b437dd1711fc chain_id=1
2026-04-05T10:20:08.924552Z  INFO ThreadId(17) lobby::server::handler: transaction submission accepted execution_id=dfc08f08-cc73-41ce-af26-7a454ea41d22 from=0x8b172F820629b14cEAF859A6e159d1BcD3291Fe1 chain_id=1
2026-04-05T10:20:08.924575Z  INFO ThreadId(08) pipeline{execution_id=b0428139-b683-4836-8d4a-16c1eb09a552 chain_id=137 from_address=0x2EAC739a1e05F4a05a5B8fD93D332c4353E5A7cD}: cortex::pipeline: Pipeline started elapsed_ms=0
2026-04-05T10:20:08.924604Z  INFO ThreadId(18) lobby::server::handler: transaction submission accepted execution_id=1e1cce8b-5b08-4674-8f14-6b08985e6fab from=0x8b172F820629b14cEAF859A6e159d1BcD3291Fe1 chain_id=42161
2026-04-05T10:20:08.924633Z  INFO ThreadId(09) pipeline{execution_id=470c45df-d3db-4913-ab5a-6b9c5f0b7a83 chain_id=1 from_address=0x2EAC739a1e05F4a05a5B8fD93D332c4353E5A7cD}: cortex::pipeline: Pipeline started elapsed_ms=0
2026-04-05T10:20:08.924675Z  INFO ThreadId(03) lobby::server::handler: transaction submission accepted execution_id=f25a5c40-a22f-421b-a133-5cf5074e6b52 from=0x8b172F820629b14cEAF859A6e159d1BcD3291Fe1 chain_id=137
2026-04-05T10:20:08.924697Z  INFO ThreadId(13) lobby::server::handler: transaction submission accepted execution_id=5cef5585-ce0f-4689-bb90-384dc373beff from=0x8AfE43fF49EBd5c4B8Cd1497ee77b437dd1711fc chain_id=42161
2026-04-05T10:20:08.924709Z  INFO ThreadId(07) pipeline{execution_id=66e23f29-2e1b-4f64-8fff-b333a3434be4 chain_id=1 from_address=0x8AfE43fF49EBd5c4B8Cd1497ee77b437dd1711fc}: cortex::pipeline: Pipeline started elapsed_ms=0
2026-04-05T10:20:08.924711Z  INFO ThreadId(04) lobby::server::handler: transaction submission accepted execution_id=6fbefd2f-daec-4d7a-8b6d-053c7697d1b5 from=0x8AfE43fF49EBd5c4B8Cd1497ee77b437dd1711fc chain_id=137
2026-04-05T10:20:08.924741Z  INFO ThreadId(16) pipeline{execution_id=4d6122f5-c2fc-4cbc-b976-77b0e2411100 chain_id=137 from_address=0x8AfE43fF49EBd5c4B8Cd1497ee77b437dd1711fc}: cortex::pipeline: Pipeline started elapsed_ms=0
2026-04-05T10:20:08.924793Z  INFO ThreadId(03) pipeline{execution_id=f25a5c40-a22f-421b-a133-5cf5074e6b52 chain_id=137 from_address=0x8b172F820629b14cEAF859A6e159d1BcD3291Fe1}: cortex::pipeline: Pipeline started elapsed_ms=0
2026-04-05T10:20:08.924845Z  INFO ThreadId(13) pipeline{execution_id=5cef5585-ce0f-4689-bb90-384dc373beff chain_id=42161 from_address=0x8AfE43fF49EBd5c4B8Cd1497ee77b437dd1711fc}: cortex::pipeline: Pipeline started elapsed_ms=0
2026-04-05T10:20:08.924890Z  INFO ThreadId(07) lobby::server::handler: transaction submission accepted execution_id=14f0fb5a-60e7-4db2-922c-b913539c6768 from=0x2EAC739a1e05F4a05a5B8fD93D332c4353E5A7cD chain_id=1
2026-04-05T10:20:08.924934Z  INFO ThreadId(11) pipeline{execution_id=a4cbf7d4-12fa-4efa-8bbc-e84aa46cbd1b chain_id=42161 from_address=0xfea6645D31443cF7Cf96eF1dB7823EB9365f98bf}: cortex::pipeline: Pipeline started elapsed_ms=0
2026-04-05T10:20:08.924960Z  INFO ThreadId(06) pipeline{execution_id=d52439fb-9971-44f6-b16c-09900b4fb608 chain_id=42161 from_address=0x2EAC739a1e05F4a05a5B8fD93D332c4353E5A7cD}: cortex::pipeline: Pipeline started elapsed_ms=0
2026-04-05T10:20:08.924987Z  INFO ThreadId(17) pipeline{execution_id=dfc08f08-cc73-41ce-af26-7a454ea41d22 chain_id=1 from_address=0x8b172F820629b14cEAF859A6e159d1BcD3291Fe1}: cortex::pipeline: Pipeline started elapsed_ms=0
2026-04-05T10:20:08.924998Z  INFO ThreadId(07) pipeline{execution_id=14f0fb5a-60e7-4db2-922c-b913539c6768 chain_id=1 from_address=0x2EAC739a1e05F4a05a5B8fD93D332c4353E5A7cD}: cortex::pipeline: Pipeline started elapsed_ms=0
2026-04-05T10:20:08.925024Z  INFO ThreadId(08) lobby::server::handler: transaction submission accepted execution_id=665657ee-d28c-4a87-99c9-731d9e4380b2 from=0x8b172F820629b14cEAF859A6e159d1BcD3291Fe1 chain_id=1
2026-04-05T10:20:08.925127Z  INFO ThreadId(15) pipeline{execution_id=03bd649c-c0b4-46f3-83ec-27b9dcb82002 chain_id=137 from_address=0x8b172F820629b14cEAF859A6e159d1BcD3291Fe1}: cortex::pipeline: Pipeline started elapsed_ms=0
2026-04-05T10:20:08.925126Z  INFO ThreadId(03) lobby::server::handler: transaction submission accepted execution_id=5743201d-34b7-459d-abe9-1aa271a85eab from=0x8AfE43fF49EBd5c4B8Cd1497ee77b437dd1711fc chain_id=137
2026-04-05T10:20:08.925135Z  INFO ThreadId(04) pipeline{execution_id=6fbefd2f-daec-4d7a-8b6d-053c7697d1b5 chain_id=137 from_address=0x8AfE43fF49EBd5c4B8Cd1497ee77b437dd1711fc}: cortex::pipeline: Pipeline started elapsed_ms=0
2026-04-05T10:20:08.925138Z  INFO ThreadId(06) lobby::server::handler: transaction submission accepted execution_id=fcb4f44b-05d4-4166-8919-b5213bb403b0 from=0x8AfE43fF49EBd5c4B8Cd1497ee77b437dd1711fc chain_id=137
2026-04-05T10:20:08.925152Z  INFO ThreadId(08) pipeline{execution_id=665657ee-d28c-4a87-99c9-731d9e4380b2 chain_id=1 from_address=0x8b172F820629b14cEAF859A6e159d1BcD3291Fe1}: cortex::pipeline: Pipeline started elapsed_ms=0
2026-04-05T10:20:08.925167Z  INFO ThreadId(13) lobby::server::handler: transaction submission accepted execution_id=2c05de49-0684-4937-8f21-f3dcada68e5c from=0xCFA80F1f22b0AD533F7d8e2CcC0A783aa4BCaFF3 chain_id=42161
2026-04-05T10:20:08.925169Z  INFO ThreadId(14) lobby::server::handler: transaction submission accepted execution_id=066fdc12-7f87-45be-a800-5d96952037bd from=0xfea6645D31443cF7Cf96eF1dB7823EB9365f98bf chain_id=137
2026-04-05T10:20:08.925235Z  INFO ThreadId(05) lobby::server::handler: transaction submission accepted execution_id=b02ff932-41ee-4312-ad86-b5930abe859f from=0x8AfE43fF49EBd5c4B8Cd1497ee77b437dd1711fc chain_id=1
2026-04-05T10:20:08.925257Z  INFO ThreadId(06) pipeline{execution_id=fcb4f44b-05d4-4166-8919-b5213bb403b0 chain_id=137 from_address=0x8AfE43fF49EBd5c4B8Cd1497ee77b437dd1711fc}: cortex::pipeline: Pipeline started elapsed_ms=0
2026-04-05T10:20:08.925264Z  INFO ThreadId(13) pipeline{execution_id=2c05de49-0684-4937-8f21-f3dcada68e5c chain_id=42161 from_address=0xCFA80F1f22b0AD533F7d8e2CcC0A783aa4BCaFF3}: cortex::pipeline: Pipeline started elapsed_ms=0
2026-04-05T10:20:08.925267Z  INFO ThreadId(14) pipeline{execution_id=066fdc12-7f87-45be-a800-5d96952037bd chain_id=137 from_address=0xfea6645D31443cF7Cf96eF1dB7823EB9365f98bf}: cortex::pipeline: Pipeline started elapsed_ms=0
2026-04-05T10:20:08.925281Z  INFO ThreadId(15) lobby::server::handler: transaction submission accepted execution_id=c1aa69ca-a2ab-48ef-98b0-1fe040ddf8f5 from=0x8b172F820629b14cEAF859A6e159d1BcD3291Fe1 chain_id=42161
2026-04-05T10:20:08.925285Z  INFO ThreadId(04) lobby::server::handler: transaction submission accepted execution_id=2f8d6a03-1554-4e72-8299-6e59675ec647 from=0x2EAC739a1e05F4a05a5B8fD93D332c4353E5A7cD chain_id=1
2026-04-05T10:20:08.925343Z  INFO ThreadId(14) lobby::server::handler: transaction submission accepted execution_id=1b363e63-1cf8-4011-bc58-d8cbbb55d514 from=0x8AfE43fF49EBd5c4B8Cd1497ee77b437dd1711fc chain_id=1
2026-04-05T10:20:08.925363Z  INFO ThreadId(05) pipeline{execution_id=b02ff932-41ee-4312-ad86-b5930abe859f chain_id=1 from_address=0x8AfE43fF49EBd5c4B8Cd1497ee77b437dd1711fc}: cortex::pipeline: Pipeline started elapsed_ms=0
2026-04-05T10:20:08.925367Z  INFO ThreadId(04) pipeline{execution_id=2f8d6a03-1554-4e72-8299-6e59675ec647 chain_id=1 from_address=0x2EAC739a1e05F4a05a5B8fD93D332c4353E5A7cD}: cortex::pipeline: Pipeline started elapsed_ms=0
2026-04-05T10:20:08.925375Z  INFO ThreadId(06) lobby::server::handler: transaction submission accepted execution_id=02e7449e-c91c-4303-a477-98682ea739b5 from=0xCFA80F1f22b0AD533F7d8e2CcC0A783aa4BCaFF3 chain_id=137
2026-04-05T10:20:08.925379Z  INFO ThreadId(15) pipeline{execution_id=c1aa69ca-a2ab-48ef-98b0-1fe040ddf8f5 chain_id=42161 from_address=0x8b172F820629b14cEAF859A6e159d1BcD3291Fe1}: cortex::pipeline: Pipeline started elapsed_ms=0
2026-04-05T10:20:08.925388Z  INFO ThreadId(11) lobby::server::handler: transaction submission accepted execution_id=321565b2-43b0-4ab8-80f0-19702cf8dd4c from=0xCFA80F1f22b0AD533F7d8e2CcC0A783aa4BCaFF3 chain_id=137
2026-04-05T10:20:08.925428Z  INFO ThreadId(08) lobby::server::handler: transaction submission accepted execution_id=dba36cc6-46d8-4939-bb61-724fe6ad8e59 from=0xCFA80F1f22b0AD533F7d8e2CcC0A783aa4BCaFF3 chain_id=137
2026-04-05T10:20:08.925444Z  INFO ThreadId(14) pipeline{execution_id=1b363e63-1cf8-4011-bc58-d8cbbb55d514 chain_id=1 from_address=0x8AfE43fF49EBd5c4B8Cd1497ee77b437dd1711fc}: cortex::pipeline: Pipeline started elapsed_ms=0
2026-04-05T10:20:08.925471Z  INFO ThreadId(04) lobby::server::handler: transaction submission accepted execution_id=17582e1d-731c-4945-8729-cddaafb6882e from=0xCFA80F1f22b0AD533F7d8e2CcC0A783aa4BCaFF3 chain_id=1
2026-04-05T10:20:08.925474Z  INFO ThreadId(06) pipeline{execution_id=02e7449e-c91c-4303-a477-98682ea739b5 chain_id=137 from_address=0xCFA80F1f22b0AD533F7d8e2CcC0A783aa4BCaFF3}: cortex::pipeline: Pipeline started elapsed_ms=0
2026-04-05T10:20:08.925493Z  INFO ThreadId(11) pipeline{execution_id=321565b2-43b0-4ab8-80f0-19702cf8dd4c chain_id=137 from_address=0xCFA80F1f22b0AD533F7d8e2CcC0A783aa4BCaFF3}: cortex::pipeline: Pipeline started elapsed_ms=0
2026-04-05T10:20:08.925502Z  INFO ThreadId(15) lobby::server::handler: transaction submission accepted execution_id=5dc9877f-6a36-4e78-9f70-b03469d8bbf3 from=0xfea6645D31443cF7Cf96eF1dB7823EB9365f98bf chain_id=1
2026-04-05T10:20:08.925542Z  INFO ThreadId(08) pipeline{execution_id=dba36cc6-46d8-4939-bb61-724fe6ad8e59 chain_id=137 from_address=0xCFA80F1f22b0AD533F7d8e2CcC0A783aa4BCaFF3}: cortex::pipeline: Pipeline started elapsed_ms=0
2026-04-05T10:20:08.925572Z  INFO ThreadId(14) lobby::server::handler: transaction submission accepted execution_id=3413118f-0245-4cbd-a814-aea19f3bbc38 from=0x8b172F820629b14cEAF859A6e159d1BcD3291Fe1 chain_id=137
2026-04-05T10:20:08.925575Z  INFO ThreadId(04) pipeline{execution_id=17582e1d-731c-4945-8729-cddaafb6882e chain_id=1 from_address=0xCFA80F1f22b0AD533F7d8e2CcC0A783aa4BCaFF3}: cortex::pipeline: Pipeline started elapsed_ms=0
2026-04-05T10:20:08.925596Z  INFO ThreadId(15) pipeline{execution_id=5dc9877f-6a36-4e78-9f70-b03469d8bbf3 chain_id=1 from_address=0xfea6645D31443cF7Cf96eF1dB7823EB9365f98bf}: cortex::pipeline: Pipeline started elapsed_ms=0
2026-04-05T10:20:08.925670Z  INFO ThreadId(06) lobby::server::handler: transaction submission accepted execution_id=0dbdc9b5-a60e-43d9-8649-b7ef216d7ee0 from=0x8b172F820629b14cEAF859A6e159d1BcD3291Fe1 chain_id=137
2026-04-05T10:20:08.925678Z  INFO ThreadId(14) pipeline{execution_id=3413118f-0245-4cbd-a814-aea19f3bbc38 chain_id=137 from_address=0x8b172F820629b14cEAF859A6e159d1BcD3291Fe1}: cortex::pipeline: Pipeline started elapsed_ms=0
2026-04-05T10:20:08.925692Z  INFO ThreadId(15) lobby::server::handler: transaction submission accepted execution_id=76cf31a6-c066-4134-9517-6251fabd1451 from=0x2EAC739a1e05F4a05a5B8fD93D332c4353E5A7cD chain_id=137
2026-04-05T10:20:08.925805Z  INFO ThreadId(15) pipeline{execution_id=76cf31a6-c066-4134-9517-6251fabd1451 chain_id=137 from_address=0x2EAC739a1e05F4a05a5B8fD93D332c4353E5A7cD}: cortex::pipeline: Pipeline started elapsed_ms=0
2026-04-05T10:20:08.925805Z  INFO ThreadId(06) pipeline{execution_id=0dbdc9b5-a60e-43d9-8649-b7ef216d7ee0 chain_id=137 from_address=0x8b172F820629b14cEAF859A6e159d1BcD3291Fe1}: cortex::pipeline: Pipeline started elapsed_ms=0
2026-04-05T10:20:08.925812Z  INFO ThreadId(03) pipeline{execution_id=5743201d-34b7-459d-abe9-1aa271a85eab chain_id=137 from_address=0x8AfE43fF49EBd5c4B8Cd1497ee77b437dd1711fc}: cortex::pipeline: Pipeline started elapsed_ms=0
2026-04-05T10:20:08.925918Z  INFO ThreadId(03) lobby::server::handler: transaction submission accepted execution_id=58abf875-b0b0-449d-bc37-8a3d1ed31df6 from=0x8AfE43fF49EBd5c4B8Cd1497ee77b437dd1711fc chain_id=137
2026-04-05T10:20:08.925929Z  INFO ThreadId(18) pipeline{execution_id=1e1cce8b-5b08-4674-8f14-6b08985e6fab chain_id=42161 from_address=0x8b172F820629b14cEAF859A6e159d1BcD3291Fe1}: cortex::pipeline: Pipeline started elapsed_ms=0
2026-04-05T10:20:08.925970Z  INFO ThreadId(14) lobby::server::handler: transaction submission accepted execution_id=1f07c102-4270-4127-be35-0a576d3d8930 from=0x2EAC739a1e05F4a05a5B8fD93D332c4353E5A7cD chain_id=137
2026-04-05T10:20:08.925974Z  INFO ThreadId(04) lobby::server::handler: transaction submission accepted execution_id=655ae584-173b-4123-9c92-d4e7f34d281d from=0x2EAC739a1e05F4a05a5B8fD93D332c4353E5A7cD chain_id=1
2026-04-05T10:20:08.925978Z  INFO ThreadId(12) lobby::server::handler: transaction submission accepted execution_id=0dd545d4-50c7-4c4e-9fde-4431c3fa0f2c from=0x8AfE43fF49EBd5c4B8Cd1497ee77b437dd1711fc chain_id=1
2026-04-05T10:20:08.925979Z  INFO ThreadId(10) lobby::server::handler: transaction submission accepted execution_id=9af369d2-2dfd-4f51-8d74-a75abc82f035 from=0x8b172F820629b14cEAF859A6e159d1BcD3291Fe1 chain_id=1
2026-04-05T10:20:08.926018Z  INFO ThreadId(06) lobby::server::handler: transaction submission accepted execution_id=4e541172-1569-4534-9be2-5f6decb8b3c6 from=0x8AfE43fF49EBd5c4B8Cd1497ee77b437dd1711fc chain_id=137
2026-04-05T10:20:08.926021Z  INFO ThreadId(03) pipeline{execution_id=58abf875-b0b0-449d-bc37-8a3d1ed31df6 chain_id=137 from_address=0x8AfE43fF49EBd5c4B8Cd1497ee77b437dd1711fc}: cortex::pipeline: Pipeline started elapsed_ms=0
2026-04-05T10:20:08.926068Z  INFO ThreadId(14) pipeline{execution_id=1f07c102-4270-4127-be35-0a576d3d8930 chain_id=137 from_address=0x2EAC739a1e05F4a05a5B8fD93D332c4353E5A7cD}: cortex::pipeline: Pipeline started elapsed_ms=0
2026-04-05T10:20:08.926083Z  INFO ThreadId(18) lobby::server::handler: transaction submission accepted execution_id=1a82e6cc-85fa-4ea1-9445-1da96a01d3ca from=0xfea6645D31443cF7Cf96eF1dB7823EB9365f98bf chain_id=137
2026-04-05T10:20:08.926086Z  INFO ThreadId(04) pipeline{execution_id=655ae584-173b-4123-9c92-d4e7f34d281d chain_id=1 from_address=0x2EAC739a1e05F4a05a5B8fD93D332c4353E5A7cD}: cortex::pipeline: Pipeline started elapsed_ms=0
2026-04-05T10:20:08.926111Z  INFO ThreadId(12) pipeline{execution_id=0dd545d4-50c7-4c4e-9fde-4431c3fa0f2c chain_id=1 from_address=0x8AfE43fF49EBd5c4B8Cd1497ee77b437dd1711fc}: cortex::pipeline: Pipeline started elapsed_ms=0
2026-04-05T10:20:08.926124Z  INFO ThreadId(16) lobby::server::handler: transaction submission accepted execution_id=0792ea5e-6f53-4835-9b40-92a409cdaf49 from=0xfea6645D31443cF7Cf96eF1dB7823EB9365f98bf chain_id=1
2026-04-05T10:20:08.926308Z  INFO ThreadId(05) lobby::server::handler: transaction submission accepted execution_id=c9687832-9875-40a7-b665-b0a0ec19c822 from=0x8b172F820629b14cEAF859A6e159d1BcD3291Fe1 chain_id=1
2026-04-05T10:20:08.926319Z  INFO ThreadId(08) lobby::server::handler: transaction submission accepted execution_id=d310145a-7a60-4692-be5c-5411bfea2a47 from=0x8b172F820629b14cEAF859A6e159d1BcD3291Fe1 chain_id=1
2026-04-05T10:20:08.926319Z  INFO ThreadId(13) lobby::server::handler: transaction submission accepted execution_id=154284a9-2202-45f5-8d72-ada2163ca3a1 from=0x8b172F820629b14cEAF859A6e159d1BcD3291Fe1 chain_id=137
2026-04-05T10:20:08.926324Z  INFO ThreadId(09) lobby::server::handler: transaction submission accepted execution_id=9e6878d1-11c6-4834-b693-a5cb80e6c397 from=0xCFA80F1f22b0AD533F7d8e2CcC0A783aa4BCaFF3 chain_id=1
2026-04-05T10:20:08.926421Z  INFO ThreadId(15) lobby::server::handler: transaction submission accepted execution_id=d959c13d-9903-4a2c-92e8-af0e97210002 from=0xfea6645D31443cF7Cf96eF1dB7823EB9365f98bf chain_id=42161
2026-04-05T10:20:08.926459Z  INFO ThreadId(11) lobby::server::handler: transaction submission accepted execution_id=164968d3-f47c-4b09-8331-a5c2f9a61769 from=0xCFA80F1f22b0AD533F7d8e2CcC0A783aa4BCaFF3 chain_id=42161
2026-04-05T10:20:08.926700Z  INFO ThreadId(06) pipeline{execution_id=4e541172-1569-4534-9be2-5f6decb8b3c6 chain_id=137 from_address=0x8AfE43fF49EBd5c4B8Cd1497ee77b437dd1711fc}: cortex::pipeline: Pipeline started elapsed_ms=0
2026-04-05T10:20:08.926720Z  INFO ThreadId(10) pipeline{execution_id=9af369d2-2dfd-4f51-8d74-a75abc82f035 chain_id=1 from_address=0x8b172F820629b14cEAF859A6e159d1BcD3291Fe1}: cortex::pipeline: Pipeline started elapsed_ms=0
2026-04-05T10:20:08.926798Z  INFO ThreadId(14) lobby::server::handler: transaction submission accepted execution_id=bc7a8f4a-212b-4bed-9c09-5bd81a37ef4d from=0xfea6645D31443cF7Cf96eF1dB7823EB9365f98bf chain_id=1
2026-04-05T10:20:08.926803Z  INFO ThreadId(03) lobby::server::handler: transaction submission accepted execution_id=e6212d9d-c6fa-4f79-b1c9-f316fbe87ad8 from=0xCFA80F1f22b0AD533F7d8e2CcC0A783aa4BCaFF3 chain_id=1
2026-04-05T10:20:08.926815Z  INFO ThreadId(18) pipeline{execution_id=1a82e6cc-85fa-4ea1-9445-1da96a01d3ca chain_id=137 from_address=0xfea6645D31443cF7Cf96eF1dB7823EB9365f98bf}: cortex::pipeline: Pipeline started elapsed_ms=0
2026-04-05T10:20:08.926874Z  INFO ThreadId(04) lobby::server::handler: transaction submission accepted execution_id=f763f9fc-2a14-430e-8452-95e070b514e2 from=0x2EAC739a1e05F4a05a5B8fD93D332c4353E5A7cD chain_id=1
2026-04-05T10:20:08.926886Z  INFO ThreadId(06) lobby::server::handler: transaction submission accepted execution_id=b579b270-17e6-443f-b362-c7a1ac31c940 from=0xfea6645D31443cF7Cf96eF1dB7823EB9365f98bf chain_id=42161
2026-04-05T10:20:08.926914Z  INFO ThreadId(05) pipeline{execution_id=c9687832-9875-40a7-b665-b0a0ec19c822 chain_id=1 from_address=0x8b172F820629b14cEAF859A6e159d1BcD3291Fe1}: cortex::pipeline: Pipeline started elapsed_ms=0
2026-04-05T10:20:08.926926Z  INFO ThreadId(14) pipeline{execution_id=bc7a8f4a-212b-4bed-9c09-5bd81a37ef4d chain_id=1 from_address=0xfea6645D31443cF7Cf96eF1dB7823EB9365f98bf}: cortex::pipeline: Pipeline started elapsed_ms=0
2026-04-05T10:20:08.926955Z  INFO ThreadId(12) lobby::server::handler: transaction submission accepted execution_id=dbec1a8d-30f1-4cdf-9bd7-f80c0518db7a from=0x8AfE43fF49EBd5c4B8Cd1497ee77b437dd1711fc chain_id=1
2026-04-05T10:20:08.926959Z  INFO ThreadId(03) pipeline{execution_id=e6212d9d-c6fa-4f79-b1c9-f316fbe87ad8 chain_id=1 from_address=0xCFA80F1f22b0AD533F7d8e2CcC0A783aa4BCaFF3}: cortex::pipeline: Pipeline started elapsed_ms=0
2026-04-05T10:20:08.926976Z  INFO ThreadId(07) lobby::server::handler: transaction submission accepted execution_id=4ef13aa6-15b0-4c0c-b3d0-7940ce0e553f from=0xfea6645D31443cF7Cf96eF1dB7823EB9365f98bf chain_id=137
2026-04-05T10:20:08.926992Z  INFO ThreadId(09) pipeline{execution_id=9e6878d1-11c6-4834-b693-a5cb80e6c397 chain_id=1 from_address=0xCFA80F1f22b0AD533F7d8e2CcC0A783aa4BCaFF3}: cortex::pipeline: Pipeline started elapsed_ms=0
2026-04-05T10:20:08.926991Z  INFO ThreadId(13) pipeline{execution_id=154284a9-2202-45f5-8d72-ada2163ca3a1 chain_id=137 from_address=0x8b172F820629b14cEAF859A6e159d1BcD3291Fe1}: cortex::pipeline: Pipeline started elapsed_ms=0
2026-04-05T10:20:08.927005Z  INFO ThreadId(04) pipeline{execution_id=f763f9fc-2a14-430e-8452-95e070b514e2 chain_id=1 from_address=0x2EAC739a1e05F4a05a5B8fD93D332c4353E5A7cD}: cortex::pipeline: Pipeline started elapsed_ms=0
2026-04-05T10:20:08.927024Z  INFO ThreadId(11) pipeline{execution_id=164968d3-f47c-4b09-8331-a5c2f9a61769 chain_id=42161 from_address=0xCFA80F1f22b0AD533F7d8e2CcC0A783aa4BCaFF3}: cortex::pipeline: Pipeline started elapsed_ms=0
2026-04-05T10:20:08.927027Z  INFO ThreadId(15) pipeline{execution_id=d959c13d-9903-4a2c-92e8-af0e97210002 chain_id=42161 from_address=0xfea6645D31443cF7Cf96eF1dB7823EB9365f98bf}: cortex::pipeline: Pipeline started elapsed_ms=0
2026-04-05T10:20:08.927034Z  INFO ThreadId(17) lobby::server::handler: transaction submission accepted execution_id=ebc034b5-56c8-4b9e-9f44-ba8fa391a959 from=0x8b172F820629b14cEAF859A6e159d1BcD3291Fe1 chain_id=1
2026-04-05T10:20:08.927075Z  INFO ThreadId(12) pipeline{execution_id=dbec1a8d-30f1-4cdf-9bd7-f80c0518db7a chain_id=1 from_address=0x8AfE43fF49EBd5c4B8Cd1497ee77b437dd1711fc}: cortex::pipeline: Pipeline started elapsed_ms=0
2026-04-05T10:20:08.927088Z  INFO ThreadId(09) lobby::server::handler: transaction submission accepted execution_id=9ab09f87-541b-4ff7-93e6-de7cd380b909 from=0xfea6645D31443cF7Cf96eF1dB7823EB9365f98bf chain_id=42161
2026-04-05T10:20:08.927094Z  INFO ThreadId(07) pipeline{execution_id=4ef13aa6-15b0-4c0c-b3d0-7940ce0e553f chain_id=137 from_address=0xfea6645D31443cF7Cf96eF1dB7823EB9365f98bf}: cortex::pipeline: Pipeline started elapsed_ms=0
2026-04-05T10:20:08.927117Z  INFO ThreadId(11) lobby::server::handler: transaction submission accepted execution_id=8d72191c-73d9-452d-9555-d29902d3b9fd from=0x2EAC739a1e05F4a05a5B8fD93D332c4353E5A7cD chain_id=137
2026-04-05T10:20:08.927130Z  INFO ThreadId(03) lobby::server::handler: transaction submission accepted execution_id=06b97287-2f29-4982-a94e-3678c173b60a from=0xCFA80F1f22b0AD533F7d8e2CcC0A783aa4BCaFF3 chain_id=42161
2026-04-05T10:20:08.927157Z  INFO ThreadId(16) pipeline{execution_id=0792ea5e-6f53-4835-9b40-92a409cdaf49 chain_id=1 from_address=0xfea6645D31443cF7Cf96eF1dB7823EB9365f98bf}: cortex::pipeline: Pipeline started elapsed_ms=0
2026-04-05T10:20:08.927166Z  INFO ThreadId(17) pipeline{execution_id=ebc034b5-56c8-4b9e-9f44-ba8fa391a959 chain_id=1 from_address=0x8b172F820629b14cEAF859A6e159d1BcD3291Fe1}: cortex::pipeline: Pipeline started elapsed_ms=0
2026-04-05T10:20:08.927172Z  INFO ThreadId(09) pipeline{execution_id=9ab09f87-541b-4ff7-93e6-de7cd380b909 chain_id=42161 from_address=0xfea6645D31443cF7Cf96eF1dB7823EB9365f98bf}: cortex::pipeline: Pipeline started elapsed_ms=0
2026-04-05T10:20:08.927172Z  INFO ThreadId(08) pipeline{execution_id=d310145a-7a60-4692-be5c-5411bfea2a47 chain_id=1 from_address=0x8b172F820629b14cEAF859A6e159d1BcD3291Fe1}: cortex::pipeline: Pipeline started elapsed_ms=0
2026-04-05T10:20:08.927201Z  INFO ThreadId(11) pipeline{execution_id=8d72191c-73d9-452d-9555-d29902d3b9fd chain_id=137 from_address=0x2EAC739a1e05F4a05a5B8fD93D332c4353E5A7cD}: cortex::pipeline: Pipeline started elapsed_ms=0
2026-04-05T10:20:08.927208Z  INFO ThreadId(12) lobby::server::handler: transaction submission accepted execution_id=a96623a3-e306-4eb8-a39a-58e5da078a40 from=0xCFA80F1f22b0AD533F7d8e2CcC0A783aa4BCaFF3 chain_id=1
2026-04-05T10:20:08.927210Z  INFO ThreadId(07) lobby::server::handler: transaction submission accepted execution_id=0ee6c55c-c398-4052-ba6e-0dcf139a0b58 from=0x8b172F820629b14cEAF859A6e159d1BcD3291Fe1 chain_id=42161
2026-04-05T10:20:08.927236Z  INFO ThreadId(03) pipeline{execution_id=06b97287-2f29-4982-a94e-3678c173b60a chain_id=42161 from_address=0xCFA80F1f22b0AD533F7d8e2CcC0A783aa4BCaFF3}: cortex::pipeline: Pipeline started elapsed_ms=0
2026-04-05T10:20:08.927313Z  INFO ThreadId(12) pipeline{execution_id=a96623a3-e306-4eb8-a39a-58e5da078a40 chain_id=1 from_address=0xCFA80F1f22b0AD533F7d8e2CcC0A783aa4BCaFF3}: cortex::pipeline: Pipeline started elapsed_ms=0
2026-04-05T10:20:08.927316Z  INFO ThreadId(16) lobby::server::handler: transaction submission accepted execution_id=82a0dbd5-d4d9-4986-8c93-46f2b3ca0a93 from=0x8AfE43fF49EBd5c4B8Cd1497ee77b437dd1711fc chain_id=1
2026-04-05T10:20:08.927353Z  INFO ThreadId(03) lobby::server::handler: transaction submission accepted execution_id=7653d9b5-80e6-4bdf-ae3e-a1b2f91deb9e from=0x2EAC739a1e05F4a05a5B8fD93D332c4353E5A7cD chain_id=1
2026-04-05T10:20:08.927391Z  INFO ThreadId(09) lobby::server::handler: transaction submission accepted execution_id=93fa132d-f9be-4390-90e4-e46257f90689 from=0x2EAC739a1e05F4a05a5B8fD93D332c4353E5A7cD chain_id=137
2026-04-05T10:20:08.927424Z  INFO ThreadId(04) lobby::server::handler: transaction submission accepted execution_id=a7a43b0d-cd50-4a58-9088-660677003b20 from=0x8AfE43fF49EBd5c4B8Cd1497ee77b437dd1711fc chain_id=137
2026-04-05T10:20:08.927448Z  INFO ThreadId(07) pipeline{execution_id=0ee6c55c-c398-4052-ba6e-0dcf139a0b58 chain_id=42161 from_address=0x8b172F820629b14cEAF859A6e159d1BcD3291Fe1}: cortex::pipeline: Pipeline started elapsed_ms=0
2026-04-05T10:20:08.927451Z  INFO ThreadId(10) lobby::server::handler: transaction submission accepted execution_id=3dea6fd9-7d27-45ca-b8e3-5c9a8668a4f0 from=0xfea6645D31443cF7Cf96eF1dB7823EB9365f98bf chain_id=42161
2026-04-05T10:20:08.927536Z  INFO ThreadId(17) lobby::server::handler: transaction submission accepted execution_id=dfc6775c-5b40-4da6-b494-8d3a0a520e32 from=0x8b172F820629b14cEAF859A6e159d1BcD3291Fe1 chain_id=137
2026-04-05T10:20:08.927547Z  INFO ThreadId(14) lobby::server::handler: transaction submission accepted execution_id=ab5824fe-cd47-460d-92d9-2397c41c8607 from=0xCFA80F1f22b0AD533F7d8e2CcC0A783aa4BCaFF3 chain_id=1
2026-04-05T10:20:08.927596Z  INFO ThreadId(13) lobby::server::handler: transaction submission accepted execution_id=c920ba19-d1f0-450b-90ca-fcdd2510ecf0 from=0x2EAC739a1e05F4a05a5B8fD93D332c4353E5A7cD chain_id=1
2026-04-05T10:20:08.927617Z  INFO ThreadId(12) lobby::server::handler: transaction submission accepted execution_id=d072d71f-18d7-4a33-8c7a-c4dca51defc0 from=0x8b172F820629b14cEAF859A6e159d1BcD3291Fe1 chain_id=42161
2026-04-05T10:20:08.927641Z  INFO ThreadId(06) pipeline{execution_id=b579b270-17e6-443f-b362-c7a1ac31c940 chain_id=42161 from_address=0xfea6645D31443cF7Cf96eF1dB7823EB9365f98bf}: cortex::pipeline: Pipeline started elapsed_ms=0
2026-04-05T10:20:08.927647Z  INFO ThreadId(05) lobby::server::handler: transaction submission accepted execution_id=5e53513a-3868-49c5-9b30-4bb580540231 from=0x8AfE43fF49EBd5c4B8Cd1497ee77b437dd1711fc chain_id=42161
2026-04-05T10:20:08.927662Z  INFO ThreadId(14) pipeline{execution_id=ab5824fe-cd47-460d-92d9-2397c41c8607 chain_id=1 from_address=0xCFA80F1f22b0AD533F7d8e2CcC0A783aa4BCaFF3}: cortex::pipeline: Pipeline started elapsed_ms=0
2026-04-05T10:20:08.927667Z  INFO ThreadId(17) pipeline{execution_id=dfc6775c-5b40-4da6-b494-8d3a0a520e32 chain_id=137 from_address=0x8b172F820629b14cEAF859A6e159d1BcD3291Fe1}: cortex::pipeline: Pipeline started elapsed_ms=0
2026-04-05T10:20:08.927684Z  INFO ThreadId(08) lobby::server::handler: transaction submission accepted execution_id=282a929c-8ccf-4405-8645-58471eece0a6 from=0x2EAC739a1e05F4a05a5B8fD93D332c4353E5A7cD chain_id=42161
2026-04-05T10:20:08.927757Z  INFO ThreadId(12) pipeline{execution_id=d072d71f-18d7-4a33-8c7a-c4dca51defc0 chain_id=42161 from_address=0x8b172F820629b14cEAF859A6e159d1BcD3291Fe1}: cortex::pipeline: Pipeline started elapsed_ms=0
2026-04-05T10:20:08.927805Z  INFO ThreadId(17) lobby::server::handler: transaction submission accepted execution_id=39d6cefe-42c9-4bdc-9e77-36a8f5c7e07f from=0x2EAC739a1e05F4a05a5B8fD93D332c4353E5A7cD chain_id=42161
2026-04-05T10:20:08.927816Z  INFO ThreadId(03) pipeline{execution_id=7653d9b5-80e6-4bdf-ae3e-a1b2f91deb9e chain_id=1 from_address=0x2EAC739a1e05F4a05a5B8fD93D332c4353E5A7cD}: cortex::pipeline: Pipeline started elapsed_ms=0
2026-04-05T10:20:08.927828Z  INFO ThreadId(08) pipeline{execution_id=282a929c-8ccf-4405-8645-58471eece0a6 chain_id=42161 from_address=0x2EAC739a1e05F4a05a5B8fD93D332c4353E5A7cD}: cortex::pipeline: Pipeline started elapsed_ms=0
2026-04-05T10:20:08.927834Z  INFO ThreadId(06) lobby::server::handler: transaction submission accepted execution_id=25a6ee3d-d883-493f-a9b5-04f3e5a6c807 from=0x8b172F820629b14cEAF859A6e159d1BcD3291Fe1 chain_id=137
2026-04-05T10:20:08.927838Z  INFO ThreadId(09) pipeline{execution_id=93fa132d-f9be-4390-90e4-e46257f90689 chain_id=137 from_address=0x2EAC739a1e05F4a05a5B8fD93D332c4353E5A7cD}: cortex::pipeline: Pipeline started elapsed_ms=0
2026-04-05T10:20:08.927882Z  INFO ThreadId(04) pipeline{execution_id=a7a43b0d-cd50-4a58-9088-660677003b20 chain_id=137 from_address=0x8AfE43fF49EBd5c4B8Cd1497ee77b437dd1711fc}: cortex::pipeline: Pipeline started elapsed_ms=0
2026-04-05T10:20:08.927900Z  INFO ThreadId(11) lobby::server::handler: transaction submission accepted execution_id=7b03a4f0-b562-4a77-a1bc-bc436a014f57 from=0xfea6645D31443cF7Cf96eF1dB7823EB9365f98bf chain_id=42161
2026-04-05T10:20:08.927913Z  INFO ThreadId(17) pipeline{execution_id=39d6cefe-42c9-4bdc-9e77-36a8f5c7e07f chain_id=42161 from_address=0x2EAC739a1e05F4a05a5B8fD93D332c4353E5A7cD}: cortex::pipeline: Pipeline started elapsed_ms=0
2026-04-05T10:20:08.927948Z  INFO ThreadId(12) lobby::server::handler: transaction submission accepted execution_id=92407400-4475-4065-a0a9-beb14206ffc0 from=0xCFA80F1f22b0AD533F7d8e2CcC0A783aa4BCaFF3 chain_id=137
2026-04-05T10:20:08.928046Z  INFO ThreadId(13) pipeline{execution_id=c920ba19-d1f0-450b-90ca-fcdd2510ecf0 chain_id=1 from_address=0x2EAC739a1e05F4a05a5B8fD93D332c4353E5A7cD}: cortex::pipeline: Pipeline started elapsed_ms=0
2026-04-05T10:20:08.928105Z  INFO ThreadId(14) lobby::server::handler: transaction submission accepted execution_id=24437c2f-847e-4c51-aafa-df86aa138c18 from=0x2EAC739a1e05F4a05a5B8fD93D332c4353E5A7cD chain_id=137
2026-04-05T10:20:08.928248Z  INFO ThreadId(03) lobby::server::handler: transaction submission accepted execution_id=2cc3200d-f741-4a2c-b3f1-7ab1514ce6a0 from=0x8b172F820629b14cEAF859A6e159d1BcD3291Fe1 chain_id=42161
2026-04-05T10:20:08.928252Z  INFO ThreadId(16) pipeline{execution_id=82a0dbd5-d4d9-4986-8c93-46f2b3ca0a93 chain_id=1 from_address=0x8AfE43fF49EBd5c4B8Cd1497ee77b437dd1711fc}: cortex::pipeline: Pipeline started elapsed_ms=0
2026-04-05T10:20:08.928283Z  INFO ThreadId(10) pipeline{execution_id=3dea6fd9-7d27-45ca-b8e3-5c9a8668a4f0 chain_id=42161 from_address=0xfea6645D31443cF7Cf96eF1dB7823EB9365f98bf}: cortex::pipeline: Pipeline started elapsed_ms=0
2026-04-05T10:20:08.928296Z  INFO ThreadId(06) pipeline{execution_id=25a6ee3d-d883-493f-a9b5-04f3e5a6c807 chain_id=137 from_address=0x8b172F820629b14cEAF859A6e159d1BcD3291Fe1}: cortex::pipeline: Pipeline started elapsed_ms=0
2026-04-05T10:20:08.928344Z  INFO ThreadId(18) lobby::server::handler: transaction submission accepted execution_id=4e756acb-4e60-4fb5-9d4d-57eb99ee1035 from=0xfea6645D31443cF7Cf96eF1dB7823EB9365f98bf chain_id=42161
2026-04-05T10:20:08.928375Z  INFO ThreadId(03) pipeline{execution_id=2cc3200d-f741-4a2c-b3f1-7ab1514ce6a0 chain_id=42161 from_address=0x8b172F820629b14cEAF859A6e159d1BcD3291Fe1}: cortex::pipeline: Pipeline started elapsed_ms=0
2026-04-05T10:20:08.928412Z  INFO ThreadId(11) pipeline{execution_id=7b03a4f0-b562-4a77-a1bc-bc436a014f57 chain_id=42161 from_address=0xfea6645D31443cF7Cf96eF1dB7823EB9365f98bf}: cortex::pipeline: Pipeline started elapsed_ms=0
2026-04-05T10:20:08.928463Z  INFO ThreadId(18) pipeline{execution_id=4e756acb-4e60-4fb5-9d4d-57eb99ee1035 chain_id=42161 from_address=0xfea6645D31443cF7Cf96eF1dB7823EB9365f98bf}: cortex::pipeline: Pipeline started elapsed_ms=0
2026-04-05T10:20:08.928465Z  INFO ThreadId(12) pipeline{execution_id=92407400-4475-4065-a0a9-beb14206ffc0 chain_id=137 from_address=0xCFA80F1f22b0AD533F7d8e2CcC0A783aa4BCaFF3}: cortex::pipeline: Pipeline started elapsed_ms=0
2026-04-05T10:20:08.928541Z  INFO ThreadId(03) lobby::server::handler: transaction submission accepted execution_id=3191bd7e-b13e-4d36-a9c2-779b6cb5da85 from=0x2EAC739a1e05F4a05a5B8fD93D332c4353E5A7cD chain_id=1
2026-04-05T10:20:08.928550Z  INFO ThreadId(14) pipeline{execution_id=24437c2f-847e-4c51-aafa-df86aa138c18 chain_id=137 from_address=0x2EAC739a1e05F4a05a5B8fD93D332c4353E5A7cD}: cortex::pipeline: Pipeline started elapsed_ms=0
2026-04-05T10:20:08.928547Z  INFO ThreadId(13) lobby::server::handler: transaction submission accepted execution_id=d4b734c2-5b26-46d8-ae71-91aadc2a12c1 from=0xfea6645D31443cF7Cf96eF1dB7823EB9365f98bf chain_id=137
2026-04-05T10:20:08.928563Z  INFO ThreadId(15) lobby::server::handler: transaction submission accepted execution_id=9f525de0-7706-4256-aa30-280970ab8302 from=0x8AfE43fF49EBd5c4B8Cd1497ee77b437dd1711fc chain_id=137
2026-04-05T10:20:08.928585Z  INFO ThreadId(05) pipeline{execution_id=5e53513a-3868-49c5-9b30-4bb580540231 chain_id=42161 from_address=0x8AfE43fF49EBd5c4B8Cd1497ee77b437dd1711fc}: cortex::pipeline: Pipeline started elapsed_ms=0
2026-04-05T10:20:08.928662Z  INFO ThreadId(03) pipeline{execution_id=3191bd7e-b13e-4d36-a9c2-779b6cb5da85 chain_id=1 from_address=0x2EAC739a1e05F4a05a5B8fD93D332c4353E5A7cD}: cortex::pipeline: Pipeline started elapsed_ms=0
2026-04-05T10:20:08.928667Z  INFO ThreadId(13) pipeline{execution_id=d4b734c2-5b26-46d8-ae71-91aadc2a12c1 chain_id=137 from_address=0xfea6645D31443cF7Cf96eF1dB7823EB9365f98bf}: cortex::pipeline: Pipeline started elapsed_ms=0
2026-04-05T10:20:08.928685Z  INFO ThreadId(15) pipeline{execution_id=9f525de0-7706-4256-aa30-280970ab8302 chain_id=137 from_address=0x8AfE43fF49EBd5c4B8Cd1497ee77b437dd1711fc}: cortex::pipeline: Pipeline started elapsed_ms=0
2026-04-05T10:20:08.928814Z  INFO ThreadId(10) lobby::server::handler: transaction submission accepted execution_id=19a2e140-9238-454c-bfe8-127cc30a1024 from=0x8AfE43fF49EBd5c4B8Cd1497ee77b437dd1711fc chain_id=42161
2026-04-05T10:20:08.928857Z  INFO ThreadId(17) lobby::server::handler: transaction submission accepted execution_id=891e21eb-b710-4f4c-8dc9-5abb84f82e75 from=0xfea6645D31443cF7Cf96eF1dB7823EB9365f98bf chain_id=137
2026-04-05T10:20:08.928864Z  INFO ThreadId(13) lobby::server::handler: transaction submission accepted execution_id=f3121ea2-356a-4824-b765-75ff267e9c31 from=0xfea6645D31443cF7Cf96eF1dB7823EB9365f98bf chain_id=1
2026-04-05T10:20:08.928879Z  INFO ThreadId(18) lobby::server::handler: transaction submission accepted execution_id=7d5552bf-cd16-44bd-8309-7454dbdb141c from=0x8AfE43fF49EBd5c4B8Cd1497ee77b437dd1711fc chain_id=1
2026-04-05T10:20:08.928904Z  INFO ThreadId(14) lobby::server::handler: transaction submission accepted execution_id=600f2edc-e208-48e5-82a4-49488b62cbc2 from=0x2EAC739a1e05F4a05a5B8fD93D332c4353E5A7cD chain_id=137
2026-04-05T10:20:08.928944Z  INFO ThreadId(10) pipeline{execution_id=19a2e140-9238-454c-bfe8-127cc30a1024 chain_id=42161 from_address=0x8AfE43fF49EBd5c4B8Cd1497ee77b437dd1711fc}: cortex::pipeline: Pipeline started elapsed_ms=0
2026-04-05T10:20:08.929000Z  INFO ThreadId(14) pipeline{execution_id=600f2edc-e208-48e5-82a4-49488b62cbc2 chain_id=137 from_address=0x2EAC739a1e05F4a05a5B8fD93D332c4353E5A7cD}: cortex::pipeline: Pipeline started elapsed_ms=0
2026-04-05T10:20:08.928999Z  INFO ThreadId(17) pipeline{execution_id=891e21eb-b710-4f4c-8dc9-5abb84f82e75 chain_id=137 from_address=0xfea6645D31443cF7Cf96eF1dB7823EB9365f98bf}: cortex::pipeline: Pipeline started elapsed_ms=0
2026-04-05T10:20:08.929021Z  INFO ThreadId(13) pipeline{execution_id=f3121ea2-356a-4824-b765-75ff267e9c31 chain_id=1 from_address=0xfea6645D31443cF7Cf96eF1dB7823EB9365f98bf}: cortex::pipeline: Pipeline started elapsed_ms=0
2026-04-05T10:20:08.929034Z  INFO ThreadId(12) lobby::server::handler: transaction submission accepted execution_id=5fdfa384-3f5b-4dad-bcd3-424b3044b19f from=0x2EAC739a1e05F4a05a5B8fD93D332c4353E5A7cD chain_id=137
2026-04-05T10:20:08.929060Z  INFO ThreadId(04) lobby::server::handler: transaction submission accepted execution_id=1a0baac2-67ca-4e29-bcbd-29b6269cd0c0 from=0xCFA80F1f22b0AD533F7d8e2CcC0A783aa4BCaFF3 chain_id=1
2026-04-05T10:20:08.929064Z  INFO ThreadId(08) lobby::server::handler: transaction submission accepted execution_id=0aafa656-ba8f-4156-bac5-ae510a4a7684 from=0x8b172F820629b14cEAF859A6e159d1BcD3291Fe1 chain_id=42161
2026-04-05T10:20:08.929076Z  INFO ThreadId(14) lobby::server::handler: transaction submission accepted execution_id=9a6dd682-c041-424d-997d-acae158c0cc7 from=0xfea6645D31443cF7Cf96eF1dB7823EB9365f98bf chain_id=42161
2026-04-05T10:20:08.929129Z  INFO ThreadId(17) lobby::server::handler: transaction submission accepted execution_id=e76d718f-2c23-41a9-b035-ba7920dc9a6b from=0x8b172F820629b14cEAF859A6e159d1BcD3291Fe1 chain_id=42161
2026-04-05T10:20:08.929152Z  INFO ThreadId(12) pipeline{execution_id=5fdfa384-3f5b-4dad-bcd3-424b3044b19f chain_id=137 from_address=0x2EAC739a1e05F4a05a5B8fD93D332c4353E5A7cD}: cortex::pipeline: Pipeline started elapsed_ms=0
2026-04-05T10:20:08.929172Z  INFO ThreadId(04) pipeline{execution_id=1a0baac2-67ca-4e29-bcbd-29b6269cd0c0 chain_id=1 from_address=0xCFA80F1f22b0AD533F7d8e2CcC0A783aa4BCaFF3}: cortex::pipeline: Pipeline started elapsed_ms=0
2026-04-05T10:20:08.929170Z  INFO ThreadId(15) lobby::server::handler: transaction submission accepted execution_id=b9419f18-30c7-4fa5-8dc8-70e9752512d9 from=0xfea6645D31443cF7Cf96eF1dB7823EB9365f98bf chain_id=137
2026-04-05T10:20:08.929184Z  INFO ThreadId(14) pipeline{execution_id=9a6dd682-c041-424d-997d-acae158c0cc7 chain_id=42161 from_address=0xfea6645D31443cF7Cf96eF1dB7823EB9365f98bf}: cortex::pipeline: Pipeline started elapsed_ms=0
2026-04-05T10:20:08.929222Z  INFO ThreadId(16) lobby::server::handler: transaction submission accepted execution_id=c75a60bf-6349-41f3-be81-7518a9861efc from=0xCFA80F1f22b0AD533F7d8e2CcC0A783aa4BCaFF3 chain_id=137
2026-04-05T10:20:08.929265Z  INFO ThreadId(08) pipeline{execution_id=0aafa656-ba8f-4156-bac5-ae510a4a7684 chain_id=42161 from_address=0x8b172F820629b14cEAF859A6e159d1BcD3291Fe1}: cortex::pipeline: Pipeline started elapsed_ms=0
2026-04-05T10:20:08.929271Z  INFO ThreadId(10) lobby::server::handler: transaction submission accepted execution_id=919a9ff9-80c3-48b8-8a06-c48ee858c17f from=0x8b172F820629b14cEAF859A6e159d1BcD3291Fe1 chain_id=1
2026-04-05T10:20:08.929277Z  INFO ThreadId(14) lobby::server::handler: transaction submission accepted execution_id=8222a8ef-3739-47aa-a5ff-8fb4224ef067 from=0xCFA80F1f22b0AD533F7d8e2CcC0A783aa4BCaFF3 chain_id=137
2026-04-05T10:20:08.929308Z  INFO ThreadId(09) lobby::server::handler: transaction submission accepted execution_id=985a0a46-58be-4ced-adb3-ae32cb8d3c99 from=0xfea6645D31443cF7Cf96eF1dB7823EB9365f98bf chain_id=42161
2026-04-05T10:20:08.929316Z  INFO ThreadId(15) pipeline{execution_id=b9419f18-30c7-4fa5-8dc8-70e9752512d9 chain_id=137 from_address=0xfea6645D31443cF7Cf96eF1dB7823EB9365f98bf}: cortex::pipeline: Pipeline started elapsed_ms=0
2026-04-05T10:20:08.929359Z  INFO ThreadId(16) pipeline{execution_id=c75a60bf-6349-41f3-be81-7518a9861efc chain_id=137 from_address=0xCFA80F1f22b0AD533F7d8e2CcC0A783aa4BCaFF3}: cortex::pipeline: Pipeline started elapsed_ms=0
2026-04-05T10:20:08.929404Z  INFO ThreadId(11) lobby::server::handler: transaction submission accepted execution_id=f8b66024-02cb-46e0-843d-574e45a44d3b from=0xCFA80F1f22b0AD533F7d8e2CcC0A783aa4BCaFF3 chain_id=137
2026-04-05T10:20:08.929429Z  INFO ThreadId(09) pipeline{execution_id=985a0a46-58be-4ced-adb3-ae32cb8d3c99 chain_id=42161 from_address=0xfea6645D31443cF7Cf96eF1dB7823EB9365f98bf}: cortex::pipeline: Pipeline started elapsed_ms=0
2026-04-05T10:20:08.930054Z  INFO ThreadId(10) pipeline{execution_id=919a9ff9-80c3-48b8-8a06-c48ee858c17f chain_id=1 from_address=0x8b172F820629b14cEAF859A6e159d1BcD3291Fe1}: cortex::pipeline: Pipeline started elapsed_ms=0
2026-04-05T10:20:08.930054Z  INFO ThreadId(14) pipeline{execution_id=8222a8ef-3739-47aa-a5ff-8fb4224ef067 chain_id=137 from_address=0xCFA80F1f22b0AD533F7d8e2CcC0A783aa4BCaFF3}: cortex::pipeline: Pipeline started elapsed_ms=0
2026-04-05T10:20:08.930170Z  INFO ThreadId(11) pipeline{execution_id=f8b66024-02cb-46e0-843d-574e45a44d3b chain_id=137 from_address=0xCFA80F1f22b0AD533F7d8e2CcC0A783aa4BCaFF3}: cortex::pipeline: Pipeline started elapsed_ms=0
2026-04-05T10:20:08.930176Z  INFO ThreadId(18) pipeline{execution_id=7d5552bf-cd16-44bd-8309-7454dbdb141c chain_id=1 from_address=0x8AfE43fF49EBd5c4B8Cd1497ee77b437dd1711fc}: cortex::pipeline: Pipeline started elapsed_ms=0
2026-04-05T10:20:08.930461Z  INFO ThreadId(17) pipeline{execution_id=e76d718f-2c23-41a9-b035-ba7920dc9a6b chain_id=42161 from_address=0x8b172F820629b14cEAF859A6e159d1BcD3291Fe1}: cortex::pipeline: Pipeline started elapsed_ms=0
2026-04-05T10:20:08.930992Z  INFO ThreadId(02) pipeline: 200/200 transactions submitted in 23.908101ms
2026-04-05T10:20:08.947251Z  INFO ThreadId(16) pipeline{execution_id=ddee923e-cebc-4aed-9af1-42d7b0407b22 chain_id=1 from_address=0x8AfE43fF49EBd5c4B8Cd1497ee77b437dd1711fc}: cortex::pipeline: nonce reserved elapsed_ms=34 nonce=0
2026-04-05T10:20:08.947483Z  INFO ThreadId(03) pipeline{execution_id=6b2c8957-164c-434f-9aa8-0c0e0fe60277 chain_id=42161 from_address=0x8b172F820629b14cEAF859A6e159d1BcD3291Fe1}: cortex::pipeline: nonce reserved elapsed_ms=35 nonce=0
2026-04-05T10:20:08.952026Z  INFO ThreadId(15) pipeline{execution_id=0c7a68b8-1279-451b-81c7-cbc2fb07e4d8 chain_id=1 from_address=0xfea6645D31443cF7Cf96eF1dB7823EB9365f98bf}: cortex::pipeline: nonce reserved elapsed_ms=40 nonce=0
2026-04-05T10:20:08.952496Z  INFO ThreadId(15) pipeline{execution_id=ca7291a3-2c43-4157-a081-ebc29ade7e55 chain_id=1 from_address=0xCFA80F1f22b0AD533F7d8e2CcC0A783aa4BCaFF3}: cortex::pipeline: nonce reserved elapsed_ms=39 nonce=0
2026-04-05T10:20:08.952960Z  INFO ThreadId(16) pipeline{execution_id=ac099b73-e5f3-4ce9-8c34-9ae5d8cb6188 chain_id=42161 from_address=0x8AfE43fF49EBd5c4B8Cd1497ee77b437dd1711fc}: cortex::pipeline: nonce reserved elapsed_ms=40 nonce=0
2026-04-05T10:20:08.962274Z  INFO ThreadId(16) pipeline{execution_id=196c3d40-a527-4e0f-a16a-ecce6bf92a7b chain_id=1 from_address=0x8AfE43fF49EBd5c4B8Cd1497ee77b437dd1711fc}: cortex::pipeline: nonce reserved elapsed_ms=48 nonce=1
2026-04-05T10:20:08.962351Z  INFO ThreadId(15) pipeline{execution_id=0d4b0dc9-7518-4a9b-af7f-3473599ecab3 chain_id=137 from_address=0x2EAC739a1e05F4a05a5B8fD93D332c4353E5A7cD}: cortex::pipeline: nonce reserved elapsed_ms=49 nonce=0
2026-04-05T10:20:08.966326Z  INFO ThreadId(03) pipeline{execution_id=b0b72e2b-156d-4e5b-818b-d8dbc294ad65 chain_id=137 from_address=0xfea6645D31443cF7Cf96eF1dB7823EB9365f98bf}: cortex::pipeline: nonce reserved elapsed_ms=53 nonce=0
2026-04-05T10:20:08.971199Z  INFO ThreadId(03) pipeline{execution_id=0c7a68b8-1279-451b-81c7-cbc2fb07e4d8 chain_id=1 from_address=0xfea6645D31443cF7Cf96eF1dB7823EB9365f98bf}: cortex::pipeline: transaction signed elapsed_ms=59
2026-04-05T10:20:08.971440Z  INFO ThreadId(18) pipeline{execution_id=ca7291a3-2c43-4157-a081-ebc29ade7e55 chain_id=1 from_address=0xCFA80F1f22b0AD533F7d8e2CcC0A783aa4BCaFF3}: cortex::pipeline: transaction signed elapsed_ms=58
2026-04-05T10:20:08.974209Z  INFO ThreadId(16) pipeline{execution_id=ddee923e-cebc-4aed-9af1-42d7b0407b22 chain_id=1 from_address=0x8AfE43fF49EBd5c4B8Cd1497ee77b437dd1711fc}: cortex::pipeline: transaction signed elapsed_ms=61
2026-04-05T10:20:08.975244Z  INFO ThreadId(03) pipeline{execution_id=c2d3ed6c-ba1e-40dc-a005-f4de210529e5 chain_id=1 from_address=0x8b172F820629b14cEAF859A6e159d1BcD3291Fe1}: cortex::pipeline: nonce reserved elapsed_ms=62 nonce=0
2026-04-05T10:20:08.976042Z  INFO ThreadId(03) pipeline{execution_id=6d939822-1bc5-4d27-8c76-450cc70f2c5e chain_id=42161 from_address=0xfea6645D31443cF7Cf96eF1dB7823EB9365f98bf}: cortex::pipeline: nonce reserved elapsed_ms=62 nonce=0
2026-04-05T10:20:08.977702Z  INFO ThreadId(13) pipeline{execution_id=6b2c8957-164c-434f-9aa8-0c0e0fe60277 chain_id=42161 from_address=0x8b172F820629b14cEAF859A6e159d1BcD3291Fe1}: cortex::pipeline: transaction signed elapsed_ms=65
2026-04-05T10:20:08.978477Z  INFO ThreadId(16) pipeline{execution_id=f7b6b557-543c-40a6-b3a4-c655f41b627d chain_id=137 from_address=0x8b172F820629b14cEAF859A6e159d1BcD3291Fe1}: cortex::pipeline: nonce reserved elapsed_ms=65 nonce=0
2026-04-05T10:20:08.981544Z  INFO ThreadId(16) pipeline{execution_id=0d4b0dc9-7518-4a9b-af7f-3473599ecab3 chain_id=137 from_address=0x2EAC739a1e05F4a05a5B8fD93D332c4353E5A7cD}: cortex::pipeline: transaction signed elapsed_ms=68
2026-04-05T10:20:08.981618Z  INFO ThreadId(13) pipeline{execution_id=196c3d40-a527-4e0f-a16a-ecce6bf92a7b chain_id=1 from_address=0x8AfE43fF49EBd5c4B8Cd1497ee77b437dd1711fc}: cortex::pipeline: transaction signed elapsed_ms=68
2026-04-05T10:20:08.982277Z  INFO ThreadId(13) pipeline{execution_id=c2d3ed6c-ba1e-40dc-a005-f4de210529e5 chain_id=1 from_address=0x8b172F820629b14cEAF859A6e159d1BcD3291Fe1}: cortex::pipeline: transaction signed elapsed_ms=69
2026-04-05T10:20:08.983236Z  INFO ThreadId(13) pipeline{execution_id=0c7a68b8-1279-451b-81c7-cbc2fb07e4d8 chain_id=1 from_address=0xfea6645D31443cF7Cf96eF1dB7823EB9365f98bf}: cortex::pipeline: transaction broadcasted: elapsed_ms=71 tx_hash=0x171c7213aebe360b2870910ca58449c7cbf624767013af15cbdc61bbd88a7f8d
2026-04-05T10:20:08.983522Z  INFO ThreadId(03) pipeline{execution_id=ac099b73-e5f3-4ce9-8c34-9ae5d8cb6188 chain_id=42161 from_address=0x8AfE43fF49EBd5c4B8Cd1497ee77b437dd1711fc}: cortex::pipeline: transaction signed elapsed_ms=70
2026-04-05T10:20:08.985898Z  INFO ThreadId(15) pipeline{execution_id=f7b6b557-543c-40a6-b3a4-c655f41b627d chain_id=137 from_address=0x8b172F820629b14cEAF859A6e159d1BcD3291Fe1}: cortex::pipeline: transaction signed elapsed_ms=72
2026-04-05T10:20:08.986129Z  INFO ThreadId(13) pipeline{execution_id=b0b72e2b-156d-4e5b-818b-d8dbc294ad65 chain_id=137 from_address=0xfea6645D31443cF7Cf96eF1dB7823EB9365f98bf}: cortex::pipeline: transaction signed elapsed_ms=73
2026-04-05T10:20:08.986156Z  INFO ThreadId(15) pipeline{execution_id=c574a94d-abb4-42f1-8475-51608a3434a5 chain_id=42161 from_address=0x8AfE43fF49EBd5c4B8Cd1497ee77b437dd1711fc}: cortex::pipeline: nonce reserved elapsed_ms=72 nonce=1
2026-04-05T10:20:08.986678Z  INFO ThreadId(03) pipeline{execution_id=6d939822-1bc5-4d27-8c76-450cc70f2c5e chain_id=42161 from_address=0xfea6645D31443cF7Cf96eF1dB7823EB9365f98bf}: cortex::pipeline: transaction signed elapsed_ms=72
2026-04-05T10:20:08.987366Z  INFO ThreadId(03) pipeline{execution_id=4c977347-5c7d-4b3c-9c1a-63dfe63d1683 chain_id=1 from_address=0x8b172F820629b14cEAF859A6e159d1BcD3291Fe1}: cortex::pipeline: nonce reserved elapsed_ms=73 nonce=1
2026-04-05T10:20:08.989493Z  INFO ThreadId(15) pipeline{execution_id=c574a94d-abb4-42f1-8475-51608a3434a5 chain_id=42161 from_address=0x8AfE43fF49EBd5c4B8Cd1497ee77b437dd1711fc}: cortex::pipeline: transaction signed elapsed_ms=75
2026-04-05T10:20:08.989896Z  INFO ThreadId(18) pipeline{execution_id=6b2c8957-164c-434f-9aa8-0c0e0fe60277 chain_id=42161 from_address=0x8b172F820629b14cEAF859A6e159d1BcD3291Fe1}: cortex::pipeline: transaction broadcasted: elapsed_ms=77 tx_hash=0x53ad2ce099467938aa3900d94e8abc689ac3f2387eca79bceb7301352da09710
2026-04-05T10:20:08.990114Z  INFO ThreadId(13) pipeline{execution_id=20b01352-8f26-4374-a531-377b0e174d18 chain_id=42161 from_address=0x8b172F820629b14cEAF859A6e159d1BcD3291Fe1}: cortex::pipeline: nonce reserved elapsed_ms=76 nonce=1
2026-04-05T10:20:08.990349Z  INFO ThreadId(15) pipeline{execution_id=0d4b0dc9-7518-4a9b-af7f-3473599ecab3 chain_id=137 from_address=0x2EAC739a1e05F4a05a5B8fD93D332c4353E5A7cD}: cortex::pipeline: transaction broadcasted: elapsed_ms=77 tx_hash=0xf594edf3d2e01b95fb3bc666eb49f7e2ea32cb5d05b77079f0712d70d89942e4
2026-04-05T10:20:08.991306Z  INFO ThreadId(16) pipeline{execution_id=4c977347-5c7d-4b3c-9c1a-63dfe63d1683 chain_id=1 from_address=0x8b172F820629b14cEAF859A6e159d1BcD3291Fe1}: cortex::pipeline: transaction signed elapsed_ms=77
2026-04-05T10:20:08.991517Z  INFO ThreadId(13) pipeline{execution_id=ca7291a3-2c43-4157-a081-ebc29ade7e55 chain_id=1 from_address=0xCFA80F1f22b0AD533F7d8e2CcC0A783aa4BCaFF3}: cortex::pipeline: transaction broadcasted: elapsed_ms=78 tx_hash=0xd308461462f11658530f7dbb8d4de8d7bb64af49d13bafd6e903ffa6c284d3aa
2026-04-05T10:20:08.996343Z  INFO ThreadId(03) pipeline{execution_id=20b01352-8f26-4374-a531-377b0e174d18 chain_id=42161 from_address=0x8b172F820629b14cEAF859A6e159d1BcD3291Fe1}: cortex::pipeline: transaction signed elapsed_ms=82
2026-04-05T10:20:08.999533Z  INFO ThreadId(14) pipeline{execution_id=6d184ed0-aa17-472a-bc7a-70dbfc725fae chain_id=137 from_address=0x8AfE43fF49EBd5c4B8Cd1497ee77b437dd1711fc}: cortex::pipeline: nonce reserved elapsed_ms=85 nonce=0
2026-04-05T10:20:08.999522Z  INFO ThreadId(09) pipeline{execution_id=f7b6b557-543c-40a6-b3a4-c655f41b627d chain_id=137 from_address=0x8b172F820629b14cEAF859A6e159d1BcD3291Fe1}: cortex::pipeline: transaction broadcasted: elapsed_ms=86 tx_hash=0x0ec9259bdd6b31a0422836181d2ce4a3d159da2a35394a6db1ae7397e038db2e
2026-04-05T10:20:08.999772Z  INFO ThreadId(17) pipeline{execution_id=ac099b73-e5f3-4ce9-8c34-9ae5d8cb6188 chain_id=42161 from_address=0x8AfE43fF49EBd5c4B8Cd1497ee77b437dd1711fc}: cortex::pipeline: transaction broadcasted: elapsed_ms=86 tx_hash=0xdd602063626327a7b500c4bc847dc7f55dbff6ebd4a228acb00149bc42452e65
2026-04-05T10:20:09.000636Z  INFO ThreadId(09) pipeline{execution_id=e7be2924-b30d-4f27-a973-49360f7a25cc chain_id=1 from_address=0xCFA80F1f22b0AD533F7d8e2CcC0A783aa4BCaFF3}: cortex::pipeline: nonce reserved elapsed_ms=86 nonce=1
2026-04-05T10:20:09.003118Z  INFO ThreadId(09) pipeline{execution_id=249bb22f-7797-4d1f-932f-b140779f8006 chain_id=137 from_address=0x2EAC739a1e05F4a05a5B8fD93D332c4353E5A7cD}: cortex::pipeline: nonce reserved elapsed_ms=88 nonce=1
2026-04-05T10:20:09.003542Z  INFO ThreadId(16) pipeline{execution_id=6d184ed0-aa17-472a-bc7a-70dbfc725fae chain_id=137 from_address=0x8AfE43fF49EBd5c4B8Cd1497ee77b437dd1711fc}: cortex::pipeline: transaction signed elapsed_ms=89
2026-04-05T10:20:09.005160Z  INFO ThreadId(14) pipeline{execution_id=e7be2924-b30d-4f27-a973-49360f7a25cc chain_id=1 from_address=0xCFA80F1f22b0AD533F7d8e2CcC0A783aa4BCaFF3}: cortex::pipeline: transaction signed elapsed_ms=90
2026-04-05T10:20:09.005314Z  INFO ThreadId(09) pipeline{execution_id=b0b72e2b-156d-4e5b-818b-d8dbc294ad65 chain_id=137 from_address=0xfea6645D31443cF7Cf96eF1dB7823EB9365f98bf}: cortex::pipeline: transaction broadcasted: elapsed_ms=92 tx_hash=0x8df24c119174c92ede008c2aa8b72b4b52a3534c36e496a6e3aa8413694b8b69
2026-04-05T10:20:09.005823Z  INFO ThreadId(16) pipeline{execution_id=5f2f65b7-6ae2-4a60-ab68-aa60ee4906e8 chain_id=1 from_address=0xfea6645D31443cF7Cf96eF1dB7823EB9365f98bf}: cortex::pipeline: nonce reserved elapsed_ms=91 nonce=1
2026-04-05T10:20:09.005860Z  INFO ThreadId(14) pipeline{execution_id=6d939822-1bc5-4d27-8c76-450cc70f2c5e chain_id=42161 from_address=0xfea6645D31443cF7Cf96eF1dB7823EB9365f98bf}: cortex::pipeline: transaction broadcasted: elapsed_ms=91 tx_hash=0x2fc52706d930ab984bc7877afd603882853358ddbe6c5bef379126bb69c34ebb
2026-04-05T10:20:09.005936Z  INFO ThreadId(18) pipeline{execution_id=ddee923e-cebc-4aed-9af1-42d7b0407b22 chain_id=1 from_address=0x8AfE43fF49EBd5c4B8Cd1497ee77b437dd1711fc}: cortex::pipeline: transaction broadcasted: elapsed_ms=93 tx_hash=0xbc3dc8b8031f63c7d64f98f917e6f498c0cef60390ee7a9f426e7a26cf522db8
2026-04-05T10:20:09.006550Z  INFO ThreadId(09) pipeline{execution_id=249bb22f-7797-4d1f-932f-b140779f8006 chain_id=137 from_address=0x2EAC739a1e05F4a05a5B8fD93D332c4353E5A7cD}: cortex::pipeline: transaction signed elapsed_ms=92
2026-04-05T10:20:09.008139Z  INFO ThreadId(04) pipeline{execution_id=1080785c-9fd3-42f1-8a18-01a416c93172 chain_id=1 from_address=0x2EAC739a1e05F4a05a5B8fD93D332c4353E5A7cD}: cortex::pipeline: nonce reserved elapsed_ms=93 nonce=0
2026-04-05T10:20:09.010420Z  INFO ThreadId(04) pipeline{execution_id=6d184ed0-aa17-472a-bc7a-70dbfc725fae chain_id=137 from_address=0x8AfE43fF49EBd5c4B8Cd1497ee77b437dd1711fc}: cortex::pipeline: transaction broadcasted: elapsed_ms=96 tx_hash=0x7169d5e16145d57ba96de35f608f014f01c3d118f9a3bf8a9fb50643fc66ce6d
2026-04-05T10:20:09.010462Z  INFO ThreadId(09) pipeline{execution_id=2c0634c3-e961-41ed-b14b-e3fa21a348ac chain_id=1 from_address=0xCFA80F1f22b0AD533F7d8e2CcC0A783aa4BCaFF3}: cortex::pipeline: nonce reserved elapsed_ms=95 nonce=2
2026-04-05T10:20:09.010501Z  INFO ThreadId(17) pipeline{execution_id=196c3d40-a527-4e0f-a16a-ecce6bf92a7b chain_id=1 from_address=0x8AfE43fF49EBd5c4B8Cd1497ee77b437dd1711fc}: cortex::pipeline: transaction broadcasted: elapsed_ms=97 tx_hash=0x28403868c1c815e91e2e20e46b269700e53d4f8edc53cf76b382e3c5aa8f2f7c
2026-04-05T10:20:09.010540Z  INFO ThreadId(03) pipeline{execution_id=1080785c-9fd3-42f1-8a18-01a416c93172 chain_id=1 from_address=0x2EAC739a1e05F4a05a5B8fD93D332c4353E5A7cD}: cortex::pipeline: transaction signed elapsed_ms=95
2026-04-05T10:20:09.011329Z  INFO ThreadId(04) pipeline{execution_id=5f2f65b7-6ae2-4a60-ab68-aa60ee4906e8 chain_id=1 from_address=0xfea6645D31443cF7Cf96eF1dB7823EB9365f98bf}: cortex::pipeline: transaction signed elapsed_ms=96
2026-04-05T10:20:09.011764Z  INFO ThreadId(04) pipeline{execution_id=c574a94d-abb4-42f1-8475-51608a3434a5 chain_id=42161 from_address=0x8AfE43fF49EBd5c4B8Cd1497ee77b437dd1711fc}: cortex::pipeline: transaction broadcasted: elapsed_ms=98 tx_hash=0xae1de83fff6db6e3b50d83851cc8b6a0c61dccc6036269c7ff8095cea9e6bb55
2026-04-05T10:20:09.013183Z  INFO ThreadId(18) pipeline{execution_id=e291f09a-4247-4a19-b4bf-3a7b4b9938c0 chain_id=137 from_address=0x8AfE43fF49EBd5c4B8Cd1497ee77b437dd1711fc}: cortex::pipeline: nonce reserved elapsed_ms=98 nonce=1
2026-04-05T10:20:09.014503Z  INFO ThreadId(04) pipeline{execution_id=2c0634c3-e961-41ed-b14b-e3fa21a348ac chain_id=1 from_address=0xCFA80F1f22b0AD533F7d8e2CcC0A783aa4BCaFF3}: cortex::pipeline: transaction signed elapsed_ms=99
2026-04-05T10:20:09.014967Z  INFO ThreadId(18) pipeline{execution_id=20b01352-8f26-4374-a531-377b0e174d18 chain_id=42161 from_address=0x8b172F820629b14cEAF859A6e159d1BcD3291Fe1}: cortex::pipeline: transaction broadcasted: elapsed_ms=101 tx_hash=0x9c8cc75a07e20eacbfa4ebd0d36c6cd8d937dd1c40d4ddd35b1059bf7a4296ec
2026-04-05T10:20:09.015983Z  INFO ThreadId(09) pipeline{execution_id=e291f09a-4247-4a19-b4bf-3a7b4b9938c0 chain_id=137 from_address=0x8AfE43fF49EBd5c4B8Cd1497ee77b437dd1711fc}: cortex::pipeline: transaction signed elapsed_ms=101
2026-04-05T10:20:09.016518Z  INFO ThreadId(16) pipeline{execution_id=249bb22f-7797-4d1f-932f-b140779f8006 chain_id=137 from_address=0x2EAC739a1e05F4a05a5B8fD93D332c4353E5A7cD}: cortex::pipeline: transaction broadcasted: elapsed_ms=102 tx_hash=0x4e729b9ef4ca2f38d6202546462422aaff9f1d6ecc6ff13096369eb52071504d
2026-04-05T10:20:09.016653Z  INFO ThreadId(09) pipeline{execution_id=c2d3ed6c-ba1e-40dc-a005-f4de210529e5 chain_id=1 from_address=0x8b172F820629b14cEAF859A6e159d1BcD3291Fe1}: cortex::pipeline: transaction broadcasted: elapsed_ms=103 tx_hash=0x56f0b22f250b8d23a30a06a67b77efa8958033ed6ef7a65446d76f5adeb11a53
2026-04-05T10:20:09.018149Z  INFO ThreadId(09) pipeline{execution_id=725be2da-8506-4278-bdd5-69d3e379d415 chain_id=137 from_address=0x8b172F820629b14cEAF859A6e159d1BcD3291Fe1}: cortex::pipeline: nonce reserved elapsed_ms=102 nonce=1
2026-04-05T10:20:09.018666Z  INFO ThreadId(17) pipeline{execution_id=3cd5f7b7-7b80-4d35-8b60-a2c810e2a71b chain_id=1 from_address=0x8AfE43fF49EBd5c4B8Cd1497ee77b437dd1711fc}: cortex::pipeline: nonce reserved elapsed_ms=103 nonce=2
2026-04-05T10:20:09.019708Z  INFO ThreadId(17) pipeline{execution_id=4c977347-5c7d-4b3c-9c1a-63dfe63d1683 chain_id=1 from_address=0x8b172F820629b14cEAF859A6e159d1BcD3291Fe1}: cortex::pipeline: transaction broadcasted: elapsed_ms=106 tx_hash=0xf36d631d3fa24ae922ac252c514a02a87c505418bb4dc2b8d21186ebbafd662c
2026-04-05T10:20:09.019706Z  INFO ThreadId(18) pipeline{execution_id=e291f09a-4247-4a19-b4bf-3a7b4b9938c0 chain_id=137 from_address=0x8AfE43fF49EBd5c4B8Cd1497ee77b437dd1711fc}: cortex::pipeline: transaction broadcasted: elapsed_ms=104 tx_hash=0x6d815f5d762ce11ac17c04b47010db0053e611115cefddf1c3bc2775ba37135e
2026-04-05T10:20:09.021494Z  INFO ThreadId(17) pipeline{execution_id=725be2da-8506-4278-bdd5-69d3e379d415 chain_id=137 from_address=0x8b172F820629b14cEAF859A6e159d1BcD3291Fe1}: cortex::pipeline: transaction signed elapsed_ms=106
2026-04-05T10:20:09.021577Z  INFO ThreadId(09) pipeline{execution_id=3cd5f7b7-7b80-4d35-8b60-a2c810e2a71b chain_id=1 from_address=0x8AfE43fF49EBd5c4B8Cd1497ee77b437dd1711fc}: cortex::pipeline: transaction signed elapsed_ms=106
2026-04-05T10:20:09.022942Z  INFO ThreadId(16) pipeline{execution_id=e7be2924-b30d-4f27-a973-49360f7a25cc chain_id=1 from_address=0xCFA80F1f22b0AD533F7d8e2CcC0A783aa4BCaFF3}: cortex::pipeline: transaction broadcasted: elapsed_ms=108 tx_hash=0xdedc89b1ef5289351e5927572737e1f3b435520f7d607d0e6f72d513bceede46
2026-04-05T10:20:09.023390Z  INFO ThreadId(16) pipeline{execution_id=5abc9478-5c51-432f-b842-efdf14a2dc9c chain_id=42161 from_address=0x2EAC739a1e05F4a05a5B8fD93D332c4353E5A7cD}: cortex::pipeline: nonce reserved elapsed_ms=107 nonce=0
2026-04-05T10:20:09.024840Z  INFO ThreadId(09) pipeline{execution_id=5608a173-1003-4d55-bf91-89e77c80d885 chain_id=1 from_address=0x8AfE43fF49EBd5c4B8Cd1497ee77b437dd1711fc}: cortex::pipeline: nonce reserved elapsed_ms=109 nonce=3
2026-04-05T10:20:09.025091Z  INFO ThreadId(09) pipeline{execution_id=72201418-dc84-4bf4-8bd1-d0f039c3495e chain_id=137 from_address=0xCFA80F1f22b0AD533F7d8e2CcC0A783aa4BCaFF3}: cortex::pipeline: nonce reserved elapsed_ms=109 nonce=0
2026-04-05T10:20:09.025406Z  INFO ThreadId(04) pipeline{execution_id=725be2da-8506-4278-bdd5-69d3e379d415 chain_id=137 from_address=0x8b172F820629b14cEAF859A6e159d1BcD3291Fe1}: cortex::pipeline: transaction broadcasted: elapsed_ms=110 tx_hash=0x035e8803aeab31dd555e9bff43672647e94e1ceb219ff96b82b7bdb708c297be
2026-04-05T10:20:09.026093Z  INFO ThreadId(04) pipeline{execution_id=5abc9478-5c51-432f-b842-efdf14a2dc9c chain_id=42161 from_address=0x2EAC739a1e05F4a05a5B8fD93D332c4353E5A7cD}: cortex::pipeline: transaction signed elapsed_ms=110
2026-04-05T10:20:09.027324Z  INFO ThreadId(04) pipeline{execution_id=79b35d0d-d572-4691-ad77-3dfc2a9cd7ab chain_id=1 from_address=0x2EAC739a1e05F4a05a5B8fD93D332c4353E5A7cD}: cortex::pipeline: nonce reserved elapsed_ms=111 nonce=1
2026-04-05T10:20:09.027376Z  INFO ThreadId(14) pipeline{execution_id=5608a173-1003-4d55-bf91-89e77c80d885 chain_id=1 from_address=0x8AfE43fF49EBd5c4B8Cd1497ee77b437dd1711fc}: cortex::pipeline: transaction signed elapsed_ms=111
2026-04-05T10:20:09.027397Z  INFO ThreadId(18) pipeline{execution_id=0542af07-490d-4e5b-96d4-812645f49c3d chain_id=1 from_address=0x8AfE43fF49EBd5c4B8Cd1497ee77b437dd1711fc}: cortex::pipeline: nonce reserved elapsed_ms=111 nonce=4
2026-04-05T10:20:09.027764Z  INFO ThreadId(14) pipeline{execution_id=1080785c-9fd3-42f1-8a18-01a416c93172 chain_id=1 from_address=0x2EAC739a1e05F4a05a5B8fD93D332c4353E5A7cD}: cortex::pipeline: transaction broadcasted: elapsed_ms=113 tx_hash=0x32e7d68bb71ef5acb0b12c15c2a47ed9a7e156399510b7e2c433f783e6d9917d
2026-04-05T10:20:09.029555Z  INFO ThreadId(04) pipeline{execution_id=72201418-dc84-4bf4-8bd1-d0f039c3495e chain_id=137 from_address=0xCFA80F1f22b0AD533F7d8e2CcC0A783aa4BCaFF3}: cortex::pipeline: transaction signed elapsed_ms=114
2026-04-05T10:20:09.030895Z  INFO ThreadId(09) pipeline{execution_id=0542af07-490d-4e5b-96d4-812645f49c3d chain_id=1 from_address=0x8AfE43fF49EBd5c4B8Cd1497ee77b437dd1711fc}: cortex::pipeline: transaction signed elapsed_ms=115
2026-04-05T10:20:09.031246Z  INFO ThreadId(04) pipeline{execution_id=5abc9478-5c51-432f-b842-efdf14a2dc9c chain_id=42161 from_address=0x2EAC739a1e05F4a05a5B8fD93D332c4353E5A7cD}: cortex::pipeline: transaction broadcasted: elapsed_ms=115 tx_hash=0xe55b781059e98281612b79920ea62731e9c9f9c07495e89a2f124244c3e26e10
2026-04-05T10:20:09.031640Z  INFO ThreadId(04) pipeline{execution_id=5f2f65b7-6ae2-4a60-ab68-aa60ee4906e8 chain_id=1 from_address=0xfea6645D31443cF7Cf96eF1dB7823EB9365f98bf}: cortex::pipeline: transaction broadcasted: elapsed_ms=117 tx_hash=0x248f09d43807a1180dd41dfb5356223918129e5d634bbd99e7d3477fb5fffa36
2026-04-05T10:20:09.032143Z  INFO ThreadId(16) pipeline{execution_id=79b35d0d-d572-4691-ad77-3dfc2a9cd7ab chain_id=1 from_address=0x2EAC739a1e05F4a05a5B8fD93D332c4353E5A7cD}: cortex::pipeline: transaction signed elapsed_ms=116
2026-04-05T10:20:09.033377Z  INFO ThreadId(03) pipeline{execution_id=192434ea-de00-4bfe-8b11-ef2b2811be74 chain_id=1 from_address=0x8b172F820629b14cEAF859A6e159d1BcD3291Fe1}: cortex::pipeline: nonce reserved elapsed_ms=117 nonce=2
2026-04-05T10:20:09.033545Z  INFO ThreadId(14) pipeline{execution_id=72201418-dc84-4bf4-8bd1-d0f039c3495e chain_id=137 from_address=0xCFA80F1f22b0AD533F7d8e2CcC0A783aa4BCaFF3}: cortex::pipeline: transaction broadcasted: elapsed_ms=118 tx_hash=0x99cecf7a442c4079f4706598c01ec88495f18614c562d11f439c7d22fc2bd2c3
2026-04-05T10:20:09.034523Z  INFO ThreadId(14) pipeline{execution_id=2c0634c3-e961-41ed-b14b-e3fa21a348ac chain_id=1 from_address=0xCFA80F1f22b0AD533F7d8e2CcC0A783aa4BCaFF3}: cortex::pipeline: transaction broadcasted: elapsed_ms=119 tx_hash=0x4448b6ba5c4896a1d2d9260947df29d58bd5dbb69f74fac7f25338ae5a7a740b
2026-04-05T10:20:09.035241Z  INFO ThreadId(16) pipeline{execution_id=29b3aa25-7aea-4b7f-9255-9c40c6f19a51 chain_id=1 from_address=0x8AfE43fF49EBd5c4B8Cd1497ee77b437dd1711fc}: cortex::pipeline: nonce reserved elapsed_ms=119 nonce=5
2026-04-05T10:20:09.036626Z  INFO ThreadId(14) pipeline{execution_id=192434ea-de00-4bfe-8b11-ef2b2811be74 chain_id=1 from_address=0x8b172F820629b14cEAF859A6e159d1BcD3291Fe1}: cortex::pipeline: transaction signed elapsed_ms=120
2026-04-05T10:20:09.036822Z  INFO ThreadId(14) pipeline{execution_id=93a9d889-498b-4e2e-97a2-5bab6b406855 chain_id=42161 from_address=0xfea6645D31443cF7Cf96eF1dB7823EB9365f98bf}: cortex::pipeline: nonce reserved elapsed_ms=120 nonce=1
2026-04-05T10:20:09.037798Z  INFO ThreadId(03) pipeline{execution_id=3cd5f7b7-7b80-4d35-8b60-a2c810e2a71b chain_id=1 from_address=0x8AfE43fF49EBd5c4B8Cd1497ee77b437dd1711fc}: cortex::pipeline: transaction broadcasted: elapsed_ms=122 tx_hash=0xe4af7e058009614f357785c7574dcc6cef78d60530534bb9e03229d61991f417
2026-04-05T10:20:09.037876Z  INFO ThreadId(09) pipeline{execution_id=29b3aa25-7aea-4b7f-9255-9c40c6f19a51 chain_id=1 from_address=0x8AfE43fF49EBd5c4B8Cd1497ee77b437dd1711fc}: cortex::pipeline: transaction signed elapsed_ms=121
2026-04-05T10:20:09.038407Z  INFO ThreadId(09) pipeline{execution_id=f9184b3b-8be4-40b1-b741-2dc221d75753 chain_id=42161 from_address=0x8b172F820629b14cEAF859A6e159d1BcD3291Fe1}: cortex::pipeline: nonce reserved elapsed_ms=122 nonce=2
2026-04-05T10:20:09.038412Z  INFO ThreadId(16) pipeline{execution_id=0c3a3580-e527-487d-b1ad-505a10316a07 chain_id=42161 from_address=0x2EAC739a1e05F4a05a5B8fD93D332c4353E5A7cD}: cortex::pipeline: nonce reserved elapsed_ms=121 nonce=1
2026-04-05T10:20:09.040260Z  INFO ThreadId(04) pipeline{execution_id=93a9d889-498b-4e2e-97a2-5bab6b406855 chain_id=42161 from_address=0xfea6645D31443cF7Cf96eF1dB7823EB9365f98bf}: cortex::pipeline: transaction signed elapsed_ms=123
2026-04-05T10:20:09.040884Z  INFO ThreadId(14) pipeline{execution_id=f9184b3b-8be4-40b1-b741-2dc221d75753 chain_id=42161 from_address=0x8b172F820629b14cEAF859A6e159d1BcD3291Fe1}: cortex::pipeline: transaction signed elapsed_ms=124
2026-04-05T10:20:09.041533Z  INFO ThreadId(04) pipeline{execution_id=5608a173-1003-4d55-bf91-89e77c80d885 chain_id=1 from_address=0x8AfE43fF49EBd5c4B8Cd1497ee77b437dd1711fc}: cortex::pipeline: transaction broadcasted: elapsed_ms=125 tx_hash=0x213b40531c19ae87e2356ccce47bf46f6b98fea3914fdbfb55479c29732ecb7e
2026-04-05T10:20:09.041575Z  INFO ThreadId(03) pipeline{execution_id=0c3a3580-e527-487d-b1ad-505a10316a07 chain_id=42161 from_address=0x2EAC739a1e05F4a05a5B8fD93D332c4353E5A7cD}: cortex::pipeline: transaction signed elapsed_ms=125
2026-04-05T10:20:09.042232Z  INFO ThreadId(14) pipeline{execution_id=e870a10e-5704-4f6c-819a-4c1ba5bb8bb9 chain_id=1 from_address=0xfea6645D31443cF7Cf96eF1dB7823EB9365f98bf}: cortex::pipeline: nonce reserved elapsed_ms=125 nonce=2
2026-04-05T10:20:09.043595Z  INFO ThreadId(04) pipeline{execution_id=870275b8-ba9b-4a52-a1bc-0cf2f9e91c36 chain_id=42161 from_address=0x2EAC739a1e05F4a05a5B8fD93D332c4353E5A7cD}: cortex::pipeline: nonce reserved elapsed_ms=126 nonce=2
2026-04-05T10:20:09.044268Z  INFO ThreadId(14) pipeline{execution_id=93a9d889-498b-4e2e-97a2-5bab6b406855 chain_id=42161 from_address=0xfea6645D31443cF7Cf96eF1dB7823EB9365f98bf}: cortex::pipeline: transaction broadcasted: elapsed_ms=127 tx_hash=0xfaae324dc61fb60f27fafc01080095e1ce6ca1cd9f1892afa3657bee18fd0f0d
2026-04-05T10:20:09.044475Z  INFO ThreadId(09) pipeline{execution_id=0542af07-490d-4e5b-96d4-812645f49c3d chain_id=1 from_address=0x8AfE43fF49EBd5c4B8Cd1497ee77b437dd1711fc}: cortex::pipeline: transaction broadcasted: elapsed_ms=128 tx_hash=0x4347d058e114aa78f5c918d04a2323c12ec5ef8e8dc8d58128599b646a8af69d
2026-04-05T10:20:09.044546Z  INFO ThreadId(04) pipeline{execution_id=0a77bd0e-c9f4-4c0e-bf21-3e48a336169f chain_id=1 from_address=0xfea6645D31443cF7Cf96eF1dB7823EB9365f98bf}: cortex::pipeline: nonce reserved elapsed_ms=127 nonce=3
2026-04-05T10:20:09.046125Z  INFO ThreadId(09) pipeline{execution_id=44540f75-47ac-42bf-be98-04cc65cd00f6 chain_id=42161 from_address=0x8b172F820629b14cEAF859A6e159d1BcD3291Fe1}: cortex::pipeline: nonce reserved elapsed_ms=129 nonce=3
2026-04-05T10:20:09.046235Z  INFO ThreadId(13) pipeline{execution_id=e870a10e-5704-4f6c-819a-4c1ba5bb8bb9 chain_id=1 from_address=0xfea6645D31443cF7Cf96eF1dB7823EB9365f98bf}: cortex::pipeline: transaction signed elapsed_ms=129
2026-04-05T10:20:09.048597Z  INFO ThreadId(12) pipeline{execution_id=168b67f3-5370-428a-87dd-2dd36df80a64 chain_id=1 from_address=0xCFA80F1f22b0AD533F7d8e2CcC0A783aa4BCaFF3}: cortex::pipeline: nonce reserved elapsed_ms=131 nonce=3
2026-04-05T10:20:09.051547Z  INFO ThreadId(04) pipeline{execution_id=870275b8-ba9b-4a52-a1bc-0cf2f9e91c36 chain_id=42161 from_address=0x2EAC739a1e05F4a05a5B8fD93D332c4353E5A7cD}: cortex::pipeline: transaction signed elapsed_ms=134
2026-04-05T10:20:09.052561Z  INFO ThreadId(04) pipeline{execution_id=0a77bd0e-c9f4-4c0e-bf21-3e48a336169f chain_id=1 from_address=0xfea6645D31443cF7Cf96eF1dB7823EB9365f98bf}: cortex::pipeline: transaction signed elapsed_ms=135
2026-04-05T10:20:09.052857Z  INFO ThreadId(09) pipeline{execution_id=020c4dea-c76f-4333-810d-052f52ef8ec5 chain_id=1 from_address=0x2EAC739a1e05F4a05a5B8fD93D332c4353E5A7cD}: cortex::pipeline: nonce reserved elapsed_ms=135 nonce=2
2026-04-05T10:20:09.053123Z  INFO ThreadId(07) pipeline{execution_id=f9184b3b-8be4-40b1-b741-2dc221d75753 chain_id=42161 from_address=0x8b172F820629b14cEAF859A6e159d1BcD3291Fe1}: cortex::pipeline: transaction broadcasted: elapsed_ms=136 tx_hash=0xcd1981e7817e6db7ecda3ad77b37420196d9e7109b3921f44fc300364c14a46b
2026-04-05T10:20:09.053567Z  INFO ThreadId(16) pipeline{execution_id=44540f75-47ac-42bf-be98-04cc65cd00f6 chain_id=42161 from_address=0x8b172F820629b14cEAF859A6e159d1BcD3291Fe1}: cortex::pipeline: transaction signed elapsed_ms=136
2026-04-05T10:20:09.055830Z  INFO ThreadId(15) pipeline{execution_id=168b67f3-5370-428a-87dd-2dd36df80a64 chain_id=1 from_address=0xCFA80F1f22b0AD533F7d8e2CcC0A783aa4BCaFF3}: cortex::pipeline: transaction signed elapsed_ms=138
2026-04-05T10:20:09.055818Z  INFO ThreadId(16) pipeline{execution_id=5599c5fc-bc1d-4988-833b-c2e95466a078 chain_id=1 from_address=0x2EAC739a1e05F4a05a5B8fD93D332c4353E5A7cD}: cortex::pipeline: nonce reserved elapsed_ms=138 nonce=3
2026-04-05T10:20:09.056406Z  INFO ThreadId(03) pipeline{execution_id=0c3a3580-e527-487d-b1ad-505a10316a07 chain_id=42161 from_address=0x2EAC739a1e05F4a05a5B8fD93D332c4353E5A7cD}: cortex::pipeline: transaction broadcasted: elapsed_ms=139 tx_hash=0xcb3bb48c1465cff634619679e73fbfcb023ec6670d689db5cadfc74b19f60b34
2026-04-05T10:20:09.056917Z  INFO ThreadId(18) pipeline{execution_id=020c4dea-c76f-4333-810d-052f52ef8ec5 chain_id=1 from_address=0x2EAC739a1e05F4a05a5B8fD93D332c4353E5A7cD}: cortex::pipeline: transaction signed elapsed_ms=139
2026-04-05T10:20:09.058589Z  INFO ThreadId(03) pipeline{execution_id=13191fc2-6b08-448b-af15-ea193b7b72bd chain_id=42161 from_address=0x8b172F820629b14cEAF859A6e159d1BcD3291Fe1}: cortex::pipeline: nonce reserved elapsed_ms=141 nonce=4
2026-04-05T10:20:09.058754Z  INFO ThreadId(16) pipeline{execution_id=5599c5fc-bc1d-4988-833b-c2e95466a078 chain_id=1 from_address=0x2EAC739a1e05F4a05a5B8fD93D332c4353E5A7cD}: cortex::pipeline: transaction signed elapsed_ms=141
2026-04-05T10:20:09.060781Z  INFO ThreadId(18) pipeline{execution_id=d0f80c29-32ab-4d0f-812a-eac8455e4abc chain_id=137 from_address=0x8AfE43fF49EBd5c4B8Cd1497ee77b437dd1711fc}: cortex::pipeline: nonce reserved elapsed_ms=143 nonce=2
2026-04-05T10:20:09.060985Z  INFO ThreadId(04) pipeline{execution_id=870275b8-ba9b-4a52-a1bc-0cf2f9e91c36 chain_id=42161 from_address=0x2EAC739a1e05F4a05a5B8fD93D332c4353E5A7cD}: cortex::pipeline: transaction broadcasted: elapsed_ms=144 tx_hash=0x4f811ddddaf68a72c5121f2884e8f34cf259be1f14fa99b513b35d2d0401f63f
2026-04-05T10:20:09.061555Z  INFO ThreadId(16) pipeline{execution_id=13191fc2-6b08-448b-af15-ea193b7b72bd chain_id=42161 from_address=0x8b172F820629b14cEAF859A6e159d1BcD3291Fe1}: cortex::pipeline: transaction signed elapsed_ms=144
2026-04-05T10:20:09.062742Z  INFO ThreadId(16) pipeline{execution_id=8fec4d21-777b-42dc-a2dd-d6281e8d5c86 chain_id=42161 from_address=0xCFA80F1f22b0AD533F7d8e2CcC0A783aa4BCaFF3}: cortex::pipeline: nonce reserved elapsed_ms=144 nonce=0
2026-04-05T10:20:09.063182Z  INFO ThreadId(16) pipeline{execution_id=d0f80c29-32ab-4d0f-812a-eac8455e4abc chain_id=137 from_address=0x8AfE43fF49EBd5c4B8Cd1497ee77b437dd1711fc}: cortex::pipeline: transaction signed elapsed_ms=145
2026-04-05T10:20:09.064394Z  INFO ThreadId(03) pipeline{execution_id=b39c1ee0-53a5-4ff8-afc8-f513bb1f70f2 chain_id=1 from_address=0x8b172F820629b14cEAF859A6e159d1BcD3291Fe1}: cortex::pipeline: nonce reserved elapsed_ms=146 nonce=3
2026-04-05T10:20:09.065331Z  INFO ThreadId(05) pipeline{execution_id=44540f75-47ac-42bf-be98-04cc65cd00f6 chain_id=42161 from_address=0x8b172F820629b14cEAF859A6e159d1BcD3291Fe1}: cortex::pipeline: transaction broadcasted: elapsed_ms=148 tx_hash=0xd62c2a9a8c386c430e92c1ed6ad590905c09698504ba853fac09b977dfc45368
2026-04-05T10:20:09.065683Z  INFO ThreadId(18) pipeline{execution_id=0d1fced4-efa7-447d-aa51-f8739b3af7d7 chain_id=137 from_address=0xfea6645D31443cF7Cf96eF1dB7823EB9365f98bf}: cortex::pipeline: nonce reserved elapsed_ms=147 nonce=1
2026-04-05T10:20:09.065831Z  INFO ThreadId(15) pipeline{execution_id=8fec4d21-777b-42dc-a2dd-d6281e8d5c86 chain_id=42161 from_address=0xCFA80F1f22b0AD533F7d8e2CcC0A783aa4BCaFF3}: cortex::pipeline: transaction signed elapsed_ms=147
2026-04-05T10:20:09.066462Z  INFO ThreadId(03) pipeline{execution_id=d0f80c29-32ab-4d0f-812a-eac8455e4abc chain_id=137 from_address=0x8AfE43fF49EBd5c4B8Cd1497ee77b437dd1711fc}: cortex::pipeline: transaction broadcasted: elapsed_ms=148 tx_hash=0x62ef150ca054708c137a8045667c5ee75e72bc2cefaf773ddc3f8cc42bb4a861
2026-04-05T10:20:09.068121Z  INFO ThreadId(05) pipeline{execution_id=b39c1ee0-53a5-4ff8-afc8-f513bb1f70f2 chain_id=1 from_address=0x8b172F820629b14cEAF859A6e159d1BcD3291Fe1}: cortex::pipeline: transaction signed elapsed_ms=150
2026-04-05T10:20:09.068253Z  INFO ThreadId(15) pipeline{execution_id=dc6e6c8a-f46d-4e28-bd7d-91f4391f0ab0 chain_id=1 from_address=0xfea6645D31443cF7Cf96eF1dB7823EB9365f98bf}: cortex::pipeline: nonce reserved elapsed_ms=150 nonce=4
2026-04-05T10:20:09.068463Z  INFO ThreadId(03) pipeline{execution_id=0d1fced4-efa7-447d-aa51-f8739b3af7d7 chain_id=137 from_address=0xfea6645D31443cF7Cf96eF1dB7823EB9365f98bf}: cortex::pipeline: transaction signed elapsed_ms=150
2026-04-05T10:20:09.068703Z  INFO ThreadId(15) pipeline{execution_id=13191fc2-6b08-448b-af15-ea193b7b72bd chain_id=42161 from_address=0x8b172F820629b14cEAF859A6e159d1BcD3291Fe1}: cortex::pipeline: transaction broadcasted: elapsed_ms=151 tx_hash=0x7cb41ce62658a6c2b897bcfffa7279576a486cf705dce57fffcabf41fa61c652
2026-04-05T10:20:09.068948Z  INFO ThreadId(18) pipeline{execution_id=da02586e-f1dc-4354-a331-d6d73df969ad chain_id=42161 from_address=0xCFA80F1f22b0AD533F7d8e2CcC0A783aa4BCaFF3}: cortex::pipeline: nonce reserved elapsed_ms=150 nonce=1
2026-04-05T10:20:09.070678Z  INFO ThreadId(18) pipeline{execution_id=dc6e6c8a-f46d-4e28-bd7d-91f4391f0ab0 chain_id=1 from_address=0xfea6645D31443cF7Cf96eF1dB7823EB9365f98bf}: cortex::pipeline: transaction signed elapsed_ms=152
2026-04-05T10:20:09.070915Z  INFO ThreadId(18) pipeline{execution_id=6e29a17f-9dd0-4673-8699-5a6c01873c57 chain_id=137 from_address=0x8AfE43fF49EBd5c4B8Cd1497ee77b437dd1711fc}: cortex::pipeline: nonce reserved elapsed_ms=152 nonce=3
2026-04-05T10:20:09.071965Z  INFO ThreadId(16) pipeline{execution_id=da02586e-f1dc-4354-a331-d6d73df969ad chain_id=42161 from_address=0xCFA80F1f22b0AD533F7d8e2CcC0A783aa4BCaFF3}: cortex::pipeline: transaction signed elapsed_ms=153
2026-04-05T10:20:09.072071Z  INFO ThreadId(03) pipeline{execution_id=0d1fced4-efa7-447d-aa51-f8739b3af7d7 chain_id=137 from_address=0xfea6645D31443cF7Cf96eF1dB7823EB9365f98bf}: cortex::pipeline: transaction broadcasted: elapsed_ms=153 tx_hash=0x8630fc5b43eafe8da9f87074e80434cd3489b60abeaa3a91e061161f2c566ddf
2026-04-05T10:20:09.074126Z  INFO ThreadId(15) pipeline{execution_id=8fec4d21-777b-42dc-a2dd-d6281e8d5c86 chain_id=42161 from_address=0xCFA80F1f22b0AD533F7d8e2CcC0A783aa4BCaFF3}: cortex::pipeline: transaction broadcasted: elapsed_ms=156 tx_hash=0x595e3e0101c6e4b6c27373ba8b6f6e5212e750b60aca1bc333e783bf63aeebe0
2026-04-05T10:20:09.075048Z  INFO ThreadId(18) pipeline{execution_id=6e29a17f-9dd0-4673-8699-5a6c01873c57 chain_id=137 from_address=0x8AfE43fF49EBd5c4B8Cd1497ee77b437dd1711fc}: cortex::pipeline: transaction signed elapsed_ms=156
2026-04-05T10:20:09.075343Z  INFO ThreadId(16) pipeline{execution_id=206f3e14-51c9-4df3-b135-67c3957c6e06 chain_id=42161 from_address=0xCFA80F1f22b0AD533F7d8e2CcC0A783aa4BCaFF3}: cortex::pipeline: nonce reserved elapsed_ms=156 nonce=2
2026-04-05T10:20:09.075557Z  INFO ThreadId(05) pipeline{execution_id=e9653fc8-39f7-4dce-a354-c2a2bf3cdea3 chain_id=42161 from_address=0xfea6645D31443cF7Cf96eF1dB7823EB9365f98bf}: cortex::pipeline: nonce reserved elapsed_ms=156 nonce=2
2026-04-05T10:20:09.077327Z  INFO ThreadId(03) pipeline{execution_id=da02586e-f1dc-4354-a331-d6d73df969ad chain_id=42161 from_address=0xCFA80F1f22b0AD533F7d8e2CcC0A783aa4BCaFF3}: cortex::pipeline: transaction broadcasted: elapsed_ms=158 tx_hash=0x5d5f243115a71400306f0ab02a7e408b9be680fff328962409a7a8e01c1fc1f2
2026-04-05T10:20:09.077886Z  INFO ThreadId(18) pipeline{execution_id=cb40aaf5-744d-46bf-a391-96f05fc87a53 chain_id=1 from_address=0x2EAC739a1e05F4a05a5B8fD93D332c4353E5A7cD}: cortex::pipeline: nonce reserved elapsed_ms=158 nonce=4
2026-04-05T10:20:09.077937Z  INFO ThreadId(16) pipeline{execution_id=f4306fc9-011a-4b2b-9ba4-0d3ca32d040d chain_id=42161 from_address=0xCFA80F1f22b0AD533F7d8e2CcC0A783aa4BCaFF3}: cortex::pipeline: nonce reserved elapsed_ms=159 nonce=3
2026-04-05T10:20:09.078195Z  INFO ThreadId(05) pipeline{execution_id=206f3e14-51c9-4df3-b135-67c3957c6e06 chain_id=42161 from_address=0xCFA80F1f22b0AD533F7d8e2CcC0A783aa4BCaFF3}: cortex::pipeline: transaction signed elapsed_ms=159
2026-04-05T10:20:09.079024Z  INFO ThreadId(12) pipeline{execution_id=e9653fc8-39f7-4dce-a354-c2a2bf3cdea3 chain_id=42161 from_address=0xfea6645D31443cF7Cf96eF1dB7823EB9365f98bf}: cortex::pipeline: transaction signed elapsed_ms=160
2026-04-05T10:20:09.079563Z  INFO ThreadId(15) pipeline{execution_id=6e29a17f-9dd0-4673-8699-5a6c01873c57 chain_id=137 from_address=0x8AfE43fF49EBd5c4B8Cd1497ee77b437dd1711fc}: cortex::pipeline: transaction broadcasted: elapsed_ms=161 tx_hash=0xe1356e6583263513489fea0548dc5dcfcd4f4b5468bce3e7042b1d53bcabab86
2026-04-05T10:20:09.080508Z  INFO ThreadId(04) pipeline{execution_id=67ae4668-172b-4fcf-8c4c-f0d93e6de619 chain_id=1 from_address=0x8b172F820629b14cEAF859A6e159d1BcD3291Fe1}: cortex::pipeline: nonce reserved elapsed_ms=161 nonce=4
2026-04-05T10:20:09.080519Z  INFO ThreadId(18) pipeline{execution_id=cb40aaf5-744d-46bf-a391-96f05fc87a53 chain_id=1 from_address=0x2EAC739a1e05F4a05a5B8fD93D332c4353E5A7cD}: cortex::pipeline: transaction signed elapsed_ms=161
2026-04-05T10:20:09.081877Z  INFO ThreadId(05) pipeline{execution_id=206f3e14-51c9-4df3-b135-67c3957c6e06 chain_id=42161 from_address=0xCFA80F1f22b0AD533F7d8e2CcC0A783aa4BCaFF3}: cortex::pipeline: transaction broadcasted: elapsed_ms=163 tx_hash=0x18e0e3fab91aaf9570b0a2d1698622508f4e3b525e5d51ea7caaea3047d23013
2026-04-05T10:20:09.082107Z  INFO ThreadId(05) pipeline{execution_id=b9ab5343-015a-4aa0-aa48-4466c605318f chain_id=1 from_address=0xfea6645D31443cF7Cf96eF1dB7823EB9365f98bf}: cortex::pipeline: nonce reserved elapsed_ms=162 nonce=5
2026-04-05T10:20:09.082789Z  INFO ThreadId(18) pipeline{execution_id=f4306fc9-011a-4b2b-9ba4-0d3ca32d040d chain_id=42161 from_address=0xCFA80F1f22b0AD533F7d8e2CcC0A783aa4BCaFF3}: cortex::pipeline: transaction signed elapsed_ms=164
2026-04-05T10:20:09.083460Z  INFO ThreadId(03) pipeline{execution_id=67ae4668-172b-4fcf-8c4c-f0d93e6de619 chain_id=1 from_address=0x8b172F820629b14cEAF859A6e159d1BcD3291Fe1}: cortex::pipeline: transaction signed elapsed_ms=164
2026-04-05T10:20:09.083483Z  INFO ThreadId(16) pipeline{execution_id=bc5b59e5-d47a-4297-9a0c-6861a7e2248b chain_id=42161 from_address=0x8b172F820629b14cEAF859A6e159d1BcD3291Fe1}: cortex::pipeline: nonce reserved elapsed_ms=163 nonce=5
2026-04-05T10:20:09.085721Z  INFO ThreadId(03) pipeline{execution_id=bc5b59e5-d47a-4297-9a0c-6861a7e2248b chain_id=42161 from_address=0x8b172F820629b14cEAF859A6e159d1BcD3291Fe1}: cortex::pipeline: transaction signed elapsed_ms=166
2026-04-05T10:20:09.085769Z  INFO ThreadId(16) pipeline{execution_id=b9ab5343-015a-4aa0-aa48-4466c605318f chain_id=1 from_address=0xfea6645D31443cF7Cf96eF1dB7823EB9365f98bf}: cortex::pipeline: transaction signed elapsed_ms=166
2026-04-05T10:20:09.086741Z  INFO ThreadId(03) pipeline{execution_id=b14522bf-f91f-4805-bbfa-ee63baa1b0b3 chain_id=1 from_address=0x8b172F820629b14cEAF859A6e159d1BcD3291Fe1}: cortex::pipeline: nonce reserved elapsed_ms=167 nonce=5
2026-04-05T10:20:09.087697Z  INFO ThreadId(16) pipeline{execution_id=e9653fc8-39f7-4dce-a354-c2a2bf3cdea3 chain_id=42161 from_address=0xfea6645D31443cF7Cf96eF1dB7823EB9365f98bf}: cortex::pipeline: transaction broadcasted: elapsed_ms=168 tx_hash=0x9e803ad90b0eda9f60bec8215553ee35f389c9f0eb2a7aff5c55efcf570c6e4f
2026-04-05T10:20:09.088655Z  INFO ThreadId(18) pipeline{execution_id=18553b77-7f58-4304-b71e-919c42900235 chain_id=1 from_address=0x8AfE43fF49EBd5c4B8Cd1497ee77b437dd1711fc}: cortex::pipeline: nonce reserved elapsed_ms=168 nonce=6
2026-04-05T10:20:09.089457Z  INFO ThreadId(18) pipeline{execution_id=b14522bf-f91f-4805-bbfa-ee63baa1b0b3 chain_id=1 from_address=0x8b172F820629b14cEAF859A6e159d1BcD3291Fe1}: cortex::pipeline: transaction signed elapsed_ms=169
2026-04-05T10:20:09.090218Z  INFO ThreadId(18) pipeline{execution_id=e82fb02e-bba8-4dbc-96c7-fa64eb9ecda5 chain_id=42161 from_address=0xCFA80F1f22b0AD533F7d8e2CcC0A783aa4BCaFF3}: cortex::pipeline: nonce reserved elapsed_ms=170 nonce=4
2026-04-05T10:20:09.090618Z  INFO ThreadId(04) pipeline{execution_id=f4306fc9-011a-4b2b-9ba4-0d3ca32d040d chain_id=42161 from_address=0xCFA80F1f22b0AD533F7d8e2CcC0A783aa4BCaFF3}: cortex::pipeline: transaction broadcasted: elapsed_ms=171 tx_hash=0x616fe8d638c553c7b4a750bfb5df2f4bd1e7a8d5eb3d79d3fb4535128da63077
2026-04-05T10:20:09.091267Z  INFO ThreadId(04) pipeline{execution_id=18553b77-7f58-4304-b71e-919c42900235 chain_id=1 from_address=0x8AfE43fF49EBd5c4B8Cd1497ee77b437dd1711fc}: cortex::pipeline: transaction signed elapsed_ms=171
2026-04-05T10:20:09.092080Z  INFO ThreadId(04) pipeline{execution_id=5381f009-d2c4-45d2-abef-093f663861c4 chain_id=137 from_address=0x8AfE43fF49EBd5c4B8Cd1497ee77b437dd1711fc}: cortex::pipeline: nonce reserved elapsed_ms=171 nonce=4
2026-04-05T10:20:09.093054Z  INFO ThreadId(18) pipeline{execution_id=e82fb02e-bba8-4dbc-96c7-fa64eb9ecda5 chain_id=42161 from_address=0xCFA80F1f22b0AD533F7d8e2CcC0A783aa4BCaFF3}: cortex::pipeline: transaction signed elapsed_ms=173
2026-04-05T10:20:09.093203Z  INFO ThreadId(05) pipeline{execution_id=18f52b9e-a4c5-43d7-ad5d-c1abd1ae73f3 chain_id=1 from_address=0xCFA80F1f22b0AD533F7d8e2CcC0A783aa4BCaFF3}: cortex::pipeline: nonce reserved elapsed_ms=173 nonce=4
2026-04-05T10:20:09.093568Z  INFO ThreadId(03) pipeline{execution_id=bc5b59e5-d47a-4297-9a0c-6861a7e2248b chain_id=42161 from_address=0x8b172F820629b14cEAF859A6e159d1BcD3291Fe1}: cortex::pipeline: transaction broadcasted: elapsed_ms=174 tx_hash=0xf14c1fd8ad65e8f3a5c89f75433744f31b2ca54ba95faa1da04fd3ab92da01a1
2026-04-05T10:20:09.095022Z  INFO ThreadId(03) pipeline{execution_id=dcacd231-8470-49ad-b1fe-1c95c77f1bc6 chain_id=42161 from_address=0x2EAC739a1e05F4a05a5B8fD93D332c4353E5A7cD}: cortex::pipeline: nonce reserved elapsed_ms=174 nonce=3
2026-04-05T10:20:09.095165Z  INFO ThreadId(18) pipeline{execution_id=5381f009-d2c4-45d2-abef-093f663861c4 chain_id=137 from_address=0x8AfE43fF49EBd5c4B8Cd1497ee77b437dd1711fc}: cortex::pipeline: transaction signed elapsed_ms=175
2026-04-05T10:20:09.095664Z  INFO ThreadId(15) pipeline{execution_id=18f52b9e-a4c5-43d7-ad5d-c1abd1ae73f3 chain_id=1 from_address=0xCFA80F1f22b0AD533F7d8e2CcC0A783aa4BCaFF3}: cortex::pipeline: transaction signed elapsed_ms=175
2026-04-05T10:20:09.096364Z  INFO ThreadId(03) pipeline{execution_id=e82fb02e-bba8-4dbc-96c7-fa64eb9ecda5 chain_id=42161 from_address=0xCFA80F1f22b0AD533F7d8e2CcC0A783aa4BCaFF3}: cortex::pipeline: transaction broadcasted: elapsed_ms=176 tx_hash=0x3a2c80474e66f0a6797043c1f4ba12c7fe6a8919fe21c3a96cb9ce2a58e1afce
2026-04-05T10:20:09.096644Z  INFO ThreadId(18) pipeline{execution_id=dba2916d-d022-48fe-bdac-0f6ebe0bd391 chain_id=137 from_address=0x8AfE43fF49EBd5c4B8Cd1497ee77b437dd1711fc}: cortex::pipeline: nonce reserved elapsed_ms=176 nonce=5
2026-04-05T10:20:09.097624Z  INFO ThreadId(12) pipeline{execution_id=dcacd231-8470-49ad-b1fe-1c95c77f1bc6 chain_id=42161 from_address=0x2EAC739a1e05F4a05a5B8fD93D332c4353E5A7cD}: cortex::pipeline: transaction signed elapsed_ms=177
2026-04-05T10:20:09.097671Z  INFO ThreadId(05) pipeline{execution_id=a313c6e1-a034-49b9-a431-b731fb416421 chain_id=42161 from_address=0x8AfE43fF49EBd5c4B8Cd1497ee77b437dd1711fc}: cortex::pipeline: nonce reserved elapsed_ms=177 nonce=2
2026-04-05T10:20:09.099790Z  INFO ThreadId(18) pipeline{execution_id=5381f009-d2c4-45d2-abef-093f663861c4 chain_id=137 from_address=0x8AfE43fF49EBd5c4B8Cd1497ee77b437dd1711fc}: cortex::pipeline: transaction broadcasted: elapsed_ms=179 tx_hash=0x2709f5ac988af016b577a3c2f8392917cfa988fd7f5d8a96314efed33edca580
2026-04-05T10:20:09.100150Z  INFO ThreadId(10) pipeline{execution_id=dba2916d-d022-48fe-bdac-0f6ebe0bd391 chain_id=137 from_address=0x8AfE43fF49EBd5c4B8Cd1497ee77b437dd1711fc}: cortex::pipeline: transaction signed elapsed_ms=179
2026-04-05T10:20:09.101551Z  INFO ThreadId(12) pipeline{execution_id=4ca1b29f-50f4-4924-beb7-5380fc73edef chain_id=42161 from_address=0xCFA80F1f22b0AD533F7d8e2CcC0A783aa4BCaFF3}: cortex::pipeline: nonce reserved elapsed_ms=180 nonce=5
2026-04-05T10:20:09.102066Z  INFO ThreadId(15) pipeline{execution_id=a313c6e1-a034-49b9-a431-b731fb416421 chain_id=42161 from_address=0x8AfE43fF49EBd5c4B8Cd1497ee77b437dd1711fc}: cortex::pipeline: transaction signed elapsed_ms=181
2026-04-05T10:20:09.102719Z  INFO ThreadId(17) pipeline{execution_id=a66d19a0-da35-4ff0-b2e0-2f1075c5833d chain_id=137 from_address=0x2EAC739a1e05F4a05a5B8fD93D332c4353E5A7cD}: cortex::pipeline: nonce reserved elapsed_ms=181 nonce=2
2026-04-05T10:20:09.104620Z  INFO ThreadId(12) pipeline{execution_id=dcacd231-8470-49ad-b1fe-1c95c77f1bc6 chain_id=42161 from_address=0x2EAC739a1e05F4a05a5B8fD93D332c4353E5A7cD}: cortex::pipeline: transaction broadcasted: elapsed_ms=184 tx_hash=0x0b22c82ce12e330b94278ae2a5b9ffdcf434f4aedc7007db2ecb5f756c31ff1f
2026-04-05T10:20:09.105365Z  INFO ThreadId(06) pipeline{execution_id=dba2916d-d022-48fe-bdac-0f6ebe0bd391 chain_id=137 from_address=0x8AfE43fF49EBd5c4B8Cd1497ee77b437dd1711fc}: cortex::pipeline: transaction broadcasted: elapsed_ms=184 tx_hash=0x40b196c9caf590548e0e70605bdcea0c71ce0af60c6af30f140e93875e264acb
2026-04-05T10:20:09.105755Z  INFO ThreadId(07) pipeline{execution_id=4ca1b29f-50f4-4924-beb7-5380fc73edef chain_id=42161 from_address=0xCFA80F1f22b0AD533F7d8e2CcC0A783aa4BCaFF3}: cortex::pipeline: transaction signed elapsed_ms=185
2026-04-05T10:20:09.105788Z  INFO ThreadId(13) pipeline{execution_id=294152e0-06f8-4ff3-ba51-9e7029d4463a chain_id=137 from_address=0xfea6645D31443cF7Cf96eF1dB7823EB9365f98bf}: cortex::pipeline: nonce reserved elapsed_ms=184 nonce=2
2026-04-05T10:20:09.106272Z  INFO ThreadId(05) pipeline{execution_id=a66d19a0-da35-4ff0-b2e0-2f1075c5833d chain_id=137 from_address=0x2EAC739a1e05F4a05a5B8fD93D332c4353E5A7cD}: cortex::pipeline: transaction signed elapsed_ms=185
2026-04-05T10:20:09.108297Z  INFO ThreadId(04) pipeline{execution_id=3a2ad9c0-e93f-4ff6-93ac-e2ede2db0768 chain_id=1 from_address=0x2EAC739a1e05F4a05a5B8fD93D332c4353E5A7cD}: cortex::pipeline: nonce reserved elapsed_ms=186 nonce=5
2026-04-05T10:20:09.108374Z  INFO ThreadId(07) pipeline{execution_id=401b4abc-aac6-4659-9ad9-3cf695a4b40f chain_id=42161 from_address=0xCFA80F1f22b0AD533F7d8e2CcC0A783aa4BCaFF3}: cortex::pipeline: nonce reserved elapsed_ms=187 nonce=6
2026-04-05T10:20:09.108530Z  INFO ThreadId(11) pipeline{execution_id=294152e0-06f8-4ff3-ba51-9e7029d4463a chain_id=137 from_address=0xfea6645D31443cF7Cf96eF1dB7823EB9365f98bf}: cortex::pipeline: transaction signed elapsed_ms=187
2026-04-05T10:20:09.108556Z  INFO ThreadId(04) pipeline{execution_id=a313c6e1-a034-49b9-a431-b731fb416421 chain_id=42161 from_address=0x8AfE43fF49EBd5c4B8Cd1497ee77b437dd1711fc}: cortex::pipeline: transaction broadcasted: elapsed_ms=187 tx_hash=0x047d447261f1fbf4c61da642ba97837edba76e896adb05364875f37a569e66d7
2026-04-05T10:20:09.110102Z  INFO ThreadId(06) pipeline{execution_id=a66d19a0-da35-4ff0-b2e0-2f1075c5833d chain_id=137 from_address=0x2EAC739a1e05F4a05a5B8fD93D332c4353E5A7cD}: cortex::pipeline: transaction broadcasted: elapsed_ms=189 tx_hash=0x6c33654633c03a1adac68bb6c7c3bddf170b38d0cd3fb003811061c7bc6163d2
2026-04-05T10:20:09.110581Z  INFO ThreadId(11) pipeline{execution_id=8b70da02-1440-4143-8222-872e91546f3f chain_id=42161 from_address=0x8b172F820629b14cEAF859A6e159d1BcD3291Fe1}: cortex::pipeline: nonce reserved elapsed_ms=188 nonce=6
2026-04-05T10:20:09.110642Z  INFO ThreadId(06) pipeline{execution_id=3a2ad9c0-e93f-4ff6-93ac-e2ede2db0768 chain_id=1 from_address=0x2EAC739a1e05F4a05a5B8fD93D332c4353E5A7cD}: cortex::pipeline: transaction signed elapsed_ms=189
2026-04-05T10:20:09.110985Z  INFO ThreadId(10) pipeline{execution_id=401b4abc-aac6-4659-9ad9-3cf695a4b40f chain_id=42161 from_address=0xCFA80F1f22b0AD533F7d8e2CcC0A783aa4BCaFF3}: cortex::pipeline: transaction signed elapsed_ms=189
2026-04-05T10:20:09.111610Z  INFO ThreadId(05) pipeline{execution_id=4ca1b29f-50f4-4924-beb7-5380fc73edef chain_id=42161 from_address=0xCFA80F1f22b0AD533F7d8e2CcC0A783aa4BCaFF3}: cortex::pipeline: transaction broadcasted: elapsed_ms=190 tx_hash=0xbdf4b83b89463bbb282ac1a2de16cb904ecbd0ceba30c3445e3bd16e1b42d413
2026-04-05T10:20:09.112618Z  INFO ThreadId(10) pipeline{execution_id=754be92a-8b4b-4196-bce8-df404bfa85a3 chain_id=137 from_address=0xfea6645D31443cF7Cf96eF1dB7823EB9365f98bf}: cortex::pipeline: nonce reserved elapsed_ms=190 nonce=3
2026-04-05T10:20:09.113062Z  INFO ThreadId(07) pipeline{execution_id=f3ec749f-8da2-4676-90d7-d8e0ebe3f8dd chain_id=42161 from_address=0x8b172F820629b14cEAF859A6e159d1BcD3291Fe1}: cortex::pipeline: nonce reserved elapsed_ms=191 nonce=7
2026-04-05T10:20:09.113858Z  INFO ThreadId(05) pipeline{execution_id=8b70da02-1440-4143-8222-872e91546f3f chain_id=42161 from_address=0x8b172F820629b14cEAF859A6e159d1BcD3291Fe1}: cortex::pipeline: transaction signed elapsed_ms=192
2026-04-05T10:20:09.113878Z  INFO ThreadId(07) pipeline{execution_id=294152e0-06f8-4ff3-ba51-9e7029d4463a chain_id=137 from_address=0xfea6645D31443cF7Cf96eF1dB7823EB9365f98bf}: cortex::pipeline: transaction broadcasted: elapsed_ms=192 tx_hash=0x40bd4aaba3fb82aea91bd34b067ac79bc2d0c77bd1709fd1c9a6e0775974ed94
2026-04-05T10:20:09.114752Z  INFO ThreadId(06) pipeline{execution_id=401b4abc-aac6-4659-9ad9-3cf695a4b40f chain_id=42161 from_address=0xCFA80F1f22b0AD533F7d8e2CcC0A783aa4BCaFF3}: cortex::pipeline: transaction broadcasted: elapsed_ms=193 tx_hash=0x49cb4d8124ecac563f6058dd80bfed3bc12da57a5385881412a7afbf12ee23a6
2026-04-05T10:20:09.115459Z  INFO ThreadId(17) pipeline{execution_id=f3ec749f-8da2-4676-90d7-d8e0ebe3f8dd chain_id=42161 from_address=0x8b172F820629b14cEAF859A6e159d1BcD3291Fe1}: cortex::pipeline: transaction signed elapsed_ms=193
2026-04-05T10:20:09.116085Z  INFO ThreadId(07) pipeline{execution_id=2129d373-6f99-4388-b557-1011d7f8128e chain_id=137 from_address=0x2EAC739a1e05F4a05a5B8fD93D332c4353E5A7cD}: cortex::pipeline: nonce reserved elapsed_ms=194 nonce=3
2026-04-05T10:20:09.116159Z  INFO ThreadId(04) pipeline{execution_id=754be92a-8b4b-4196-bce8-df404bfa85a3 chain_id=137 from_address=0xfea6645D31443cF7Cf96eF1dB7823EB9365f98bf}: cortex::pipeline: transaction signed elapsed_ms=194
2026-04-05T10:20:09.116417Z  INFO ThreadId(06) pipeline{execution_id=1a332b42-4192-412c-bbc5-87c6751c0cce chain_id=42161 from_address=0x8b172F820629b14cEAF859A6e159d1BcD3291Fe1}: cortex::pipeline: nonce reserved elapsed_ms=194 nonce=8
2026-04-05T10:20:09.119277Z  INFO ThreadId(10) pipeline{execution_id=1a332b42-4192-412c-bbc5-87c6751c0cce chain_id=42161 from_address=0x8b172F820629b14cEAF859A6e159d1BcD3291Fe1}: cortex::pipeline: transaction signed elapsed_ms=197
2026-04-05T10:20:09.119451Z  INFO ThreadId(10) pipeline{execution_id=2129d373-6f99-4388-b557-1011d7f8128e chain_id=137 from_address=0x2EAC739a1e05F4a05a5B8fD93D332c4353E5A7cD}: cortex::pipeline: transaction signed elapsed_ms=197
2026-04-05T10:20:09.119482Z  INFO ThreadId(06) pipeline{execution_id=351b34e0-9529-4c2b-ad9c-923d28dee50a chain_id=1 from_address=0x8AfE43fF49EBd5c4B8Cd1497ee77b437dd1711fc}: cortex::pipeline: nonce reserved elapsed_ms=197 nonce=7
2026-04-05T10:20:09.119509Z  INFO ThreadId(07) pipeline{execution_id=8b70da02-1440-4143-8222-872e91546f3f chain_id=42161 from_address=0x8b172F820629b14cEAF859A6e159d1BcD3291Fe1}: cortex::pipeline: transaction broadcasted: elapsed_ms=197 tx_hash=0x07ccfb1e1c277af5c231cbac9c9700f956a8010003034b6457365a3f96669a68
2026-04-05T10:20:09.119521Z  INFO ThreadId(04) pipeline{execution_id=524909f9-e9fa-4d28-b50a-2572b798865e chain_id=137 from_address=0xCFA80F1f22b0AD533F7d8e2CcC0A783aa4BCaFF3}: cortex::pipeline: nonce reserved elapsed_ms=197 nonce=1
2026-04-05T10:20:09.120099Z  INFO ThreadId(17) pipeline{execution_id=754be92a-8b4b-4196-bce8-df404bfa85a3 chain_id=137 from_address=0xfea6645D31443cF7Cf96eF1dB7823EB9365f98bf}: cortex::pipeline: transaction broadcasted: elapsed_ms=198 tx_hash=0xc273b1536c03a0ced5560a4531ccf2e2608571a3c1bf7472494da991294fcb79
2026-04-05T10:20:09.121575Z  INFO ThreadId(07) pipeline{execution_id=524909f9-e9fa-4d28-b50a-2572b798865e chain_id=137 from_address=0xCFA80F1f22b0AD533F7d8e2CcC0A783aa4BCaFF3}: cortex::pipeline: transaction signed elapsed_ms=199
2026-04-05T10:20:09.121832Z  INFO ThreadId(07) pipeline{execution_id=f3ec749f-8da2-4676-90d7-d8e0ebe3f8dd chain_id=42161 from_address=0x8b172F820629b14cEAF859A6e159d1BcD3291Fe1}: cortex::pipeline: transaction broadcasted: elapsed_ms=199 tx_hash=0xd79f0728c7f9dd45fa50f94dc4265161f9a7c726e2fcf3dd40e8672a51a82995
2026-04-05T10:20:09.122123Z  INFO ThreadId(05) pipeline{execution_id=351b34e0-9529-4c2b-ad9c-923d28dee50a chain_id=1 from_address=0x8AfE43fF49EBd5c4B8Cd1497ee77b437dd1711fc}: cortex::pipeline: transaction signed elapsed_ms=199
2026-04-05T10:20:09.122301Z  INFO ThreadId(07) pipeline{execution_id=6c40126c-4127-45db-b664-63581c4c715b chain_id=1 from_address=0x2EAC739a1e05F4a05a5B8fD93D332c4353E5A7cD}: cortex::pipeline: nonce reserved elapsed_ms=200 nonce=6
2026-04-05T10:20:09.122962Z  INFO ThreadId(17) pipeline{execution_id=2129d373-6f99-4388-b557-1011d7f8128e chain_id=137 from_address=0x2EAC739a1e05F4a05a5B8fD93D332c4353E5A7cD}: cortex::pipeline: transaction broadcasted: elapsed_ms=200 tx_hash=0xd5c9e913c503581bfc599df863766bf1a893bd9f144279cf372805b8ceb2fb27
2026-04-05T10:20:09.124305Z  INFO ThreadId(05) pipeline{execution_id=73085d14-aefa-4198-a4dd-b3628d3ac849 chain_id=1 from_address=0x8b172F820629b14cEAF859A6e159d1BcD3291Fe1}: cortex::pipeline: nonce reserved elapsed_ms=201 nonce=6
2026-04-05T10:20:09.124862Z  INFO ThreadId(04) pipeline{execution_id=1a332b42-4192-412c-bbc5-87c6751c0cce chain_id=42161 from_address=0x8b172F820629b14cEAF859A6e159d1BcD3291Fe1}: cortex::pipeline: transaction broadcasted: elapsed_ms=202 tx_hash=0x66d9fc0b2e4d88a3ad7148ddab521c068b575d300005b397d7d5e08163b4f8a4
2026-04-05T10:20:09.125052Z  INFO ThreadId(04) pipeline{execution_id=6c40126c-4127-45db-b664-63581c4c715b chain_id=1 from_address=0x2EAC739a1e05F4a05a5B8fD93D332c4353E5A7cD}: cortex::pipeline: transaction signed elapsed_ms=202
2026-04-05T10:20:09.125720Z  INFO ThreadId(07) pipeline{execution_id=557987d6-353b-4acb-aede-1c46bf9f2178 chain_id=1 from_address=0x8AfE43fF49EBd5c4B8Cd1497ee77b437dd1711fc}: cortex::pipeline: nonce reserved elapsed_ms=203 nonce=8
2026-04-05T10:20:09.125971Z  INFO ThreadId(04) pipeline{execution_id=524909f9-e9fa-4d28-b50a-2572b798865e chain_id=137 from_address=0xCFA80F1f22b0AD533F7d8e2CcC0A783aa4BCaFF3}: cortex::pipeline: transaction broadcasted: elapsed_ms=203 tx_hash=0x80762f7bacb50be58a82d8f422ccd09bc15aa277d54933d4a857675df24d045e
2026-04-05T10:20:09.126806Z  INFO ThreadId(04) pipeline{execution_id=73085d14-aefa-4198-a4dd-b3628d3ac849 chain_id=1 from_address=0x8b172F820629b14cEAF859A6e159d1BcD3291Fe1}: cortex::pipeline: transaction signed elapsed_ms=204
2026-04-05T10:20:09.126875Z  INFO ThreadId(06) pipeline{execution_id=49982d0e-a9b0-4fdc-b192-f65f1e1a2b4f chain_id=42161 from_address=0x8AfE43fF49EBd5c4B8Cd1497ee77b437dd1711fc}: cortex::pipeline: nonce reserved elapsed_ms=204 nonce=3
2026-04-05T10:20:09.127089Z  INFO ThreadId(17) pipeline{execution_id=19ece276-5d5f-4e86-869e-c89e416075d5 chain_id=1 from_address=0x8b172F820629b14cEAF859A6e159d1BcD3291Fe1}: cortex::pipeline: nonce reserved elapsed_ms=204 nonce=7
2026-04-05T10:20:09.127988Z  INFO ThreadId(17) pipeline{execution_id=557987d6-353b-4acb-aede-1c46bf9f2178 chain_id=1 from_address=0x8AfE43fF49EBd5c4B8Cd1497ee77b437dd1711fc}: cortex::pipeline: transaction signed elapsed_ms=205
2026-04-05T10:20:09.129381Z  INFO ThreadId(07) pipeline{execution_id=49982d0e-a9b0-4fdc-b192-f65f1e1a2b4f chain_id=42161 from_address=0x8AfE43fF49EBd5c4B8Cd1497ee77b437dd1711fc}: cortex::pipeline: transaction signed elapsed_ms=206
2026-04-05T10:20:09.129784Z  INFO ThreadId(07) pipeline{execution_id=19ece276-5d5f-4e86-869e-c89e416075d5 chain_id=1 from_address=0x8b172F820629b14cEAF859A6e159d1BcD3291Fe1}: cortex::pipeline: transaction signed elapsed_ms=207
2026-04-05T10:20:09.130100Z  INFO ThreadId(06) pipeline{execution_id=5afa4d49-a79e-4674-9d15-a60d7476e221 chain_id=42161 from_address=0x2EAC739a1e05F4a05a5B8fD93D332c4353E5A7cD}: cortex::pipeline: nonce reserved elapsed_ms=207 nonce=4
2026-04-05T10:20:09.131288Z  INFO ThreadId(04) pipeline{execution_id=93c49b34-536d-4592-92d6-8eb959f0acc1 chain_id=42161 from_address=0xCFA80F1f22b0AD533F7d8e2CcC0A783aa4BCaFF3}: cortex::pipeline: nonce reserved elapsed_ms=208 nonce=7
2026-04-05T10:20:09.131493Z  INFO ThreadId(06) pipeline{execution_id=16238d21-9aed-4fa3-b458-300719a545d5 chain_id=137 from_address=0xfea6645D31443cF7Cf96eF1dB7823EB9365f98bf}: cortex::pipeline: nonce reserved elapsed_ms=208 nonce=4
2026-04-05T10:20:09.132642Z  INFO ThreadId(17) pipeline{execution_id=5afa4d49-a79e-4674-9d15-a60d7476e221 chain_id=42161 from_address=0x2EAC739a1e05F4a05a5B8fD93D332c4353E5A7cD}: cortex::pipeline: transaction signed elapsed_ms=210
2026-04-05T10:20:09.132688Z  INFO ThreadId(04) pipeline{execution_id=49982d0e-a9b0-4fdc-b192-f65f1e1a2b4f chain_id=42161 from_address=0x8AfE43fF49EBd5c4B8Cd1497ee77b437dd1711fc}: cortex::pipeline: transaction broadcasted: elapsed_ms=210 tx_hash=0x8409de6d0eb04820b47018deed2c26aa7f309b669efe0b59e41ae5625c278d3e
2026-04-05T10:20:09.132967Z  INFO ThreadId(05) pipeline{execution_id=93c49b34-536d-4592-92d6-8eb959f0acc1 chain_id=42161 from_address=0xCFA80F1f22b0AD533F7d8e2CcC0A783aa4BCaFF3}: cortex::pipeline: transaction signed elapsed_ms=210
2026-04-05T10:20:09.133219Z  INFO ThreadId(04) pipeline{execution_id=16238d21-9aed-4fa3-b458-300719a545d5 chain_id=137 from_address=0xfea6645D31443cF7Cf96eF1dB7823EB9365f98bf}: cortex::pipeline: transaction signed elapsed_ms=210
2026-04-05T10:20:09.133999Z  INFO ThreadId(04) pipeline{execution_id=ba0135b2-d06a-4c37-a0ae-e959bd7ea00b chain_id=42161 from_address=0x8AfE43fF49EBd5c4B8Cd1497ee77b437dd1711fc}: cortex::pipeline: nonce reserved elapsed_ms=211 nonce=4
2026-04-05T10:20:09.134928Z  INFO ThreadId(06) pipeline{execution_id=712ac1ff-4f42-4f19-9ca5-414531639afe chain_id=1 from_address=0xfea6645D31443cF7Cf96eF1dB7823EB9365f98bf}: cortex::pipeline: nonce reserved elapsed_ms=211 nonce=6
2026-04-05T10:20:09.135056Z  INFO ThreadId(06) pipeline{execution_id=b11d555f-bea7-41d0-8fdf-3d35be9710a9 chain_id=42161 from_address=0x2EAC739a1e05F4a05a5B8fD93D332c4353E5A7cD}: cortex::pipeline: nonce reserved elapsed_ms=211 nonce=5
2026-04-05T10:20:09.135585Z  INFO ThreadId(05) pipeline{execution_id=5afa4d49-a79e-4674-9d15-a60d7476e221 chain_id=42161 from_address=0x2EAC739a1e05F4a05a5B8fD93D332c4353E5A7cD}: cortex::pipeline: transaction broadcasted: elapsed_ms=213 tx_hash=0xc1810e92b78688ed57897fa0e01a9e3dec69a69c2683fcd288f4e3cc44900111
2026-04-05T10:20:09.135633Z  INFO ThreadId(06) pipeline{execution_id=16238d21-9aed-4fa3-b458-300719a545d5 chain_id=137 from_address=0xfea6645D31443cF7Cf96eF1dB7823EB9365f98bf}: cortex::pipeline: transaction broadcasted: elapsed_ms=213 tx_hash=0x78c3a89d5c873094d0634f3c912ee79980c3c50c55e6b8e973e50ebc623da1f6
2026-04-05T10:20:09.136193Z  INFO ThreadId(05) pipeline{execution_id=ba0135b2-d06a-4c37-a0ae-e959bd7ea00b chain_id=42161 from_address=0x8AfE43fF49EBd5c4B8Cd1497ee77b437dd1711fc}: cortex::pipeline: transaction signed elapsed_ms=213
2026-04-05T10:20:09.136422Z  INFO ThreadId(11) pipeline{execution_id=712ac1ff-4f42-4f19-9ca5-414531639afe chain_id=1 from_address=0xfea6645D31443cF7Cf96eF1dB7823EB9365f98bf}: cortex::pipeline: transaction signed elapsed_ms=213
2026-04-05T10:20:09.137062Z  INFO ThreadId(04) pipeline{execution_id=e5febd15-99a7-4011-b588-823e8b2429dd chain_id=137 from_address=0xCFA80F1f22b0AD533F7d8e2CcC0A783aa4BCaFF3}: cortex::pipeline: nonce reserved elapsed_ms=214 nonce=2
2026-04-05T10:20:09.137202Z  INFO ThreadId(06) pipeline{execution_id=b11d555f-bea7-41d0-8fdf-3d35be9710a9 chain_id=42161 from_address=0x2EAC739a1e05F4a05a5B8fD93D332c4353E5A7cD}: cortex::pipeline: transaction signed elapsed_ms=214
2026-04-05T10:20:09.137456Z  INFO ThreadId(04) pipeline{execution_id=2c3cdf1e-c97d-41db-8c9f-0ff6dd888bed chain_id=1 from_address=0x2EAC739a1e05F4a05a5B8fD93D332c4353E5A7cD}: cortex::pipeline: nonce reserved elapsed_ms=214 nonce=7
2026-04-05T10:20:09.137701Z  INFO ThreadId(11) pipeline{execution_id=93c49b34-536d-4592-92d6-8eb959f0acc1 chain_id=42161 from_address=0xCFA80F1f22b0AD533F7d8e2CcC0A783aa4BCaFF3}: cortex::pipeline: transaction broadcasted: elapsed_ms=215 tx_hash=0xad7b742c8ae227fe8642635b67190135fb1fa199b4c84a717e072dbb1702b6cb
2026-04-05T10:20:09.139119Z  INFO ThreadId(13) pipeline{execution_id=e5febd15-99a7-4011-b588-823e8b2429dd chain_id=137 from_address=0xCFA80F1f22b0AD533F7d8e2CcC0A783aa4BCaFF3}: cortex::pipeline: transaction signed elapsed_ms=216
2026-04-05T10:20:09.139867Z  INFO ThreadId(06) pipeline{execution_id=4775747c-fe78-4982-b5d6-e50ae90bc525 chain_id=42161 from_address=0x2EAC739a1e05F4a05a5B8fD93D332c4353E5A7cD}: cortex::pipeline: nonce reserved elapsed_ms=216 nonce=6
2026-04-05T10:20:09.140050Z  INFO ThreadId(06) pipeline{execution_id=2c3cdf1e-c97d-41db-8c9f-0ff6dd888bed chain_id=1 from_address=0x2EAC739a1e05F4a05a5B8fD93D332c4353E5A7cD}: cortex::pipeline: transaction signed elapsed_ms=216
2026-04-05T10:20:09.141288Z  INFO ThreadId(05) pipeline{execution_id=5db17eb7-eb95-4012-98ef-e62e05118131 chain_id=137 from_address=0x2EAC739a1e05F4a05a5B8fD93D332c4353E5A7cD}: cortex::pipeline: nonce reserved elapsed_ms=217 nonce=4
2026-04-05T10:20:09.141307Z  INFO ThreadId(17) pipeline{execution_id=c13b1270-c5a6-4d4a-84d6-3257141acd7d chain_id=137 from_address=0x8AfE43fF49EBd5c4B8Cd1497ee77b437dd1711fc}: cortex::pipeline: nonce reserved elapsed_ms=218 nonce=6
2026-04-05T10:20:09.141391Z  INFO ThreadId(11) pipeline{execution_id=ba0135b2-d06a-4c37-a0ae-e959bd7ea00b chain_id=42161 from_address=0x8AfE43fF49EBd5c4B8Cd1497ee77b437dd1711fc}: cortex::pipeline: transaction broadcasted: elapsed_ms=218 tx_hash=0xe9a5ca32deb3d08e541179f3e3b3a6a8f12dced7ef737945b46aa32e8ee74d3f
2026-04-05T10:20:09.142118Z  INFO ThreadId(04) pipeline{execution_id=4775747c-fe78-4982-b5d6-e50ae90bc525 chain_id=42161 from_address=0x2EAC739a1e05F4a05a5B8fD93D332c4353E5A7cD}: cortex::pipeline: transaction signed elapsed_ms=219
2026-04-05T10:20:09.142249Z  INFO ThreadId(10) pipeline{execution_id=e5febd15-99a7-4011-b588-823e8b2429dd chain_id=137 from_address=0xCFA80F1f22b0AD533F7d8e2CcC0A783aa4BCaFF3}: cortex::pipeline: transaction broadcasted: elapsed_ms=219 tx_hash=0x05419e20c0abc7b2212344c5350f5b5b447005dae27b2416bfc3528bf8068f15
2026-04-05T10:20:09.142299Z  INFO ThreadId(05) pipeline{execution_id=af376b30-3869-4169-bdb5-f9edf8f296c5 chain_id=1 from_address=0xfea6645D31443cF7Cf96eF1dB7823EB9365f98bf}: cortex::pipeline: nonce reserved elapsed_ms=218 nonce=7
2026-04-05T10:20:09.143064Z  INFO ThreadId(11) pipeline{execution_id=c13b1270-c5a6-4d4a-84d6-3257141acd7d chain_id=137 from_address=0x8AfE43fF49EBd5c4B8Cd1497ee77b437dd1711fc}: cortex::pipeline: transaction signed elapsed_ms=219
2026-04-05T10:20:09.143577Z  INFO ThreadId(11) pipeline{execution_id=5db17eb7-eb95-4012-98ef-e62e05118131 chain_id=137 from_address=0x2EAC739a1e05F4a05a5B8fD93D332c4353E5A7cD}: cortex::pipeline: transaction signed elapsed_ms=220
2026-04-05T10:20:09.144164Z  INFO ThreadId(10) pipeline{execution_id=af376b30-3869-4169-bdb5-f9edf8f296c5 chain_id=1 from_address=0xfea6645D31443cF7Cf96eF1dB7823EB9365f98bf}: cortex::pipeline: transaction signed elapsed_ms=220
2026-04-05T10:20:09.145027Z  INFO ThreadId(11) pipeline{execution_id=b11d555f-bea7-41d0-8fdf-3d35be9710a9 chain_id=42161 from_address=0x2EAC739a1e05F4a05a5B8fD93D332c4353E5A7cD}: cortex::pipeline: transaction broadcasted: elapsed_ms=221 tx_hash=0xd46c84af8b0328e201f0a7ca07298013e2b152dd03737f8e1b6b4fe9dcd01920
2026-04-05T10:20:09.145139Z  INFO ThreadId(13) pipeline{execution_id=ccc0801a-c0bf-4b83-adea-e99bd8b88101 chain_id=137 from_address=0x8AfE43fF49EBd5c4B8Cd1497ee77b437dd1711fc}: cortex::pipeline: nonce reserved elapsed_ms=221 nonce=7
2026-04-05T10:20:09.146511Z  INFO ThreadId(10) pipeline{execution_id=c13b1270-c5a6-4d4a-84d6-3257141acd7d chain_id=137 from_address=0x8AfE43fF49EBd5c4B8Cd1497ee77b437dd1711fc}: cortex::pipeline: transaction broadcasted: elapsed_ms=223 tx_hash=0x8bbfabaaababca80b41b1a045a84dc7038cba7cf82f0db238a964ac7ca0e08f1
2026-04-05T10:20:09.146680Z  INFO ThreadId(10) pipeline{execution_id=cd014ced-cbca-4f94-a933-f51b202471bd chain_id=42161 from_address=0x8b172F820629b14cEAF859A6e159d1BcD3291Fe1}: cortex::pipeline: nonce reserved elapsed_ms=223 nonce=9
2026-04-05T10:20:09.147396Z  INFO ThreadId(05) pipeline{execution_id=4775747c-fe78-4982-b5d6-e50ae90bc525 chain_id=42161 from_address=0x2EAC739a1e05F4a05a5B8fD93D332c4353E5A7cD}: cortex::pipeline: transaction broadcasted: elapsed_ms=224 tx_hash=0x0bb083f88a3aafbe861ab11015fb792fa88556e59de747d792683f83cf38f739
2026-04-05T10:20:09.147779Z  INFO ThreadId(05) pipeline{execution_id=d44a94f0-88cf-43a3-b1f6-3c4effcba3b6 chain_id=1 from_address=0x2EAC739a1e05F4a05a5B8fD93D332c4353E5A7cD}: cortex::pipeline: nonce reserved elapsed_ms=224 nonce=8
2026-04-05T10:20:09.148214Z  INFO ThreadId(13) pipeline{execution_id=fa5e73f0-70f4-4732-ad72-968f87c063f4 chain_id=1 from_address=0x8AfE43fF49EBd5c4B8Cd1497ee77b437dd1711fc}: cortex::pipeline: nonce reserved elapsed_ms=224 nonce=9
2026-04-05T10:20:09.148322Z  INFO ThreadId(10) pipeline{execution_id=ccc0801a-c0bf-4b83-adea-e99bd8b88101 chain_id=137 from_address=0x8AfE43fF49EBd5c4B8Cd1497ee77b437dd1711fc}: cortex::pipeline: transaction signed elapsed_ms=224
2026-04-05T10:20:09.148859Z  INFO ThreadId(05) pipeline{execution_id=cd014ced-cbca-4f94-a933-f51b202471bd chain_id=42161 from_address=0x8b172F820629b14cEAF859A6e159d1BcD3291Fe1}: cortex::pipeline: transaction signed elapsed_ms=225
2026-04-05T10:20:09.149425Z  INFO ThreadId(11) pipeline{execution_id=5db17eb7-eb95-4012-98ef-e62e05118131 chain_id=137 from_address=0x2EAC739a1e05F4a05a5B8fD93D332c4353E5A7cD}: cortex::pipeline: transaction broadcasted: elapsed_ms=225 tx_hash=0x6fd78fa8f94d2db976f78eb432e82301de005d2158f96b0b67783ecbd933371c
2026-04-05T10:20:09.149659Z  INFO ThreadId(04) pipeline{execution_id=03c8898b-6f97-4389-b0bb-a600520484e0 chain_id=137 from_address=0xCFA80F1f22b0AD533F7d8e2CcC0A783aa4BCaFF3}: cortex::pipeline: nonce reserved elapsed_ms=225 nonce=3
2026-04-05T10:20:09.149926Z  INFO ThreadId(10) pipeline{execution_id=fa5e73f0-70f4-4732-ad72-968f87c063f4 chain_id=1 from_address=0x8AfE43fF49EBd5c4B8Cd1497ee77b437dd1711fc}: cortex::pipeline: transaction signed elapsed_ms=226
2026-04-05T10:20:09.150044Z  INFO ThreadId(11) pipeline{execution_id=d44a94f0-88cf-43a3-b1f6-3c4effcba3b6 chain_id=1 from_address=0x2EAC739a1e05F4a05a5B8fD93D332c4353E5A7cD}: cortex::pipeline: transaction signed elapsed_ms=226
2026-04-05T10:20:09.150915Z  INFO ThreadId(17) pipeline{execution_id=666fd910-a4af-4b10-896a-9673034a5332 chain_id=137 from_address=0x2EAC739a1e05F4a05a5B8fD93D332c4353E5A7cD}: cortex::pipeline: nonce reserved elapsed_ms=227 nonce=5
2026-04-05T10:20:09.151697Z  INFO ThreadId(17) pipeline{execution_id=03c8898b-6f97-4389-b0bb-a600520484e0 chain_id=137 from_address=0xCFA80F1f22b0AD533F7d8e2CcC0A783aa4BCaFF3}: cortex::pipeline: transaction signed elapsed_ms=227
2026-04-05T10:20:09.152665Z  INFO ThreadId(18) pipeline{execution_id=cd014ced-cbca-4f94-a933-f51b202471bd chain_id=42161 from_address=0x8b172F820629b14cEAF859A6e159d1BcD3291Fe1}: cortex::pipeline: transaction broadcasted: elapsed_ms=228 tx_hash=0x2091171650cfc5ab332367507e418b1a88b254e69b9dc5b80d78625c40b1f65e
2026-04-05T10:20:09.153441Z  INFO ThreadId(17) pipeline{execution_id=ccc0801a-c0bf-4b83-adea-e99bd8b88101 chain_id=137 from_address=0x8AfE43fF49EBd5c4B8Cd1497ee77b437dd1711fc}: cortex::pipeline: transaction broadcasted: elapsed_ms=229 tx_hash=0xd0b1c3331e00898cb57388ee80a939f60097afac7ccd8c255045437e721ba0c8
2026-04-05T10:20:09.154519Z  INFO ThreadId(08) pipeline{execution_id=54a6e2f5-5cdd-4099-a3c9-364643a93cdb chain_id=42161 from_address=0xfea6645D31443cF7Cf96eF1dB7823EB9365f98bf}: cortex::pipeline: nonce reserved elapsed_ms=230 nonce=3
2026-04-05T10:20:09.154674Z  INFO ThreadId(05) pipeline{execution_id=666fd910-a4af-4b10-896a-9673034a5332 chain_id=137 from_address=0x2EAC739a1e05F4a05a5B8fD93D332c4353E5A7cD}: cortex::pipeline: transaction signed elapsed_ms=231
2026-04-05T10:20:09.156086Z  INFO ThreadId(18) pipeline{execution_id=a8bf1104-357d-4ceb-ad12-c1f06eb750fe chain_id=1 from_address=0xfea6645D31443cF7Cf96eF1dB7823EB9365f98bf}: cortex::pipeline: nonce reserved elapsed_ms=231 nonce=8
2026-04-05T10:20:09.157316Z  INFO ThreadId(14) pipeline{execution_id=03c8898b-6f97-4389-b0bb-a600520484e0 chain_id=137 from_address=0xCFA80F1f22b0AD533F7d8e2CcC0A783aa4BCaFF3}: cortex::pipeline: transaction broadcasted: elapsed_ms=233 tx_hash=0xdfbe643ea2ca60f8868b4bf653b57d5471f9cee777da3e7e33c5d87d7bdfdaec
2026-04-05T10:20:09.157984Z  INFO ThreadId(06) pipeline{execution_id=1c5f7a0f-d941-4935-89b4-cef877e2b3c4 chain_id=1 from_address=0x2EAC739a1e05F4a05a5B8fD93D332c4353E5A7cD}: cortex::pipeline: nonce reserved elapsed_ms=233 nonce=9
2026-04-05T10:20:09.158052Z  INFO ThreadId(10) pipeline{execution_id=54a6e2f5-5cdd-4099-a3c9-364643a93cdb chain_id=42161 from_address=0xfea6645D31443cF7Cf96eF1dB7823EB9365f98bf}: cortex::pipeline: transaction signed elapsed_ms=234
2026-04-05T10:20:09.158721Z  INFO ThreadId(10) pipeline{execution_id=88cba843-44f7-484b-834a-4df4ae48442c chain_id=137 from_address=0xfea6645D31443cF7Cf96eF1dB7823EB9365f98bf}: cortex::pipeline: nonce reserved elapsed_ms=234 nonce=5
2026-04-05T10:20:09.160271Z  INFO ThreadId(04) pipeline{execution_id=a8bf1104-357d-4ceb-ad12-c1f06eb750fe chain_id=1 from_address=0xfea6645D31443cF7Cf96eF1dB7823EB9365f98bf}: cortex::pipeline: transaction signed elapsed_ms=235
2026-04-05T10:20:09.161054Z  INFO ThreadId(04) pipeline{execution_id=666fd910-a4af-4b10-896a-9673034a5332 chain_id=137 from_address=0x2EAC739a1e05F4a05a5B8fD93D332c4353E5A7cD}: cortex::pipeline: transaction broadcasted: elapsed_ms=237 tx_hash=0x7bf6608fc85a1c51d56e5c3b8cfdc7fccbcafcfd1627bbc9d955d3ee473b36ff
2026-04-05T10:20:09.161088Z  INFO ThreadId(07) pipeline{execution_id=1c5f7a0f-d941-4935-89b4-cef877e2b3c4 chain_id=1 from_address=0x2EAC739a1e05F4a05a5B8fD93D332c4353E5A7cD}: cortex::pipeline: transaction signed elapsed_ms=236
2026-04-05T10:20:09.161352Z  INFO ThreadId(06) pipeline{execution_id=88cba843-44f7-484b-834a-4df4ae48442c chain_id=137 from_address=0xfea6645D31443cF7Cf96eF1dB7823EB9365f98bf}: cortex::pipeline: transaction signed elapsed_ms=237
2026-04-05T10:20:09.162129Z  INFO ThreadId(06) pipeline{execution_id=54a6e2f5-5cdd-4099-a3c9-364643a93cdb chain_id=42161 from_address=0xfea6645D31443cF7Cf96eF1dB7823EB9365f98bf}: cortex::pipeline: transaction broadcasted: elapsed_ms=238 tx_hash=0xabb7ff813f212e581bdb07268eb45b44d08b31795ebc6748183a9fbad968be30
2026-04-05T10:20:09.163152Z  INFO ThreadId(06) pipeline{execution_id=b169201b-5e13-42a7-a9ce-f0998fa8ee33 chain_id=42161 from_address=0xCFA80F1f22b0AD533F7d8e2CcC0A783aa4BCaFF3}: cortex::pipeline: nonce reserved elapsed_ms=239 nonce=8
2026-04-05T10:20:09.163269Z  INFO ThreadId(07) pipeline{execution_id=bd561750-f6c4-4346-a8ff-5e11ce6c9dd2 chain_id=1 from_address=0x8AfE43fF49EBd5c4B8Cd1497ee77b437dd1711fc}: cortex::pipeline: nonce reserved elapsed_ms=238 nonce=10
2026-04-05T10:20:09.164302Z  INFO ThreadId(14) pipeline{execution_id=88cba843-44f7-484b-834a-4df4ae48442c chain_id=137 from_address=0xfea6645D31443cF7Cf96eF1dB7823EB9365f98bf}: cortex::pipeline: transaction broadcasted: elapsed_ms=240 tx_hash=0x49d441203da6f98e5e6221109aa3971b42d817954b65581c50d0e0f3ff4efe51
2026-04-05T10:20:09.164503Z  INFO ThreadId(07) pipeline{execution_id=470c45df-d3db-4913-ab5a-6b9c5f0b7a83 chain_id=1 from_address=0x2EAC739a1e05F4a05a5B8fD93D332c4353E5A7cD}: cortex::pipeline: nonce reserved elapsed_ms=239 nonce=10
2026-04-05T10:20:09.164790Z  INFO ThreadId(06) pipeline{execution_id=79b35d0d-d572-4691-ad77-3dfc2a9cd7ab chain_id=1 from_address=0x2EAC739a1e05F4a05a5B8fD93D332c4353E5A7cD}: cortex::pipeline: transaction broadcasted: elapsed_ms=248 tx_hash=0x2658d50fc9056205b696e7c76884b1ed61c90a7360c1150387b16442dccb900f
2026-04-05T10:20:09.164849Z  INFO ThreadId(04) pipeline{execution_id=b169201b-5e13-42a7-a9ce-f0998fa8ee33 chain_id=42161 from_address=0xCFA80F1f22b0AD533F7d8e2CcC0A783aa4BCaFF3}: cortex::pipeline: transaction signed elapsed_ms=240
2026-04-05T10:20:09.165032Z  INFO ThreadId(04) pipeline{execution_id=bd561750-f6c4-4346-a8ff-5e11ce6c9dd2 chain_id=1 from_address=0x8AfE43fF49EBd5c4B8Cd1497ee77b437dd1711fc}: cortex::pipeline: transaction signed elapsed_ms=240
2026-04-05T10:20:09.167201Z  INFO ThreadId(14) pipeline{execution_id=470c45df-d3db-4913-ab5a-6b9c5f0b7a83 chain_id=1 from_address=0x2EAC739a1e05F4a05a5B8fD93D332c4353E5A7cD}: cortex::pipeline: transaction signed elapsed_ms=242
2026-04-05T10:20:09.167455Z  INFO ThreadId(06) pipeline{execution_id=a844fb0b-7d4a-4630-bbf3-6e87a9e4a1cd chain_id=1 from_address=0x8AfE43fF49EBd5c4B8Cd1497ee77b437dd1711fc}: cortex::pipeline: nonce reserved elapsed_ms=243 nonce=11
2026-04-05T10:20:09.168089Z  INFO ThreadId(11) pipeline{execution_id=b169201b-5e13-42a7-a9ce-f0998fa8ee33 chain_id=42161 from_address=0xCFA80F1f22b0AD533F7d8e2CcC0A783aa4BCaFF3}: cortex::pipeline: transaction broadcasted: elapsed_ms=243 tx_hash=0xb17bc8b6623f8977f880dc291e66fa0e5460a98e01ba56ef2815bda6608af011
2026-04-05T10:20:09.168151Z  INFO ThreadId(10) pipeline{execution_id=192434ea-de00-4bfe-8b11-ef2b2811be74 chain_id=1 from_address=0x8b172F820629b14cEAF859A6e159d1BcD3291Fe1}: cortex::pipeline: transaction broadcasted: elapsed_ms=252 tx_hash=0x687e09145bc7cce2c08c279ffe1a9d57b89e2d74ab5bc8326e7e0d9f2366fa85
2026-04-05T10:20:09.169525Z  INFO ThreadId(14) pipeline{execution_id=f25a5c40-a22f-421b-a133-5cf5074e6b52 chain_id=137 from_address=0x8b172F820629b14cEAF859A6e159d1BcD3291Fe1}: cortex::pipeline: nonce reserved elapsed_ms=244 nonce=2
2026-04-05T10:20:09.169688Z  INFO ThreadId(04) pipeline{execution_id=66e23f29-2e1b-4f64-8fff-b333a3434be4 chain_id=1 from_address=0x8AfE43fF49EBd5c4B8Cd1497ee77b437dd1711fc}: cortex::pipeline: nonce reserved elapsed_ms=244 nonce=12
2026-04-05T10:20:09.169708Z  INFO ThreadId(11) pipeline{execution_id=a844fb0b-7d4a-4630-bbf3-6e87a9e4a1cd chain_id=1 from_address=0x8AfE43fF49EBd5c4B8Cd1497ee77b437dd1711fc}: cortex::pipeline: transaction signed elapsed_ms=245
2026-04-05T10:20:09.170904Z  INFO ThreadId(14) pipeline{execution_id=4d6122f5-c2fc-4cbc-b976-77b0e2411100 chain_id=137 from_address=0x8AfE43fF49EBd5c4B8Cd1497ee77b437dd1711fc}: cortex::pipeline: nonce reserved elapsed_ms=246 nonce=8
2026-04-05T10:20:09.171033Z  INFO ThreadId(10) pipeline{execution_id=29b3aa25-7aea-4b7f-9255-9c40c6f19a51 chain_id=1 from_address=0x8AfE43fF49EBd5c4B8Cd1497ee77b437dd1711fc}: cortex::pipeline: transaction broadcasted: elapsed_ms=255 tx_hash=0x02945b4f7c1a83522ae04300ac88ad92c1abb95135e80ad3b0f49e2e1aa827de
2026-04-05T10:20:09.171910Z  INFO ThreadId(14) pipeline{execution_id=f25a5c40-a22f-421b-a133-5cf5074e6b52 chain_id=137 from_address=0x8b172F820629b14cEAF859A6e159d1BcD3291Fe1}: cortex::pipeline: transaction signed elapsed_ms=247
2026-04-05T10:20:09.172232Z  INFO ThreadId(11) pipeline{execution_id=66e23f29-2e1b-4f64-8fff-b333a3434be4 chain_id=1 from_address=0x8AfE43fF49EBd5c4B8Cd1497ee77b437dd1711fc}: cortex::pipeline: transaction signed elapsed_ms=247
2026-04-05T10:20:09.172266Z  INFO ThreadId(10) pipeline{execution_id=5cef5585-ce0f-4689-bb90-384dc373beff chain_id=42161 from_address=0x8AfE43fF49EBd5c4B8Cd1497ee77b437dd1711fc}: cortex::pipeline: nonce reserved elapsed_ms=247 nonce=5
2026-04-05T10:20:09.172676Z  INFO ThreadId(14) pipeline{execution_id=b0428139-b683-4836-8d4a-16c1eb09a552 chain_id=137 from_address=0x2EAC739a1e05F4a05a5B8fD93D332c4353E5A7cD}: cortex::pipeline: nonce reserved elapsed_ms=248 nonce=6
2026-04-05T10:20:09.173496Z  INFO ThreadId(06) pipeline{execution_id=4d6122f5-c2fc-4cbc-b976-77b0e2411100 chain_id=137 from_address=0x8AfE43fF49EBd5c4B8Cd1497ee77b437dd1711fc}: cortex::pipeline: transaction signed elapsed_ms=248
2026-04-05T10:20:09.174769Z  INFO ThreadId(14) pipeline{execution_id=5cef5585-ce0f-4689-bb90-384dc373beff chain_id=42161 from_address=0x8AfE43fF49EBd5c4B8Cd1497ee77b437dd1711fc}: cortex::pipeline: transaction signed elapsed_ms=249
2026-04-05T10:20:09.175136Z  INFO ThreadId(06) pipeline{execution_id=f25a5c40-a22f-421b-a133-5cf5074e6b52 chain_id=137 from_address=0x8b172F820629b14cEAF859A6e159d1BcD3291Fe1}: cortex::pipeline: transaction broadcasted: elapsed_ms=250 tx_hash=0x585ea0e44d700c24b6391296403853a28efdd3a1f6cb4c99f39b484ea2e096e4
2026-04-05T10:20:09.175147Z  INFO ThreadId(04) pipeline{execution_id=b0428139-b683-4836-8d4a-16c1eb09a552 chain_id=137 from_address=0x2EAC739a1e05F4a05a5B8fD93D332c4353E5A7cD}: cortex::pipeline: transaction signed elapsed_ms=250
2026-04-05T10:20:09.175162Z  INFO ThreadId(14) pipeline{execution_id=e870a10e-5704-4f6c-819a-4c1ba5bb8bb9 chain_id=1 from_address=0xfea6645D31443cF7Cf96eF1dB7823EB9365f98bf}: cortex::pipeline: transaction broadcasted: elapsed_ms=258 tx_hash=0xfa40a9ca815d5d9950babf8e3ac1898c7e59bc3dc9b28b31106d8cff27413d08
2026-04-05T10:20:09.175345Z  INFO ThreadId(10) pipeline{execution_id=a4cbf7d4-12fa-4efa-8bbc-e84aa46cbd1b chain_id=42161 from_address=0xfea6645D31443cF7Cf96eF1dB7823EB9365f98bf}: cortex::pipeline: nonce reserved elapsed_ms=250 nonce=4
2026-04-05T10:20:09.175602Z  INFO ThreadId(10) pipeline{execution_id=d52439fb-9971-44f6-b16c-09900b4fb608 chain_id=42161 from_address=0x2EAC739a1e05F4a05a5B8fD93D332c4353E5A7cD}: cortex::pipeline: nonce reserved elapsed_ms=250 nonce=7
2026-04-05T10:20:09.176766Z  INFO ThreadId(06) pipeline{execution_id=0bb8c4cf-a0fa-4d51-961e-877c4b67236b chain_id=137 from_address=0x8AfE43fF49EBd5c4B8Cd1497ee77b437dd1711fc}: cortex::pipeline: nonce reserved elapsed_ms=252 nonce=9
2026-04-05T10:20:09.177309Z  INFO ThreadId(13) pipeline{execution_id=d52439fb-9971-44f6-b16c-09900b4fb608 chain_id=42161 from_address=0x2EAC739a1e05F4a05a5B8fD93D332c4353E5A7cD}: cortex::pipeline: transaction signed elapsed_ms=252
2026-04-05T10:20:09.177470Z  INFO ThreadId(07) pipeline{execution_id=0a77bd0e-c9f4-4c0e-bf21-3e48a336169f chain_id=1 from_address=0xfea6645D31443cF7Cf96eF1dB7823EB9365f98bf}: cortex::pipeline: transaction broadcasted: elapsed_ms=260 tx_hash=0x7577bc7ef40038b986f610a6e1561509572e3730bb4f75c6b92f8592b27086e5
2026-04-05T10:20:09.177615Z  INFO ThreadId(16) pipeline{execution_id=5cef5585-ce0f-4689-bb90-384dc373beff chain_id=42161 from_address=0x8AfE43fF49EBd5c4B8Cd1497ee77b437dd1711fc}: cortex::pipeline: transaction broadcasted: elapsed_ms=252 tx_hash=0x0f553116ca8df1fe670505161a70285d752d26033a4f58f488c8bc802310c686
2026-04-05T10:20:09.177897Z  INFO ThreadId(16) pipeline{execution_id=a4cbf7d4-12fa-4efa-8bbc-e84aa46cbd1b chain_id=42161 from_address=0xfea6645D31443cF7Cf96eF1dB7823EB9365f98bf}: cortex::pipeline: transaction signed elapsed_ms=252
2026-04-05T10:20:09.178294Z  INFO ThreadId(13) pipeline{execution_id=0bb8c4cf-a0fa-4d51-961e-877c4b67236b chain_id=137 from_address=0x8AfE43fF49EBd5c4B8Cd1497ee77b437dd1711fc}: cortex::pipeline: transaction signed elapsed_ms=253
2026-04-05T10:20:09.178338Z  INFO ThreadId(07) pipeline{execution_id=4d6122f5-c2fc-4cbc-b976-77b0e2411100 chain_id=137 from_address=0x8AfE43fF49EBd5c4B8Cd1497ee77b437dd1711fc}: cortex::pipeline: transaction broadcasted: elapsed_ms=253 tx_hash=0x8efc80f86c9282e920de4d80d0cb5f5f9e921ac5ccb0917c08acdb3b66e1f47f
2026-04-05T10:20:09.179023Z  INFO ThreadId(16) pipeline{execution_id=6fbefd2f-daec-4d7a-8b6d-053c7697d1b5 chain_id=137 from_address=0x8AfE43fF49EBd5c4B8Cd1497ee77b437dd1711fc}: cortex::pipeline: nonce reserved elapsed_ms=253 nonce=10
2026-04-05T10:20:09.179083Z  INFO ThreadId(07) pipeline{execution_id=03bd649c-c0b4-46f3-83ec-27b9dcb82002 chain_id=137 from_address=0x8b172F820629b14cEAF859A6e159d1BcD3291Fe1}: cortex::pipeline: nonce reserved elapsed_ms=253 nonce=3
2026-04-05T10:20:09.180043Z  INFO ThreadId(16) pipeline{execution_id=d52439fb-9971-44f6-b16c-09900b4fb608 chain_id=42161 from_address=0x2EAC739a1e05F4a05a5B8fD93D332c4353E5A7cD}: cortex::pipeline: transaction broadcasted: elapsed_ms=255 tx_hash=0xe3d5448ca32d38209e1c35a2cf0de928b6f3503d6b8788c34a1abb8fe6bd4ee3
2026-04-05T10:20:09.180248Z  INFO ThreadId(10) pipeline{execution_id=168b67f3-5370-428a-87dd-2dd36df80a64 chain_id=1 from_address=0xCFA80F1f22b0AD533F7d8e2CcC0A783aa4BCaFF3}: cortex::pipeline: transaction broadcasted: elapsed_ms=263 tx_hash=0xa2aae302b51abbb8239a408d59f015a69403c9207f397f5756e1bffa0f4d54d5
2026-04-05T10:20:09.180543Z  INFO ThreadId(13) pipeline{execution_id=b0428139-b683-4836-8d4a-16c1eb09a552 chain_id=137 from_address=0x2EAC739a1e05F4a05a5B8fD93D332c4353E5A7cD}: cortex::pipeline: transaction broadcasted: elapsed_ms=255 tx_hash=0xbccc9e9a19441c20a8970fc6f7c7f0862b0a88efed31236c0da777b758bb0cb7
2026-04-05T10:20:09.181030Z  INFO ThreadId(11) pipeline{execution_id=665657ee-d28c-4a87-99c9-731d9e4380b2 chain_id=1 from_address=0x8b172F820629b14cEAF859A6e159d1BcD3291Fe1}: cortex::pipeline: nonce reserved elapsed_ms=255 nonce=8
2026-04-05T10:20:09.181434Z  INFO ThreadId(11) pipeline{execution_id=6fbefd2f-daec-4d7a-8b6d-053c7697d1b5 chain_id=137 from_address=0x8AfE43fF49EBd5c4B8Cd1497ee77b437dd1711fc}: cortex::pipeline: transaction signed elapsed_ms=256
2026-04-05T10:20:09.181725Z  INFO ThreadId(10) pipeline{execution_id=03bd649c-c0b4-46f3-83ec-27b9dcb82002 chain_id=137 from_address=0x8b172F820629b14cEAF859A6e159d1BcD3291Fe1}: cortex::pipeline: transaction signed elapsed_ms=256
2026-04-05T10:20:09.181959Z  INFO ThreadId(16) pipeline{execution_id=fcb4f44b-05d4-4166-8919-b5213bb403b0 chain_id=137 from_address=0x8AfE43fF49EBd5c4B8Cd1497ee77b437dd1711fc}: cortex::pipeline: nonce reserved elapsed_ms=256 nonce=11
2026-04-05T10:20:09.182869Z  INFO ThreadId(10) pipeline{execution_id=a4cbf7d4-12fa-4efa-8bbc-e84aa46cbd1b chain_id=42161 from_address=0xfea6645D31443cF7Cf96eF1dB7823EB9365f98bf}: cortex::pipeline: transaction broadcasted: elapsed_ms=257 tx_hash=0x844fe0fd914c44b9c103ca308549303dc7cca9bdd1d19a007e9934253cd70ebd
2026-04-05T10:20:09.183315Z  INFO ThreadId(16) pipeline{execution_id=020c4dea-c76f-4333-810d-052f52ef8ec5 chain_id=1 from_address=0x2EAC739a1e05F4a05a5B8fD93D332c4353E5A7cD}: cortex::pipeline: transaction broadcasted: elapsed_ms=266 tx_hash=0xa214036514ca213a0b3067f6aa4bf6c018aec7b17895d68851113740b668b1e4
2026-04-05T10:20:09.183811Z  INFO ThreadId(07) pipeline{execution_id=fcb4f44b-05d4-4166-8919-b5213bb403b0 chain_id=137 from_address=0x8AfE43fF49EBd5c4B8Cd1497ee77b437dd1711fc}: cortex::pipeline: transaction signed elapsed_ms=258
2026-04-05T10:20:09.183825Z  INFO ThreadId(04) pipeline{execution_id=665657ee-d28c-4a87-99c9-731d9e4380b2 chain_id=1 from_address=0x8b172F820629b14cEAF859A6e159d1BcD3291Fe1}: cortex::pipeline: transaction signed elapsed_ms=258
2026-04-05T10:20:09.184772Z  INFO ThreadId(07) pipeline{execution_id=0bb8c4cf-a0fa-4d51-961e-877c4b67236b chain_id=137 from_address=0x8AfE43fF49EBd5c4B8Cd1497ee77b437dd1711fc}: cortex::pipeline: transaction broadcasted: elapsed_ms=260 tx_hash=0x6928500dfc2b17c35641b216f47885d22592e910eb88be3da33069ed9b1d6f05
2026-04-05T10:20:09.184977Z  INFO ThreadId(10) pipeline{execution_id=2c05de49-0684-4937-8f21-f3dcada68e5c chain_id=42161 from_address=0xCFA80F1f22b0AD533F7d8e2CcC0A783aa4BCaFF3}: cortex::pipeline: nonce reserved elapsed_ms=259 nonce=9
2026-04-05T10:20:09.186220Z  INFO ThreadId(11) pipeline{execution_id=b02ff932-41ee-4312-ad86-b5930abe859f chain_id=1 from_address=0x8AfE43fF49EBd5c4B8Cd1497ee77b437dd1711fc}: cortex::pipeline: nonce reserved elapsed_ms=260 nonce=13
2026-04-05T10:20:09.186294Z  INFO ThreadId(13) pipeline{execution_id=5599c5fc-bc1d-4988-833b-c2e95466a078 chain_id=1 from_address=0x2EAC739a1e05F4a05a5B8fD93D332c4353E5A7cD}: cortex::pipeline: transaction broadcasted: elapsed_ms=268 tx_hash=0xfed73a3e4506894de249792c008e3c6003655ae6ed148e4cec7c358c78af7ce2
2026-04-05T10:20:09.186304Z  INFO ThreadId(10) pipeline{execution_id=066fdc12-7f87-45be-a800-5d96952037bd chain_id=137 from_address=0xfea6645D31443cF7Cf96eF1dB7823EB9365f98bf}: cortex::pipeline: nonce reserved elapsed_ms=261 nonce=6
2026-04-05T10:20:09.187012Z  INFO ThreadId(14) pipeline{execution_id=2c05de49-0684-4937-8f21-f3dcada68e5c chain_id=42161 from_address=0xCFA80F1f22b0AD533F7d8e2CcC0A783aa4BCaFF3}: cortex::pipeline: transaction signed elapsed_ms=261
2026-04-05T10:20:09.187142Z  INFO ThreadId(04) pipeline{execution_id=6fbefd2f-daec-4d7a-8b6d-053c7697d1b5 chain_id=137 from_address=0x8AfE43fF49EBd5c4B8Cd1497ee77b437dd1711fc}: cortex::pipeline: transaction broadcasted: elapsed_ms=262 tx_hash=0x7c615cbeb352ecb3a874a0e258e93476f4eb0e6ff6f917d47937e8ed5793fe7e
2026-04-05T10:20:09.187600Z  INFO ThreadId(14) pipeline{execution_id=2f8d6a03-1554-4e72-8299-6e59675ec647 chain_id=1 from_address=0x2EAC739a1e05F4a05a5B8fD93D332c4353E5A7cD}: cortex::pipeline: nonce reserved elapsed_ms=262 nonce=11
2026-04-05T10:20:09.188085Z  INFO ThreadId(06) pipeline{execution_id=066fdc12-7f87-45be-a800-5d96952037bd chain_id=137 from_address=0xfea6645D31443cF7Cf96eF1dB7823EB9365f98bf}: cortex::pipeline: transaction signed elapsed_ms=262
2026-04-05T10:20:09.188721Z  INFO ThreadId(06) pipeline{execution_id=c1aa69ca-a2ab-48ef-98b0-1fe040ddf8f5 chain_id=42161 from_address=0x8b172F820629b14cEAF859A6e159d1BcD3291Fe1}: cortex::pipeline: nonce reserved elapsed_ms=263 nonce=10
2026-04-05T10:20:09.188777Z  INFO ThreadId(14) pipeline{execution_id=b02ff932-41ee-4312-ad86-b5930abe859f chain_id=1 from_address=0x8AfE43fF49EBd5c4B8Cd1497ee77b437dd1711fc}: cortex::pipeline: transaction signed elapsed_ms=263
2026-04-05T10:20:09.189356Z  INFO ThreadId(16) pipeline{execution_id=b39c1ee0-53a5-4ff8-afc8-f513bb1f70f2 chain_id=1 from_address=0x8b172F820629b14cEAF859A6e159d1BcD3291Fe1}: cortex::pipeline: transaction broadcasted: elapsed_ms=271 tx_hash=0xb15a58c138643e9fea2f98ee5827b47bce825b1ce1f41866b8ed226c3828ef36
2026-04-05T10:20:09.189528Z  INFO ThreadId(07) pipeline{execution_id=2f8d6a03-1554-4e72-8299-6e59675ec647 chain_id=1 from_address=0x2EAC739a1e05F4a05a5B8fD93D332c4353E5A7cD}: cortex::pipeline: transaction signed elapsed_ms=264
2026-04-05T10:20:09.189867Z  INFO ThreadId(07) pipeline{execution_id=03bd649c-c0b4-46f3-83ec-27b9dcb82002 chain_id=137 from_address=0x8b172F820629b14cEAF859A6e159d1BcD3291Fe1}: cortex::pipeline: transaction broadcasted: elapsed_ms=264 tx_hash=0x937f58df35876b5e8560a197a0a23b8cbd53dd9be29037fd480cd97c8c1bfae1
2026-04-05T10:20:09.190371Z  INFO ThreadId(16) pipeline{execution_id=c1aa69ca-a2ab-48ef-98b0-1fe040ddf8f5 chain_id=42161 from_address=0x8b172F820629b14cEAF859A6e159d1BcD3291Fe1}: cortex::pipeline: transaction signed elapsed_ms=264
2026-04-05T10:20:09.190393Z  INFO ThreadId(06) pipeline{execution_id=2c05de49-0684-4937-8f21-f3dcada68e5c chain_id=42161 from_address=0xCFA80F1f22b0AD533F7d8e2CcC0A783aa4BCaFF3}: cortex::pipeline: transaction broadcasted: elapsed_ms=265 tx_hash=0x7cc8d93e4854a905759adff9938c12cbab65b2aad42db731e5bca6e7d2efe44d
2026-04-05T10:20:09.190984Z  INFO ThreadId(04) pipeline{execution_id=02e7449e-c91c-4303-a477-98682ea739b5 chain_id=137 from_address=0xCFA80F1f22b0AD533F7d8e2CcC0A783aa4BCaFF3}: cortex::pipeline: nonce reserved elapsed_ms=265 nonce=4
2026-04-05T10:20:09.191596Z  INFO ThreadId(16) pipeline{execution_id=1b363e63-1cf8-4011-bc58-d8cbbb55d514 chain_id=1 from_address=0x8AfE43fF49EBd5c4B8Cd1497ee77b437dd1711fc}: cortex::pipeline: nonce reserved elapsed_ms=266 nonce=14
2026-04-05T10:20:09.192300Z  INFO ThreadId(16) pipeline{execution_id=dc6e6c8a-f46d-4e28-bd7d-91f4391f0ab0 chain_id=1 from_address=0xfea6645D31443cF7Cf96eF1dB7823EB9365f98bf}: cortex::pipeline: transaction broadcasted: elapsed_ms=274 tx_hash=0xd6355de80e510fcde906f648e374c175fbdd88ee05b7016f2668f6dbde420168
2026-04-05T10:20:09.192474Z  INFO ThreadId(07) pipeline{execution_id=321565b2-43b0-4ab8-80f0-19702cf8dd4c chain_id=137 from_address=0xCFA80F1f22b0AD533F7d8e2CcC0A783aa4BCaFF3}: cortex::pipeline: nonce reserved elapsed_ms=266 nonce=5
2026-04-05T10:20:09.192896Z  INFO ThreadId(04) pipeline{execution_id=fcb4f44b-05d4-4166-8919-b5213bb403b0 chain_id=137 from_address=0x8AfE43fF49EBd5c4B8Cd1497ee77b437dd1711fc}: cortex::pipeline: transaction broadcasted: elapsed_ms=267 tx_hash=0x13452b1b0a7d7e144455692c8e0aade7a997d8cb9000979f685cd26cb4a58e7c
2026-04-05T10:20:09.193518Z  INFO ThreadId(11) pipeline{execution_id=02e7449e-c91c-4303-a477-98682ea739b5 chain_id=137 from_address=0xCFA80F1f22b0AD533F7d8e2CcC0A783aa4BCaFF3}: cortex::pipeline: transaction signed elapsed_ms=268
2026-04-05T10:20:09.194162Z  INFO ThreadId(04) pipeline{execution_id=1b363e63-1cf8-4011-bc58-d8cbbb55d514 chain_id=1 from_address=0x8AfE43fF49EBd5c4B8Cd1497ee77b437dd1711fc}: cortex::pipeline: transaction signed elapsed_ms=268
2026-04-05T10:20:09.194182Z  INFO ThreadId(07) pipeline{execution_id=dba36cc6-46d8-4939-bb61-724fe6ad8e59 chain_id=137 from_address=0xCFA80F1f22b0AD533F7d8e2CcC0A783aa4BCaFF3}: cortex::pipeline: nonce reserved elapsed_ms=268 nonce=6
2026-04-05T10:20:09.194253Z  INFO ThreadId(13) pipeline{execution_id=c1aa69ca-a2ab-48ef-98b0-1fe040ddf8f5 chain_id=42161 from_address=0x8b172F820629b14cEAF859A6e159d1BcD3291Fe1}: cortex::pipeline: transaction broadcasted: elapsed_ms=268 tx_hash=0xf1e7061f038729a1c90f1293150340a23ab083e0aae935b2da8bd10bbd08120c
2026-04-05T10:20:09.195195Z  INFO ThreadId(16) pipeline{execution_id=cb40aaf5-744d-46bf-a391-96f05fc87a53 chain_id=1 from_address=0x2EAC739a1e05F4a05a5B8fD93D332c4353E5A7cD}: cortex::pipeline: transaction broadcasted: elapsed_ms=276 tx_hash=0x6a98801e4b9e418931526baefce6b794b44b02033eb506c66e511af5b733364f
2026-04-05T10:20:09.195235Z  INFO ThreadId(07) pipeline{execution_id=321565b2-43b0-4ab8-80f0-19702cf8dd4c chain_id=137 from_address=0xCFA80F1f22b0AD533F7d8e2CcC0A783aa4BCaFF3}: cortex::pipeline: transaction signed elapsed_ms=269
2026-04-05T10:20:09.195744Z  INFO ThreadId(18) pipeline{execution_id=066fdc12-7f87-45be-a800-5d96952037bd chain_id=137 from_address=0xfea6645D31443cF7Cf96eF1dB7823EB9365f98bf}: cortex::pipeline: transaction broadcasted: elapsed_ms=270 tx_hash=0x9b0cd45d7ff622499bfe2d86a7103a57e6cbcf6826d376a85d73de97c20260dd
2026-04-05T10:20:09.196324Z  INFO ThreadId(07) pipeline{execution_id=dba36cc6-46d8-4939-bb61-724fe6ad8e59 chain_id=137 from_address=0xCFA80F1f22b0AD533F7d8e2CcC0A783aa4BCaFF3}: cortex::pipeline: transaction signed elapsed_ms=270
2026-04-05T10:20:09.196374Z  INFO ThreadId(16) pipeline{execution_id=17582e1d-731c-4945-8729-cddaafb6882e chain_id=1 from_address=0xCFA80F1f22b0AD533F7d8e2CcC0A783aa4BCaFF3}: cortex::pipeline: nonce reserved elapsed_ms=270 nonce=5
2026-04-05T10:20:09.197981Z  INFO ThreadId(06) pipeline{execution_id=5dc9877f-6a36-4e78-9f70-b03469d8bbf3 chain_id=1 from_address=0xfea6645D31443cF7Cf96eF1dB7823EB9365f98bf}: cortex::pipeline: nonce reserved elapsed_ms=272 nonce=9
2026-04-05T10:20:09.199168Z  INFO ThreadId(14) pipeline{execution_id=67ae4668-172b-4fcf-8c4c-f0d93e6de619 chain_id=1 from_address=0x8b172F820629b14cEAF859A6e159d1BcD3291Fe1}: cortex::pipeline: transaction broadcasted: elapsed_ms=279 tx_hash=0x7feb85f3b5ec878caa92a249a0ff5820409acf998e39b76328b360e3602e49d5
2026-04-05T10:20:09.199475Z  INFO ThreadId(16) pipeline{execution_id=17582e1d-731c-4945-8729-cddaafb6882e chain_id=1 from_address=0xCFA80F1f22b0AD533F7d8e2CcC0A783aa4BCaFF3}: cortex::pipeline: transaction signed elapsed_ms=273
2026-04-05T10:20:09.199532Z  INFO ThreadId(08) pipeline{execution_id=3413118f-0245-4cbd-a814-aea19f3bbc38 chain_id=137 from_address=0x8b172F820629b14cEAF859A6e159d1BcD3291Fe1}: cortex::pipeline: nonce reserved elapsed_ms=273 nonce=4
2026-04-05T10:20:09.199792Z  INFO ThreadId(06) pipeline{execution_id=02e7449e-c91c-4303-a477-98682ea739b5 chain_id=137 from_address=0xCFA80F1f22b0AD533F7d8e2CcC0A783aa4BCaFF3}: cortex::pipeline: transaction broadcasted: elapsed_ms=274 tx_hash=0x3e858c968055bc152f0ab8ec28038dd837e315929328689a6a6c54064cdac911
2026-04-05T10:20:09.200481Z  INFO ThreadId(16) pipeline{execution_id=5dc9877f-6a36-4e78-9f70-b03469d8bbf3 chain_id=1 from_address=0xfea6645D31443cF7Cf96eF1dB7823EB9365f98bf}: cortex::pipeline: transaction signed elapsed_ms=274
2026-04-05T10:20:09.201465Z  INFO ThreadId(04) pipeline{execution_id=aa84a089-1b30-4cfa-8284-bde98ab35277 chain_id=1 from_address=0xCFA80F1f22b0AD533F7d8e2CcC0A783aa4BCaFF3}: cortex::pipeline: nonce reserved elapsed_ms=277 nonce=6
2026-04-05T10:20:09.202040Z  INFO ThreadId(16) pipeline{execution_id=3413118f-0245-4cbd-a814-aea19f3bbc38 chain_id=137 from_address=0x8b172F820629b14cEAF859A6e159d1BcD3291Fe1}: cortex::pipeline: transaction signed elapsed_ms=276
2026-04-05T10:20:09.202829Z  INFO ThreadId(04) pipeline{execution_id=b9ab5343-015a-4aa0-aa48-4466c605318f chain_id=1 from_address=0xfea6645D31443cF7Cf96eF1dB7823EB9365f98bf}: cortex::pipeline: transaction broadcasted: elapsed_ms=283 tx_hash=0x9961c16a003a7a0a095f3d920eb8a1f223c50f7de263b9e3066c4003f894278a
2026-04-05T10:20:09.202973Z  INFO ThreadId(04) pipeline{execution_id=76cf31a6-c066-4134-9517-6251fabd1451 chain_id=137 from_address=0x2EAC739a1e05F4a05a5B8fD93D332c4353E5A7cD}: cortex::pipeline: nonce reserved elapsed_ms=277 nonce=7
2026-04-05T10:20:09.203331Z  INFO ThreadId(06) pipeline{execution_id=321565b2-43b0-4ab8-80f0-19702cf8dd4c chain_id=137 from_address=0xCFA80F1f22b0AD533F7d8e2CcC0A783aa4BCaFF3}: cortex::pipeline: transaction broadcasted: elapsed_ms=277 tx_hash=0xcd6c71b0a29aaba2583d28e0c8bb1b2a8b5f0ce4a3d7257ee7131e42c1280361
2026-04-05T10:20:09.204645Z  INFO ThreadId(10) pipeline{execution_id=aa84a089-1b30-4cfa-8284-bde98ab35277 chain_id=1 from_address=0xCFA80F1f22b0AD533F7d8e2CcC0A783aa4BCaFF3}: cortex::pipeline: transaction signed elapsed_ms=280
2026-04-05T10:20:09.204751Z  INFO ThreadId(09) pipeline{execution_id=0dbdc9b5-a60e-43d9-8649-b7ef216d7ee0 chain_id=137 from_address=0x8b172F820629b14cEAF859A6e159d1BcD3291Fe1}: cortex::pipeline: nonce reserved elapsed_ms=278 nonce=5
2026-04-05T10:20:09.206486Z  INFO ThreadId(07) pipeline{execution_id=76cf31a6-c066-4134-9517-6251fabd1451 chain_id=137 from_address=0x2EAC739a1e05F4a05a5B8fD93D332c4353E5A7cD}: cortex::pipeline: transaction signed elapsed_ms=280
2026-04-05T10:20:09.206997Z  INFO ThreadId(06) pipeline{execution_id=b14522bf-f91f-4805-bbfa-ee63baa1b0b3 chain_id=1 from_address=0x8b172F820629b14cEAF859A6e159d1BcD3291Fe1}: cortex::pipeline: transaction broadcasted: elapsed_ms=287 tx_hash=0x18737922c919c67e136c167b00d00cbe7e7011b0e10a2de1ed4558b5fc221981
2026-04-05T10:20:09.207172Z  INFO ThreadId(11) pipeline{execution_id=5743201d-34b7-459d-abe9-1aa271a85eab chain_id=137 from_address=0x8AfE43fF49EBd5c4B8Cd1497ee77b437dd1711fc}: cortex::pipeline: nonce reserved elapsed_ms=281 nonce=12
2026-04-05T10:20:09.207434Z  INFO ThreadId(16) pipeline{execution_id=dba36cc6-46d8-4939-bb61-724fe6ad8e59 chain_id=137 from_address=0xCFA80F1f22b0AD533F7d8e2CcC0A783aa4BCaFF3}: cortex::pipeline: transaction broadcasted: elapsed_ms=281 tx_hash=0x90ab7ed9ccac9d1df938ccfa96e3083c01b1ea79957872d868d46cc596d25bcc
2026-04-05T10:20:09.207636Z  INFO ThreadId(12) pipeline{execution_id=0dbdc9b5-a60e-43d9-8649-b7ef216d7ee0 chain_id=137 from_address=0x8b172F820629b14cEAF859A6e159d1BcD3291Fe1}: cortex::pipeline: transaction signed elapsed_ms=281
2026-04-05T10:20:09.209455Z  INFO ThreadId(13) pipeline{execution_id=1e1cce8b-5b08-4674-8f14-6b08985e6fab chain_id=42161 from_address=0x8b172F820629b14cEAF859A6e159d1BcD3291Fe1}: cortex::pipeline: nonce reserved elapsed_ms=283 nonce=11
2026-04-05T10:20:09.209859Z  INFO ThreadId(10) pipeline{execution_id=5743201d-34b7-459d-abe9-1aa271a85eab chain_id=137 from_address=0x8AfE43fF49EBd5c4B8Cd1497ee77b437dd1711fc}: cortex::pipeline: transaction signed elapsed_ms=284
2026-04-05T10:20:09.210877Z  INFO ThreadId(10) pipeline{execution_id=3413118f-0245-4cbd-a814-aea19f3bbc38 chain_id=137 from_address=0x8b172F820629b14cEAF859A6e159d1BcD3291Fe1}: cortex::pipeline: transaction broadcasted: elapsed_ms=285 tx_hash=0x97d31a4cdb42801bef5897693f5761efecb480690501dbea88f4ba1e80882615
2026-04-05T10:20:09.211081Z  INFO ThreadId(13) pipeline{execution_id=18553b77-7f58-4304-b71e-919c42900235 chain_id=1 from_address=0x8AfE43fF49EBd5c4B8Cd1497ee77b437dd1711fc}: cortex::pipeline: transaction broadcasted: elapsed_ms=291 tx_hash=0xae965a948d4d7e382ec5a0d5db805fc6ecad1b6c6cfb6d15d311b25fddf7f20c
2026-04-05T10:20:09.211474Z  INFO ThreadId(13) pipeline{execution_id=1e1cce8b-5b08-4674-8f14-6b08985e6fab chain_id=42161 from_address=0x8b172F820629b14cEAF859A6e159d1BcD3291Fe1}: cortex::pipeline: transaction signed elapsed_ms=285
2026-04-05T10:20:09.213760Z  INFO ThreadId(13) pipeline{execution_id=58abf875-b0b0-449d-bc37-8a3d1ed31df6 chain_id=137 from_address=0x8AfE43fF49EBd5c4B8Cd1497ee77b437dd1711fc}: cortex::pipeline: nonce reserved elapsed_ms=287 nonce=13
2026-04-05T10:20:09.213829Z  INFO ThreadId(10) pipeline{execution_id=1f07c102-4270-4127-be35-0a576d3d8930 chain_id=137 from_address=0x2EAC739a1e05F4a05a5B8fD93D332c4353E5A7cD}: cortex::pipeline: nonce reserved elapsed_ms=287 nonce=8
2026-04-05T10:20:09.214280Z  INFO ThreadId(17) pipeline{execution_id=18f52b9e-a4c5-43d7-ad5d-c1abd1ae73f3 chain_id=1 from_address=0xCFA80F1f22b0AD533F7d8e2CcC0A783aa4BCaFF3}: cortex::pipeline: transaction broadcasted: elapsed_ms=294 tx_hash=0xcf4534f24eb77710fc3be5fc564bb11c344d22dfa8a0a9864f554ebc74e243a8
2026-04-05T10:20:09.214283Z  INFO ThreadId(09) pipeline{execution_id=1e1cce8b-5b08-4674-8f14-6b08985e6fab chain_id=42161 from_address=0x8b172F820629b14cEAF859A6e159d1BcD3291Fe1}: cortex::pipeline: transaction broadcasted: elapsed_ms=288 tx_hash=0x8b5576b274907699ae004da38ed029f8e7b4b2a36a475a6c09719fc2d512d26a
2026-04-05T10:20:09.214472Z  INFO ThreadId(17) pipeline{execution_id=76cf31a6-c066-4134-9517-6251fabd1451 chain_id=137 from_address=0x2EAC739a1e05F4a05a5B8fD93D332c4353E5A7cD}: cortex::pipeline: transaction broadcasted: elapsed_ms=288 tx_hash=0x514f5da00aefcf7f0618450be0a2e8ac0ae786d1655b16de492485c7e8af705b
2026-04-05T10:20:09.215590Z  INFO ThreadId(17) pipeline{execution_id=dfc08f08-cc73-41ce-af26-7a454ea41d22 chain_id=1 from_address=0x8b172F820629b14cEAF859A6e159d1BcD3291Fe1}: cortex::pipeline: nonce reserved elapsed_ms=290 nonce=9
2026-04-05T10:20:09.216336Z  INFO ThreadId(17) pipeline{execution_id=58abf875-b0b0-449d-bc37-8a3d1ed31df6 chain_id=137 from_address=0x8AfE43fF49EBd5c4B8Cd1497ee77b437dd1711fc}: cortex::pipeline: transaction signed elapsed_ms=290
2026-04-05T10:20:09.216364Z  INFO ThreadId(13) pipeline{execution_id=1f07c102-4270-4127-be35-0a576d3d8930 chain_id=137 from_address=0x2EAC739a1e05F4a05a5B8fD93D332c4353E5A7cD}: cortex::pipeline: transaction signed elapsed_ms=290
2026-04-05T10:20:09.217649Z  INFO ThreadId(09) pipeline{execution_id=3a2ad9c0-e93f-4ff6-93ac-e2ede2db0768 chain_id=1 from_address=0x2EAC739a1e05F4a05a5B8fD93D332c4353E5A7cD}: cortex::pipeline: transaction broadcasted: elapsed_ms=296 tx_hash=0xa2ca4f959744d6b982234b2c0356fdb064e894a403f0f24f5b0bfe32626179ad
2026-04-05T10:20:09.217683Z  INFO ThreadId(04) pipeline{execution_id=dfc08f08-cc73-41ce-af26-7a454ea41d22 chain_id=1 from_address=0x8b172F820629b14cEAF859A6e159d1BcD3291Fe1}: cortex::pipeline: transaction signed elapsed_ms=292
2026-04-05T10:20:09.217687Z  INFO ThreadId(03) pipeline{execution_id=0dbdc9b5-a60e-43d9-8649-b7ef216d7ee0 chain_id=137 from_address=0x8b172F820629b14cEAF859A6e159d1BcD3291Fe1}: cortex::pipeline: transaction broadcasted: elapsed_ms=291 tx_hash=0x4caff489e2956051ba280cba42538b54ab1832f1e58fdce55c3df2ad4358043c
2026-04-05T10:20:09.218144Z  INFO ThreadId(05) pipeline{execution_id=14f0fb5a-60e7-4db2-922c-b913539c6768 chain_id=1 from_address=0x2EAC739a1e05F4a05a5B8fD93D332c4353E5A7cD}: cortex::pipeline: nonce reserved elapsed_ms=293 nonce=12
2026-04-05T10:20:09.219131Z  INFO ThreadId(09) pipeline{execution_id=655ae584-173b-4123-9c92-d4e7f34d281d chain_id=1 from_address=0x2EAC739a1e05F4a05a5B8fD93D332c4353E5A7cD}: cortex::pipeline: nonce reserved elapsed_ms=293 nonce=13
2026-04-05T10:20:09.219198Z  INFO ThreadId(05) pipeline{execution_id=4e541172-1569-4534-9be2-5f6decb8b3c6 chain_id=137 from_address=0x8AfE43fF49EBd5c4B8Cd1497ee77b437dd1711fc}: cortex::pipeline: nonce reserved elapsed_ms=292 nonce=14
2026-04-05T10:20:09.219930Z  INFO ThreadId(13) pipeline{execution_id=14f0fb5a-60e7-4db2-922c-b913539c6768 chain_id=1 from_address=0x2EAC739a1e05F4a05a5B8fD93D332c4353E5A7cD}: cortex::pipeline: transaction signed elapsed_ms=294
2026-04-05T10:20:09.220472Z  INFO ThreadId(03) pipeline{execution_id=0dd545d4-50c7-4c4e-9fde-4431c3fa0f2c chain_id=1 from_address=0x8AfE43fF49EBd5c4B8Cd1497ee77b437dd1711fc}: cortex::pipeline: nonce reserved elapsed_ms=294 nonce=15
2026-04-05T10:20:09.220518Z  INFO ThreadId(09) pipeline{execution_id=351b34e0-9529-4c2b-ad9c-923d28dee50a chain_id=1 from_address=0x8AfE43fF49EBd5c4B8Cd1497ee77b437dd1711fc}: cortex::pipeline: transaction broadcasted: elapsed_ms=298 tx_hash=0xcece8d07eb5e6ca603d3538a3baa97c6f72c21d289634837bc3d5df7313d02d8
2026-04-05T10:20:09.220988Z  INFO ThreadId(13) pipeline{execution_id=655ae584-173b-4123-9c92-d4e7f34d281d chain_id=1 from_address=0x2EAC739a1e05F4a05a5B8fD93D332c4353E5A7cD}: cortex::pipeline: transaction signed elapsed_ms=294
2026-04-05T10:20:09.221079Z  INFO ThreadId(04) pipeline{execution_id=4e541172-1569-4534-9be2-5f6decb8b3c6 chain_id=137 from_address=0x8AfE43fF49EBd5c4B8Cd1497ee77b437dd1711fc}: cortex::pipeline: transaction signed elapsed_ms=294
2026-04-05T10:20:09.221080Z  INFO ThreadId(03) pipeline{execution_id=5743201d-34b7-459d-abe9-1aa271a85eab chain_id=137 from_address=0x8AfE43fF49EBd5c4B8Cd1497ee77b437dd1711fc}: cortex::pipeline: transaction broadcasted: elapsed_ms=295 tx_hash=0x48e6982cb6f7ce9aaac1757fce7ea58a3687a7cace8b322f36c75a9495a8ccd8
2026-04-05T10:20:09.221578Z  INFO ThreadId(03) pipeline{execution_id=bc7a8f4a-212b-4bed-9c09-5bd81a37ef4d chain_id=1 from_address=0xfea6645D31443cF7Cf96eF1dB7823EB9365f98bf}: cortex::pipeline: nonce reserved elapsed_ms=294 nonce=10
2026-04-05T10:20:09.222765Z  INFO ThreadId(03) pipeline{execution_id=0dd545d4-50c7-4c4e-9fde-4431c3fa0f2c chain_id=1 from_address=0x8AfE43fF49EBd5c4B8Cd1497ee77b437dd1711fc}: cortex::pipeline: transaction signed elapsed_ms=296
2026-04-05T10:20:09.222807Z  INFO ThreadId(04) pipeline{execution_id=9af369d2-2dfd-4f51-8d74-a75abc82f035 chain_id=1 from_address=0x8b172F820629b14cEAF859A6e159d1BcD3291Fe1}: cortex::pipeline: nonce reserved elapsed_ms=296 nonce=10
2026-04-05T10:20:09.223283Z  INFO ThreadId(03) pipeline{execution_id=bc7a8f4a-212b-4bed-9c09-5bd81a37ef4d chain_id=1 from_address=0xfea6645D31443cF7Cf96eF1dB7823EB9365f98bf}: cortex::pipeline: transaction signed elapsed_ms=296
2026-04-05T10:20:09.223805Z  INFO ThreadId(10) pipeline{execution_id=6c40126c-4127-45db-b664-63581c4c715b chain_id=1 from_address=0x2EAC739a1e05F4a05a5B8fD93D332c4353E5A7cD}: cortex::pipeline: transaction broadcasted: elapsed_ms=301 tx_hash=0x022367833b853c352b454a49b0917ae62ee785eb074cec004f7d311c00074087
2026-04-05T10:20:09.223835Z  INFO ThreadId(04) pipeline{execution_id=58abf875-b0b0-449d-bc37-8a3d1ed31df6 chain_id=137 from_address=0x8AfE43fF49EBd5c4B8Cd1497ee77b437dd1711fc}: cortex::pipeline: transaction broadcasted: elapsed_ms=297 tx_hash=0x66d2727464813edde93a2655d7fa5e58d28251c402fcf1bf33d418a5ac007c9e
2026-04-05T10:20:09.224088Z  INFO ThreadId(04) pipeline{execution_id=e6212d9d-c6fa-4f79-b1c9-f316fbe87ad8 chain_id=1 from_address=0xCFA80F1f22b0AD533F7d8e2CcC0A783aa4BCaFF3}: cortex::pipeline: nonce reserved elapsed_ms=297 nonce=7
2026-04-05T10:20:09.224855Z  INFO ThreadId(12) pipeline{execution_id=9af369d2-2dfd-4f51-8d74-a75abc82f035 chain_id=1 from_address=0x8b172F820629b14cEAF859A6e159d1BcD3291Fe1}: cortex::pipeline: transaction signed elapsed_ms=298
2026-04-05T10:20:09.225659Z  INFO ThreadId(12) pipeline{execution_id=9e6878d1-11c6-4834-b693-a5cb80e6c397 chain_id=1 from_address=0xCFA80F1f22b0AD533F7d8e2CcC0A783aa4BCaFF3}: cortex::pipeline: nonce reserved elapsed_ms=298 nonce=8
2026-04-05T10:20:09.226034Z  INFO ThreadId(13) pipeline{execution_id=e6212d9d-c6fa-4f79-b1c9-f316fbe87ad8 chain_id=1 from_address=0xCFA80F1f22b0AD533F7d8e2CcC0A783aa4BCaFF3}: cortex::pipeline: transaction signed elapsed_ms=299
2026-04-05T10:20:09.226526Z  INFO ThreadId(12) pipeline{execution_id=1f07c102-4270-4127-be35-0a576d3d8930 chain_id=137 from_address=0x2EAC739a1e05F4a05a5B8fD93D332c4353E5A7cD}: cortex::pipeline: transaction broadcasted: elapsed_ms=300 tx_hash=0xaa13baa0ad3d7a3f97d9eff010ac6da77bf125fbc5c416cc1a132ec2bac5f738
2026-04-05T10:20:09.227493Z  INFO ThreadId(03) pipeline{execution_id=9e6878d1-11c6-4834-b693-a5cb80e6c397 chain_id=1 from_address=0xCFA80F1f22b0AD533F7d8e2CcC0A783aa4BCaFF3}: cortex::pipeline: transaction signed elapsed_ms=300
2026-04-05T10:20:09.228269Z  INFO ThreadId(09) pipeline{execution_id=f763f9fc-2a14-430e-8452-95e070b514e2 chain_id=1 from_address=0x2EAC739a1e05F4a05a5B8fD93D332c4353E5A7cD}: cortex::pipeline: nonce reserved elapsed_ms=301 nonce=14
2026-04-05T10:20:09.228297Z  INFO ThreadId(13) pipeline{execution_id=73085d14-aefa-4198-a4dd-b3628d3ac849 chain_id=1 from_address=0x8b172F820629b14cEAF859A6e159d1BcD3291Fe1}: cortex::pipeline: transaction broadcasted: elapsed_ms=305 tx_hash=0xae296b45260cafb2d56ec0d8c3850702ce257860c0db4a6b079a00eef0a65eec
2026-04-05T10:20:09.228406Z  INFO ThreadId(03) pipeline{execution_id=154284a9-2202-45f5-8d72-ada2163ca3a1 chain_id=137 from_address=0x8b172F820629b14cEAF859A6e159d1BcD3291Fe1}: cortex::pipeline: nonce reserved elapsed_ms=301 nonce=6
2026-04-05T10:20:09.228675Z  INFO ThreadId(03) pipeline{execution_id=4e541172-1569-4534-9be2-5f6decb8b3c6 chain_id=137 from_address=0x8AfE43fF49EBd5c4B8Cd1497ee77b437dd1711fc}: cortex::pipeline: transaction broadcasted: elapsed_ms=301 tx_hash=0x620339d9a5a168e13cb18599f84a728de6794577fc3720873a80b5023a4c4345
2026-04-05T10:20:09.229280Z  INFO ThreadId(09) pipeline{execution_id=164968d3-f47c-4b09-8331-a5c2f9a61769 chain_id=42161 from_address=0xCFA80F1f22b0AD533F7d8e2CcC0A783aa4BCaFF3}: cortex::pipeline: nonce reserved elapsed_ms=302 nonce=10
2026-04-05T10:20:09.229717Z  INFO ThreadId(12) pipeline{execution_id=f763f9fc-2a14-430e-8452-95e070b514e2 chain_id=1 from_address=0x2EAC739a1e05F4a05a5B8fD93D332c4353E5A7cD}: cortex::pipeline: transaction signed elapsed_ms=302
2026-04-05T10:20:09.230055Z  INFO ThreadId(17) pipeline{execution_id=154284a9-2202-45f5-8d72-ada2163ca3a1 chain_id=137 from_address=0x8b172F820629b14cEAF859A6e159d1BcD3291Fe1}: cortex::pipeline: transaction signed elapsed_ms=303
2026-04-05T10:20:09.230379Z  INFO ThreadId(03) pipeline{execution_id=dbec1a8d-30f1-4cdf-9bd7-f80c0518db7a chain_id=1 from_address=0x8AfE43fF49EBd5c4B8Cd1497ee77b437dd1711fc}: cortex::pipeline: nonce reserved elapsed_ms=303 nonce=16
2026-04-05T10:20:09.231043Z  INFO ThreadId(10) pipeline{execution_id=164968d3-f47c-4b09-8331-a5c2f9a61769 chain_id=42161 from_address=0xCFA80F1f22b0AD533F7d8e2CcC0A783aa4BCaFF3}: cortex::pipeline: transaction signed elapsed_ms=304
2026-04-05T10:20:09.231166Z  INFO ThreadId(17) pipeline{execution_id=557987d6-353b-4acb-aede-1c46bf9f2178 chain_id=1 from_address=0x8AfE43fF49EBd5c4B8Cd1497ee77b437dd1711fc}: cortex::pipeline: transaction broadcasted: elapsed_ms=308 tx_hash=0xf45700308cb6a8c4a068242f10c105825ac79fb1af0e285a9f3a1fadd89c4615
2026-04-05T10:20:09.231446Z  INFO ThreadId(17) pipeline{execution_id=4ef13aa6-15b0-4c0c-b3d0-7940ce0e553f chain_id=137 from_address=0xfea6645D31443cF7Cf96eF1dB7823EB9365f98bf}: cortex::pipeline: nonce reserved elapsed_ms=304 nonce=7
2026-04-05T10:20:09.232977Z  INFO ThreadId(03) pipeline{execution_id=154284a9-2202-45f5-8d72-ada2163ca3a1 chain_id=137 from_address=0x8b172F820629b14cEAF859A6e159d1BcD3291Fe1}: cortex::pipeline: transaction broadcasted: elapsed_ms=305 tx_hash=0x5cf1027b631ab14c63b5230a83cd1be0205fada2816bb8a55dafd0e20d74d15a
2026-04-05T10:20:09.233291Z  INFO ThreadId(13) pipeline{execution_id=dbec1a8d-30f1-4cdf-9bd7-f80c0518db7a chain_id=1 from_address=0x8AfE43fF49EBd5c4B8Cd1497ee77b437dd1711fc}: cortex::pipeline: transaction signed elapsed_ms=306
2026-04-05T10:20:09.233431Z  INFO ThreadId(13) pipeline{execution_id=4ef13aa6-15b0-4c0c-b3d0-7940ce0e553f chain_id=137 from_address=0xfea6645D31443cF7Cf96eF1dB7823EB9365f98bf}: cortex::pipeline: transaction signed elapsed_ms=306
2026-04-05T10:20:09.233959Z  INFO ThreadId(12) pipeline{execution_id=164968d3-f47c-4b09-8331-a5c2f9a61769 chain_id=42161 from_address=0xCFA80F1f22b0AD533F7d8e2CcC0A783aa4BCaFF3}: cortex::pipeline: transaction broadcasted: elapsed_ms=306 tx_hash=0x3924a06b5761e3ba5fa6b940484ef3e15db3d012f60558d74bf9c732daefdd2f
2026-04-05T10:20:09.234054Z  INFO ThreadId(13) pipeline{execution_id=19ece276-5d5f-4e86-869e-c89e416075d5 chain_id=1 from_address=0x8b172F820629b14cEAF859A6e159d1BcD3291Fe1}: cortex::pipeline: transaction broadcasted: elapsed_ms=311 tx_hash=0x529fde36d472a4a32c570d9b0ff9801249cb79420abe054c9cb365db9e5f34bf
2026-04-05T10:20:09.234262Z  INFO ThreadId(04) pipeline{execution_id=ebc034b5-56c8-4b9e-9f44-ba8fa391a959 chain_id=1 from_address=0x8b172F820629b14cEAF859A6e159d1BcD3291Fe1}: cortex::pipeline: nonce reserved elapsed_ms=307 nonce=11
2026-04-05T10:20:09.234322Z  INFO ThreadId(10) pipeline{execution_id=0792ea5e-6f53-4835-9b40-92a409cdaf49 chain_id=1 from_address=0xfea6645D31443cF7Cf96eF1dB7823EB9365f98bf}: cortex::pipeline: nonce reserved elapsed_ms=307 nonce=11
2026-04-05T10:20:09.235518Z  INFO ThreadId(13) pipeline{execution_id=9ab09f87-541b-4ff7-93e6-de7cd380b909 chain_id=42161 from_address=0xfea6645D31443cF7Cf96eF1dB7823EB9365f98bf}: cortex::pipeline: nonce reserved elapsed_ms=308 nonce=5
2026-04-05T10:20:09.235889Z  INFO ThreadId(03) pipeline{execution_id=ebc034b5-56c8-4b9e-9f44-ba8fa391a959 chain_id=1 from_address=0x8b172F820629b14cEAF859A6e159d1BcD3291Fe1}: cortex::pipeline: transaction signed elapsed_ms=308
2026-04-05T10:20:09.235998Z  INFO ThreadId(03) pipeline{execution_id=4ef13aa6-15b0-4c0c-b3d0-7940ce0e553f chain_id=137 from_address=0xfea6645D31443cF7Cf96eF1dB7823EB9365f98bf}: cortex::pipeline: transaction broadcasted: elapsed_ms=308 tx_hash=0x74372bcec2896782ff2bffb32969298cc49dc128021b6de94408028fece4ad46
2026-04-05T10:20:09.236236Z  INFO ThreadId(10) pipeline{execution_id=0792ea5e-6f53-4835-9b40-92a409cdaf49 chain_id=1 from_address=0xfea6645D31443cF7Cf96eF1dB7823EB9365f98bf}: cortex::pipeline: transaction signed elapsed_ms=309
2026-04-05T10:20:09.236570Z  INFO ThreadId(10) pipeline{execution_id=712ac1ff-4f42-4f19-9ca5-414531639afe chain_id=1 from_address=0xfea6645D31443cF7Cf96eF1dB7823EB9365f98bf}: cortex::pipeline: transaction broadcasted: elapsed_ms=313 tx_hash=0x7afce3f5aed79107baf23442a1535db895dc5a6cfec98b21d40eba94f8fce536
2026-04-05T10:20:09.236772Z  INFO ThreadId(17) pipeline{execution_id=d310145a-7a60-4692-be5c-5411bfea2a47 chain_id=1 from_address=0x8b172F820629b14cEAF859A6e159d1BcD3291Fe1}: cortex::pipeline: nonce reserved elapsed_ms=309 nonce=12
2026-04-05T10:20:09.237260Z  INFO ThreadId(03) pipeline{execution_id=9ab09f87-541b-4ff7-93e6-de7cd380b909 chain_id=42161 from_address=0xfea6645D31443cF7Cf96eF1dB7823EB9365f98bf}: cortex::pipeline: transaction signed elapsed_ms=310
2026-04-05T10:20:09.237966Z  INFO ThreadId(13) pipeline{execution_id=8d72191c-73d9-452d-9555-d29902d3b9fd chain_id=137 from_address=0x2EAC739a1e05F4a05a5B8fD93D332c4353E5A7cD}: cortex::pipeline: nonce reserved elapsed_ms=310 nonce=9
2026-04-05T10:20:09.238470Z  INFO ThreadId(10) pipeline{execution_id=d310145a-7a60-4692-be5c-5411bfea2a47 chain_id=1 from_address=0x8b172F820629b14cEAF859A6e159d1BcD3291Fe1}: cortex::pipeline: transaction signed elapsed_ms=311
2026-04-05T10:20:09.239000Z  INFO ThreadId(12) pipeline{execution_id=2c3cdf1e-c97d-41db-8c9f-0ff6dd888bed chain_id=1 from_address=0x2EAC739a1e05F4a05a5B8fD93D332c4353E5A7cD}: cortex::pipeline: transaction broadcasted: elapsed_ms=315 tx_hash=0x764f7eae8a91fc4efb68ffbc66125bdb7af5f9b1031eb7235a42d2f6f8fc5e93
2026-04-05T10:20:09.239496Z  INFO ThreadId(03) pipeline{execution_id=06b97287-2f29-4982-a94e-3678c173b60a chain_id=42161 from_address=0xCFA80F1f22b0AD533F7d8e2CcC0A783aa4BCaFF3}: cortex::pipeline: nonce reserved elapsed_ms=312 nonce=11
2026-04-05T10:20:09.239817Z  INFO ThreadId(12) pipeline{execution_id=9ab09f87-541b-4ff7-93e6-de7cd380b909 chain_id=42161 from_address=0xfea6645D31443cF7Cf96eF1dB7823EB9365f98bf}: cortex::pipeline: transaction broadcasted: elapsed_ms=312 tx_hash=0x406fecabf8cb14602ae9efac3acc9d321d8d848e21a38646f8ce9b2a723b4e4a
2026-04-05T10:20:09.239840Z  INFO ThreadId(10) pipeline{execution_id=8d72191c-73d9-452d-9555-d29902d3b9fd chain_id=137 from_address=0x2EAC739a1e05F4a05a5B8fD93D332c4353E5A7cD}: cortex::pipeline: transaction signed elapsed_ms=312
2026-04-05T10:20:09.240785Z  INFO ThreadId(17) pipeline{execution_id=a96623a3-e306-4eb8-a39a-58e5da078a40 chain_id=1 from_address=0xCFA80F1f22b0AD533F7d8e2CcC0A783aa4BCaFF3}: cortex::pipeline: nonce reserved elapsed_ms=313 nonce=9
2026-04-05T10:20:09.241409Z  INFO ThreadId(04) pipeline{execution_id=06b97287-2f29-4982-a94e-3678c173b60a chain_id=42161 from_address=0xCFA80F1f22b0AD533F7d8e2CcC0A783aa4BCaFF3}: cortex::pipeline: transaction signed elapsed_ms=314
2026-04-05T10:20:09.241603Z  INFO ThreadId(12) pipeline{execution_id=af376b30-3869-4169-bdb5-f9edf8f296c5 chain_id=1 from_address=0xfea6645D31443cF7Cf96eF1dB7823EB9365f98bf}: cortex::pipeline: transaction broadcasted: elapsed_ms=317 tx_hash=0xe56b0dac24002a920b2cc70ac7a7d6a657f84b362d4b5579f6aaf886abdb1dca
2026-04-05T10:20:09.241742Z  INFO ThreadId(03) pipeline{execution_id=c9687832-9875-40a7-b665-b0a0ec19c822 chain_id=1 from_address=0x8b172F820629b14cEAF859A6e159d1BcD3291Fe1}: cortex::pipeline: nonce reserved elapsed_ms=314 nonce=13
2026-04-05T10:20:09.242566Z  INFO ThreadId(09) pipeline{execution_id=8d72191c-73d9-452d-9555-d29902d3b9fd chain_id=137 from_address=0x2EAC739a1e05F4a05a5B8fD93D332c4353E5A7cD}: cortex::pipeline: transaction broadcasted: elapsed_ms=315 tx_hash=0x83742efe9bb0a2db5fe4a17e68a3a94e8349a8e8ffe45e3a14661f1ad0afec2b
2026-04-05T10:20:09.242784Z  INFO ThreadId(17) pipeline{execution_id=a96623a3-e306-4eb8-a39a-58e5da078a40 chain_id=1 from_address=0xCFA80F1f22b0AD533F7d8e2CcC0A783aa4BCaFF3}: cortex::pipeline: transaction signed elapsed_ms=315
2026-04-05T10:20:09.242986Z  INFO ThreadId(17) pipeline{execution_id=b579b270-17e6-443f-b362-c7a1ac31c940 chain_id=42161 from_address=0xfea6645D31443cF7Cf96eF1dB7823EB9365f98bf}: cortex::pipeline: nonce reserved elapsed_ms=315 nonce=6
2026-04-05T10:20:09.243387Z  INFO ThreadId(17) pipeline{execution_id=c9687832-9875-40a7-b665-b0a0ec19c822 chain_id=1 from_address=0x8b172F820629b14cEAF859A6e159d1BcD3291Fe1}: cortex::pipeline: transaction signed elapsed_ms=316
2026-04-05T10:20:09.243993Z  INFO ThreadId(03) pipeline{execution_id=06b97287-2f29-4982-a94e-3678c173b60a chain_id=42161 from_address=0xCFA80F1f22b0AD533F7d8e2CcC0A783aa4BCaFF3}: cortex::pipeline: transaction broadcasted: elapsed_ms=316 tx_hash=0x8e7b4e3a690d05ad34b21f35ca43663dc79ee1a5b8894f45d190e2e84e3aae55
2026-04-05T10:20:09.244092Z  INFO ThreadId(12) pipeline{execution_id=ab5824fe-cd47-460d-92d9-2397c41c8607 chain_id=1 from_address=0xCFA80F1f22b0AD533F7d8e2CcC0A783aa4BCaFF3}: cortex::pipeline: nonce reserved elapsed_ms=316 nonce=10
2026-04-05T10:20:09.244701Z  INFO ThreadId(05) pipeline{execution_id=b579b270-17e6-443f-b362-c7a1ac31c940 chain_id=42161 from_address=0xfea6645D31443cF7Cf96eF1dB7823EB9365f98bf}: cortex::pipeline: transaction signed elapsed_ms=317
2026-04-05T10:20:09.244766Z  INFO ThreadId(13) pipeline{execution_id=fa5e73f0-70f4-4732-ad72-968f87c063f4 chain_id=1 from_address=0x8AfE43fF49EBd5c4B8Cd1497ee77b437dd1711fc}: cortex::pipeline: transaction broadcasted: elapsed_ms=321 tx_hash=0xe2b7625abde2f626ccf466efd8a5f6bff1980b67fa10e445845cc62eef249077
2026-04-05T10:20:09.245825Z  INFO ThreadId(09) pipeline{execution_id=ab5824fe-cd47-460d-92d9-2397c41c8607 chain_id=1 from_address=0xCFA80F1f22b0AD533F7d8e2CcC0A783aa4BCaFF3}: cortex::pipeline: transaction signed elapsed_ms=318
2026-04-05T10:20:09.246802Z  INFO ThreadId(12) pipeline{execution_id=dfc6775c-5b40-4da6-b494-8d3a0a520e32 chain_id=137 from_address=0x8b172F820629b14cEAF859A6e159d1BcD3291Fe1}: cortex::pipeline: nonce reserved elapsed_ms=319 nonce=7
2026-04-05T10:20:09.247326Z  INFO ThreadId(09) pipeline{execution_id=d44a94f0-88cf-43a3-b1f6-3c4effcba3b6 chain_id=1 from_address=0x2EAC739a1e05F4a05a5B8fD93D332c4353E5A7cD}: cortex::pipeline: transaction broadcasted: elapsed_ms=323 tx_hash=0x7c1167e87937598ffbd734a35ce23d5d843219017417c41943ed76d6ce35b0b7
2026-04-05T10:20:09.247342Z  INFO ThreadId(17) pipeline{execution_id=b579b270-17e6-443f-b362-c7a1ac31c940 chain_id=42161 from_address=0xfea6645D31443cF7Cf96eF1dB7823EB9365f98bf}: cortex::pipeline: transaction broadcasted: elapsed_ms=319 tx_hash=0xed55e4f030109dc15961112de37380531d2ced982dafed0e5c8c3cbf6b5d35cb
2026-04-05T10:20:09.247418Z  INFO ThreadId(05) pipeline{execution_id=7653d9b5-80e6-4bdf-ae3e-a1b2f91deb9e chain_id=1 from_address=0x2EAC739a1e05F4a05a5B8fD93D332c4353E5A7cD}: cortex::pipeline: nonce reserved elapsed_ms=319 nonce=15
2026-04-05T10:20:09.248075Z  INFO ThreadId(03) pipeline{execution_id=d072d71f-18d7-4a33-8c7a-c4dca51defc0 chain_id=42161 from_address=0x8b172F820629b14cEAF859A6e159d1BcD3291Fe1}: cortex::pipeline: nonce reserved elapsed_ms=320 nonce=12
2026-04-05T10:20:09.248623Z  INFO ThreadId(05) pipeline{execution_id=1a82e6cc-85fa-4ea1-9445-1da96a01d3ca chain_id=137 from_address=0xfea6645D31443cF7Cf96eF1dB7823EB9365f98bf}: cortex::pipeline: nonce reserved elapsed_ms=321 nonce=8
2026-04-05T10:20:09.248704Z  INFO ThreadId(17) pipeline{execution_id=dfc6775c-5b40-4da6-b494-8d3a0a520e32 chain_id=137 from_address=0x8b172F820629b14cEAF859A6e159d1BcD3291Fe1}: cortex::pipeline: transaction signed elapsed_ms=321
2026-04-05T10:20:09.249437Z  INFO ThreadId(13) pipeline{execution_id=7653d9b5-80e6-4bdf-ae3e-a1b2f91deb9e chain_id=1 from_address=0x2EAC739a1e05F4a05a5B8fD93D332c4353E5A7cD}: cortex::pipeline: transaction signed elapsed_ms=321
2026-04-05T10:20:09.249768Z  INFO ThreadId(12) pipeline{execution_id=a8bf1104-357d-4ceb-ad12-c1f06eb750fe chain_id=1 from_address=0xfea6645D31443cF7Cf96eF1dB7823EB9365f98bf}: cortex::pipeline: transaction broadcasted: elapsed_ms=325 tx_hash=0xb47ac9d8173977ff3a81b405b06b9a4f861406a8ac29f4ac5d1cb57292287682
2026-04-05T10:20:09.250156Z  INFO ThreadId(06) pipeline{execution_id=d072d71f-18d7-4a33-8c7a-c4dca51defc0 chain_id=42161 from_address=0x8b172F820629b14cEAF859A6e159d1BcD3291Fe1}: cortex::pipeline: transaction signed elapsed_ms=322
2026-04-05T10:20:09.251211Z  INFO ThreadId(06) pipeline{execution_id=dfc6775c-5b40-4da6-b494-8d3a0a520e32 chain_id=137 from_address=0x8b172F820629b14cEAF859A6e159d1BcD3291Fe1}: cortex::pipeline: transaction broadcasted: elapsed_ms=323 tx_hash=0x0ab21407115cf948f4de02b9172f19f6349a255a3c8e969f49db428654e43e84
2026-04-05T10:20:09.251250Z  INFO ThreadId(03) pipeline{execution_id=1a82e6cc-85fa-4ea1-9445-1da96a01d3ca chain_id=137 from_address=0xfea6645D31443cF7Cf96eF1dB7823EB9365f98bf}: cortex::pipeline: transaction signed elapsed_ms=324
2026-04-05T10:20:09.251521Z  INFO ThreadId(03) pipeline{execution_id=d959c13d-9903-4a2c-92e8-af0e97210002 chain_id=42161 from_address=0xfea6645D31443cF7Cf96eF1dB7823EB9365f98bf}: cortex::pipeline: nonce reserved elapsed_ms=324 nonce=7
2026-04-05T10:20:09.251636Z  INFO ThreadId(03) pipeline{execution_id=282a929c-8ccf-4405-8645-58471eece0a6 chain_id=42161 from_address=0x2EAC739a1e05F4a05a5B8fD93D332c4353E5A7cD}: cortex::pipeline: nonce reserved elapsed_ms=323 nonce=8
2026-04-05T10:20:09.251952Z  INFO ThreadId(03) pipeline{execution_id=1c5f7a0f-d941-4935-89b4-cef877e2b3c4 chain_id=1 from_address=0x2EAC739a1e05F4a05a5B8fD93D332c4353E5A7cD}: cortex::pipeline: transaction broadcasted: elapsed_ms=327 tx_hash=0x4ba20ebe23fafef27dc375515cdf00802ac9a19d9146b0b7e49aa45a7f2d64fb
2026-04-05T10:20:09.252564Z  INFO ThreadId(05) pipeline{execution_id=a7a43b0d-cd50-4a58-9088-660677003b20 chain_id=137 from_address=0x8AfE43fF49EBd5c4B8Cd1497ee77b437dd1711fc}: cortex::pipeline: nonce reserved elapsed_ms=324 nonce=15
2026-04-05T10:20:09.252595Z  INFO ThreadId(06) pipeline{execution_id=d072d71f-18d7-4a33-8c7a-c4dca51defc0 chain_id=42161 from_address=0x8b172F820629b14cEAF859A6e159d1BcD3291Fe1}: cortex::pipeline: transaction broadcasted: elapsed_ms=324 tx_hash=0xcb7f55001a641f1eea70491162b48caa658a9c1b2c69a0b19ab75ff90b990e8a
2026-04-05T10:20:09.253207Z  INFO ThreadId(17) pipeline{execution_id=d959c13d-9903-4a2c-92e8-af0e97210002 chain_id=42161 from_address=0xfea6645D31443cF7Cf96eF1dB7823EB9365f98bf}: cortex::pipeline: transaction signed elapsed_ms=326
2026-04-05T10:20:09.253448Z  INFO ThreadId(17) pipeline{execution_id=282a929c-8ccf-4405-8645-58471eece0a6 chain_id=42161 from_address=0x2EAC739a1e05F4a05a5B8fD93D332c4353E5A7cD}: cortex::pipeline: transaction signed elapsed_ms=325
2026-04-05T10:20:09.253685Z  INFO ThreadId(03) pipeline{execution_id=1a82e6cc-85fa-4ea1-9445-1da96a01d3ca chain_id=137 from_address=0xfea6645D31443cF7Cf96eF1dB7823EB9365f98bf}: cortex::pipeline: transaction broadcasted: elapsed_ms=326 tx_hash=0x6aaf146aa4261df810377106d89c523c4eee5607067bb9a789a2fe096414282c
2026-04-05T10:20:09.253838Z  INFO ThreadId(09) pipeline{execution_id=39d6cefe-42c9-4bdc-9e77-36a8f5c7e07f chain_id=42161 from_address=0x2EAC739a1e05F4a05a5B8fD93D332c4353E5A7cD}: cortex::pipeline: nonce reserved elapsed_ms=325 nonce=9
2026-04-05T10:20:09.254535Z  INFO ThreadId(03) pipeline{execution_id=bd561750-f6c4-4346-a8ff-5e11ce6c9dd2 chain_id=1 from_address=0x8AfE43fF49EBd5c4B8Cd1497ee77b437dd1711fc}: cortex::pipeline: transaction broadcasted: elapsed_ms=330 tx_hash=0x540b60d30c03be50eff3881b41571aa4f97dbd99d65ffe53004ecdb9cf3bdcf0
2026-04-05T10:20:09.254656Z  INFO ThreadId(14) pipeline{execution_id=a7a43b0d-cd50-4a58-9088-660677003b20 chain_id=137 from_address=0x8AfE43fF49EBd5c4B8Cd1497ee77b437dd1711fc}: cortex::pipeline: transaction signed elapsed_ms=326
2026-04-05T10:20:09.255641Z  INFO ThreadId(06) pipeline{execution_id=2cc3200d-f741-4a2c-b3f1-7ab1514ce6a0 chain_id=42161 from_address=0x8b172F820629b14cEAF859A6e159d1BcD3291Fe1}: cortex::pipeline: nonce reserved elapsed_ms=327 nonce=13
2026-04-05T10:20:09.257005Z  INFO ThreadId(13) pipeline{execution_id=39d6cefe-42c9-4bdc-9e77-36a8f5c7e07f chain_id=42161 from_address=0x2EAC739a1e05F4a05a5B8fD93D332c4353E5A7cD}: cortex::pipeline: transaction signed elapsed_ms=329
2026-04-05T10:20:09.257325Z  INFO ThreadId(10) pipeline{execution_id=d959c13d-9903-4a2c-92e8-af0e97210002 chain_id=42161 from_address=0xfea6645D31443cF7Cf96eF1dB7823EB9365f98bf}: cortex::pipeline: transaction broadcasted: elapsed_ms=330 tx_hash=0x38dae328cde92b3b1dd917582a4068cda2f9419f56d07cda96b3bb37a5f3c231
2026-04-05T10:20:09.258584Z  INFO ThreadId(09) pipeline{execution_id=470c45df-d3db-4913-ab5a-6b9c5f0b7a83 chain_id=1 from_address=0x2EAC739a1e05F4a05a5B8fD93D332c4353E5A7cD}: cortex::pipeline: transaction broadcasted: elapsed_ms=333 tx_hash=0x53873bc63502542844291d8f99ae84aab2c7b36c893e23cab0b815f391c7f680
2026-04-05T10:20:09.258743Z  INFO ThreadId(10) pipeline{execution_id=a7a43b0d-cd50-4a58-9088-660677003b20 chain_id=137 from_address=0x8AfE43fF49EBd5c4B8Cd1497ee77b437dd1711fc}: cortex::pipeline: transaction broadcasted: elapsed_ms=330 tx_hash=0xeec5e1f960f61a88297440758578e230598d9e6ad267993673b3cdfa4f800743
2026-04-05T10:20:09.259317Z  INFO ThreadId(13) pipeline{execution_id=2cc3200d-f741-4a2c-b3f1-7ab1514ce6a0 chain_id=42161 from_address=0x8b172F820629b14cEAF859A6e159d1BcD3291Fe1}: cortex::pipeline: transaction signed elapsed_ms=330
2026-04-05T10:20:09.259943Z  INFO ThreadId(12) pipeline{execution_id=0ee6c55c-c398-4052-ba6e-0dcf139a0b58 chain_id=42161 from_address=0x8b172F820629b14cEAF859A6e159d1BcD3291Fe1}: cortex::pipeline: nonce reserved elapsed_ms=332 nonce=14
2026-04-05T10:20:09.261430Z  INFO ThreadId(03) pipeline{execution_id=c920ba19-d1f0-450b-90ca-fcdd2510ecf0 chain_id=1 from_address=0x2EAC739a1e05F4a05a5B8fD93D332c4353E5A7cD}: cortex::pipeline: nonce reserved elapsed_ms=333 nonce=16
2026-04-05T10:20:09.264580Z  INFO ThreadId(13) pipeline{execution_id=0ee6c55c-c398-4052-ba6e-0dcf139a0b58 chain_id=42161 from_address=0x8b172F820629b14cEAF859A6e159d1BcD3291Fe1}: cortex::pipeline: transaction signed elapsed_ms=337
2026-04-05T10:20:09.264580Z  INFO ThreadId(14) pipeline{execution_id=282a929c-8ccf-4405-8645-58471eece0a6 chain_id=42161 from_address=0x2EAC739a1e05F4a05a5B8fD93D332c4353E5A7cD}: cortex::pipeline: transaction broadcasted: elapsed_ms=336 tx_hash=0x6a507298b331ed7f202ba64d4ccd40bb96fd5255871419ee4c1dfa2147e969a2
2026-04-05T10:20:09.264749Z  INFO ThreadId(16) pipeline{execution_id=a844fb0b-7d4a-4630-bbf3-6e87a9e4a1cd chain_id=1 from_address=0x8AfE43fF49EBd5c4B8Cd1497ee77b437dd1711fc}: cortex::pipeline: transaction broadcasted: elapsed_ms=340 tx_hash=0xe3898cd2bf70047be7537a147b174df9d081cdcd1f4ba56a1b6d6cb1691f9504
2026-04-05T10:20:09.265006Z  INFO ThreadId(17) pipeline{execution_id=93fa132d-f9be-4390-90e4-e46257f90689 chain_id=137 from_address=0x2EAC739a1e05F4a05a5B8fD93D332c4353E5A7cD}: cortex::pipeline: nonce reserved elapsed_ms=337 nonce=10
2026-04-05T10:20:09.265650Z  INFO ThreadId(13) pipeline{execution_id=c920ba19-d1f0-450b-90ca-fcdd2510ecf0 chain_id=1 from_address=0x2EAC739a1e05F4a05a5B8fD93D332c4353E5A7cD}: cortex::pipeline: transaction signed elapsed_ms=337
2026-04-05T10:20:09.266340Z  INFO ThreadId(14) pipeline{execution_id=82a0dbd5-d4d9-4986-8c93-46f2b3ca0a93 chain_id=1 from_address=0x8AfE43fF49EBd5c4B8Cd1497ee77b437dd1711fc}: cortex::pipeline: nonce reserved elapsed_ms=338 nonce=17
2026-04-05T10:20:09.266833Z  INFO ThreadId(18) pipeline{execution_id=93fa132d-f9be-4390-90e4-e46257f90689 chain_id=137 from_address=0x2EAC739a1e05F4a05a5B8fD93D332c4353E5A7cD}: cortex::pipeline: transaction signed elapsed_ms=338
2026-04-05T10:20:09.267163Z  INFO ThreadId(12) pipeline{execution_id=66e23f29-2e1b-4f64-8fff-b333a3434be4 chain_id=1 from_address=0x8AfE43fF49EBd5c4B8Cd1497ee77b437dd1711fc}: cortex::pipeline: transaction broadcasted: elapsed_ms=342 tx_hash=0xb2c959674cd577772b59ec2708ee1e8eca2c9ef2adb1f56cf3c28e209ebd79e9
2026-04-05T10:20:09.268922Z  INFO ThreadId(09) pipeline{execution_id=5e53513a-3868-49c5-9b30-4bb580540231 chain_id=42161 from_address=0x8AfE43fF49EBd5c4B8Cd1497ee77b437dd1711fc}: cortex::pipeline: nonce reserved elapsed_ms=340 nonce=6
2026-04-05T10:20:09.269020Z  INFO ThreadId(12) pipeline{execution_id=39d6cefe-42c9-4bdc-9e77-36a8f5c7e07f chain_id=42161 from_address=0x2EAC739a1e05F4a05a5B8fD93D332c4353E5A7cD}: cortex::pipeline: transaction broadcasted: elapsed_ms=341 tx_hash=0x5e83fcb80db00ea80ada0b98e3aa53dfb6c2d494266d0a3181e8817ff8ec6f18
2026-04-05T10:20:09.270800Z  INFO ThreadId(18) pipeline{execution_id=3dea6fd9-7d27-45ca-b8e3-5c9a8668a4f0 chain_id=42161 from_address=0xfea6645D31443cF7Cf96eF1dB7823EB9365f98bf}: cortex::pipeline: nonce reserved elapsed_ms=342 nonce=8
2026-04-05T10:20:09.271120Z  INFO ThreadId(14) pipeline{execution_id=82a0dbd5-d4d9-4986-8c93-46f2b3ca0a93 chain_id=1 from_address=0x8AfE43fF49EBd5c4B8Cd1497ee77b437dd1711fc}: cortex::pipeline: transaction signed elapsed_ms=342
2026-04-05T10:20:09.271456Z  INFO ThreadId(04) pipeline{execution_id=5e53513a-3868-49c5-9b30-4bb580540231 chain_id=42161 from_address=0x8AfE43fF49EBd5c4B8Cd1497ee77b437dd1711fc}: cortex::pipeline: transaction signed elapsed_ms=342
2026-04-05T10:20:09.271643Z  INFO ThreadId(17) pipeline{execution_id=93fa132d-f9be-4390-90e4-e46257f90689 chain_id=137 from_address=0x2EAC739a1e05F4a05a5B8fD93D332c4353E5A7cD}: cortex::pipeline: transaction broadcasted: elapsed_ms=343 tx_hash=0xee533ea7c2b5662dbb1c87a3688ddc6e04cd4454b8a857c335ee911631b8df3b
2026-04-05T10:20:09.271910Z  INFO ThreadId(14) pipeline{execution_id=665657ee-d28c-4a87-99c9-731d9e4380b2 chain_id=1 from_address=0x8b172F820629b14cEAF859A6e159d1BcD3291Fe1}: cortex::pipeline: transaction broadcasted: elapsed_ms=346 tx_hash=0x9f3b24ff2cd4ecaa67ec63081a75af1178153b50c0ca7588bf79dbb9fa7402f4
2026-04-05T10:20:09.271952Z  INFO ThreadId(04) pipeline{execution_id=2cc3200d-f741-4a2c-b3f1-7ab1514ce6a0 chain_id=42161 from_address=0x8b172F820629b14cEAF859A6e159d1BcD3291Fe1}: cortex::pipeline: transaction broadcasted: elapsed_ms=343 tx_hash=0x8ad2b95381b2a8f852f87287062bae82bef0d2d18804807249ef65d56afae74e
2026-04-05T10:20:09.272099Z  INFO ThreadId(05) pipeline{execution_id=d4b734c2-5b26-46d8-ae71-91aadc2a12c1 chain_id=137 from_address=0xfea6645D31443cF7Cf96eF1dB7823EB9365f98bf}: cortex::pipeline: nonce reserved elapsed_ms=343 nonce=9
2026-04-05T10:20:09.272865Z  INFO ThreadId(04) pipeline{execution_id=3dea6fd9-7d27-45ca-b8e3-5c9a8668a4f0 chain_id=42161 from_address=0xfea6645D31443cF7Cf96eF1dB7823EB9365f98bf}: cortex::pipeline: transaction signed elapsed_ms=344
2026-04-05T10:20:09.273987Z  INFO ThreadId(12) pipeline{execution_id=d4b734c2-5b26-46d8-ae71-91aadc2a12c1 chain_id=137 from_address=0xfea6645D31443cF7Cf96eF1dB7823EB9365f98bf}: cortex::pipeline: transaction signed elapsed_ms=345
2026-04-05T10:20:09.274437Z  INFO ThreadId(05) pipeline{execution_id=0ee6c55c-c398-4052-ba6e-0dcf139a0b58 chain_id=42161 from_address=0x8b172F820629b14cEAF859A6e159d1BcD3291Fe1}: cortex::pipeline: transaction broadcasted: elapsed_ms=346 tx_hash=0x53cfdcf7fc3953477268b0ad6b5d4bfb8c3cc6d3d65dc8322e8204519c24e69f
2026-04-05T10:20:09.274524Z  INFO ThreadId(04) pipeline{execution_id=b02ff932-41ee-4312-ad86-b5930abe859f chain_id=1 from_address=0x8AfE43fF49EBd5c4B8Cd1497ee77b437dd1711fc}: cortex::pipeline: transaction broadcasted: elapsed_ms=349 tx_hash=0xd18eec347a991ee68f8e6dac17d5f66602b9f8e2853e6f03f0fecd48dd2a4404
2026-04-05T10:20:09.274758Z  INFO ThreadId(17) pipeline{execution_id=92407400-4475-4065-a0a9-beb14206ffc0 chain_id=137 from_address=0xCFA80F1f22b0AD533F7d8e2CcC0A783aa4BCaFF3}: cortex::pipeline: nonce reserved elapsed_ms=346 nonce=7
2026-04-05T10:20:09.275326Z  INFO ThreadId(17) pipeline{execution_id=4e756acb-4e60-4fb5-9d4d-57eb99ee1035 chain_id=42161 from_address=0xfea6645D31443cF7Cf96eF1dB7823EB9365f98bf}: cortex::pipeline: nonce reserved elapsed_ms=346 nonce=9
2026-04-05T10:20:09.276221Z  INFO ThreadId(17) pipeline{execution_id=24437c2f-847e-4c51-aafa-df86aa138c18 chain_id=137 from_address=0x2EAC739a1e05F4a05a5B8fD93D332c4353E5A7cD}: cortex::pipeline: nonce reserved elapsed_ms=347 nonce=11
2026-04-05T10:20:09.277862Z  INFO ThreadId(12) pipeline{execution_id=4e756acb-4e60-4fb5-9d4d-57eb99ee1035 chain_id=42161 from_address=0xfea6645D31443cF7Cf96eF1dB7823EB9365f98bf}: cortex::pipeline: transaction signed elapsed_ms=349
2026-04-05T10:20:09.277888Z  INFO ThreadId(14) pipeline{execution_id=92407400-4475-4065-a0a9-beb14206ffc0 chain_id=137 from_address=0xCFA80F1f22b0AD533F7d8e2CcC0A783aa4BCaFF3}: cortex::pipeline: transaction signed elapsed_ms=349
2026-04-05T10:20:09.277948Z  INFO ThreadId(05) pipeline{execution_id=2f8d6a03-1554-4e72-8299-6e59675ec647 chain_id=1 from_address=0x2EAC739a1e05F4a05a5B8fD93D332c4353E5A7cD}: cortex::pipeline: transaction broadcasted: elapsed_ms=352 tx_hash=0x5e0abe3a022374b93914b9b98997b303c46e82842591f673610ff5ac11c7b202
2026-04-05T10:20:09.278081Z  INFO ThreadId(17) pipeline{execution_id=d4b734c2-5b26-46d8-ae71-91aadc2a12c1 chain_id=137 from_address=0xfea6645D31443cF7Cf96eF1dB7823EB9365f98bf}: cortex::pipeline: transaction broadcasted: elapsed_ms=349 tx_hash=0xa93f6edc8a5cff284d03e962722c373e9fe173405692eb3d136db2700f78760c
2026-04-05T10:20:09.278337Z  INFO ThreadId(14) pipeline{execution_id=5e53513a-3868-49c5-9b30-4bb580540231 chain_id=42161 from_address=0x8AfE43fF49EBd5c4B8Cd1497ee77b437dd1711fc}: cortex::pipeline: transaction broadcasted: elapsed_ms=349 tx_hash=0xde7ec9f934ebaac89c55711e74e8310af12362d88341f822727c9be8408e4680
2026-04-05T10:20:09.278594Z  INFO ThreadId(04) pipeline{execution_id=7b03a4f0-b562-4a77-a1bc-bc436a014f57 chain_id=42161 from_address=0xfea6645D31443cF7Cf96eF1dB7823EB9365f98bf}: cortex::pipeline: nonce reserved elapsed_ms=350 nonce=10
2026-04-05T10:20:09.278779Z  INFO ThreadId(18) pipeline{execution_id=24437c2f-847e-4c51-aafa-df86aa138c18 chain_id=137 from_address=0x2EAC739a1e05F4a05a5B8fD93D332c4353E5A7cD}: cortex::pipeline: transaction signed elapsed_ms=350
2026-04-05T10:20:09.279815Z  INFO ThreadId(17) pipeline{execution_id=600f2edc-e208-48e5-82a4-49488b62cbc2 chain_id=137 from_address=0x2EAC739a1e05F4a05a5B8fD93D332c4353E5A7cD}: cortex::pipeline: nonce reserved elapsed_ms=350 nonce=12
2026-04-05T10:20:09.280425Z  INFO ThreadId(16) pipeline{execution_id=1b363e63-1cf8-4011-bc58-d8cbbb55d514 chain_id=1 from_address=0x8AfE43fF49EBd5c4B8Cd1497ee77b437dd1711fc}: cortex::pipeline: transaction broadcasted: elapsed_ms=354 tx_hash=0xcebab143971a73179b9455a8ad892e843c7b5903c08026dfb4d562b3fea26d11
2026-04-05T10:20:09.280656Z  INFO ThreadId(16) pipeline{execution_id=92407400-4475-4065-a0a9-beb14206ffc0 chain_id=137 from_address=0xCFA80F1f22b0AD533F7d8e2CcC0A783aa4BCaFF3}: cortex::pipeline: transaction broadcasted: elapsed_ms=352 tx_hash=0x667766d7e95eb3d705a39fe8d2469e5bb7b297d49381fdbb40eee9e97039d52e
2026-04-05T10:20:09.280765Z  INFO ThreadId(17) pipeline{execution_id=3dea6fd9-7d27-45ca-b8e3-5c9a8668a4f0 chain_id=42161 from_address=0xfea6645D31443cF7Cf96eF1dB7823EB9365f98bf}: cortex::pipeline: transaction broadcasted: elapsed_ms=352 tx_hash=0xc570e1bc617e7e5206e7ff133fa69c1bde6ba3381a7421cab730fcf5c11e745a
2026-04-05T10:20:09.281239Z  INFO ThreadId(17) pipeline{execution_id=891e21eb-b710-4f4c-8dc9-5abb84f82e75 chain_id=137 from_address=0xfea6645D31443cF7Cf96eF1dB7823EB9365f98bf}: cortex::pipeline: nonce reserved elapsed_ms=352 nonce=10
2026-04-05T10:20:09.281435Z  INFO ThreadId(17) pipeline{execution_id=7b03a4f0-b562-4a77-a1bc-bc436a014f57 chain_id=42161 from_address=0xfea6645D31443cF7Cf96eF1dB7823EB9365f98bf}: cortex::pipeline: transaction signed elapsed_ms=353
2026-04-05T10:20:09.282075Z  INFO ThreadId(17) pipeline{execution_id=600f2edc-e208-48e5-82a4-49488b62cbc2 chain_id=137 from_address=0x2EAC739a1e05F4a05a5B8fD93D332c4353E5A7cD}: cortex::pipeline: transaction signed elapsed_ms=353
2026-04-05T10:20:09.283127Z  INFO ThreadId(16) pipeline{execution_id=9f525de0-7706-4256-aa30-280970ab8302 chain_id=137 from_address=0x8AfE43fF49EBd5c4B8Cd1497ee77b437dd1711fc}: cortex::pipeline: nonce reserved elapsed_ms=354 nonce=16
2026-04-05T10:20:09.283133Z  INFO ThreadId(17) pipeline{execution_id=17582e1d-731c-4945-8729-cddaafb6882e chain_id=1 from_address=0xCFA80F1f22b0AD533F7d8e2CcC0A783aa4BCaFF3}: cortex::pipeline: transaction broadcasted: elapsed_ms=357 tx_hash=0x3ce6785a7f8ead580eb74a1994047b5321b612b424f667cdc18742de7894ff63
2026-04-05T10:20:09.283189Z  INFO ThreadId(13) pipeline{execution_id=4e756acb-4e60-4fb5-9d4d-57eb99ee1035 chain_id=42161 from_address=0xfea6645D31443cF7Cf96eF1dB7823EB9365f98bf}: cortex::pipeline: transaction broadcasted: elapsed_ms=354 tx_hash=0x9d466a62e331927920a5103c1777e359d68a154b1057877890b865ede6f0dd66
2026-04-05T10:20:09.283425Z  INFO ThreadId(17) pipeline{execution_id=24437c2f-847e-4c51-aafa-df86aa138c18 chain_id=137 from_address=0x2EAC739a1e05F4a05a5B8fD93D332c4353E5A7cD}: cortex::pipeline: transaction broadcasted: elapsed_ms=354 tx_hash=0x0e7cbec9eb605292fbfd4a5f22baff12c363f1020e4056bac0b07eed9f6d90be
2026-04-05T10:20:09.283636Z  INFO ThreadId(16) pipeline{execution_id=891e21eb-b710-4f4c-8dc9-5abb84f82e75 chain_id=137 from_address=0xfea6645D31443cF7Cf96eF1dB7823EB9365f98bf}: cortex::pipeline: transaction signed elapsed_ms=354
2026-04-05T10:20:09.284916Z  INFO ThreadId(13) pipeline{execution_id=19a2e140-9238-454c-bfe8-127cc30a1024 chain_id=42161 from_address=0x8AfE43fF49EBd5c4B8Cd1497ee77b437dd1711fc}: cortex::pipeline: nonce reserved elapsed_ms=355 nonce=7
2026-04-05T10:20:09.285095Z  INFO ThreadId(17) pipeline{execution_id=9f525de0-7706-4256-aa30-280970ab8302 chain_id=137 from_address=0x8AfE43fF49EBd5c4B8Cd1497ee77b437dd1711fc}: cortex::pipeline: transaction signed elapsed_ms=356
2026-04-05T10:20:09.285710Z  INFO ThreadId(18) pipeline{execution_id=5dc9877f-6a36-4e78-9f70-b03469d8bbf3 chain_id=1 from_address=0xfea6645D31443cF7Cf96eF1dB7823EB9365f98bf}: cortex::pipeline: transaction broadcasted: elapsed_ms=360 tx_hash=0x504cb9ad8d5e2e012d48daf5332749392a2f63448fe120a3c9437b47f990353a
2026-04-05T10:20:09.285870Z  INFO ThreadId(17) pipeline{execution_id=600f2edc-e208-48e5-82a4-49488b62cbc2 chain_id=137 from_address=0x2EAC739a1e05F4a05a5B8fD93D332c4353E5A7cD}: cortex::pipeline: transaction broadcasted: elapsed_ms=356 tx_hash=0x2d238d71131365451e87fbed45126b1290c2682d0dba6d9d63619f5014784e0f
2026-04-05T10:20:09.286218Z  INFO ThreadId(14) pipeline{execution_id=7b03a4f0-b562-4a77-a1bc-bc436a014f57 chain_id=42161 from_address=0xfea6645D31443cF7Cf96eF1dB7823EB9365f98bf}: cortex::pipeline: transaction broadcasted: elapsed_ms=357 tx_hash=0x8bdc6198d1ea13a5270aca21725f87d753c8872c335daebff5e2609b076b6b41
2026-04-05T10:20:09.286680Z  INFO ThreadId(14) pipeline{execution_id=19a2e140-9238-454c-bfe8-127cc30a1024 chain_id=42161 from_address=0x8AfE43fF49EBd5c4B8Cd1497ee77b437dd1711fc}: cortex::pipeline: transaction signed elapsed_ms=357
2026-04-05T10:20:09.287951Z  INFO ThreadId(17) pipeline{execution_id=aa84a089-1b30-4cfa-8284-bde98ab35277 chain_id=1 from_address=0xCFA80F1f22b0AD533F7d8e2CcC0A783aa4BCaFF3}: cortex::pipeline: transaction broadcasted: elapsed_ms=363 tx_hash=0xb03709b5a0c0f70c2d5a4d6d52ed27e1de9307450718d50988726fdac2f5bf56
2026-04-05T10:20:09.288032Z  INFO ThreadId(16) pipeline{execution_id=891e21eb-b710-4f4c-8dc9-5abb84f82e75 chain_id=137 from_address=0xfea6645D31443cF7Cf96eF1dB7823EB9365f98bf}: cortex::pipeline: transaction broadcasted: elapsed_ms=359 tx_hash=0x9205bb68433bc96b3394371d13de419479046304f90af97e08d441b6121420dc
2026-04-05T10:20:09.288170Z  INFO ThreadId(14) pipeline{execution_id=f3121ea2-356a-4824-b765-75ff267e9c31 chain_id=1 from_address=0xfea6645D31443cF7Cf96eF1dB7823EB9365f98bf}: cortex::pipeline: nonce reserved elapsed_ms=359 nonce=12
2026-04-05T10:20:09.288477Z  INFO ThreadId(14) pipeline{execution_id=3191bd7e-b13e-4d36-a9c2-779b6cb5da85 chain_id=1 from_address=0x2EAC739a1e05F4a05a5B8fD93D332c4353E5A7cD}: cortex::pipeline: nonce reserved elapsed_ms=359 nonce=17
2026-04-05T10:20:09.289303Z  INFO ThreadId(04) pipeline{execution_id=19a2e140-9238-454c-bfe8-127cc30a1024 chain_id=42161 from_address=0x8AfE43fF49EBd5c4B8Cd1497ee77b437dd1711fc}: cortex::pipeline: transaction broadcasted: elapsed_ms=360 tx_hash=0xba2d31762a93a17e4b7b7a40fc10b51d38db432c511c81611b6a8b4df886d5ee
2026-04-05T10:20:09.289370Z  INFO ThreadId(14) pipeline{execution_id=9a6dd682-c041-424d-997d-acae158c0cc7 chain_id=42161 from_address=0xfea6645D31443cF7Cf96eF1dB7823EB9365f98bf}: cortex::pipeline: nonce reserved elapsed_ms=360 nonce=11
2026-04-05T10:20:09.290063Z  INFO ThreadId(16) pipeline{execution_id=0aafa656-ba8f-4156-bac5-ae510a4a7684 chain_id=42161 from_address=0x8b172F820629b14cEAF859A6e159d1BcD3291Fe1}: cortex::pipeline: nonce reserved elapsed_ms=360 nonce=15
2026-04-05T10:20:09.290493Z  INFO ThreadId(04) pipeline{execution_id=f3121ea2-356a-4824-b765-75ff267e9c31 chain_id=1 from_address=0xfea6645D31443cF7Cf96eF1dB7823EB9365f98bf}: cortex::pipeline: transaction signed elapsed_ms=361
2026-04-05T10:20:09.290842Z  INFO ThreadId(05) pipeline{execution_id=3191bd7e-b13e-4d36-a9c2-779b6cb5da85 chain_id=1 from_address=0x2EAC739a1e05F4a05a5B8fD93D332c4353E5A7cD}: cortex::pipeline: transaction signed elapsed_ms=362
2026-04-05T10:20:09.290839Z  INFO ThreadId(04) pipeline{execution_id=dfc08f08-cc73-41ce-af26-7a454ea41d22 chain_id=1 from_address=0x8b172F820629b14cEAF859A6e159d1BcD3291Fe1}: cortex::pipeline: transaction broadcasted: elapsed_ms=365 tx_hash=0x803083695a222e0fdd0c407f16d4c5d405e2711a98c2a05da0b6ec296953ce07
2026-04-05T10:20:09.290840Z  INFO ThreadId(17) pipeline{execution_id=9f525de0-7706-4256-aa30-280970ab8302 chain_id=137 from_address=0x8AfE43fF49EBd5c4B8Cd1497ee77b437dd1711fc}: cortex::pipeline: transaction broadcasted: elapsed_ms=362 tx_hash=0xe557f04b07ae04a87500c795aa8a9e216db23bd4fb0bdbb26b61ac150bd6484b
2026-04-05T10:20:09.291678Z  INFO ThreadId(12) pipeline{execution_id=0aafa656-ba8f-4156-bac5-ae510a4a7684 chain_id=42161 from_address=0x8b172F820629b14cEAF859A6e159d1BcD3291Fe1}: cortex::pipeline: transaction signed elapsed_ms=362
2026-04-05T10:20:09.291678Z  INFO ThreadId(14) pipeline{execution_id=9a6dd682-c041-424d-997d-acae158c0cc7 chain_id=42161 from_address=0xfea6645D31443cF7Cf96eF1dB7823EB9365f98bf}: cortex::pipeline: transaction signed elapsed_ms=362
2026-04-05T10:20:09.292062Z  INFO ThreadId(04) pipeline{execution_id=b9419f18-30c7-4fa5-8dc8-70e9752512d9 chain_id=137 from_address=0xfea6645D31443cF7Cf96eF1dB7823EB9365f98bf}: cortex::pipeline: nonce reserved elapsed_ms=362 nonce=11
2026-04-05T10:20:09.292559Z  INFO ThreadId(04) pipeline{execution_id=25a6ee3d-d883-493f-a9b5-04f3e5a6c807 chain_id=137 from_address=0x8b172F820629b14cEAF859A6e159d1BcD3291Fe1}: cortex::pipeline: nonce reserved elapsed_ms=364 nonce=8
2026-04-05T10:20:09.293304Z  INFO ThreadId(05) pipeline{execution_id=1a0baac2-67ca-4e29-bcbd-29b6269cd0c0 chain_id=1 from_address=0xCFA80F1f22b0AD533F7d8e2CcC0A783aa4BCaFF3}: cortex::pipeline: nonce reserved elapsed_ms=364 nonce=11
2026-04-05T10:20:09.293376Z  INFO ThreadId(12) pipeline{execution_id=14f0fb5a-60e7-4db2-922c-b913539c6768 chain_id=1 from_address=0x2EAC739a1e05F4a05a5B8fD93D332c4353E5A7cD}: cortex::pipeline: transaction broadcasted: elapsed_ms=368 tx_hash=0x75ec7a726d4ba84c2e0801c4507904a9ca630212672afeaed706d889221ea888
2026-04-05T10:20:09.293888Z  INFO ThreadId(04) pipeline{execution_id=b9419f18-30c7-4fa5-8dc8-70e9752512d9 chain_id=137 from_address=0xfea6645D31443cF7Cf96eF1dB7823EB9365f98bf}: cortex::pipeline: transaction signed elapsed_ms=364
2026-04-05T10:20:09.294221Z  INFO ThreadId(13) pipeline{execution_id=25a6ee3d-d883-493f-a9b5-04f3e5a6c807 chain_id=137 from_address=0x8b172F820629b14cEAF859A6e159d1BcD3291Fe1}: cortex::pipeline: transaction signed elapsed_ms=365
2026-04-05T10:20:09.294385Z  INFO ThreadId(16) pipeline{execution_id=0aafa656-ba8f-4156-bac5-ae510a4a7684 chain_id=42161 from_address=0x8b172F820629b14cEAF859A6e159d1BcD3291Fe1}: cortex::pipeline: transaction broadcasted: elapsed_ms=365 tx_hash=0xec5179379481dc4d9a158eb4528fb94d3a37e307d0070471ef0777d832dc80f8
2026-04-05T10:20:09.294754Z  INFO ThreadId(05) pipeline{execution_id=5fdfa384-3f5b-4dad-bcd3-424b3044b19f chain_id=137 from_address=0x2EAC739a1e05F4a05a5B8fD93D332c4353E5A7cD}: cortex::pipeline: nonce reserved elapsed_ms=365 nonce=13
2026-04-05T10:20:09.295240Z  INFO ThreadId(13) pipeline{execution_id=1a0baac2-67ca-4e29-bcbd-29b6269cd0c0 chain_id=1 from_address=0xCFA80F1f22b0AD533F7d8e2CcC0A783aa4BCaFF3}: cortex::pipeline: transaction signed elapsed_ms=366
2026-04-05T10:20:09.296130Z  INFO ThreadId(04) pipeline{execution_id=c75a60bf-6349-41f3-be81-7518a9861efc chain_id=137 from_address=0xCFA80F1f22b0AD533F7d8e2CcC0A783aa4BCaFF3}: cortex::pipeline: nonce reserved elapsed_ms=366 nonce=8
2026-04-05T10:20:09.296152Z  INFO ThreadId(05) pipeline{execution_id=655ae584-173b-4123-9c92-d4e7f34d281d chain_id=1 from_address=0x2EAC739a1e05F4a05a5B8fD93D332c4353E5A7cD}: cortex::pipeline: transaction broadcasted: elapsed_ms=370 tx_hash=0x89a2a00fdd8e79a606054ade19264c8bf1439a9386ea3c6ee0e9ae7af8ee7651
2026-04-05T10:20:09.296895Z  INFO ThreadId(14) pipeline{execution_id=5fdfa384-3f5b-4dad-bcd3-424b3044b19f chain_id=137 from_address=0x2EAC739a1e05F4a05a5B8fD93D332c4353E5A7cD}: cortex::pipeline: transaction signed elapsed_ms=367
2026-04-05T10:20:09.297132Z  INFO ThreadId(13) pipeline{execution_id=b9419f18-30c7-4fa5-8dc8-70e9752512d9 chain_id=137 from_address=0xfea6645D31443cF7Cf96eF1dB7823EB9365f98bf}: cortex::pipeline: transaction broadcasted: elapsed_ms=367 tx_hash=0xe884196682f124d6fa7e09768a52b871634f3bae1375a1c08580775eeb474aa4
2026-04-05T10:20:09.297567Z  INFO ThreadId(13) pipeline{execution_id=8222a8ef-3739-47aa-a5ff-8fb4224ef067 chain_id=137 from_address=0xCFA80F1f22b0AD533F7d8e2CcC0A783aa4BCaFF3}: cortex::pipeline: nonce reserved elapsed_ms=367 nonce=9
2026-04-05T10:20:09.297854Z  INFO ThreadId(04) pipeline{execution_id=9a6dd682-c041-424d-997d-acae158c0cc7 chain_id=42161 from_address=0xfea6645D31443cF7Cf96eF1dB7823EB9365f98bf}: cortex::pipeline: transaction broadcasted: elapsed_ms=368 tx_hash=0xb15c1618313849bd7a094b728607a70e489c6924a88f5219bb840758e0578999
2026-04-05T10:20:09.298491Z  INFO ThreadId(04) pipeline{execution_id=c75a60bf-6349-41f3-be81-7518a9861efc chain_id=137 from_address=0xCFA80F1f22b0AD533F7d8e2CcC0A783aa4BCaFF3}: cortex::pipeline: transaction signed elapsed_ms=369
2026-04-05T10:20:09.299095Z  INFO ThreadId(04) pipeline{execution_id=919a9ff9-80c3-48b8-8a06-c48ee858c17f chain_id=1 from_address=0x8b172F820629b14cEAF859A6e159d1BcD3291Fe1}: cortex::pipeline: nonce reserved elapsed_ms=369 nonce=14
2026-04-05T10:20:09.299753Z  INFO ThreadId(04) pipeline{execution_id=0dd545d4-50c7-4c4e-9fde-4431c3fa0f2c chain_id=1 from_address=0x8AfE43fF49EBd5c4B8Cd1497ee77b437dd1711fc}: cortex::pipeline: transaction broadcasted: elapsed_ms=373 tx_hash=0xdef439ffb505a9ce690da1f31581ff6e91d722ba916e804d65e5cd343d447ef9
2026-04-05T10:20:09.299903Z  INFO ThreadId(04) pipeline{execution_id=8222a8ef-3739-47aa-a5ff-8fb4224ef067 chain_id=137 from_address=0xCFA80F1f22b0AD533F7d8e2CcC0A783aa4BCaFF3}: cortex::pipeline: transaction signed elapsed_ms=369
2026-04-05T10:20:09.300508Z  INFO ThreadId(09) pipeline{execution_id=f8b66024-02cb-46e0-843d-574e45a44d3b chain_id=137 from_address=0xCFA80F1f22b0AD533F7d8e2CcC0A783aa4BCaFF3}: cortex::pipeline: nonce reserved elapsed_ms=370 nonce=10
2026-04-05T10:20:09.300632Z  INFO ThreadId(04) pipeline{execution_id=25a6ee3d-d883-493f-a9b5-04f3e5a6c807 chain_id=137 from_address=0x8b172F820629b14cEAF859A6e159d1BcD3291Fe1}: cortex::pipeline: transaction broadcasted: elapsed_ms=372 tx_hash=0xea83fa41fdf4001da3c2fda827dca656b97c5e6fc7be9a18409676a4918e8ab0
2026-04-05T10:20:09.301953Z  INFO ThreadId(14) pipeline{execution_id=919a9ff9-80c3-48b8-8a06-c48ee858c17f chain_id=1 from_address=0x8b172F820629b14cEAF859A6e159d1BcD3291Fe1}: cortex::pipeline: transaction signed elapsed_ms=371
2026-04-05T10:20:09.302417Z  INFO ThreadId(16) pipeline{execution_id=bc7a8f4a-212b-4bed-9c09-5bd81a37ef4d chain_id=1 from_address=0xfea6645D31443cF7Cf96eF1dB7823EB9365f98bf}: cortex::pipeline: transaction broadcasted: elapsed_ms=375 tx_hash=0xdcedaca1fe7c6f05b944a0d40e5e16a971e66b88a0e46fbd679df5bf3b848d91
2026-04-05T10:20:09.302661Z  INFO ThreadId(10) pipeline{execution_id=985a0a46-58be-4ced-adb3-ae32cb8d3c99 chain_id=42161 from_address=0xfea6645D31443cF7Cf96eF1dB7823EB9365f98bf}: cortex::pipeline: nonce reserved elapsed_ms=373 nonce=12
2026-04-05T10:20:09.302678Z  INFO ThreadId(16) pipeline{execution_id=f8b66024-02cb-46e0-843d-574e45a44d3b chain_id=137 from_address=0xCFA80F1f22b0AD533F7d8e2CcC0A783aa4BCaFF3}: cortex::pipeline: transaction signed elapsed_ms=372
2026-04-05T10:20:09.303404Z  INFO ThreadId(10) pipeline{execution_id=5fdfa384-3f5b-4dad-bcd3-424b3044b19f chain_id=137 from_address=0x2EAC739a1e05F4a05a5B8fD93D332c4353E5A7cD}: cortex::pipeline: transaction broadcasted: elapsed_ms=374 tx_hash=0x14a068ae6df5a7636f11dd026eca635b505e8c1ecd546650a80210c32a8b8704
2026-04-05T10:20:09.304093Z  INFO ThreadId(10) pipeline{execution_id=7d5552bf-cd16-44bd-8309-7454dbdb141c chain_id=1 from_address=0x8AfE43fF49EBd5c4B8Cd1497ee77b437dd1711fc}: cortex::pipeline: nonce reserved elapsed_ms=373 nonce=18
2026-04-05T10:20:09.304695Z  INFO ThreadId(13) pipeline{execution_id=985a0a46-58be-4ced-adb3-ae32cb8d3c99 chain_id=42161 from_address=0xfea6645D31443cF7Cf96eF1dB7823EB9365f98bf}: cortex::pipeline: transaction signed elapsed_ms=375
2026-04-05T10:20:09.305570Z  INFO ThreadId(18) pipeline{execution_id=9af369d2-2dfd-4f51-8d74-a75abc82f035 chain_id=1 from_address=0x8b172F820629b14cEAF859A6e159d1BcD3291Fe1}: cortex::pipeline: transaction broadcasted: elapsed_ms=378 tx_hash=0x45dafb82e31f4adb0ea5e08f1acf8f381e2c17f312598f98c4ad412c2e536a1e
2026-04-05T10:20:09.305872Z  INFO ThreadId(18) pipeline{execution_id=e76d718f-2c23-41a9-b035-ba7920dc9a6b chain_id=42161 from_address=0x8b172F820629b14cEAF859A6e159d1BcD3291Fe1}: cortex::pipeline: nonce reserved elapsed_ms=375 nonce=16
2026-04-05T10:20:09.306131Z  INFO ThreadId(18) pipeline{execution_id=7d5552bf-cd16-44bd-8309-7454dbdb141c chain_id=1 from_address=0x8AfE43fF49EBd5c4B8Cd1497ee77b437dd1711fc}: cortex::pipeline: transaction signed elapsed_ms=375
2026-04-05T10:20:09.306460Z  INFO ThreadId(16) pipeline{execution_id=c75a60bf-6349-41f3-be81-7518a9861efc chain_id=137 from_address=0xCFA80F1f22b0AD533F7d8e2CcC0A783aa4BCaFF3}: cortex::pipeline: transaction broadcasted: elapsed_ms=377 tx_hash=0xa2996c86a235826e29e874d48593cac9636604529842f5d21d94cdf9c859359a
2026-04-05T10:20:09.307409Z  INFO ThreadId(13) pipeline{execution_id=985a0a46-58be-4ced-adb3-ae32cb8d3c99 chain_id=42161 from_address=0xfea6645D31443cF7Cf96eF1dB7823EB9365f98bf}: cortex::pipeline: transaction broadcasted: elapsed_ms=377 tx_hash=0xeae7b50e8a3d9f39dd086e41190f5105c57495b43cd28ce15cf3bcbc7c76563b
2026-04-05T10:20:09.307593Z  INFO ThreadId(13) pipeline{execution_id=e76d718f-2c23-41a9-b035-ba7920dc9a6b chain_id=42161 from_address=0x8b172F820629b14cEAF859A6e159d1BcD3291Fe1}: cortex::pipeline: transaction signed elapsed_ms=377
2026-04-05T10:20:09.308143Z  INFO ThreadId(16) pipeline{execution_id=e6212d9d-c6fa-4f79-b1c9-f316fbe87ad8 chain_id=1 from_address=0xCFA80F1f22b0AD533F7d8e2CcC0A783aa4BCaFF3}: cortex::pipeline: transaction broadcasted: elapsed_ms=381 tx_hash=0xd04975310ff867a63e0195d5fad38fd9ec96c54eaa2f805ba25ddc289d8e27d1
2026-04-05T10:20:09.309283Z  INFO ThreadId(09) pipeline{execution_id=8222a8ef-3739-47aa-a5ff-8fb4224ef067 chain_id=137 from_address=0xCFA80F1f22b0AD533F7d8e2CcC0A783aa4BCaFF3}: cortex::pipeline: transaction broadcasted: elapsed_ms=379 tx_hash=0xa366d708b3017c48d62f01307d6ce34e890ad2826ad9b9688bf7def2784ea600
2026-04-05T10:20:09.311034Z  INFO ThreadId(08) pipeline{execution_id=e76d718f-2c23-41a9-b035-ba7920dc9a6b chain_id=42161 from_address=0x8b172F820629b14cEAF859A6e159d1BcD3291Fe1}: cortex::pipeline: transaction broadcasted: elapsed_ms=380 tx_hash=0x97d26ddefcc1a2d5e462b5c0e694c0f2ac3febaa11a1bb83061451e3a9d15ead
2026-04-05T10:20:09.312487Z  INFO ThreadId(18) pipeline{execution_id=9e6878d1-11c6-4834-b693-a5cb80e6c397 chain_id=1 from_address=0xCFA80F1f22b0AD533F7d8e2CcC0A783aa4BCaFF3}: cortex::pipeline: transaction broadcasted: elapsed_ms=385 tx_hash=0x0b90f86064280f61c24815d5ca9ef06ae3e86a621c0fb2d4473a86623b6cf730
2026-04-05T10:20:09.312619Z  INFO ThreadId(12) pipeline{execution_id=f8b66024-02cb-46e0-843d-574e45a44d3b chain_id=137 from_address=0xCFA80F1f22b0AD533F7d8e2CcC0A783aa4BCaFF3}: cortex::pipeline: transaction broadcasted: elapsed_ms=382 tx_hash=0x8ae4997fcd9138f864eb7a8ed12d5ae67ef293b27608d3a190d915fa0acd204a
2026-04-05T10:20:09.315394Z  INFO ThreadId(12) pipeline{execution_id=f763f9fc-2a14-430e-8452-95e070b514e2 chain_id=1 from_address=0x2EAC739a1e05F4a05a5B8fD93D332c4353E5A7cD}: cortex::pipeline: transaction broadcasted: elapsed_ms=388 tx_hash=0x31b8abc8535e4da905d254e3b226a243aa920548334b97b8008c7f68a7a96790
2026-04-05T10:20:09.317883Z  INFO ThreadId(09) pipeline{execution_id=dbec1a8d-30f1-4cdf-9bd7-f80c0518db7a chain_id=1 from_address=0x8AfE43fF49EBd5c4B8Cd1497ee77b437dd1711fc}: cortex::pipeline: transaction broadcasted: elapsed_ms=390 tx_hash=0x7e3566d5624dc8a77a036e38cfc1ae6fc57fa1106dc7efb29a7577e73ae4db5e
2026-04-05T10:20:09.320297Z  INFO ThreadId(09) pipeline{execution_id=ebc034b5-56c8-4b9e-9f44-ba8fa391a959 chain_id=1 from_address=0x8b172F820629b14cEAF859A6e159d1BcD3291Fe1}: cortex::pipeline: transaction broadcasted: elapsed_ms=393 tx_hash=0xbafee4d87abb703b158c3d073841fd179bfeafd0bb9cf77aea4e113ab437cf4c
2026-04-05T10:20:09.322250Z  INFO ThreadId(09) pipeline{execution_id=0792ea5e-6f53-4835-9b40-92a409cdaf49 chain_id=1 from_address=0xfea6645D31443cF7Cf96eF1dB7823EB9365f98bf}: cortex::pipeline: transaction broadcasted: elapsed_ms=395 tx_hash=0x97d859d902cdb67c38ff289c6a3d4dc2f7cf2e87e20567c979908788cc6ed779
2026-04-05T10:20:09.324105Z  INFO ThreadId(09) pipeline{execution_id=d310145a-7a60-4692-be5c-5411bfea2a47 chain_id=1 from_address=0x8b172F820629b14cEAF859A6e159d1BcD3291Fe1}: cortex::pipeline: transaction broadcasted: elapsed_ms=396 tx_hash=0x4da8a779a669712b6960a6395a61b1d768ca825e788f7edd0513b66aede26606
2026-04-05T10:20:09.326126Z  INFO ThreadId(09) pipeline{execution_id=a96623a3-e306-4eb8-a39a-58e5da078a40 chain_id=1 from_address=0xCFA80F1f22b0AD533F7d8e2CcC0A783aa4BCaFF3}: cortex::pipeline: transaction broadcasted: elapsed_ms=398 tx_hash=0xed79ce5a7228d5949a135a3bbe71ae96d07a34db2bdd0b8908d73aed56629a76
2026-04-05T10:20:09.328078Z  INFO ThreadId(09) pipeline{execution_id=c9687832-9875-40a7-b665-b0a0ec19c822 chain_id=1 from_address=0x8b172F820629b14cEAF859A6e159d1BcD3291Fe1}: cortex::pipeline: transaction broadcasted: elapsed_ms=401 tx_hash=0xa87b87a538e59b1fc03e1c3ff4717875f022d915a2075af40b8b09dced1d7592
2026-04-05T10:20:09.330422Z  INFO ThreadId(09) pipeline{execution_id=ab5824fe-cd47-460d-92d9-2397c41c8607 chain_id=1 from_address=0xCFA80F1f22b0AD533F7d8e2CcC0A783aa4BCaFF3}: cortex::pipeline: transaction broadcasted: elapsed_ms=402 tx_hash=0xb56ef4b248c39d312c68883d2a9f7e6ab3b24f2814838d252bae9c3ee553059f
2026-04-05T10:20:09.332374Z  INFO ThreadId(10) pipeline{execution_id=7653d9b5-80e6-4bdf-ae3e-a1b2f91deb9e chain_id=1 from_address=0x2EAC739a1e05F4a05a5B8fD93D332c4353E5A7cD}: cortex::pipeline: transaction broadcasted: elapsed_ms=404 tx_hash=0xd2ce0d586e09510d43b234f788bf6eb8ee4d3232abd42864fa378dd023df0c9b
2026-04-05T10:20:09.334507Z  INFO ThreadId(09) pipeline{execution_id=c920ba19-d1f0-450b-90ca-fcdd2510ecf0 chain_id=1 from_address=0x2EAC739a1e05F4a05a5B8fD93D332c4353E5A7cD}: cortex::pipeline: transaction broadcasted: elapsed_ms=406 tx_hash=0xf63a84f73cfdac62b8d90d0bf4ba0b8e2db4eba8a6611ac469b3c29454c553dc
2026-04-05T10:20:09.337103Z  INFO ThreadId(09) pipeline{execution_id=82a0dbd5-d4d9-4986-8c93-46f2b3ca0a93 chain_id=1 from_address=0x8AfE43fF49EBd5c4B8Cd1497ee77b437dd1711fc}: cortex::pipeline: transaction broadcasted: elapsed_ms=408 tx_hash=0xa801b2123c9196dacbd0f286fca930fc1fd3be1a7ea5eed3c9881db72563d0e9
2026-04-05T10:20:09.339102Z  INFO ThreadId(10) pipeline{execution_id=f3121ea2-356a-4824-b765-75ff267e9c31 chain_id=1 from_address=0xfea6645D31443cF7Cf96eF1dB7823EB9365f98bf}: cortex::pipeline: transaction broadcasted: elapsed_ms=410 tx_hash=0x6fc0b554d23127c85f2af698b35a0c2199e7fea592b4332f8f76dc207ba5682c
2026-04-05T10:20:09.340930Z  INFO ThreadId(07) pipeline{execution_id=3191bd7e-b13e-4d36-a9c2-779b6cb5da85 chain_id=1 from_address=0x2EAC739a1e05F4a05a5B8fD93D332c4353E5A7cD}: cortex::pipeline: transaction broadcasted: elapsed_ms=412 tx_hash=0x89fc018d57cbeed4138a94950d6442c52abab05767234d9df82199dd752ca1bc
2026-04-05T10:20:09.342986Z  INFO ThreadId(09) pipeline{execution_id=1a0baac2-67ca-4e29-bcbd-29b6269cd0c0 chain_id=1 from_address=0xCFA80F1f22b0AD533F7d8e2CcC0A783aa4BCaFF3}: cortex::pipeline: transaction broadcasted: elapsed_ms=413 tx_hash=0x27ece40411290ba24c8a6a25c6244af8ff4dbe6b986651e8f9d82a022d8e399c
2026-04-05T10:20:09.345083Z  INFO ThreadId(09) pipeline{execution_id=919a9ff9-80c3-48b8-8a06-c48ee858c17f chain_id=1 from_address=0x8b172F820629b14cEAF859A6e159d1BcD3291Fe1}: cortex::pipeline: transaction broadcasted: elapsed_ms=415 tx_hash=0x49b6b40d68deb55f6f52ca119ff796d9f2d11ebdf5e2d4c77c9e67318830dbf7
2026-04-05T10:20:09.346820Z  INFO ThreadId(07) pipeline{execution_id=7d5552bf-cd16-44bd-8309-7454dbdb141c chain_id=1 from_address=0x8AfE43fF49EBd5c4B8Cd1497ee77b437dd1711fc}: cortex::pipeline: transaction broadcasted: elapsed_ms=416 tx_hash=0x973119c006ef95fc524fcb9ce22f8a75776adc2aa66e8f4986272d24ddadb830
2026-04-05T10:20:11.174572Z  INFO ThreadId(06) pipeline{execution_id=0c7a68b8-1279-451b-81c7-cbc2fb07e4d8 chain_id=1 from_address=0xfea6645D31443cF7Cf96eF1dB7823EB9365f98bf}: cortex::pipeline: transaction confirmed on-chain elapsed_ms=2262 block_number=24812839 confirmations=2
2026-04-05T10:20:11.174648Z  INFO ThreadId(06) pipeline{execution_id=0c7a68b8-1279-451b-81c7-cbc2fb07e4d8 chain_id=1 from_address=0xfea6645D31443cF7Cf96eF1dB7823EB9365f98bf}: cortex::pipeline: pipeline completed elapsed_ms=2262
2026-04-05T10:20:11.181514Z  INFO ThreadId(09) pipeline{execution_id=6b2c8957-164c-434f-9aa8-0c0e0fe60277 chain_id=42161 from_address=0x8b172F820629b14cEAF859A6e159d1BcD3291Fe1}: cortex::pipeline: transaction confirmed on-chain elapsed_ms=2269 block_number=449265459 confirmations=1
2026-04-05T10:20:11.181628Z  INFO ThreadId(09) pipeline{execution_id=6b2c8957-164c-434f-9aa8-0c0e0fe60277 chain_id=42161 from_address=0x8b172F820629b14cEAF859A6e159d1BcD3291Fe1}: cortex::pipeline: pipeline completed elapsed_ms=2269
2026-04-05T10:20:11.181854Z  INFO ThreadId(10) pipeline{execution_id=ca7291a3-2c43-4157-a081-ebc29ade7e55 chain_id=1 from_address=0xCFA80F1f22b0AD533F7d8e2CcC0A783aa4BCaFF3}: cortex::pipeline: transaction confirmed on-chain elapsed_ms=2268 block_number=24812839 confirmations=2
2026-04-05T10:20:11.181910Z  INFO ThreadId(10) pipeline{execution_id=ca7291a3-2c43-4157-a081-ebc29ade7e55 chain_id=1 from_address=0xCFA80F1f22b0AD533F7d8e2CcC0A783aa4BCaFF3}: cortex::pipeline: pipeline completed elapsed_ms=2269
2026-04-05T10:20:11.182643Z  INFO ThreadId(10) pipeline{execution_id=0d4b0dc9-7518-4a9b-af7f-3473599ecab3 chain_id=137 from_address=0x2EAC739a1e05F4a05a5B8fD93D332c4353E5A7cD}: cortex::pipeline: transaction confirmed on-chain elapsed_ms=2269 block_number=85132195 confirmations=1
2026-04-05T10:20:11.182687Z  INFO ThreadId(10) pipeline{execution_id=0d4b0dc9-7518-4a9b-af7f-3473599ecab3 chain_id=137 from_address=0x2EAC739a1e05F4a05a5B8fD93D332c4353E5A7cD}: cortex::pipeline: pipeline completed elapsed_ms=2269
2026-04-05T10:20:11.184271Z  INFO ThreadId(04) pipeline{execution_id=ac099b73-e5f3-4ce9-8c34-9ae5d8cb6188 chain_id=42161 from_address=0x8AfE43fF49EBd5c4B8Cd1497ee77b437dd1711fc}: cortex::pipeline: transaction confirmed on-chain elapsed_ms=2271 block_number=449265452 confirmations=1
2026-04-05T10:20:11.184332Z  INFO ThreadId(04) pipeline{execution_id=ac099b73-e5f3-4ce9-8c34-9ae5d8cb6188 chain_id=42161 from_address=0x8AfE43fF49EBd5c4B8Cd1497ee77b437dd1711fc}: cortex::pipeline: pipeline completed elapsed_ms=2271
2026-04-05T10:20:11.189631Z  INFO ThreadId(04) pipeline{execution_id=f7b6b557-543c-40a6-b3a4-c655f41b627d chain_id=137 from_address=0x8b172F820629b14cEAF859A6e159d1BcD3291Fe1}: cortex::pipeline: transaction confirmed on-chain elapsed_ms=2276 block_number=85132194 confirmations=1
2026-04-05T10:20:11.189699Z  INFO ThreadId(03) pipeline{execution_id=ddee923e-cebc-4aed-9af1-42d7b0407b22 chain_id=1 from_address=0x8AfE43fF49EBd5c4B8Cd1497ee77b437dd1711fc}: cortex::pipeline: transaction confirmed on-chain elapsed_ms=2277 block_number=24812839 confirmations=2
2026-04-05T10:20:11.189723Z  INFO ThreadId(04) pipeline{execution_id=f7b6b557-543c-40a6-b3a4-c655f41b627d chain_id=137 from_address=0x8b172F820629b14cEAF859A6e159d1BcD3291Fe1}: cortex::pipeline: pipeline completed elapsed_ms=2276
2026-04-05T10:20:11.189755Z  INFO ThreadId(03) pipeline{execution_id=ddee923e-cebc-4aed-9af1-42d7b0407b22 chain_id=1 from_address=0x8AfE43fF49EBd5c4B8Cd1497ee77b437dd1711fc}: cortex::pipeline: pipeline completed elapsed_ms=2277
2026-04-05T10:20:11.193557Z  INFO ThreadId(06) pipeline{execution_id=6d939822-1bc5-4d27-8c76-450cc70f2c5e chain_id=42161 from_address=0xfea6645D31443cF7Cf96eF1dB7823EB9365f98bf}: cortex::pipeline: transaction confirmed on-chain elapsed_ms=2279 block_number=449265452 confirmations=1
2026-04-05T10:20:11.193627Z  INFO ThreadId(06) pipeline{execution_id=6d939822-1bc5-4d27-8c76-450cc70f2c5e chain_id=42161 from_address=0xfea6645D31443cF7Cf96eF1dB7823EB9365f98bf}: cortex::pipeline: pipeline completed elapsed_ms=2279
2026-04-05T10:20:11.194632Z  INFO ThreadId(06) pipeline{execution_id=196c3d40-a527-4e0f-a16a-ecce6bf92a7b chain_id=1 from_address=0x8AfE43fF49EBd5c4B8Cd1497ee77b437dd1711fc}: cortex::pipeline: transaction confirmed on-chain elapsed_ms=2281 block_number=24812839 confirmations=2
2026-04-05T10:20:11.194675Z  INFO ThreadId(06) pipeline{execution_id=196c3d40-a527-4e0f-a16a-ecce6bf92a7b chain_id=1 from_address=0x8AfE43fF49EBd5c4B8Cd1497ee77b437dd1711fc}: cortex::pipeline: pipeline completed elapsed_ms=2281
2026-04-05T10:20:11.194777Z  INFO ThreadId(04) pipeline{execution_id=b0b72e2b-156d-4e5b-818b-d8dbc294ad65 chain_id=137 from_address=0xfea6645D31443cF7Cf96eF1dB7823EB9365f98bf}: cortex::pipeline: transaction confirmed on-chain elapsed_ms=2282 block_number=85132195 confirmations=1
2026-04-05T10:20:11.194827Z  INFO ThreadId(04) pipeline{execution_id=b0b72e2b-156d-4e5b-818b-d8dbc294ad65 chain_id=137 from_address=0xfea6645D31443cF7Cf96eF1dB7823EB9365f98bf}: cortex::pipeline: pipeline completed elapsed_ms=2282
2026-04-05T10:20:11.196758Z  INFO ThreadId(06) pipeline{execution_id=c2d3ed6c-ba1e-40dc-a005-f4de210529e5 chain_id=1 from_address=0x8b172F820629b14cEAF859A6e159d1BcD3291Fe1}: cortex::pipeline: transaction confirmed on-chain elapsed_ms=2283 block_number=24812838 confirmations=1
2026-04-05T10:20:11.196837Z  INFO ThreadId(06) pipeline{execution_id=c2d3ed6c-ba1e-40dc-a005-f4de210529e5 chain_id=1 from_address=0x8b172F820629b14cEAF859A6e159d1BcD3291Fe1}: cortex::pipeline: pipeline completed elapsed_ms=2283
2026-04-05T10:20:11.198788Z  INFO ThreadId(09) pipeline{execution_id=c574a94d-abb4-42f1-8475-51608a3434a5 chain_id=42161 from_address=0x8AfE43fF49EBd5c4B8Cd1497ee77b437dd1711fc}: cortex::pipeline: transaction confirmed on-chain elapsed_ms=2285 block_number=449265452 confirmations=1
2026-04-05T10:20:11.198879Z  INFO ThreadId(09) pipeline{execution_id=c574a94d-abb4-42f1-8475-51608a3434a5 chain_id=42161 from_address=0x8AfE43fF49EBd5c4B8Cd1497ee77b437dd1711fc}: cortex::pipeline: pipeline completed elapsed_ms=2285
2026-04-05T10:20:11.200800Z  INFO ThreadId(04) pipeline{execution_id=249bb22f-7797-4d1f-932f-b140779f8006 chain_id=137 from_address=0x2EAC739a1e05F4a05a5B8fD93D332c4353E5A7cD}: cortex::pipeline: transaction confirmed on-chain elapsed_ms=2286 block_number=85132195 confirmations=1
2026-04-05T10:20:11.200885Z  INFO ThreadId(04) pipeline{execution_id=249bb22f-7797-4d1f-932f-b140779f8006 chain_id=137 from_address=0x2EAC739a1e05F4a05a5B8fD93D332c4353E5A7cD}: cortex::pipeline: pipeline completed elapsed_ms=2286
2026-04-05T10:20:11.202051Z  INFO ThreadId(04) pipeline{execution_id=20b01352-8f26-4374-a531-377b0e174d18 chain_id=42161 from_address=0x8b172F820629b14cEAF859A6e159d1BcD3291Fe1}: cortex::pipeline: transaction confirmed on-chain elapsed_ms=2288 block_number=449265459 confirmations=1
2026-04-05T10:20:11.202108Z  INFO ThreadId(04) pipeline{execution_id=20b01352-8f26-4374-a531-377b0e174d18 chain_id=42161 from_address=0x8b172F820629b14cEAF859A6e159d1BcD3291Fe1}: cortex::pipeline: pipeline completed elapsed_ms=2288
2026-04-05T10:20:11.203257Z  INFO ThreadId(04) pipeline{execution_id=4c977347-5c7d-4b3c-9c1a-63dfe63d1683 chain_id=1 from_address=0x8b172F820629b14cEAF859A6e159d1BcD3291Fe1}: cortex::pipeline: transaction confirmed on-chain elapsed_ms=2289 block_number=24812838 confirmations=1
2026-04-05T10:20:11.203301Z  INFO ThreadId(10) pipeline{execution_id=5abc9478-5c51-432f-b842-efdf14a2dc9c chain_id=42161 from_address=0x2EAC739a1e05F4a05a5B8fD93D332c4353E5A7cD}: cortex::pipeline: transaction confirmed on-chain elapsed_ms=2287 block_number=449265452 confirmations=1
2026-04-05T10:20:11.203307Z  INFO ThreadId(09) pipeline{execution_id=6d184ed0-aa17-472a-bc7a-70dbfc725fae chain_id=137 from_address=0x8AfE43fF49EBd5c4B8Cd1497ee77b437dd1711fc}: cortex::pipeline: transaction confirmed on-chain elapsed_ms=2289 block_number=85132195 confirmations=1
2026-04-05T10:20:11.203320Z  INFO ThreadId(04) pipeline{execution_id=4c977347-5c7d-4b3c-9c1a-63dfe63d1683 chain_id=1 from_address=0x8b172F820629b14cEAF859A6e159d1BcD3291Fe1}: cortex::pipeline: pipeline completed elapsed_ms=2289
2026-04-05T10:20:11.203338Z  INFO ThreadId(10) pipeline{execution_id=5abc9478-5c51-432f-b842-efdf14a2dc9c chain_id=42161 from_address=0x2EAC739a1e05F4a05a5B8fD93D332c4353E5A7cD}: cortex::pipeline: pipeline completed elapsed_ms=2287
2026-04-05T10:20:11.203352Z  INFO ThreadId(09) pipeline{execution_id=6d184ed0-aa17-472a-bc7a-70dbfc725fae chain_id=137 from_address=0x8AfE43fF49EBd5c4B8Cd1497ee77b437dd1711fc}: cortex::pipeline: pipeline completed elapsed_ms=2289
2026-04-05T10:20:11.205580Z  INFO ThreadId(11) pipeline{execution_id=e291f09a-4247-4a19-b4bf-3a7b4b9938c0 chain_id=137 from_address=0x8AfE43fF49EBd5c4B8Cd1497ee77b437dd1711fc}: cortex::pipeline: transaction confirmed on-chain elapsed_ms=2290 block_number=85132195 confirmations=1
2026-04-05T10:20:11.205631Z  INFO ThreadId(11) pipeline{execution_id=e291f09a-4247-4a19-b4bf-3a7b4b9938c0 chain_id=137 from_address=0x8AfE43fF49EBd5c4B8Cd1497ee77b437dd1711fc}: cortex::pipeline: pipeline completed elapsed_ms=2290
2026-04-05T10:20:11.207133Z  INFO ThreadId(06) pipeline{execution_id=e7be2924-b30d-4f27-a973-49360f7a25cc chain_id=1 from_address=0xCFA80F1f22b0AD533F7d8e2CcC0A783aa4BCaFF3}: cortex::pipeline: transaction confirmed on-chain elapsed_ms=2292 block_number=24812839 confirmations=2
2026-04-05T10:20:11.207180Z  INFO ThreadId(06) pipeline{execution_id=e7be2924-b30d-4f27-a973-49360f7a25cc chain_id=1 from_address=0xCFA80F1f22b0AD533F7d8e2CcC0A783aa4BCaFF3}: cortex::pipeline: pipeline completed elapsed_ms=2292
2026-04-05T10:20:11.211155Z  INFO ThreadId(16) pipeline{execution_id=725be2da-8506-4278-bdd5-69d3e379d415 chain_id=137 from_address=0x8b172F820629b14cEAF859A6e159d1BcD3291Fe1}: cortex::pipeline: transaction confirmed on-chain elapsed_ms=2295 block_number=85132194 confirmations=1
2026-04-05T10:20:11.211447Z  INFO ThreadId(16) pipeline{execution_id=725be2da-8506-4278-bdd5-69d3e379d415 chain_id=137 from_address=0x8b172F820629b14cEAF859A6e159d1BcD3291Fe1}: cortex::pipeline: pipeline completed elapsed_ms=2296
2026-04-05T10:20:11.212937Z  INFO ThreadId(09) pipeline{execution_id=93a9d889-498b-4e2e-97a2-5bab6b406855 chain_id=42161 from_address=0xfea6645D31443cF7Cf96eF1dB7823EB9365f98bf}: cortex::pipeline: transaction confirmed on-chain elapsed_ms=2296 block_number=449265452 confirmations=1
2026-04-05T10:20:11.212935Z  INFO ThreadId(11) pipeline{execution_id=1080785c-9fd3-42f1-8a18-01a416c93172 chain_id=1 from_address=0x2EAC739a1e05F4a05a5B8fD93D332c4353E5A7cD}: cortex::pipeline: transaction confirmed on-chain elapsed_ms=2298 block_number=24812839 confirmations=2
2026-04-05T10:20:11.213021Z  INFO ThreadId(09) pipeline{execution_id=93a9d889-498b-4e2e-97a2-5bab6b406855 chain_id=42161 from_address=0xfea6645D31443cF7Cf96eF1dB7823EB9365f98bf}: cortex::pipeline: pipeline completed elapsed_ms=2296
2026-04-05T10:20:11.213041Z  INFO ThreadId(11) pipeline{execution_id=1080785c-9fd3-42f1-8a18-01a416c93172 chain_id=1 from_address=0x2EAC739a1e05F4a05a5B8fD93D332c4353E5A7cD}: cortex::pipeline: pipeline completed elapsed_ms=2298
2026-04-05T10:20:11.215192Z  INFO ThreadId(14) pipeline{execution_id=72201418-dc84-4bf4-8bd1-d0f039c3495e chain_id=137 from_address=0xCFA80F1f22b0AD533F7d8e2CcC0A783aa4BCaFF3}: cortex::pipeline: transaction confirmed on-chain elapsed_ms=2299 block_number=85132195 confirmations=1
2026-04-05T10:20:11.215263Z  INFO ThreadId(14) pipeline{execution_id=72201418-dc84-4bf4-8bd1-d0f039c3495e chain_id=137 from_address=0xCFA80F1f22b0AD533F7d8e2CcC0A783aa4BCaFF3}: cortex::pipeline: pipeline completed elapsed_ms=2300
2026-04-05T10:20:11.218508Z  INFO ThreadId(10) pipeline{execution_id=f9184b3b-8be4-40b1-b741-2dc221d75753 chain_id=42161 from_address=0x8b172F820629b14cEAF859A6e159d1BcD3291Fe1}: cortex::pipeline: transaction confirmed on-chain elapsed_ms=2302 block_number=449265459 confirmations=1
2026-04-05T10:20:11.218616Z  INFO ThreadId(10) pipeline{execution_id=f9184b3b-8be4-40b1-b741-2dc221d75753 chain_id=42161 from_address=0x8b172F820629b14cEAF859A6e159d1BcD3291Fe1}: cortex::pipeline: pipeline completed elapsed_ms=2302
2026-04-05T10:20:11.219473Z  INFO ThreadId(16) pipeline{execution_id=0c3a3580-e527-487d-b1ad-505a10316a07 chain_id=42161 from_address=0x2EAC739a1e05F4a05a5B8fD93D332c4353E5A7cD}: cortex::pipeline: transaction confirmed on-chain elapsed_ms=2302 block_number=449265452 confirmations=1
2026-04-05T10:20:11.219539Z  INFO ThreadId(16) pipeline{execution_id=0c3a3580-e527-487d-b1ad-505a10316a07 chain_id=42161 from_address=0x2EAC739a1e05F4a05a5B8fD93D332c4353E5A7cD}: cortex::pipeline: pipeline completed elapsed_ms=2303
2026-04-05T10:20:11.219786Z  INFO ThreadId(16) pipeline{execution_id=5f2f65b7-6ae2-4a60-ab68-aa60ee4906e8 chain_id=1 from_address=0xfea6645D31443cF7Cf96eF1dB7823EB9365f98bf}: cortex::pipeline: transaction confirmed on-chain elapsed_ms=2305 block_number=24812839 confirmations=2
2026-04-05T10:20:11.219839Z  INFO ThreadId(16) pipeline{execution_id=5f2f65b7-6ae2-4a60-ab68-aa60ee4906e8 chain_id=1 from_address=0xfea6645D31443cF7Cf96eF1dB7823EB9365f98bf}: cortex::pipeline: pipeline completed elapsed_ms=2305
2026-04-05T10:20:11.223629Z  INFO ThreadId(15) pipeline{execution_id=d0f80c29-32ab-4d0f-812a-eac8455e4abc chain_id=137 from_address=0x8AfE43fF49EBd5c4B8Cd1497ee77b437dd1711fc}: cortex::pipeline: transaction confirmed on-chain elapsed_ms=2306 block_number=85132195 confirmations=1
2026-04-05T10:20:11.223694Z  INFO ThreadId(15) pipeline{execution_id=d0f80c29-32ab-4d0f-812a-eac8455e4abc chain_id=137 from_address=0x8AfE43fF49EBd5c4B8Cd1497ee77b437dd1711fc}: cortex::pipeline: pipeline completed elapsed_ms=2306
2026-04-05T10:20:11.223822Z  INFO ThreadId(15) pipeline{execution_id=870275b8-ba9b-4a52-a1bc-0cf2f9e91c36 chain_id=42161 from_address=0x2EAC739a1e05F4a05a5B8fD93D332c4353E5A7cD}: cortex::pipeline: transaction confirmed on-chain elapsed_ms=2307 block_number=449265452 confirmations=1
2026-04-05T10:20:11.223865Z  INFO ThreadId(15) pipeline{execution_id=870275b8-ba9b-4a52-a1bc-0cf2f9e91c36 chain_id=42161 from_address=0x2EAC739a1e05F4a05a5B8fD93D332c4353E5A7cD}: cortex::pipeline: pipeline completed elapsed_ms=2307
2026-04-05T10:20:11.226538Z  INFO ThreadId(12) pipeline{execution_id=2c0634c3-e961-41ed-b14b-e3fa21a348ac chain_id=1 from_address=0xCFA80F1f22b0AD533F7d8e2CcC0A783aa4BCaFF3}: cortex::pipeline: transaction confirmed on-chain elapsed_ms=2311 block_number=24812839 confirmations=2
2026-04-05T10:20:11.226620Z  INFO ThreadId(12) pipeline{execution_id=2c0634c3-e961-41ed-b14b-e3fa21a348ac chain_id=1 from_address=0xCFA80F1f22b0AD533F7d8e2CcC0A783aa4BCaFF3}: cortex::pipeline: pipeline completed elapsed_ms=2311
2026-04-05T10:20:11.227006Z  INFO ThreadId(12) pipeline{execution_id=0d1fced4-efa7-447d-aa51-f8739b3af7d7 chain_id=137 from_address=0xfea6645D31443cF7Cf96eF1dB7823EB9365f98bf}: cortex::pipeline: transaction confirmed on-chain elapsed_ms=2308 block_number=85132195 confirmations=1
2026-04-05T10:20:11.227063Z  INFO ThreadId(12) pipeline{execution_id=0d1fced4-efa7-447d-aa51-f8739b3af7d7 chain_id=137 from_address=0xfea6645D31443cF7Cf96eF1dB7823EB9365f98bf}: cortex::pipeline: pipeline completed elapsed_ms=2308
2026-04-05T10:20:11.227296Z  INFO ThreadId(12) pipeline{execution_id=44540f75-47ac-42bf-be98-04cc65cd00f6 chain_id=42161 from_address=0x8b172F820629b14cEAF859A6e159d1BcD3291Fe1}: cortex::pipeline: transaction confirmed on-chain elapsed_ms=2310 block_number=449265459 confirmations=1
2026-04-05T10:20:11.227347Z  INFO ThreadId(12) pipeline{execution_id=44540f75-47ac-42bf-be98-04cc65cd00f6 chain_id=42161 from_address=0x8b172F820629b14cEAF859A6e159d1BcD3291Fe1}: cortex::pipeline: pipeline completed elapsed_ms=2310
2026-04-05T10:20:11.227562Z  INFO ThreadId(11) pipeline{execution_id=6e29a17f-9dd0-4673-8699-5a6c01873c57 chain_id=137 from_address=0x8AfE43fF49EBd5c4B8Cd1497ee77b437dd1711fc}: cortex::pipeline: transaction confirmed on-chain elapsed_ms=2309 block_number=85132195 confirmations=1
2026-04-05T10:20:11.227607Z  INFO ThreadId(11) pipeline{execution_id=6e29a17f-9dd0-4673-8699-5a6c01873c57 chain_id=137 from_address=0x8AfE43fF49EBd5c4B8Cd1497ee77b437dd1711fc}: cortex::pipeline: pipeline completed elapsed_ms=2309
2026-04-05T10:20:11.228804Z  INFO ThreadId(11) pipeline{execution_id=3cd5f7b7-7b80-4d35-8b60-a2c810e2a71b chain_id=1 from_address=0x8AfE43fF49EBd5c4B8Cd1497ee77b437dd1711fc}: cortex::pipeline: transaction confirmed on-chain elapsed_ms=2313 block_number=24812839 confirmations=2
2026-04-05T10:20:11.228875Z  INFO ThreadId(11) pipeline{execution_id=3cd5f7b7-7b80-4d35-8b60-a2c810e2a71b chain_id=1 from_address=0x8AfE43fF49EBd5c4B8Cd1497ee77b437dd1711fc}: cortex::pipeline: pipeline completed elapsed_ms=2313
2026-04-05T10:20:11.231984Z  INFO ThreadId(07) pipeline{execution_id=13191fc2-6b08-448b-af15-ea193b7b72bd chain_id=42161 from_address=0x8b172F820629b14cEAF859A6e159d1BcD3291Fe1}: cortex::pipeline: transaction confirmed on-chain elapsed_ms=2314 block_number=449265459 confirmations=1
2026-04-05T10:20:11.231973Z  INFO ThreadId(12) pipeline{execution_id=5381f009-d2c4-45d2-abef-093f663861c4 chain_id=137 from_address=0x8AfE43fF49EBd5c4B8Cd1497ee77b437dd1711fc}: cortex::pipeline: transaction confirmed on-chain elapsed_ms=2311 block_number=85132195 confirmations=1
2026-04-05T10:20:11.232063Z  INFO ThreadId(07) pipeline{execution_id=13191fc2-6b08-448b-af15-ea193b7b72bd chain_id=42161 from_address=0x8b172F820629b14cEAF859A6e159d1BcD3291Fe1}: cortex::pipeline: pipeline completed elapsed_ms=2314
2026-04-05T10:20:11.232102Z  INFO ThreadId(12) pipeline{execution_id=5381f009-d2c4-45d2-abef-093f663861c4 chain_id=137 from_address=0x8AfE43fF49EBd5c4B8Cd1497ee77b437dd1711fc}: cortex::pipeline: pipeline completed elapsed_ms=2312
2026-04-05T10:20:11.233241Z  INFO ThreadId(08) pipeline{execution_id=5608a173-1003-4d55-bf91-89e77c80d885 chain_id=1 from_address=0x8AfE43fF49EBd5c4B8Cd1497ee77b437dd1711fc}: cortex::pipeline: transaction confirmed on-chain elapsed_ms=2317 block_number=24812839 confirmations=2
2026-04-05T10:20:11.233316Z  INFO ThreadId(08) pipeline{execution_id=5608a173-1003-4d55-bf91-89e77c80d885 chain_id=1 from_address=0x8AfE43fF49EBd5c4B8Cd1497ee77b437dd1711fc}: cortex::pipeline: pipeline completed elapsed_ms=2317
2026-04-05T10:20:11.235997Z  INFO ThreadId(12) pipeline{execution_id=dba2916d-d022-48fe-bdac-0f6ebe0bd391 chain_id=137 from_address=0x8AfE43fF49EBd5c4B8Cd1497ee77b437dd1711fc}: cortex::pipeline: transaction confirmed on-chain elapsed_ms=2315 block_number=85132195 confirmations=1
2026-04-05T10:20:11.236086Z  INFO ThreadId(12) pipeline{execution_id=dba2916d-d022-48fe-bdac-0f6ebe0bd391 chain_id=137 from_address=0x8AfE43fF49EBd5c4B8Cd1497ee77b437dd1711fc}: cortex::pipeline: pipeline completed elapsed_ms=2315
2026-04-05T10:20:11.237952Z  INFO ThreadId(08) pipeline{execution_id=8fec4d21-777b-42dc-a2dd-d6281e8d5c86 chain_id=42161 from_address=0xCFA80F1f22b0AD533F7d8e2CcC0A783aa4BCaFF3}: cortex::pipeline: transaction confirmed on-chain elapsed_ms=2320 block_number=449265452 confirmations=1
2026-04-05T10:20:11.238030Z  INFO ThreadId(08) pipeline{execution_id=8fec4d21-777b-42dc-a2dd-d6281e8d5c86 chain_id=42161 from_address=0xCFA80F1f22b0AD533F7d8e2CcC0A783aa4BCaFF3}: cortex::pipeline: pipeline completed elapsed_ms=2320
2026-04-05T10:20:11.240592Z  INFO ThreadId(15) pipeline{execution_id=a66d19a0-da35-4ff0-b2e0-2f1075c5833d chain_id=137 from_address=0x2EAC739a1e05F4a05a5B8fD93D332c4353E5A7cD}: cortex::pipeline: transaction confirmed on-chain elapsed_ms=2319 block_number=85132195 confirmations=1
2026-04-05T10:20:11.240606Z  INFO ThreadId(14) pipeline{execution_id=0542af07-490d-4e5b-96d4-812645f49c3d chain_id=1 from_address=0x8AfE43fF49EBd5c4B8Cd1497ee77b437dd1711fc}: cortex::pipeline: transaction confirmed on-chain elapsed_ms=2324 block_number=24812839 confirmations=2
2026-04-05T10:20:11.240686Z  INFO ThreadId(15) pipeline{execution_id=a66d19a0-da35-4ff0-b2e0-2f1075c5833d chain_id=137 from_address=0x2EAC739a1e05F4a05a5B8fD93D332c4353E5A7cD}: cortex::pipeline: pipeline completed elapsed_ms=2319
2026-04-05T10:20:11.240715Z  INFO ThreadId(14) pipeline{execution_id=0542af07-490d-4e5b-96d4-812645f49c3d chain_id=1 from_address=0x8AfE43fF49EBd5c4B8Cd1497ee77b437dd1711fc}: cortex::pipeline: pipeline completed elapsed_ms=2325
2026-04-05T10:20:11.241828Z  INFO ThreadId(04) pipeline{execution_id=79b35d0d-d572-4691-ad77-3dfc2a9cd7ab chain_id=1 from_address=0x2EAC739a1e05F4a05a5B8fD93D332c4353E5A7cD}: cortex::pipeline: transaction confirmed on-chain elapsed_ms=2326 block_number=24812840 confirmations=1
2026-04-05T10:20:11.241905Z  INFO ThreadId(04) pipeline{execution_id=79b35d0d-d572-4691-ad77-3dfc2a9cd7ab chain_id=1 from_address=0x2EAC739a1e05F4a05a5B8fD93D332c4353E5A7cD}: cortex::pipeline: pipeline completed elapsed_ms=2326
2026-04-05T10:20:11.242268Z  INFO ThreadId(15) pipeline{execution_id=da02586e-f1dc-4354-a331-d6d73df969ad chain_id=42161 from_address=0xCFA80F1f22b0AD533F7d8e2CcC0A783aa4BCaFF3}: cortex::pipeline: transaction confirmed on-chain elapsed_ms=2323 block_number=449265452 confirmations=1
2026-04-05T10:20:11.242330Z  INFO ThreadId(15) pipeline{execution_id=da02586e-f1dc-4354-a331-d6d73df969ad chain_id=42161 from_address=0xCFA80F1f22b0AD533F7d8e2CcC0A783aa4BCaFF3}: cortex::pipeline: pipeline completed elapsed_ms=2323
2026-04-05T10:20:11.244206Z  INFO ThreadId(12) pipeline{execution_id=192434ea-de00-4bfe-8b11-ef2b2811be74 chain_id=1 from_address=0x8b172F820629b14cEAF859A6e159d1BcD3291Fe1}: cortex::pipeline: transaction confirmed on-chain elapsed_ms=2328 block_number=24812838 confirmations=1
2026-04-05T10:20:11.244280Z  INFO ThreadId(12) pipeline{execution_id=192434ea-de00-4bfe-8b11-ef2b2811be74 chain_id=1 from_address=0x8b172F820629b14cEAF859A6e159d1BcD3291Fe1}: cortex::pipeline: pipeline completed elapsed_ms=2328
2026-04-05T10:20:11.244548Z  INFO ThreadId(14) pipeline{execution_id=294152e0-06f8-4ff3-ba51-9e7029d4463a chain_id=137 from_address=0xfea6645D31443cF7Cf96eF1dB7823EB9365f98bf}: cortex::pipeline: transaction confirmed on-chain elapsed_ms=2323 block_number=85132195 confirmations=1
2026-04-05T10:20:11.244598Z  INFO ThreadId(14) pipeline{execution_id=294152e0-06f8-4ff3-ba51-9e7029d4463a chain_id=137 from_address=0xfea6645D31443cF7Cf96eF1dB7823EB9365f98bf}: cortex::pipeline: pipeline completed elapsed_ms=2323
2026-04-05T10:20:11.246441Z  INFO ThreadId(10) pipeline{execution_id=206f3e14-51c9-4df3-b135-67c3957c6e06 chain_id=42161 from_address=0xCFA80F1f22b0AD533F7d8e2CcC0A783aa4BCaFF3}: cortex::pipeline: transaction confirmed on-chain elapsed_ms=2327 block_number=449265452 confirmations=1
2026-04-05T10:20:11.246508Z  INFO ThreadId(10) pipeline{execution_id=206f3e14-51c9-4df3-b135-67c3957c6e06 chain_id=42161 from_address=0xCFA80F1f22b0AD533F7d8e2CcC0A783aa4BCaFF3}: cortex::pipeline: pipeline completed elapsed_ms=2327
2026-04-05T10:20:11.247853Z  INFO ThreadId(10) pipeline{execution_id=29b3aa25-7aea-4b7f-9255-9c40c6f19a51 chain_id=1 from_address=0x8AfE43fF49EBd5c4B8Cd1497ee77b437dd1711fc}: cortex::pipeline: transaction confirmed on-chain elapsed_ms=2331 block_number=24812840 confirmations=1
2026-04-05T10:20:11.247914Z  INFO ThreadId(10) pipeline{execution_id=29b3aa25-7aea-4b7f-9255-9c40c6f19a51 chain_id=1 from_address=0x8AfE43fF49EBd5c4B8Cd1497ee77b437dd1711fc}: cortex::pipeline: pipeline completed elapsed_ms=2331
2026-04-05T10:20:11.248086Z  INFO ThreadId(12) pipeline{execution_id=754be92a-8b4b-4196-bce8-df404bfa85a3 chain_id=137 from_address=0xfea6645D31443cF7Cf96eF1dB7823EB9365f98bf}: cortex::pipeline: transaction confirmed on-chain elapsed_ms=2326 block_number=85132195 confirmations=1
2026-04-05T10:20:11.248135Z  INFO ThreadId(12) pipeline{execution_id=754be92a-8b4b-4196-bce8-df404bfa85a3 chain_id=137 from_address=0xfea6645D31443cF7Cf96eF1dB7823EB9365f98bf}: cortex::pipeline: pipeline completed elapsed_ms=2326
2026-04-05T10:20:11.250687Z  INFO ThreadId(03) pipeline{execution_id=e9653fc8-39f7-4dce-a354-c2a2bf3cdea3 chain_id=42161 from_address=0xfea6645D31443cF7Cf96eF1dB7823EB9365f98bf}: cortex::pipeline: transaction confirmed on-chain elapsed_ms=2331 block_number=449265452 confirmations=1
2026-04-05T10:20:11.250844Z  INFO ThreadId(03) pipeline{execution_id=e9653fc8-39f7-4dce-a354-c2a2bf3cdea3 chain_id=42161 from_address=0xfea6645D31443cF7Cf96eF1dB7823EB9365f98bf}: cortex::pipeline: pipeline completed elapsed_ms=2331
2026-04-05T10:20:11.252015Z  INFO ThreadId(03) pipeline{execution_id=e870a10e-5704-4f6c-819a-4c1ba5bb8bb9 chain_id=1 from_address=0xfea6645D31443cF7Cf96eF1dB7823EB9365f98bf}: cortex::pipeline: transaction confirmed on-chain elapsed_ms=2335 block_number=24812840 confirmations=1
2026-04-05T10:20:11.252087Z  INFO ThreadId(03) pipeline{execution_id=e870a10e-5704-4f6c-819a-4c1ba5bb8bb9 chain_id=1 from_address=0xfea6645D31443cF7Cf96eF1dB7823EB9365f98bf}: cortex::pipeline: pipeline completed elapsed_ms=2335
2026-04-05T10:20:11.252218Z  INFO ThreadId(10) pipeline{execution_id=2129d373-6f99-4388-b557-1011d7f8128e chain_id=137 from_address=0x2EAC739a1e05F4a05a5B8fD93D332c4353E5A7cD}: cortex::pipeline: transaction confirmed on-chain elapsed_ms=2330 block_number=85132195 confirmations=1
2026-04-05T10:20:11.252282Z  INFO ThreadId(10) pipeline{execution_id=2129d373-6f99-4388-b557-1011d7f8128e chain_id=137 from_address=0x2EAC739a1e05F4a05a5B8fD93D332c4353E5A7cD}: cortex::pipeline: pipeline completed elapsed_ms=2330
2026-04-05T10:20:11.254755Z  INFO ThreadId(14) pipeline{execution_id=f4306fc9-011a-4b2b-9ba4-0d3ca32d040d chain_id=42161 from_address=0xCFA80F1f22b0AD533F7d8e2CcC0A783aa4BCaFF3}: cortex::pipeline: transaction confirmed on-chain elapsed_ms=2336 block_number=449265452 confirmations=1
2026-04-05T10:20:11.254815Z  INFO ThreadId(14) pipeline{execution_id=f4306fc9-011a-4b2b-9ba4-0d3ca32d040d chain_id=42161 from_address=0xCFA80F1f22b0AD533F7d8e2CcC0A783aa4BCaFF3}: cortex::pipeline: pipeline completed elapsed_ms=2336
2026-04-05T10:20:11.255303Z  INFO ThreadId(03) pipeline{execution_id=0a77bd0e-c9f4-4c0e-bf21-3e48a336169f chain_id=1 from_address=0xfea6645D31443cF7Cf96eF1dB7823EB9365f98bf}: cortex::pipeline: transaction confirmed on-chain elapsed_ms=2338 block_number=24812840 confirmations=1
2026-04-05T10:20:11.255358Z  INFO ThreadId(03) pipeline{execution_id=0a77bd0e-c9f4-4c0e-bf21-3e48a336169f chain_id=1 from_address=0xfea6645D31443cF7Cf96eF1dB7823EB9365f98bf}: cortex::pipeline: pipeline completed elapsed_ms=2338
2026-04-05T10:20:11.255796Z  INFO ThreadId(03) pipeline{execution_id=524909f9-e9fa-4d28-b50a-2572b798865e chain_id=137 from_address=0xCFA80F1f22b0AD533F7d8e2CcC0A783aa4BCaFF3}: cortex::pipeline: transaction confirmed on-chain elapsed_ms=2333 block_number=85132195 confirmations=1
2026-04-05T10:20:11.255838Z  INFO ThreadId(03) pipeline{execution_id=524909f9-e9fa-4d28-b50a-2572b798865e chain_id=137 from_address=0xCFA80F1f22b0AD533F7d8e2CcC0A783aa4BCaFF3}: cortex::pipeline: pipeline completed elapsed_ms=2333
2026-04-05T10:20:11.258281Z  INFO ThreadId(14) pipeline{execution_id=bc5b59e5-d47a-4297-9a0c-6861a7e2248b chain_id=42161 from_address=0x8b172F820629b14cEAF859A6e159d1BcD3291Fe1}: cortex::pipeline: transaction confirmed on-chain elapsed_ms=2338 block_number=449265459 confirmations=1
2026-04-05T10:20:11.258349Z  INFO ThreadId(14) pipeline{execution_id=bc5b59e5-d47a-4297-9a0c-6861a7e2248b chain_id=42161 from_address=0x8b172F820629b14cEAF859A6e159d1BcD3291Fe1}: cortex::pipeline: pipeline completed elapsed_ms=2338
2026-04-05T10:20:11.258410Z  INFO ThreadId(03) pipeline{execution_id=16238d21-9aed-4fa3-b458-300719a545d5 chain_id=137 from_address=0xfea6645D31443cF7Cf96eF1dB7823EB9365f98bf}: cortex::pipeline: transaction confirmed on-chain elapsed_ms=2335 block_number=85132195 confirmations=1
2026-04-05T10:20:11.258458Z  INFO ThreadId(03) pipeline{execution_id=16238d21-9aed-4fa3-b458-300719a545d5 chain_id=137 from_address=0xfea6645D31443cF7Cf96eF1dB7823EB9365f98bf}: cortex::pipeline: pipeline completed elapsed_ms=2335
2026-04-05T10:20:11.258477Z  INFO ThreadId(18) pipeline{execution_id=168b67f3-5370-428a-87dd-2dd36df80a64 chain_id=1 from_address=0xCFA80F1f22b0AD533F7d8e2CcC0A783aa4BCaFF3}: cortex::pipeline: transaction confirmed on-chain elapsed_ms=2341 block_number=24812840 confirmations=1
2026-04-05T10:20:11.258513Z  INFO ThreadId(18) pipeline{execution_id=168b67f3-5370-428a-87dd-2dd36df80a64 chain_id=1 from_address=0xCFA80F1f22b0AD533F7d8e2CcC0A783aa4BCaFF3}: cortex::pipeline: pipeline completed elapsed_ms=2341
2026-04-05T10:20:11.263065Z  INFO ThreadId(17) pipeline{execution_id=020c4dea-c76f-4333-810d-052f52ef8ec5 chain_id=1 from_address=0x2EAC739a1e05F4a05a5B8fD93D332c4353E5A7cD}: cortex::pipeline: transaction confirmed on-chain elapsed_ms=2345 block_number=24812840 confirmations=1
2026-04-05T10:20:11.263148Z  INFO ThreadId(17) pipeline{execution_id=020c4dea-c76f-4333-810d-052f52ef8ec5 chain_id=1 from_address=0x2EAC739a1e05F4a05a5B8fD93D332c4353E5A7cD}: cortex::pipeline: pipeline completed elapsed_ms=2345
2026-04-05T10:20:11.263752Z  INFO ThreadId(12) pipeline{execution_id=e5febd15-99a7-4011-b588-823e8b2429dd chain_id=137 from_address=0xCFA80F1f22b0AD533F7d8e2CcC0A783aa4BCaFF3}: cortex::pipeline: transaction confirmed on-chain elapsed_ms=2340 block_number=85132195 confirmations=1
2026-04-05T10:20:11.263818Z  INFO ThreadId(12) pipeline{execution_id=e5febd15-99a7-4011-b588-823e8b2429dd chain_id=137 from_address=0xCFA80F1f22b0AD533F7d8e2CcC0A783aa4BCaFF3}: cortex::pipeline: pipeline completed elapsed_ms=2340
2026-04-05T10:20:11.265408Z  INFO ThreadId(09) pipeline{execution_id=e82fb02e-bba8-4dbc-96c7-fa64eb9ecda5 chain_id=42161 from_address=0xCFA80F1f22b0AD533F7d8e2CcC0A783aa4BCaFF3}: cortex::pipeline: transaction confirmed on-chain elapsed_ms=2345 block_number=449265452 confirmations=1
2026-04-05T10:20:11.265471Z  INFO ThreadId(09) pipeline{execution_id=e82fb02e-bba8-4dbc-96c7-fa64eb9ecda5 chain_id=42161 from_address=0xCFA80F1f22b0AD533F7d8e2CcC0A783aa4BCaFF3}: cortex::pipeline: pipeline completed elapsed_ms=2345
2026-04-05T10:20:11.266507Z  INFO ThreadId(11) pipeline{execution_id=c13b1270-c5a6-4d4a-84d6-3257141acd7d chain_id=137 from_address=0x8AfE43fF49EBd5c4B8Cd1497ee77b437dd1711fc}: cortex::pipeline: transaction confirmed on-chain elapsed_ms=2343 block_number=85132195 confirmations=1
2026-04-05T10:20:11.266562Z  INFO ThreadId(11) pipeline{execution_id=c13b1270-c5a6-4d4a-84d6-3257141acd7d chain_id=137 from_address=0x8AfE43fF49EBd5c4B8Cd1497ee77b437dd1711fc}: cortex::pipeline: pipeline completed elapsed_ms=2343
2026-04-05T10:20:11.266634Z  INFO ThreadId(04) pipeline{execution_id=5599c5fc-bc1d-4988-833b-c2e95466a078 chain_id=1 from_address=0x2EAC739a1e05F4a05a5B8fD93D332c4353E5A7cD}: cortex::pipeline: transaction confirmed on-chain elapsed_ms=2349 block_number=24812840 confirmations=1
2026-04-05T10:20:11.266679Z  INFO ThreadId(04) pipeline{execution_id=5599c5fc-bc1d-4988-833b-c2e95466a078 chain_id=1 from_address=0x2EAC739a1e05F4a05a5B8fD93D332c4353E5A7cD}: cortex::pipeline: pipeline completed elapsed_ms=2349
2026-04-05T10:20:11.267522Z  INFO ThreadId(04) pipeline{execution_id=dcacd231-8470-49ad-b1fe-1c95c77f1bc6 chain_id=42161 from_address=0x2EAC739a1e05F4a05a5B8fD93D332c4353E5A7cD}: cortex::pipeline: transaction confirmed on-chain elapsed_ms=2347 block_number=449265452 confirmations=1
2026-04-05T10:20:11.267559Z  INFO ThreadId(04) pipeline{execution_id=dcacd231-8470-49ad-b1fe-1c95c77f1bc6 chain_id=42161 from_address=0x2EAC739a1e05F4a05a5B8fD93D332c4353E5A7cD}: cortex::pipeline: pipeline completed elapsed_ms=2347
2026-04-05T10:20:11.269173Z  INFO ThreadId(11) pipeline{execution_id=5db17eb7-eb95-4012-98ef-e62e05118131 chain_id=137 from_address=0x2EAC739a1e05F4a05a5B8fD93D332c4353E5A7cD}: cortex::pipeline: transaction confirmed on-chain elapsed_ms=2345 block_number=85132195 confirmations=1
2026-04-05T10:20:11.269221Z  INFO ThreadId(11) pipeline{execution_id=5db17eb7-eb95-4012-98ef-e62e05118131 chain_id=137 from_address=0x2EAC739a1e05F4a05a5B8fD93D332c4353E5A7cD}: cortex::pipeline: pipeline completed elapsed_ms=2345
2026-04-05T10:20:11.269310Z  INFO ThreadId(09) pipeline{execution_id=b39c1ee0-53a5-4ff8-afc8-f513bb1f70f2 chain_id=1 from_address=0x8b172F820629b14cEAF859A6e159d1BcD3291Fe1}: cortex::pipeline: transaction confirmed on-chain elapsed_ms=2351 block_number=24812838 confirmations=1
2026-04-05T10:20:11.269357Z  INFO ThreadId(09) pipeline{execution_id=b39c1ee0-53a5-4ff8-afc8-f513bb1f70f2 chain_id=1 from_address=0x8b172F820629b14cEAF859A6e159d1BcD3291Fe1}: cortex::pipeline: pipeline completed elapsed_ms=2351
2026-04-05T10:20:11.270061Z  INFO ThreadId(09) pipeline{execution_id=a313c6e1-a034-49b9-a431-b731fb416421 chain_id=42161 from_address=0x8AfE43fF49EBd5c4B8Cd1497ee77b437dd1711fc}: cortex::pipeline: transaction confirmed on-chain elapsed_ms=2349 block_number=449265452 confirmations=1
2026-04-05T10:20:11.270107Z  INFO ThreadId(09) pipeline{execution_id=a313c6e1-a034-49b9-a431-b731fb416421 chain_id=42161 from_address=0x8AfE43fF49EBd5c4B8Cd1497ee77b437dd1711fc}: cortex::pipeline: pipeline completed elapsed_ms=2349
2026-04-05T10:20:11.272742Z  INFO ThreadId(09) pipeline{execution_id=dc6e6c8a-f46d-4e28-bd7d-91f4391f0ab0 chain_id=1 from_address=0xfea6645D31443cF7Cf96eF1dB7823EB9365f98bf}: cortex::pipeline: transaction confirmed on-chain elapsed_ms=2354 block_number=24812840 confirmations=1
2026-04-05T10:20:11.272808Z  INFO ThreadId(09) pipeline{execution_id=dc6e6c8a-f46d-4e28-bd7d-91f4391f0ab0 chain_id=1 from_address=0xfea6645D31443cF7Cf96eF1dB7823EB9365f98bf}: cortex::pipeline: pipeline completed elapsed_ms=2354
2026-04-05T10:20:11.272823Z  INFO ThreadId(11) pipeline{execution_id=ccc0801a-c0bf-4b83-adea-e99bd8b88101 chain_id=137 from_address=0x8AfE43fF49EBd5c4B8Cd1497ee77b437dd1711fc}: cortex::pipeline: transaction confirmed on-chain elapsed_ms=2349 block_number=85132195 confirmations=1
2026-04-05T10:20:11.272864Z  INFO ThreadId(11) pipeline{execution_id=ccc0801a-c0bf-4b83-adea-e99bd8b88101 chain_id=137 from_address=0x8AfE43fF49EBd5c4B8Cd1497ee77b437dd1711fc}: cortex::pipeline: pipeline completed elapsed_ms=2349
2026-04-05T10:20:11.273491Z  INFO ThreadId(11) pipeline{execution_id=4ca1b29f-50f4-4924-beb7-5380fc73edef chain_id=42161 from_address=0xCFA80F1f22b0AD533F7d8e2CcC0A783aa4BCaFF3}: cortex::pipeline: transaction confirmed on-chain elapsed_ms=2352 block_number=449265452 confirmations=1
2026-04-05T10:20:11.273539Z  INFO ThreadId(11) pipeline{execution_id=4ca1b29f-50f4-4924-beb7-5380fc73edef chain_id=42161 from_address=0xCFA80F1f22b0AD533F7d8e2CcC0A783aa4BCaFF3}: cortex::pipeline: pipeline completed elapsed_ms=2352
2026-04-05T10:20:11.275975Z  INFO ThreadId(10) pipeline{execution_id=cb40aaf5-744d-46bf-a391-96f05fc87a53 chain_id=1 from_address=0x2EAC739a1e05F4a05a5B8fD93D332c4353E5A7cD}: cortex::pipeline: transaction confirmed on-chain elapsed_ms=2356 block_number=24812840 confirmations=1
2026-04-05T10:20:11.276025Z  INFO ThreadId(10) pipeline{execution_id=cb40aaf5-744d-46bf-a391-96f05fc87a53 chain_id=1 from_address=0x2EAC739a1e05F4a05a5B8fD93D332c4353E5A7cD}: cortex::pipeline: pipeline completed elapsed_ms=2357
2026-04-05T10:20:11.276040Z  INFO ThreadId(17) pipeline{execution_id=03c8898b-6f97-4389-b0bb-a600520484e0 chain_id=137 from_address=0xCFA80F1f22b0AD533F7d8e2CcC0A783aa4BCaFF3}: cortex::pipeline: transaction confirmed on-chain elapsed_ms=2352 block_number=85132195 confirmations=1
2026-04-05T10:20:11.276081Z  INFO ThreadId(17) pipeline{execution_id=03c8898b-6f97-4389-b0bb-a600520484e0 chain_id=137 from_address=0xCFA80F1f22b0AD533F7d8e2CcC0A783aa4BCaFF3}: cortex::pipeline: pipeline completed elapsed_ms=2352
2026-04-05T10:20:11.277198Z  INFO ThreadId(16) pipeline{execution_id=401b4abc-aac6-4659-9ad9-3cf695a4b40f chain_id=42161 from_address=0xCFA80F1f22b0AD533F7d8e2CcC0A783aa4BCaFF3}: cortex::pipeline: transaction confirmed on-chain elapsed_ms=2355 block_number=449265452 confirmations=1
2026-04-05T10:20:11.277251Z  INFO ThreadId(16) pipeline{execution_id=401b4abc-aac6-4659-9ad9-3cf695a4b40f chain_id=42161 from_address=0xCFA80F1f22b0AD533F7d8e2CcC0A783aa4BCaFF3}: cortex::pipeline: pipeline completed elapsed_ms=2355
2026-04-05T10:20:11.279316Z  INFO ThreadId(07) pipeline{execution_id=666fd910-a4af-4b10-896a-9673034a5332 chain_id=137 from_address=0x2EAC739a1e05F4a05a5B8fD93D332c4353E5A7cD}: cortex::pipeline: transaction confirmed on-chain elapsed_ms=2355 block_number=85132195 confirmations=1
2026-04-05T10:20:11.279367Z  INFO ThreadId(07) pipeline{execution_id=666fd910-a4af-4b10-896a-9673034a5332 chain_id=137 from_address=0x2EAC739a1e05F4a05a5B8fD93D332c4353E5A7cD}: cortex::pipeline: pipeline completed elapsed_ms=2355
2026-04-05T10:20:11.279465Z  INFO ThreadId(06) pipeline{execution_id=67ae4668-172b-4fcf-8c4c-f0d93e6de619 chain_id=1 from_address=0x8b172F820629b14cEAF859A6e159d1BcD3291Fe1}: cortex::pipeline: transaction confirmed on-chain elapsed_ms=2360 block_number=24812838 confirmations=1
2026-04-05T10:20:11.279502Z  INFO ThreadId(06) pipeline{execution_id=67ae4668-172b-4fcf-8c4c-f0d93e6de619 chain_id=1 from_address=0x8b172F820629b14cEAF859A6e159d1BcD3291Fe1}: cortex::pipeline: pipeline completed elapsed_ms=2360
2026-04-05T10:20:11.280507Z  INFO ThreadId(07) pipeline{execution_id=8b70da02-1440-4143-8222-872e91546f3f chain_id=42161 from_address=0x8b172F820629b14cEAF859A6e159d1BcD3291Fe1}: cortex::pipeline: transaction confirmed on-chain elapsed_ms=2358 block_number=449265459 confirmations=1
2026-04-05T10:20:11.280563Z  INFO ThreadId(07) pipeline{execution_id=8b70da02-1440-4143-8222-872e91546f3f chain_id=42161 from_address=0x8b172F820629b14cEAF859A6e159d1BcD3291Fe1}: cortex::pipeline: pipeline completed elapsed_ms=2358
2026-04-05T10:20:11.282371Z  INFO ThreadId(06) pipeline{execution_id=f3ec749f-8da2-4676-90d7-d8e0ebe3f8dd chain_id=42161 from_address=0x8b172F820629b14cEAF859A6e159d1BcD3291Fe1}: cortex::pipeline: transaction confirmed on-chain elapsed_ms=2360 block_number=449265459 confirmations=1
2026-04-05T10:20:11.282421Z  INFO ThreadId(06) pipeline{execution_id=f3ec749f-8da2-4676-90d7-d8e0ebe3f8dd chain_id=42161 from_address=0x8b172F820629b14cEAF859A6e159d1BcD3291Fe1}: cortex::pipeline: pipeline completed elapsed_ms=2360
2026-04-05T10:20:11.282808Z  INFO ThreadId(06) pipeline{execution_id=b9ab5343-015a-4aa0-aa48-4466c605318f chain_id=1 from_address=0xfea6645D31443cF7Cf96eF1dB7823EB9365f98bf}: cortex::pipeline: transaction confirmed on-chain elapsed_ms=2363 block_number=24812840 confirmations=1
2026-04-05T10:20:11.282849Z  INFO ThreadId(06) pipeline{execution_id=b9ab5343-015a-4aa0-aa48-4466c605318f chain_id=1 from_address=0xfea6645D31443cF7Cf96eF1dB7823EB9365f98bf}: cortex::pipeline: pipeline completed elapsed_ms=2363
2026-04-05T10:20:11.284000Z  INFO ThreadId(06) pipeline{execution_id=88cba843-44f7-484b-834a-4df4ae48442c chain_id=137 from_address=0xfea6645D31443cF7Cf96eF1dB7823EB9365f98bf}: cortex::pipeline: transaction confirmed on-chain elapsed_ms=2360 block_number=85132195 confirmations=1
2026-04-05T10:20:11.284054Z  INFO ThreadId(06) pipeline{execution_id=88cba843-44f7-484b-834a-4df4ae48442c chain_id=137 from_address=0xfea6645D31443cF7Cf96eF1dB7823EB9365f98bf}: cortex::pipeline: pipeline completed elapsed_ms=2360
2026-04-05T10:20:11.285098Z  INFO ThreadId(17) pipeline{execution_id=1a332b42-4192-412c-bbc5-87c6751c0cce chain_id=42161 from_address=0x8b172F820629b14cEAF859A6e159d1BcD3291Fe1}: cortex::pipeline: transaction confirmed on-chain elapsed_ms=2362 block_number=449265459 confirmations=1
2026-04-05T10:20:11.285151Z  INFO ThreadId(17) pipeline{execution_id=1a332b42-4192-412c-bbc5-87c6751c0cce chain_id=42161 from_address=0x8b172F820629b14cEAF859A6e159d1BcD3291Fe1}: cortex::pipeline: pipeline completed elapsed_ms=2363
2026-04-05T10:20:11.286103Z  INFO ThreadId(07) pipeline{execution_id=f25a5c40-a22f-421b-a133-5cf5074e6b52 chain_id=137 from_address=0x8b172F820629b14cEAF859A6e159d1BcD3291Fe1}: cortex::pipeline: transaction confirmed on-chain elapsed_ms=2361 block_number=85132194 confirmations=1
2026-04-05T10:20:11.286157Z  INFO ThreadId(07) pipeline{execution_id=f25a5c40-a22f-421b-a133-5cf5074e6b52 chain_id=137 from_address=0x8b172F820629b14cEAF859A6e159d1BcD3291Fe1}: cortex::pipeline: pipeline completed elapsed_ms=2361
2026-04-05T10:20:11.287645Z  INFO ThreadId(17) pipeline{execution_id=b14522bf-f91f-4805-bbfa-ee63baa1b0b3 chain_id=1 from_address=0x8b172F820629b14cEAF859A6e159d1BcD3291Fe1}: cortex::pipeline: transaction confirmed on-chain elapsed_ms=2368 block_number=24812838 confirmations=1
2026-04-05T10:20:11.287686Z  INFO ThreadId(17) pipeline{execution_id=b14522bf-f91f-4805-bbfa-ee63baa1b0b3 chain_id=1 from_address=0x8b172F820629b14cEAF859A6e159d1BcD3291Fe1}: cortex::pipeline: pipeline completed elapsed_ms=2368
2026-04-05T10:20:11.287853Z  INFO ThreadId(04) pipeline{execution_id=49982d0e-a9b0-4fdc-b192-f65f1e1a2b4f chain_id=42161 from_address=0x8AfE43fF49EBd5c4B8Cd1497ee77b437dd1711fc}: cortex::pipeline: transaction confirmed on-chain elapsed_ms=2365 block_number=449265452 confirmations=1
2026-04-05T10:20:11.287890Z  INFO ThreadId(04) pipeline{execution_id=49982d0e-a9b0-4fdc-b192-f65f1e1a2b4f chain_id=42161 from_address=0x8AfE43fF49EBd5c4B8Cd1497ee77b437dd1711fc}: cortex::pipeline: pipeline completed elapsed_ms=2365
2026-04-05T10:20:11.288470Z  INFO ThreadId(17) pipeline{execution_id=4d6122f5-c2fc-4cbc-b976-77b0e2411100 chain_id=137 from_address=0x8AfE43fF49EBd5c4B8Cd1497ee77b437dd1711fc}: cortex::pipeline: transaction confirmed on-chain elapsed_ms=2363 block_number=85132195 confirmations=1
2026-04-05T10:20:11.288514Z  INFO ThreadId(17) pipeline{execution_id=4d6122f5-c2fc-4cbc-b976-77b0e2411100 chain_id=137 from_address=0x8AfE43fF49EBd5c4B8Cd1497ee77b437dd1711fc}: cortex::pipeline: pipeline completed elapsed_ms=2363
2026-04-05T10:20:11.289499Z  INFO ThreadId(07) pipeline{execution_id=18553b77-7f58-4304-b71e-919c42900235 chain_id=1 from_address=0x8AfE43fF49EBd5c4B8Cd1497ee77b437dd1711fc}: cortex::pipeline: transaction confirmed on-chain elapsed_ms=2369 block_number=24812840 confirmations=1
2026-04-05T10:20:11.289545Z  INFO ThreadId(07) pipeline{execution_id=18553b77-7f58-4304-b71e-919c42900235 chain_id=1 from_address=0x8AfE43fF49EBd5c4B8Cd1497ee77b437dd1711fc}: cortex::pipeline: pipeline completed elapsed_ms=2369
2026-04-05T10:20:11.290768Z  INFO ThreadId(17) pipeline{execution_id=5afa4d49-a79e-4674-9d15-a60d7476e221 chain_id=42161 from_address=0x2EAC739a1e05F4a05a5B8fD93D332c4353E5A7cD}: cortex::pipeline: transaction confirmed on-chain elapsed_ms=2368 block_number=449265452 confirmations=1
2026-04-05T10:20:11.290830Z  INFO ThreadId(17) pipeline{execution_id=5afa4d49-a79e-4674-9d15-a60d7476e221 chain_id=42161 from_address=0x2EAC739a1e05F4a05a5B8fD93D332c4353E5A7cD}: cortex::pipeline: pipeline completed elapsed_ms=2368
2026-04-05T10:20:11.291465Z  INFO ThreadId(16) pipeline{execution_id=b0428139-b683-4836-8d4a-16c1eb09a552 chain_id=137 from_address=0x2EAC739a1e05F4a05a5B8fD93D332c4353E5A7cD}: cortex::pipeline: transaction confirmed on-chain elapsed_ms=2366 block_number=85132195 confirmations=1
2026-04-05T10:20:11.291522Z  INFO ThreadId(16) pipeline{execution_id=b0428139-b683-4836-8d4a-16c1eb09a552 chain_id=137 from_address=0x2EAC739a1e05F4a05a5B8fD93D332c4353E5A7cD}: cortex::pipeline: pipeline completed elapsed_ms=2366
2026-04-05T10:20:11.291831Z  INFO ThreadId(09) pipeline{execution_id=18f52b9e-a4c5-43d7-ad5d-c1abd1ae73f3 chain_id=1 from_address=0xCFA80F1f22b0AD533F7d8e2CcC0A783aa4BCaFF3}: cortex::pipeline: transaction confirmed on-chain elapsed_ms=2371 block_number=24812840 confirmations=1
2026-04-05T10:20:11.291882Z  INFO ThreadId(09) pipeline{execution_id=18f52b9e-a4c5-43d7-ad5d-c1abd1ae73f3 chain_id=1 from_address=0xCFA80F1f22b0AD533F7d8e2CcC0A783aa4BCaFF3}: cortex::pipeline: pipeline completed elapsed_ms=2371
2026-04-05T10:20:11.293723Z  INFO ThreadId(04) pipeline{execution_id=0bb8c4cf-a0fa-4d51-961e-877c4b67236b chain_id=137 from_address=0x8AfE43fF49EBd5c4B8Cd1497ee77b437dd1711fc}: cortex::pipeline: transaction confirmed on-chain elapsed_ms=2369 block_number=85132195 confirmations=1
2026-04-05T10:20:11.293794Z  INFO ThreadId(04) pipeline{execution_id=0bb8c4cf-a0fa-4d51-961e-877c4b67236b chain_id=137 from_address=0x8AfE43fF49EBd5c4B8Cd1497ee77b437dd1711fc}: cortex::pipeline: pipeline completed elapsed_ms=2369
2026-04-05T10:20:11.294133Z  INFO ThreadId(17) pipeline{execution_id=93c49b34-536d-4592-92d6-8eb959f0acc1 chain_id=42161 from_address=0xCFA80F1f22b0AD533F7d8e2CcC0A783aa4BCaFF3}: cortex::pipeline: transaction confirmed on-chain elapsed_ms=2371 block_number=449265452 confirmations=1
2026-04-05T10:20:11.294179Z  INFO ThreadId(17) pipeline{execution_id=93c49b34-536d-4592-92d6-8eb959f0acc1 chain_id=42161 from_address=0xCFA80F1f22b0AD533F7d8e2CcC0A783aa4BCaFF3}: cortex::pipeline: pipeline completed elapsed_ms=2371
2026-04-05T10:20:11.294922Z  INFO ThreadId(10) pipeline{execution_id=3a2ad9c0-e93f-4ff6-93ac-e2ede2db0768 chain_id=1 from_address=0x2EAC739a1e05F4a05a5B8fD93D332c4353E5A7cD}: cortex::pipeline: transaction confirmed on-chain elapsed_ms=2373 block_number=24812840 confirmations=1
2026-04-05T10:20:11.294971Z  INFO ThreadId(10) pipeline{execution_id=3a2ad9c0-e93f-4ff6-93ac-e2ede2db0768 chain_id=1 from_address=0x2EAC739a1e05F4a05a5B8fD93D332c4353E5A7cD}: cortex::pipeline: pipeline completed elapsed_ms=2373
2026-04-05T10:20:11.296964Z  INFO ThreadId(16) pipeline{execution_id=6fbefd2f-daec-4d7a-8b6d-053c7697d1b5 chain_id=137 from_address=0x8AfE43fF49EBd5c4B8Cd1497ee77b437dd1711fc}: cortex::pipeline: transaction confirmed on-chain elapsed_ms=2371 block_number=85132195 confirmations=1
2026-04-05T10:20:11.297042Z  INFO ThreadId(16) pipeline{execution_id=6fbefd2f-daec-4d7a-8b6d-053c7697d1b5 chain_id=137 from_address=0x8AfE43fF49EBd5c4B8Cd1497ee77b437dd1711fc}: cortex::pipeline: pipeline completed elapsed_ms=2371
2026-04-05T10:20:11.297837Z  INFO ThreadId(04) pipeline{execution_id=ba0135b2-d06a-4c37-a0ae-e959bd7ea00b chain_id=42161 from_address=0x8AfE43fF49EBd5c4B8Cd1497ee77b437dd1711fc}: cortex::pipeline: transaction confirmed on-chain elapsed_ms=2374 block_number=449265452 confirmations=1
2026-04-05T10:20:11.297902Z  INFO ThreadId(04) pipeline{execution_id=ba0135b2-d06a-4c37-a0ae-e959bd7ea00b chain_id=42161 from_address=0x8AfE43fF49EBd5c4B8Cd1497ee77b437dd1711fc}: cortex::pipeline: pipeline completed elapsed_ms=2374
2026-04-05T10:20:11.298950Z  INFO ThreadId(04) pipeline{execution_id=351b34e0-9529-4c2b-ad9c-923d28dee50a chain_id=1 from_address=0x8AfE43fF49EBd5c4B8Cd1497ee77b437dd1711fc}: cortex::pipeline: transaction confirmed on-chain elapsed_ms=2376 block_number=24812840 confirmations=1
2026-04-05T10:20:11.299004Z  INFO ThreadId(04) pipeline{execution_id=351b34e0-9529-4c2b-ad9c-923d28dee50a chain_id=1 from_address=0x8AfE43fF49EBd5c4B8Cd1497ee77b437dd1711fc}: cortex::pipeline: pipeline completed elapsed_ms=2376
2026-04-05T10:20:11.299115Z  INFO ThreadId(16) pipeline{execution_id=03bd649c-c0b4-46f3-83ec-27b9dcb82002 chain_id=137 from_address=0x8b172F820629b14cEAF859A6e159d1BcD3291Fe1}: cortex::pipeline: transaction confirmed on-chain elapsed_ms=2373 block_number=85132194 confirmations=1
2026-04-05T10:20:11.299150Z  INFO ThreadId(16) pipeline{execution_id=03bd649c-c0b4-46f3-83ec-27b9dcb82002 chain_id=137 from_address=0x8b172F820629b14cEAF859A6e159d1BcD3291Fe1}: cortex::pipeline: pipeline completed elapsed_ms=2374
2026-04-05T10:20:11.300269Z  INFO ThreadId(04) pipeline{execution_id=b11d555f-bea7-41d0-8fdf-3d35be9710a9 chain_id=42161 from_address=0x2EAC739a1e05F4a05a5B8fD93D332c4353E5A7cD}: cortex::pipeline: transaction confirmed on-chain elapsed_ms=2377 block_number=449265452 confirmations=1
2026-04-05T10:20:11.300321Z  INFO ThreadId(04) pipeline{execution_id=b11d555f-bea7-41d0-8fdf-3d35be9710a9 chain_id=42161 from_address=0x2EAC739a1e05F4a05a5B8fD93D332c4353E5A7cD}: cortex::pipeline: pipeline completed elapsed_ms=2377
2026-04-05T10:20:11.300939Z  INFO ThreadId(04) pipeline{execution_id=6c40126c-4127-45db-b664-63581c4c715b chain_id=1 from_address=0x2EAC739a1e05F4a05a5B8fD93D332c4353E5A7cD}: cortex::pipeline: transaction confirmed on-chain elapsed_ms=2378 block_number=24812840 confirmations=1
2026-04-05T10:20:11.300978Z  INFO ThreadId(04) pipeline{execution_id=6c40126c-4127-45db-b664-63581c4c715b chain_id=1 from_address=0x2EAC739a1e05F4a05a5B8fD93D332c4353E5A7cD}: cortex::pipeline: pipeline completed elapsed_ms=2378
2026-04-05T10:20:11.301737Z  INFO ThreadId(07) pipeline{execution_id=fcb4f44b-05d4-4166-8919-b5213bb403b0 chain_id=137 from_address=0x8AfE43fF49EBd5c4B8Cd1497ee77b437dd1711fc}: cortex::pipeline: transaction confirmed on-chain elapsed_ms=2376 block_number=85132195 confirmations=1
2026-04-05T10:20:11.301781Z  INFO ThreadId(07) pipeline{execution_id=fcb4f44b-05d4-4166-8919-b5213bb403b0 chain_id=137 from_address=0x8AfE43fF49EBd5c4B8Cd1497ee77b437dd1711fc}: cortex::pipeline: pipeline completed elapsed_ms=2376
2026-04-05T10:20:11.303092Z  INFO ThreadId(17) pipeline{execution_id=4775747c-fe78-4982-b5d6-e50ae90bc525 chain_id=42161 from_address=0x2EAC739a1e05F4a05a5B8fD93D332c4353E5A7cD}: cortex::pipeline: transaction confirmed on-chain elapsed_ms=2380 block_number=449265452 confirmations=1
2026-04-05T10:20:11.303144Z  INFO ThreadId(17) pipeline{execution_id=4775747c-fe78-4982-b5d6-e50ae90bc525 chain_id=42161 from_address=0x2EAC739a1e05F4a05a5B8fD93D332c4353E5A7cD}: cortex::pipeline: pipeline completed elapsed_ms=2380
2026-04-05T10:20:11.303417Z  INFO ThreadId(17) pipeline{execution_id=73085d14-aefa-4198-a4dd-b3628d3ac849 chain_id=1 from_address=0x8b172F820629b14cEAF859A6e159d1BcD3291Fe1}: cortex::pipeline: transaction confirmed on-chain elapsed_ms=2381 block_number=24812838 confirmations=1
2026-04-05T10:20:11.303468Z  INFO ThreadId(17) pipeline{execution_id=73085d14-aefa-4198-a4dd-b3628d3ac849 chain_id=1 from_address=0x8b172F820629b14cEAF859A6e159d1BcD3291Fe1}: cortex::pipeline: pipeline completed elapsed_ms=2381
2026-04-05T10:20:11.305881Z  INFO ThreadId(07) pipeline{execution_id=066fdc12-7f87-45be-a800-5d96952037bd chain_id=137 from_address=0xfea6645D31443cF7Cf96eF1dB7823EB9365f98bf}: cortex::pipeline: transaction confirmed on-chain elapsed_ms=2380 block_number=85132195 confirmations=1
2026-04-05T10:20:11.305950Z  INFO ThreadId(07) pipeline{execution_id=066fdc12-7f87-45be-a800-5d96952037bd chain_id=137 from_address=0xfea6645D31443cF7Cf96eF1dB7823EB9365f98bf}: cortex::pipeline: pipeline completed elapsed_ms=2380
2026-04-05T10:20:11.308085Z  INFO ThreadId(17) pipeline{execution_id=557987d6-353b-4acb-aede-1c46bf9f2178 chain_id=1 from_address=0x8AfE43fF49EBd5c4B8Cd1497ee77b437dd1711fc}: cortex::pipeline: transaction confirmed on-chain elapsed_ms=2385 block_number=24812840 confirmations=1
2026-04-05T10:20:11.308112Z  INFO ThreadId(16) pipeline{execution_id=cd014ced-cbca-4f94-a933-f51b202471bd chain_id=42161 from_address=0x8b172F820629b14cEAF859A6e159d1BcD3291Fe1}: cortex::pipeline: transaction confirmed on-chain elapsed_ms=2384 block_number=449265459 confirmations=1
2026-04-05T10:20:11.308385Z  INFO ThreadId(17) pipeline{execution_id=557987d6-353b-4acb-aede-1c46bf9f2178 chain_id=1 from_address=0x8AfE43fF49EBd5c4B8Cd1497ee77b437dd1711fc}: cortex::pipeline: pipeline completed elapsed_ms=2385
2026-04-05T10:20:11.308664Z  INFO ThreadId(16) pipeline{execution_id=cd014ced-cbca-4f94-a933-f51b202471bd chain_id=42161 from_address=0x8b172F820629b14cEAF859A6e159d1BcD3291Fe1}: cortex::pipeline: pipeline completed elapsed_ms=2384
2026-04-05T10:20:11.311509Z  INFO ThreadId(18) pipeline{execution_id=02e7449e-c91c-4303-a477-98682ea739b5 chain_id=137 from_address=0xCFA80F1f22b0AD533F7d8e2CcC0A783aa4BCaFF3}: cortex::pipeline: transaction confirmed on-chain elapsed_ms=2386 block_number=85132195 confirmations=1
2026-04-05T10:20:11.312773Z  INFO ThreadId(18) pipeline{execution_id=02e7449e-c91c-4303-a477-98682ea739b5 chain_id=137 from_address=0xCFA80F1f22b0AD533F7d8e2CcC0A783aa4BCaFF3}: cortex::pipeline: pipeline completed elapsed_ms=2387
2026-04-05T10:20:11.319311Z  INFO ThreadId(17) pipeline{execution_id=54a6e2f5-5cdd-4099-a3c9-364643a93cdb chain_id=42161 from_address=0xfea6645D31443cF7Cf96eF1dB7823EB9365f98bf}: cortex::pipeline: transaction confirmed on-chain elapsed_ms=2395 block_number=449265452 confirmations=1
2026-04-05T10:20:11.319394Z  INFO ThreadId(17) pipeline{execution_id=54a6e2f5-5cdd-4099-a3c9-364643a93cdb chain_id=42161 from_address=0xfea6645D31443cF7Cf96eF1dB7823EB9365f98bf}: cortex::pipeline: pipeline completed elapsed_ms=2395
2026-04-05T10:20:11.319644Z  INFO ThreadId(06) pipeline{execution_id=19ece276-5d5f-4e86-869e-c89e416075d5 chain_id=1 from_address=0x8b172F820629b14cEAF859A6e159d1BcD3291Fe1}: cortex::pipeline: transaction confirmed on-chain elapsed_ms=2397 block_number=24812838 confirmations=1
2026-04-05T10:20:11.319722Z  INFO ThreadId(06) pipeline{execution_id=19ece276-5d5f-4e86-869e-c89e416075d5 chain_id=1 from_address=0x8b172F820629b14cEAF859A6e159d1BcD3291Fe1}: cortex::pipeline: pipeline completed elapsed_ms=2397
2026-04-05T10:20:11.321412Z  INFO ThreadId(18) pipeline{execution_id=321565b2-43b0-4ab8-80f0-19702cf8dd4c chain_id=137 from_address=0xCFA80F1f22b0AD533F7d8e2CcC0A783aa4BCaFF3}: cortex::pipeline: transaction confirmed on-chain elapsed_ms=2395 block_number=85132195 confirmations=1
2026-04-05T10:20:11.321483Z  INFO ThreadId(18) pipeline{execution_id=321565b2-43b0-4ab8-80f0-19702cf8dd4c chain_id=137 from_address=0xCFA80F1f22b0AD533F7d8e2CcC0A783aa4BCaFF3}: cortex::pipeline: pipeline completed elapsed_ms=2395
2026-04-05T10:20:11.324056Z  INFO ThreadId(06) pipeline{execution_id=b169201b-5e13-42a7-a9ce-f0998fa8ee33 chain_id=42161 from_address=0xCFA80F1f22b0AD533F7d8e2CcC0A783aa4BCaFF3}: cortex::pipeline: transaction confirmed on-chain elapsed_ms=2399 block_number=449265452 confirmations=1
2026-04-05T10:20:11.324131Z  INFO ThreadId(06) pipeline{execution_id=b169201b-5e13-42a7-a9ce-f0998fa8ee33 chain_id=42161 from_address=0xCFA80F1f22b0AD533F7d8e2CcC0A783aa4BCaFF3}: cortex::pipeline: pipeline completed elapsed_ms=2400
2026-04-05T10:20:11.324687Z  INFO ThreadId(07) pipeline{execution_id=712ac1ff-4f42-4f19-9ca5-414531639afe chain_id=1 from_address=0xfea6645D31443cF7Cf96eF1dB7823EB9365f98bf}: cortex::pipeline: transaction confirmed on-chain elapsed_ms=2401 block_number=24812840 confirmations=1
2026-04-05T10:20:11.324764Z  INFO ThreadId(07) pipeline{execution_id=712ac1ff-4f42-4f19-9ca5-414531639afe chain_id=1 from_address=0xfea6645D31443cF7Cf96eF1dB7823EB9365f98bf}: cortex::pipeline: pipeline completed elapsed_ms=2401
2026-04-05T10:20:11.325236Z  INFO ThreadId(06) pipeline{execution_id=dba36cc6-46d8-4939-bb61-724fe6ad8e59 chain_id=137 from_address=0xCFA80F1f22b0AD533F7d8e2CcC0A783aa4BCaFF3}: cortex::pipeline: transaction confirmed on-chain elapsed_ms=2399 block_number=85132195 confirmations=1
2026-04-05T10:20:11.325433Z  INFO ThreadId(06) pipeline{execution_id=dba36cc6-46d8-4939-bb61-724fe6ad8e59 chain_id=137 from_address=0xCFA80F1f22b0AD533F7d8e2CcC0A783aa4BCaFF3}: cortex::pipeline: pipeline completed elapsed_ms=2399
2026-04-05T10:20:11.327892Z  INFO ThreadId(07) pipeline{execution_id=2c3cdf1e-c97d-41db-8c9f-0ff6dd888bed chain_id=1 from_address=0x2EAC739a1e05F4a05a5B8fD93D332c4353E5A7cD}: cortex::pipeline: transaction confirmed on-chain elapsed_ms=2404 block_number=24812840 confirmations=1
2026-04-05T10:20:11.327974Z  INFO ThreadId(07) pipeline{execution_id=2c3cdf1e-c97d-41db-8c9f-0ff6dd888bed chain_id=1 from_address=0x2EAC739a1e05F4a05a5B8fD93D332c4353E5A7cD}: cortex::pipeline: pipeline completed elapsed_ms=2404
2026-04-05T10:20:11.328049Z  INFO ThreadId(10) pipeline{execution_id=3413118f-0245-4cbd-a814-aea19f3bbc38 chain_id=137 from_address=0x8b172F820629b14cEAF859A6e159d1BcD3291Fe1}: cortex::pipeline: transaction confirmed on-chain elapsed_ms=2402 block_number=85132194 confirmations=1
2026-04-05T10:20:11.328124Z  INFO ThreadId(10) pipeline{execution_id=3413118f-0245-4cbd-a814-aea19f3bbc38 chain_id=137 from_address=0x8b172F820629b14cEAF859A6e159d1BcD3291Fe1}: cortex::pipeline: pipeline completed elapsed_ms=2402
2026-04-05T10:20:11.328429Z  INFO ThreadId(06) pipeline{execution_id=5cef5585-ce0f-4689-bb90-384dc373beff chain_id=42161 from_address=0x8AfE43fF49EBd5c4B8Cd1497ee77b437dd1711fc}: cortex::pipeline: transaction confirmed on-chain elapsed_ms=2403 block_number=449265452 confirmations=1
2026-04-05T10:20:11.328556Z  INFO ThreadId(06) pipeline{execution_id=5cef5585-ce0f-4689-bb90-384dc373beff chain_id=42161 from_address=0x8AfE43fF49EBd5c4B8Cd1497ee77b437dd1711fc}: cortex::pipeline: pipeline completed elapsed_ms=2403
2026-04-05T10:20:11.331140Z  INFO ThreadId(04) pipeline{execution_id=76cf31a6-c066-4134-9517-6251fabd1451 chain_id=137 from_address=0x2EAC739a1e05F4a05a5B8fD93D332c4353E5A7cD}: cortex::pipeline: transaction confirmed on-chain elapsed_ms=2405 block_number=85132195 confirmations=1
2026-04-05T10:20:11.331210Z  INFO ThreadId(04) pipeline{execution_id=76cf31a6-c066-4134-9517-6251fabd1451 chain_id=137 from_address=0x2EAC739a1e05F4a05a5B8fD93D332c4353E5A7cD}: cortex::pipeline: pipeline completed elapsed_ms=2405
2026-04-05T10:20:11.331667Z  INFO ThreadId(10) pipeline{execution_id=af376b30-3869-4169-bdb5-f9edf8f296c5 chain_id=1 from_address=0xfea6645D31443cF7Cf96eF1dB7823EB9365f98bf}: cortex::pipeline: transaction confirmed on-chain elapsed_ms=2408 block_number=24812840 confirmations=1
2026-04-05T10:20:11.331903Z  INFO ThreadId(10) pipeline{execution_id=af376b30-3869-4169-bdb5-f9edf8f296c5 chain_id=1 from_address=0xfea6645D31443cF7Cf96eF1dB7823EB9365f98bf}: cortex::pipeline: pipeline completed elapsed_ms=2408
2026-04-05T10:20:11.332454Z  INFO ThreadId(16) pipeline{execution_id=d52439fb-9971-44f6-b16c-09900b4fb608 chain_id=42161 from_address=0x2EAC739a1e05F4a05a5B8fD93D332c4353E5A7cD}: cortex::pipeline: transaction confirmed on-chain elapsed_ms=2407 block_number=449265452 confirmations=1
2026-04-05T10:20:11.332509Z  INFO ThreadId(16) pipeline{execution_id=d52439fb-9971-44f6-b16c-09900b4fb608 chain_id=42161 from_address=0x2EAC739a1e05F4a05a5B8fD93D332c4353E5A7cD}: cortex::pipeline: pipeline completed elapsed_ms=2407
2026-04-05T10:20:11.337981Z  INFO ThreadId(06) pipeline{execution_id=0dbdc9b5-a60e-43d9-8649-b7ef216d7ee0 chain_id=137 from_address=0x8b172F820629b14cEAF859A6e159d1BcD3291Fe1}: cortex::pipeline: transaction confirmed on-chain elapsed_ms=2412 block_number=85132194 confirmations=1
2026-04-05T10:20:11.338219Z  INFO ThreadId(06) pipeline{execution_id=0dbdc9b5-a60e-43d9-8649-b7ef216d7ee0 chain_id=137 from_address=0x8b172F820629b14cEAF859A6e159d1BcD3291Fe1}: cortex::pipeline: pipeline completed elapsed_ms=2412
2026-04-05T10:20:11.338448Z  INFO ThreadId(06) pipeline{execution_id=fa5e73f0-70f4-4732-ad72-968f87c063f4 chain_id=1 from_address=0x8AfE43fF49EBd5c4B8Cd1497ee77b437dd1711fc}: cortex::pipeline: transaction confirmed on-chain elapsed_ms=2414 block_number=24812840 confirmations=1
2026-04-05T10:20:11.338486Z  INFO ThreadId(06) pipeline{execution_id=fa5e73f0-70f4-4732-ad72-968f87c063f4 chain_id=1 from_address=0x8AfE43fF49EBd5c4B8Cd1497ee77b437dd1711fc}: cortex::pipeline: pipeline completed elapsed_ms=2414
2026-04-05T10:20:11.339177Z  INFO ThreadId(04) pipeline{execution_id=a4cbf7d4-12fa-4efa-8bbc-e84aa46cbd1b chain_id=42161 from_address=0xfea6645D31443cF7Cf96eF1dB7823EB9365f98bf}: cortex::pipeline: transaction confirmed on-chain elapsed_ms=2414 block_number=449265452 confirmations=1
2026-04-05T10:20:11.339257Z  INFO ThreadId(04) pipeline{execution_id=a4cbf7d4-12fa-4efa-8bbc-e84aa46cbd1b chain_id=42161 from_address=0xfea6645D31443cF7Cf96eF1dB7823EB9365f98bf}: cortex::pipeline: pipeline completed elapsed_ms=2414
2026-04-05T10:20:11.341862Z  INFO ThreadId(07) pipeline{execution_id=5743201d-34b7-459d-abe9-1aa271a85eab chain_id=137 from_address=0x8AfE43fF49EBd5c4B8Cd1497ee77b437dd1711fc}: cortex::pipeline: transaction confirmed on-chain elapsed_ms=2416 block_number=85132195 confirmations=1
2026-04-05T10:20:11.342261Z  INFO ThreadId(10) pipeline{execution_id=d44a94f0-88cf-43a3-b1f6-3c4effcba3b6 chain_id=1 from_address=0x2EAC739a1e05F4a05a5B8fD93D332c4353E5A7cD}: cortex::pipeline: transaction confirmed on-chain elapsed_ms=2418 block_number=24812840 confirmations=1
2026-04-05T10:20:11.342267Z  INFO ThreadId(07) pipeline{execution_id=5743201d-34b7-459d-abe9-1aa271a85eab chain_id=137 from_address=0x8AfE43fF49EBd5c4B8Cd1497ee77b437dd1711fc}: cortex::pipeline: pipeline completed elapsed_ms=2416
2026-04-05T10:20:11.342335Z  INFO ThreadId(10) pipeline{execution_id=d44a94f0-88cf-43a3-b1f6-3c4effcba3b6 chain_id=1 from_address=0x2EAC739a1e05F4a05a5B8fD93D332c4353E5A7cD}: cortex::pipeline: pipeline completed elapsed_ms=2418
2026-04-05T10:20:11.344171Z  INFO ThreadId(16) pipeline{execution_id=2c05de49-0684-4937-8f21-f3dcada68e5c chain_id=42161 from_address=0xCFA80F1f22b0AD533F7d8e2CcC0A783aa4BCaFF3}: cortex::pipeline: transaction confirmed on-chain elapsed_ms=2418 block_number=449265452 confirmations=1
2026-04-05T10:20:11.344249Z  INFO ThreadId(16) pipeline{execution_id=2c05de49-0684-4937-8f21-f3dcada68e5c chain_id=42161 from_address=0xCFA80F1f22b0AD533F7d8e2CcC0A783aa4BCaFF3}: cortex::pipeline: pipeline completed elapsed_ms=2418
2026-04-05T10:20:11.345332Z  INFO ThreadId(10) pipeline{execution_id=58abf875-b0b0-449d-bc37-8a3d1ed31df6 chain_id=137 from_address=0x8AfE43fF49EBd5c4B8Cd1497ee77b437dd1711fc}: cortex::pipeline: transaction confirmed on-chain elapsed_ms=2419 block_number=85132195 confirmations=1
2026-04-05T10:20:11.345403Z  INFO ThreadId(10) pipeline{execution_id=58abf875-b0b0-449d-bc37-8a3d1ed31df6 chain_id=137 from_address=0x8AfE43fF49EBd5c4B8Cd1497ee77b437dd1711fc}: cortex::pipeline: pipeline completed elapsed_ms=2419
2026-04-05T10:20:11.346877Z  INFO ThreadId(17) pipeline{execution_id=a8bf1104-357d-4ceb-ad12-c1f06eb750fe chain_id=1 from_address=0xfea6645D31443cF7Cf96eF1dB7823EB9365f98bf}: cortex::pipeline: transaction confirmed on-chain elapsed_ms=2422 block_number=24812840 confirmations=1
2026-04-05T10:20:11.346941Z  INFO ThreadId(17) pipeline{execution_id=a8bf1104-357d-4ceb-ad12-c1f06eb750fe chain_id=1 from_address=0xfea6645D31443cF7Cf96eF1dB7823EB9365f98bf}: cortex::pipeline: pipeline completed elapsed_ms=2422
2026-04-05T10:20:11.348460Z  INFO ThreadId(10) pipeline{execution_id=c1aa69ca-a2ab-48ef-98b0-1fe040ddf8f5 chain_id=42161 from_address=0x8b172F820629b14cEAF859A6e159d1BcD3291Fe1}: cortex::pipeline: transaction confirmed on-chain elapsed_ms=2423 block_number=449265459 confirmations=1
2026-04-05T10:20:11.348568Z  INFO ThreadId(10) pipeline{execution_id=c1aa69ca-a2ab-48ef-98b0-1fe040ddf8f5 chain_id=42161 from_address=0x8b172F820629b14cEAF859A6e159d1BcD3291Fe1}: cortex::pipeline: pipeline completed elapsed_ms=2423
2026-04-05T10:20:11.348646Z  INFO ThreadId(17) pipeline{execution_id=1f07c102-4270-4127-be35-0a576d3d8930 chain_id=137 from_address=0x2EAC739a1e05F4a05a5B8fD93D332c4353E5A7cD}: cortex::pipeline: transaction confirmed on-chain elapsed_ms=2422 block_number=85132195 confirmations=1
2026-04-05T10:20:11.348719Z  INFO ThreadId(17) pipeline{execution_id=1f07c102-4270-4127-be35-0a576d3d8930 chain_id=137 from_address=0x2EAC739a1e05F4a05a5B8fD93D332c4353E5A7cD}: cortex::pipeline: pipeline completed elapsed_ms=2422
2026-04-05T10:20:11.351496Z  INFO ThreadId(18) pipeline{execution_id=1c5f7a0f-d941-4935-89b4-cef877e2b3c4 chain_id=1 from_address=0x2EAC739a1e05F4a05a5B8fD93D332c4353E5A7cD}: cortex::pipeline: transaction confirmed on-chain elapsed_ms=2427 block_number=24812840 confirmations=1
2026-04-05T10:20:11.351582Z  INFO ThreadId(16) pipeline{execution_id=1e1cce8b-5b08-4674-8f14-6b08985e6fab chain_id=42161 from_address=0x8b172F820629b14cEAF859A6e159d1BcD3291Fe1}: cortex::pipeline: transaction confirmed on-chain elapsed_ms=2425 block_number=449265459 confirmations=1
2026-04-05T10:20:11.351597Z  INFO ThreadId(18) pipeline{execution_id=1c5f7a0f-d941-4935-89b4-cef877e2b3c4 chain_id=1 from_address=0x2EAC739a1e05F4a05a5B8fD93D332c4353E5A7cD}: cortex::pipeline: pipeline completed elapsed_ms=2427
2026-04-05T10:20:11.351625Z  INFO ThreadId(16) pipeline{execution_id=1e1cce8b-5b08-4674-8f14-6b08985e6fab chain_id=42161 from_address=0x8b172F820629b14cEAF859A6e159d1BcD3291Fe1}: cortex::pipeline: pipeline completed elapsed_ms=2425
2026-04-05T10:20:11.353906Z  INFO ThreadId(18) pipeline{execution_id=4e541172-1569-4534-9be2-5f6decb8b3c6 chain_id=137 from_address=0x8AfE43fF49EBd5c4B8Cd1497ee77b437dd1711fc}: cortex::pipeline: transaction confirmed on-chain elapsed_ms=2427 block_number=85132195 confirmations=1
2026-04-05T10:20:11.353976Z  INFO ThreadId(18) pipeline{execution_id=4e541172-1569-4534-9be2-5f6decb8b3c6 chain_id=137 from_address=0x8AfE43fF49EBd5c4B8Cd1497ee77b437dd1711fc}: cortex::pipeline: pipeline completed elapsed_ms=2427
2026-04-05T10:20:11.355189Z  INFO ThreadId(17) pipeline{execution_id=bd561750-f6c4-4346-a8ff-5e11ce6c9dd2 chain_id=1 from_address=0x8AfE43fF49EBd5c4B8Cd1497ee77b437dd1711fc}: cortex::pipeline: transaction confirmed on-chain elapsed_ms=2430 block_number=24812840 confirmations=1
2026-04-05T10:20:11.355249Z  INFO ThreadId(17) pipeline{execution_id=bd561750-f6c4-4346-a8ff-5e11ce6c9dd2 chain_id=1 from_address=0x8AfE43fF49EBd5c4B8Cd1497ee77b437dd1711fc}: cortex::pipeline: pipeline completed elapsed_ms=2430
2026-04-05T10:20:11.356011Z  INFO ThreadId(07) pipeline{execution_id=164968d3-f47c-4b09-8331-a5c2f9a61769 chain_id=42161 from_address=0xCFA80F1f22b0AD533F7d8e2CcC0A783aa4BCaFF3}: cortex::pipeline: transaction confirmed on-chain elapsed_ms=2428 block_number=449265452 confirmations=1
2026-04-05T10:20:11.356075Z  INFO ThreadId(07) pipeline{execution_id=164968d3-f47c-4b09-8331-a5c2f9a61769 chain_id=42161 from_address=0xCFA80F1f22b0AD533F7d8e2CcC0A783aa4BCaFF3}: cortex::pipeline: pipeline completed elapsed_ms=2429
2026-04-05T10:20:11.357121Z  INFO ThreadId(16) pipeline{execution_id=154284a9-2202-45f5-8d72-ada2163ca3a1 chain_id=137 from_address=0x8b172F820629b14cEAF859A6e159d1BcD3291Fe1}: cortex::pipeline: transaction confirmed on-chain elapsed_ms=2430 block_number=85132194 confirmations=1
2026-04-05T10:20:11.357196Z  INFO ThreadId(16) pipeline{execution_id=154284a9-2202-45f5-8d72-ada2163ca3a1 chain_id=137 from_address=0x8b172F820629b14cEAF859A6e159d1BcD3291Fe1}: cortex::pipeline: pipeline completed elapsed_ms=2430
2026-04-05T10:20:11.358851Z  INFO ThreadId(16) pipeline{execution_id=470c45df-d3db-4913-ab5a-6b9c5f0b7a83 chain_id=1 from_address=0x2EAC739a1e05F4a05a5B8fD93D332c4353E5A7cD}: cortex::pipeline: transaction confirmed on-chain elapsed_ms=2434 block_number=24812840 confirmations=1
2026-04-05T10:20:11.358929Z  INFO ThreadId(16) pipeline{execution_id=470c45df-d3db-4913-ab5a-6b9c5f0b7a83 chain_id=1 from_address=0x2EAC739a1e05F4a05a5B8fD93D332c4353E5A7cD}: cortex::pipeline: pipeline completed elapsed_ms=2434
2026-04-05T10:20:11.360044Z  INFO ThreadId(16) pipeline{execution_id=9ab09f87-541b-4ff7-93e6-de7cd380b909 chain_id=42161 from_address=0xfea6645D31443cF7Cf96eF1dB7823EB9365f98bf}: cortex::pipeline: transaction confirmed on-chain elapsed_ms=2432 block_number=449265452 confirmations=1
2026-04-05T10:20:11.360116Z  INFO ThreadId(16) pipeline{execution_id=9ab09f87-541b-4ff7-93e6-de7cd380b909 chain_id=42161 from_address=0xfea6645D31443cF7Cf96eF1dB7823EB9365f98bf}: cortex::pipeline: pipeline completed elapsed_ms=2432
2026-04-05T10:20:11.361231Z  INFO ThreadId(17) pipeline{execution_id=4ef13aa6-15b0-4c0c-b3d0-7940ce0e553f chain_id=137 from_address=0xfea6645D31443cF7Cf96eF1dB7823EB9365f98bf}: cortex::pipeline: transaction confirmed on-chain elapsed_ms=2434 block_number=85132195 confirmations=1
2026-04-05T10:20:11.361452Z  INFO ThreadId(17) pipeline{execution_id=4ef13aa6-15b0-4c0c-b3d0-7940ce0e553f chain_id=137 from_address=0xfea6645D31443cF7Cf96eF1dB7823EB9365f98bf}: cortex::pipeline: pipeline completed elapsed_ms=2434
2026-04-05T10:20:11.362562Z  INFO ThreadId(10) pipeline{execution_id=a844fb0b-7d4a-4630-bbf3-6e87a9e4a1cd chain_id=1 from_address=0x8AfE43fF49EBd5c4B8Cd1497ee77b437dd1711fc}: cortex::pipeline: transaction confirmed on-chain elapsed_ms=2438 block_number=24812840 confirmations=1
2026-04-05T10:20:11.362617Z  INFO ThreadId(10) pipeline{execution_id=a844fb0b-7d4a-4630-bbf3-6e87a9e4a1cd chain_id=1 from_address=0x8AfE43fF49EBd5c4B8Cd1497ee77b437dd1711fc}: cortex::pipeline: pipeline completed elapsed_ms=2438
2026-04-05T10:20:11.363689Z  INFO ThreadId(10) pipeline{execution_id=06b97287-2f29-4982-a94e-3678c173b60a chain_id=42161 from_address=0xCFA80F1f22b0AD533F7d8e2CcC0A783aa4BCaFF3}: cortex::pipeline: transaction confirmed on-chain elapsed_ms=2436 block_number=449265452 confirmations=1
2026-04-05T10:20:11.363767Z  INFO ThreadId(10) pipeline{execution_id=06b97287-2f29-4982-a94e-3678c173b60a chain_id=42161 from_address=0xCFA80F1f22b0AD533F7d8e2CcC0A783aa4BCaFF3}: cortex::pipeline: pipeline completed elapsed_ms=2436
2026-04-05T10:20:11.366374Z  INFO ThreadId(10) pipeline{execution_id=8d72191c-73d9-452d-9555-d29902d3b9fd chain_id=137 from_address=0x2EAC739a1e05F4a05a5B8fD93D332c4353E5A7cD}: cortex::pipeline: transaction confirmed on-chain elapsed_ms=2439 block_number=85132195 confirmations=1
2026-04-05T10:20:11.366641Z  INFO ThreadId(10) pipeline{execution_id=8d72191c-73d9-452d-9555-d29902d3b9fd chain_id=137 from_address=0x2EAC739a1e05F4a05a5B8fD93D332c4353E5A7cD}: cortex::pipeline: pipeline completed elapsed_ms=2439
2026-04-05T10:20:11.368489Z  INFO ThreadId(07) pipeline{execution_id=66e23f29-2e1b-4f64-8fff-b333a3434be4 chain_id=1 from_address=0x8AfE43fF49EBd5c4B8Cd1497ee77b437dd1711fc}: cortex::pipeline: transaction confirmed on-chain elapsed_ms=2443 block_number=24812840 confirmations=1
2026-04-05T10:20:11.368559Z  INFO ThreadId(07) pipeline{execution_id=66e23f29-2e1b-4f64-8fff-b333a3434be4 chain_id=1 from_address=0x8AfE43fF49EBd5c4B8Cd1497ee77b437dd1711fc}: cortex::pipeline: pipeline completed elapsed_ms=2443
2026-04-05T10:20:11.369618Z  INFO ThreadId(06) pipeline{execution_id=b579b270-17e6-443f-b362-c7a1ac31c940 chain_id=42161 from_address=0xfea6645D31443cF7Cf96eF1dB7823EB9365f98bf}: cortex::pipeline: transaction confirmed on-chain elapsed_ms=2441 block_number=449265452 confirmations=1
2026-04-05T10:20:11.370413Z  INFO ThreadId(06) pipeline{execution_id=b579b270-17e6-443f-b362-c7a1ac31c940 chain_id=42161 from_address=0xfea6645D31443cF7Cf96eF1dB7823EB9365f98bf}: cortex::pipeline: pipeline completed elapsed_ms=2442
2026-04-05T10:20:11.371892Z  INFO ThreadId(04) pipeline{execution_id=665657ee-d28c-4a87-99c9-731d9e4380b2 chain_id=1 from_address=0x8b172F820629b14cEAF859A6e159d1BcD3291Fe1}: cortex::pipeline: transaction confirmed on-chain elapsed_ms=2446 block_number=24812838 confirmations=1
2026-04-05T10:20:11.371981Z  INFO ThreadId(04) pipeline{execution_id=665657ee-d28c-4a87-99c9-731d9e4380b2 chain_id=1 from_address=0x8b172F820629b14cEAF859A6e159d1BcD3291Fe1}: cortex::pipeline: pipeline completed elapsed_ms=2446
2026-04-05T10:20:11.372968Z  INFO ThreadId(16) pipeline{execution_id=dfc6775c-5b40-4da6-b494-8d3a0a520e32 chain_id=137 from_address=0x8b172F820629b14cEAF859A6e159d1BcD3291Fe1}: cortex::pipeline: transaction confirmed on-chain elapsed_ms=2445 block_number=85132194 confirmations=1
2026-04-05T10:20:11.373034Z  INFO ThreadId(16) pipeline{execution_id=dfc6775c-5b40-4da6-b494-8d3a0a520e32 chain_id=137 from_address=0x8b172F820629b14cEAF859A6e159d1BcD3291Fe1}: cortex::pipeline: pipeline completed elapsed_ms=2445
2026-04-05T10:20:11.374096Z  INFO ThreadId(14) pipeline{execution_id=d072d71f-18d7-4a33-8c7a-c4dca51defc0 chain_id=42161 from_address=0x8b172F820629b14cEAF859A6e159d1BcD3291Fe1}: cortex::pipeline: transaction confirmed on-chain elapsed_ms=2446 block_number=449265459 confirmations=1
2026-04-05T10:20:11.374206Z  INFO ThreadId(14) pipeline{execution_id=d072d71f-18d7-4a33-8c7a-c4dca51defc0 chain_id=42161 from_address=0x8b172F820629b14cEAF859A6e159d1BcD3291Fe1}: cortex::pipeline: pipeline completed elapsed_ms=2446
2026-04-05T10:20:11.375674Z  INFO ThreadId(14) pipeline{execution_id=b02ff932-41ee-4312-ad86-b5930abe859f chain_id=1 from_address=0x8AfE43fF49EBd5c4B8Cd1497ee77b437dd1711fc}: cortex::pipeline: transaction confirmed on-chain elapsed_ms=2450 block_number=24812840 confirmations=1
2026-04-05T10:20:11.375759Z  INFO ThreadId(14) pipeline{execution_id=b02ff932-41ee-4312-ad86-b5930abe859f chain_id=1 from_address=0x8AfE43fF49EBd5c4B8Cd1497ee77b437dd1711fc}: cortex::pipeline: pipeline completed elapsed_ms=2450
2026-04-05T10:20:11.376269Z  INFO ThreadId(14) pipeline{execution_id=1a82e6cc-85fa-4ea1-9445-1da96a01d3ca chain_id=137 from_address=0xfea6645D31443cF7Cf96eF1dB7823EB9365f98bf}: cortex::pipeline: transaction confirmed on-chain elapsed_ms=2449 block_number=85132195 confirmations=1
2026-04-05T10:20:11.376326Z  INFO ThreadId(14) pipeline{execution_id=1a82e6cc-85fa-4ea1-9445-1da96a01d3ca chain_id=137 from_address=0xfea6645D31443cF7Cf96eF1dB7823EB9365f98bf}: cortex::pipeline: pipeline completed elapsed_ms=2449
2026-04-05T10:20:11.377342Z  INFO ThreadId(04) pipeline{execution_id=d959c13d-9903-4a2c-92e8-af0e97210002 chain_id=42161 from_address=0xfea6645D31443cF7Cf96eF1dB7823EB9365f98bf}: cortex::pipeline: transaction confirmed on-chain elapsed_ms=2450 block_number=449265452 confirmations=1
2026-04-05T10:20:11.377407Z  INFO ThreadId(04) pipeline{execution_id=d959c13d-9903-4a2c-92e8-af0e97210002 chain_id=42161 from_address=0xfea6645D31443cF7Cf96eF1dB7823EB9365f98bf}: cortex::pipeline: pipeline completed elapsed_ms=2450
2026-04-05T10:20:11.379243Z  INFO ThreadId(11) pipeline{execution_id=a7a43b0d-cd50-4a58-9088-660677003b20 chain_id=137 from_address=0x8AfE43fF49EBd5c4B8Cd1497ee77b437dd1711fc}: cortex::pipeline: transaction confirmed on-chain elapsed_ms=2451 block_number=85132195 confirmations=1
2026-04-05T10:20:11.379552Z  INFO ThreadId(11) pipeline{execution_id=a7a43b0d-cd50-4a58-9088-660677003b20 chain_id=137 from_address=0x8AfE43fF49EBd5c4B8Cd1497ee77b437dd1711fc}: cortex::pipeline: pipeline completed elapsed_ms=2451
2026-04-05T10:20:11.380294Z  INFO ThreadId(14) pipeline{execution_id=2f8d6a03-1554-4e72-8299-6e59675ec647 chain_id=1 from_address=0x2EAC739a1e05F4a05a5B8fD93D332c4353E5A7cD}: cortex::pipeline: transaction confirmed on-chain elapsed_ms=2454 block_number=24812840 confirmations=1
2026-04-05T10:20:11.380355Z  INFO ThreadId(14) pipeline{execution_id=2f8d6a03-1554-4e72-8299-6e59675ec647 chain_id=1 from_address=0x2EAC739a1e05F4a05a5B8fD93D332c4353E5A7cD}: cortex::pipeline: pipeline completed elapsed_ms=2454
2026-04-05T10:20:11.381158Z  INFO ThreadId(15) pipeline{execution_id=282a929c-8ccf-4405-8645-58471eece0a6 chain_id=42161 from_address=0x2EAC739a1e05F4a05a5B8fD93D332c4353E5A7cD}: cortex::pipeline: transaction confirmed on-chain elapsed_ms=2453 block_number=449265452 confirmations=1
2026-04-05T10:20:11.381222Z  INFO ThreadId(15) pipeline{execution_id=282a929c-8ccf-4405-8645-58471eece0a6 chain_id=42161 from_address=0x2EAC739a1e05F4a05a5B8fD93D332c4353E5A7cD}: cortex::pipeline: pipeline completed elapsed_ms=2453
2026-04-05T10:20:11.383150Z  INFO ThreadId(04) pipeline{execution_id=1b363e63-1cf8-4011-bc58-d8cbbb55d514 chain_id=1 from_address=0x8AfE43fF49EBd5c4B8Cd1497ee77b437dd1711fc}: cortex::pipeline: transaction confirmed on-chain elapsed_ms=2457 block_number=24812840 confirmations=1
2026-04-05T10:20:11.383231Z  INFO ThreadId(04) pipeline{execution_id=1b363e63-1cf8-4011-bc58-d8cbbb55d514 chain_id=1 from_address=0x8AfE43fF49EBd5c4B8Cd1497ee77b437dd1711fc}: cortex::pipeline: pipeline completed elapsed_ms=2457
2026-04-05T10:20:11.383363Z  INFO ThreadId(15) pipeline{execution_id=93fa132d-f9be-4390-90e4-e46257f90689 chain_id=137 from_address=0x2EAC739a1e05F4a05a5B8fD93D332c4353E5A7cD}: cortex::pipeline: transaction confirmed on-chain elapsed_ms=2455 block_number=85132195 confirmations=1
2026-04-05T10:20:11.383873Z  INFO ThreadId(15) pipeline{execution_id=93fa132d-f9be-4390-90e4-e46257f90689 chain_id=137 from_address=0x2EAC739a1e05F4a05a5B8fD93D332c4353E5A7cD}: cortex::pipeline: pipeline completed elapsed_ms=2456
2026-04-05T10:20:11.385383Z  INFO ThreadId(16) pipeline{execution_id=39d6cefe-42c9-4bdc-9e77-36a8f5c7e07f chain_id=42161 from_address=0x2EAC739a1e05F4a05a5B8fD93D332c4353E5A7cD}: cortex::pipeline: transaction confirmed on-chain elapsed_ms=2457 block_number=449265452 confirmations=1
2026-04-05T10:20:11.385455Z  INFO ThreadId(16) pipeline{execution_id=39d6cefe-42c9-4bdc-9e77-36a8f5c7e07f chain_id=42161 from_address=0x2EAC739a1e05F4a05a5B8fD93D332c4353E5A7cD}: cortex::pipeline: pipeline completed elapsed_ms=2457
2026-04-05T10:20:11.387308Z  INFO ThreadId(16) pipeline{execution_id=17582e1d-731c-4945-8729-cddaafb6882e chain_id=1 from_address=0xCFA80F1f22b0AD533F7d8e2CcC0A783aa4BCaFF3}: cortex::pipeline: transaction confirmed on-chain elapsed_ms=2461 block_number=24812840 confirmations=1
2026-04-05T10:20:11.387507Z  INFO ThreadId(16) pipeline{execution_id=17582e1d-731c-4945-8729-cddaafb6882e chain_id=1 from_address=0xCFA80F1f22b0AD533F7d8e2CcC0A783aa4BCaFF3}: cortex::pipeline: pipeline completed elapsed_ms=2461
2026-04-05T10:20:11.387608Z  INFO ThreadId(06) pipeline{execution_id=2cc3200d-f741-4a2c-b3f1-7ab1514ce6a0 chain_id=42161 from_address=0x8b172F820629b14cEAF859A6e159d1BcD3291Fe1}: cortex::pipeline: transaction confirmed on-chain elapsed_ms=2459 block_number=449265459 confirmations=1
2026-04-05T10:20:11.387646Z  INFO ThreadId(06) pipeline{execution_id=2cc3200d-f741-4a2c-b3f1-7ab1514ce6a0 chain_id=42161 from_address=0x8b172F820629b14cEAF859A6e159d1BcD3291Fe1}: cortex::pipeline: pipeline completed elapsed_ms=2459
2026-04-05T10:20:11.388657Z  INFO ThreadId(14) pipeline{execution_id=d4b734c2-5b26-46d8-ae71-91aadc2a12c1 chain_id=137 from_address=0xfea6645D31443cF7Cf96eF1dB7823EB9365f98bf}: cortex::pipeline: transaction confirmed on-chain elapsed_ms=2459 block_number=85132195 confirmations=1
2026-04-05T10:20:11.388720Z  INFO ThreadId(14) pipeline{execution_id=d4b734c2-5b26-46d8-ae71-91aadc2a12c1 chain_id=137 from_address=0xfea6645D31443cF7Cf96eF1dB7823EB9365f98bf}: cortex::pipeline: pipeline completed elapsed_ms=2460
2026-04-05T10:20:11.390291Z  INFO ThreadId(14) pipeline{execution_id=5dc9877f-6a36-4e78-9f70-b03469d8bbf3 chain_id=1 from_address=0xfea6645D31443cF7Cf96eF1dB7823EB9365f98bf}: cortex::pipeline: transaction confirmed on-chain elapsed_ms=2464 block_number=24812840 confirmations=1
2026-04-05T10:20:11.390622Z  INFO ThreadId(14) pipeline{execution_id=5dc9877f-6a36-4e78-9f70-b03469d8bbf3 chain_id=1 from_address=0xfea6645D31443cF7Cf96eF1dB7823EB9365f98bf}: cortex::pipeline: pipeline completed elapsed_ms=2465
2026-04-05T10:20:11.390785Z  INFO ThreadId(16) pipeline{execution_id=0ee6c55c-c398-4052-ba6e-0dcf139a0b58 chain_id=42161 from_address=0x8b172F820629b14cEAF859A6e159d1BcD3291Fe1}: cortex::pipeline: transaction confirmed on-chain elapsed_ms=2463 block_number=449265459 confirmations=1
2026-04-05T10:20:11.390819Z  INFO ThreadId(16) pipeline{execution_id=0ee6c55c-c398-4052-ba6e-0dcf139a0b58 chain_id=42161 from_address=0x8b172F820629b14cEAF859A6e159d1BcD3291Fe1}: cortex::pipeline: pipeline completed elapsed_ms=2463
2026-04-05T10:20:11.391778Z  INFO ThreadId(16) pipeline{execution_id=92407400-4475-4065-a0a9-beb14206ffc0 chain_id=137 from_address=0xCFA80F1f22b0AD533F7d8e2CcC0A783aa4BCaFF3}: cortex::pipeline: transaction confirmed on-chain elapsed_ms=2463 block_number=85132195 confirmations=1
2026-04-05T10:20:11.391845Z  INFO ThreadId(16) pipeline{execution_id=92407400-4475-4065-a0a9-beb14206ffc0 chain_id=137 from_address=0xCFA80F1f22b0AD533F7d8e2CcC0A783aa4BCaFF3}: cortex::pipeline: pipeline completed elapsed_ms=2463
2026-04-05T10:20:11.394655Z  INFO ThreadId(11) pipeline{execution_id=aa84a089-1b30-4cfa-8284-bde98ab35277 chain_id=1 from_address=0xCFA80F1f22b0AD533F7d8e2CcC0A783aa4BCaFF3}: cortex::pipeline: transaction confirmed on-chain elapsed_ms=2470 block_number=24812840 confirmations=1
2026-04-05T10:20:11.394914Z  INFO ThreadId(11) pipeline{execution_id=aa84a089-1b30-4cfa-8284-bde98ab35277 chain_id=1 from_address=0xCFA80F1f22b0AD533F7d8e2CcC0A783aa4BCaFF3}: cortex::pipeline: pipeline completed elapsed_ms=2470
2026-04-05T10:20:11.395178Z  INFO ThreadId(04) pipeline{execution_id=5e53513a-3868-49c5-9b30-4bb580540231 chain_id=42161 from_address=0x8AfE43fF49EBd5c4B8Cd1497ee77b437dd1711fc}: cortex::pipeline: transaction confirmed on-chain elapsed_ms=2466 block_number=449265452 confirmations=1
2026-04-05T10:20:11.395234Z  INFO ThreadId(04) pipeline{execution_id=5e53513a-3868-49c5-9b30-4bb580540231 chain_id=42161 from_address=0x8AfE43fF49EBd5c4B8Cd1497ee77b437dd1711fc}: cortex::pipeline: pipeline completed elapsed_ms=2466
2026-04-05T10:20:11.395946Z  INFO ThreadId(14) pipeline{execution_id=24437c2f-847e-4c51-aafa-df86aa138c18 chain_id=137 from_address=0x2EAC739a1e05F4a05a5B8fD93D332c4353E5A7cD}: cortex::pipeline: transaction confirmed on-chain elapsed_ms=2467 block_number=85132195 confirmations=1
2026-04-05T10:20:11.396007Z  INFO ThreadId(14) pipeline{execution_id=24437c2f-847e-4c51-aafa-df86aa138c18 chain_id=137 from_address=0x2EAC739a1e05F4a05a5B8fD93D332c4353E5A7cD}: cortex::pipeline: pipeline completed elapsed_ms=2467
2026-04-05T10:20:11.398284Z  INFO ThreadId(04) pipeline{execution_id=3dea6fd9-7d27-45ca-b8e3-5c9a8668a4f0 chain_id=42161 from_address=0xfea6645D31443cF7Cf96eF1dB7823EB9365f98bf}: cortex::pipeline: transaction confirmed on-chain elapsed_ms=2470 block_number=449265452 confirmations=1
2026-04-05T10:20:11.398331Z  INFO ThreadId(06) pipeline{execution_id=600f2edc-e208-48e5-82a4-49488b62cbc2 chain_id=137 from_address=0x2EAC739a1e05F4a05a5B8fD93D332c4353E5A7cD}: cortex::pipeline: transaction confirmed on-chain elapsed_ms=2469 block_number=85132195 confirmations=1
2026-04-05T10:20:11.398338Z  INFO ThreadId(04) pipeline{execution_id=3dea6fd9-7d27-45ca-b8e3-5c9a8668a4f0 chain_id=42161 from_address=0xfea6645D31443cF7Cf96eF1dB7823EB9365f98bf}: cortex::pipeline: pipeline completed elapsed_ms=2470
2026-04-05T10:20:11.398354Z  INFO ThreadId(15) pipeline{execution_id=dfc08f08-cc73-41ce-af26-7a454ea41d22 chain_id=1 from_address=0x8b172F820629b14cEAF859A6e159d1BcD3291Fe1}: cortex::pipeline: transaction confirmed on-chain elapsed_ms=2473 block_number=24812838 confirmations=1
2026-04-05T10:20:11.398370Z  INFO ThreadId(06) pipeline{execution_id=600f2edc-e208-48e5-82a4-49488b62cbc2 chain_id=137 from_address=0x2EAC739a1e05F4a05a5B8fD93D332c4353E5A7cD}: cortex::pipeline: pipeline completed elapsed_ms=2469
2026-04-05T10:20:11.398397Z  INFO ThreadId(15) pipeline{execution_id=dfc08f08-cc73-41ce-af26-7a454ea41d22 chain_id=1 from_address=0x8b172F820629b14cEAF859A6e159d1BcD3291Fe1}: cortex::pipeline: pipeline completed elapsed_ms=2473
2026-04-05T10:20:11.400394Z  INFO ThreadId(17) pipeline{execution_id=14f0fb5a-60e7-4db2-922c-b913539c6768 chain_id=1 from_address=0x2EAC739a1e05F4a05a5B8fD93D332c4353E5A7cD}: cortex::pipeline: transaction confirmed on-chain elapsed_ms=2475 block_number=24812840 confirmations=1
2026-04-05T10:20:11.400447Z  INFO ThreadId(17) pipeline{execution_id=14f0fb5a-60e7-4db2-922c-b913539c6768 chain_id=1 from_address=0x2EAC739a1e05F4a05a5B8fD93D332c4353E5A7cD}: cortex::pipeline: pipeline completed elapsed_ms=2475
2026-04-05T10:20:11.400489Z  INFO ThreadId(16) pipeline{execution_id=4e756acb-4e60-4fb5-9d4d-57eb99ee1035 chain_id=42161 from_address=0xfea6645D31443cF7Cf96eF1dB7823EB9365f98bf}: cortex::pipeline: transaction confirmed on-chain elapsed_ms=2472 block_number=449265452 confirmations=1
2026-04-05T10:20:11.400527Z  INFO ThreadId(16) pipeline{execution_id=4e756acb-4e60-4fb5-9d4d-57eb99ee1035 chain_id=42161 from_address=0xfea6645D31443cF7Cf96eF1dB7823EB9365f98bf}: cortex::pipeline: pipeline completed elapsed_ms=2472
2026-04-05T10:20:11.401349Z  INFO ThreadId(15) pipeline{execution_id=891e21eb-b710-4f4c-8dc9-5abb84f82e75 chain_id=137 from_address=0xfea6645D31443cF7Cf96eF1dB7823EB9365f98bf}: cortex::pipeline: transaction confirmed on-chain elapsed_ms=2472 block_number=85132195 confirmations=1
2026-04-05T10:20:11.401425Z  INFO ThreadId(15) pipeline{execution_id=891e21eb-b710-4f4c-8dc9-5abb84f82e75 chain_id=137 from_address=0xfea6645D31443cF7Cf96eF1dB7823EB9365f98bf}: cortex::pipeline: pipeline completed elapsed_ms=2472
2026-04-05T10:20:11.402952Z  INFO ThreadId(15) pipeline{execution_id=655ae584-173b-4123-9c92-d4e7f34d281d chain_id=1 from_address=0x2EAC739a1e05F4a05a5B8fD93D332c4353E5A7cD}: cortex::pipeline: transaction confirmed on-chain elapsed_ms=2476 block_number=24812840 confirmations=1
2026-04-05T10:20:11.403016Z  INFO ThreadId(15) pipeline{execution_id=655ae584-173b-4123-9c92-d4e7f34d281d chain_id=1 from_address=0x2EAC739a1e05F4a05a5B8fD93D332c4353E5A7cD}: cortex::pipeline: pipeline completed elapsed_ms=2476
2026-04-05T10:20:11.403039Z  INFO ThreadId(17) pipeline{execution_id=7b03a4f0-b562-4a77-a1bc-bc436a014f57 chain_id=42161 from_address=0xfea6645D31443cF7Cf96eF1dB7823EB9365f98bf}: cortex::pipeline: transaction confirmed on-chain elapsed_ms=2474 block_number=449265452 confirmations=1
2026-04-05T10:20:11.403079Z  INFO ThreadId(17) pipeline{execution_id=7b03a4f0-b562-4a77-a1bc-bc436a014f57 chain_id=42161 from_address=0xfea6645D31443cF7Cf96eF1dB7823EB9365f98bf}: cortex::pipeline: pipeline completed elapsed_ms=2474
2026-04-05T10:20:11.403469Z  INFO ThreadId(15) pipeline{execution_id=9f525de0-7706-4256-aa30-280970ab8302 chain_id=137 from_address=0x8AfE43fF49EBd5c4B8Cd1497ee77b437dd1711fc}: cortex::pipeline: transaction confirmed on-chain elapsed_ms=2474 block_number=85132195 confirmations=1
2026-04-05T10:20:11.403515Z  INFO ThreadId(15) pipeline{execution_id=9f525de0-7706-4256-aa30-280970ab8302 chain_id=137 from_address=0x8AfE43fF49EBd5c4B8Cd1497ee77b437dd1711fc}: cortex::pipeline: pipeline completed elapsed_ms=2474
2026-04-05T10:20:11.405646Z  INFO ThreadId(04) pipeline{execution_id=19a2e140-9238-454c-bfe8-127cc30a1024 chain_id=42161 from_address=0x8AfE43fF49EBd5c4B8Cd1497ee77b437dd1711fc}: cortex::pipeline: transaction confirmed on-chain elapsed_ms=2476 block_number=449265452 confirmations=1
2026-04-05T10:20:11.405713Z  INFO ThreadId(04) pipeline{execution_id=19a2e140-9238-454c-bfe8-127cc30a1024 chain_id=42161 from_address=0x8AfE43fF49EBd5c4B8Cd1497ee77b437dd1711fc}: cortex::pipeline: pipeline completed elapsed_ms=2476
2026-04-05T10:20:11.406194Z  INFO ThreadId(17) pipeline{execution_id=b9419f18-30c7-4fa5-8dc8-70e9752512d9 chain_id=137 from_address=0xfea6645D31443cF7Cf96eF1dB7823EB9365f98bf}: cortex::pipeline: transaction confirmed on-chain elapsed_ms=2476 block_number=85132195 confirmations=1
2026-04-05T10:20:11.406251Z  INFO ThreadId(17) pipeline{execution_id=b9419f18-30c7-4fa5-8dc8-70e9752512d9 chain_id=137 from_address=0xfea6645D31443cF7Cf96eF1dB7823EB9365f98bf}: cortex::pipeline: pipeline completed elapsed_ms=2476
2026-04-05T10:20:11.406372Z  INFO ThreadId(17) pipeline{execution_id=0dd545d4-50c7-4c4e-9fde-4431c3fa0f2c chain_id=1 from_address=0x8AfE43fF49EBd5c4B8Cd1497ee77b437dd1711fc}: cortex::pipeline: transaction confirmed on-chain elapsed_ms=2480 block_number=24812840 confirmations=1
2026-04-05T10:20:11.406420Z  INFO ThreadId(17) pipeline{execution_id=0dd545d4-50c7-4c4e-9fde-4431c3fa0f2c chain_id=1 from_address=0x8AfE43fF49EBd5c4B8Cd1497ee77b437dd1711fc}: cortex::pipeline: pipeline completed elapsed_ms=2480
2026-04-05T10:20:11.407997Z  INFO ThreadId(15) pipeline{execution_id=0aafa656-ba8f-4156-bac5-ae510a4a7684 chain_id=42161 from_address=0x8b172F820629b14cEAF859A6e159d1BcD3291Fe1}: cortex::pipeline: transaction confirmed on-chain elapsed_ms=2478 block_number=449265459 confirmations=1
2026-04-05T10:20:11.408052Z  INFO ThreadId(15) pipeline{execution_id=0aafa656-ba8f-4156-bac5-ae510a4a7684 chain_id=42161 from_address=0x8b172F820629b14cEAF859A6e159d1BcD3291Fe1}: cortex::pipeline: pipeline completed elapsed_ms=2478
2026-04-05T10:20:11.408059Z  INFO ThreadId(17) pipeline{execution_id=bc7a8f4a-212b-4bed-9c09-5bd81a37ef4d chain_id=1 from_address=0xfea6645D31443cF7Cf96eF1dB7823EB9365f98bf}: cortex::pipeline: transaction confirmed on-chain elapsed_ms=2481 block_number=24812840 confirmations=1
2026-04-05T10:20:11.408119Z  INFO ThreadId(17) pipeline{execution_id=bc7a8f4a-212b-4bed-9c09-5bd81a37ef4d chain_id=1 from_address=0xfea6645D31443cF7Cf96eF1dB7823EB9365f98bf}: cortex::pipeline: pipeline completed elapsed_ms=2481
2026-04-05T10:20:11.408651Z  INFO ThreadId(04) pipeline{execution_id=25a6ee3d-d883-493f-a9b5-04f3e5a6c807 chain_id=137 from_address=0x8b172F820629b14cEAF859A6e159d1BcD3291Fe1}: cortex::pipeline: transaction confirmed on-chain elapsed_ms=2480 block_number=85132194 confirmations=1
2026-04-05T10:20:11.408700Z  INFO ThreadId(04) pipeline{execution_id=25a6ee3d-d883-493f-a9b5-04f3e5a6c807 chain_id=137 from_address=0x8b172F820629b14cEAF859A6e159d1BcD3291Fe1}: cortex::pipeline: pipeline completed elapsed_ms=2480
2026-04-05T10:20:11.410425Z  INFO ThreadId(17) pipeline{execution_id=9a6dd682-c041-424d-997d-acae158c0cc7 chain_id=42161 from_address=0xfea6645D31443cF7Cf96eF1dB7823EB9365f98bf}: cortex::pipeline: transaction confirmed on-chain elapsed_ms=2481 block_number=449265452 confirmations=1
2026-04-05T10:20:11.410429Z  INFO ThreadId(15) pipeline{execution_id=9af369d2-2dfd-4f51-8d74-a75abc82f035 chain_id=1 from_address=0x8b172F820629b14cEAF859A6e159d1BcD3291Fe1}: cortex::pipeline: transaction confirmed on-chain elapsed_ms=2483 block_number=24812838 confirmations=1
2026-04-05T10:20:11.410483Z  INFO ThreadId(17) pipeline{execution_id=9a6dd682-c041-424d-997d-acae158c0cc7 chain_id=42161 from_address=0xfea6645D31443cF7Cf96eF1dB7823EB9365f98bf}: cortex::pipeline: pipeline completed elapsed_ms=2481
2026-04-05T10:20:11.410500Z  INFO ThreadId(15) pipeline{execution_id=9af369d2-2dfd-4f51-8d74-a75abc82f035 chain_id=1 from_address=0x8b172F820629b14cEAF859A6e159d1BcD3291Fe1}: cortex::pipeline: pipeline completed elapsed_ms=2483
2026-04-05T10:20:11.411019Z  INFO ThreadId(14) pipeline{execution_id=5fdfa384-3f5b-4dad-bcd3-424b3044b19f chain_id=137 from_address=0x2EAC739a1e05F4a05a5B8fD93D332c4353E5A7cD}: cortex::pipeline: transaction confirmed on-chain elapsed_ms=2481 block_number=85132195 confirmations=1
2026-04-05T10:20:11.411075Z  INFO ThreadId(14) pipeline{execution_id=5fdfa384-3f5b-4dad-bcd3-424b3044b19f chain_id=137 from_address=0x2EAC739a1e05F4a05a5B8fD93D332c4353E5A7cD}: cortex::pipeline: pipeline completed elapsed_ms=2481
2026-04-05T10:20:11.412933Z  INFO ThreadId(07) pipeline{execution_id=e6212d9d-c6fa-4f79-b1c9-f316fbe87ad8 chain_id=1 from_address=0xCFA80F1f22b0AD533F7d8e2CcC0A783aa4BCaFF3}: cortex::pipeline: transaction confirmed on-chain elapsed_ms=2485 block_number=24812840 confirmations=1
2026-04-05T10:20:11.412992Z  INFO ThreadId(07) pipeline{execution_id=e6212d9d-c6fa-4f79-b1c9-f316fbe87ad8 chain_id=1 from_address=0xCFA80F1f22b0AD533F7d8e2CcC0A783aa4BCaFF3}: cortex::pipeline: pipeline completed elapsed_ms=2486
2026-04-05T10:20:11.413178Z  INFO ThreadId(07) pipeline{execution_id=985a0a46-58be-4ced-adb3-ae32cb8d3c99 chain_id=42161 from_address=0xfea6645D31443cF7Cf96eF1dB7823EB9365f98bf}: cortex::pipeline: transaction confirmed on-chain elapsed_ms=2483 block_number=449265452 confirmations=1
2026-04-05T10:20:11.413217Z  INFO ThreadId(07) pipeline{execution_id=985a0a46-58be-4ced-adb3-ae32cb8d3c99 chain_id=42161 from_address=0xfea6645D31443cF7Cf96eF1dB7823EB9365f98bf}: cortex::pipeline: pipeline completed elapsed_ms=2483
2026-04-05T10:20:11.413581Z  INFO ThreadId(05) pipeline{execution_id=c75a60bf-6349-41f3-be81-7518a9861efc chain_id=137 from_address=0xCFA80F1f22b0AD533F7d8e2CcC0A783aa4BCaFF3}: cortex::pipeline: transaction confirmed on-chain elapsed_ms=2484 block_number=85132195 confirmations=1
2026-04-05T10:20:11.413622Z  INFO ThreadId(05) pipeline{execution_id=c75a60bf-6349-41f3-be81-7518a9861efc chain_id=137 from_address=0xCFA80F1f22b0AD533F7d8e2CcC0A783aa4BCaFF3}: cortex::pipeline: pipeline completed elapsed_ms=2484
2026-04-05T10:20:11.415188Z  INFO ThreadId(10) pipeline{execution_id=9e6878d1-11c6-4834-b693-a5cb80e6c397 chain_id=1 from_address=0xCFA80F1f22b0AD533F7d8e2CcC0A783aa4BCaFF3}: cortex::pipeline: transaction confirmed on-chain elapsed_ms=2488 block_number=24812840 confirmations=1
2026-04-05T10:20:11.415266Z  INFO ThreadId(10) pipeline{execution_id=9e6878d1-11c6-4834-b693-a5cb80e6c397 chain_id=1 from_address=0xCFA80F1f22b0AD533F7d8e2CcC0A783aa4BCaFF3}: cortex::pipeline: pipeline completed elapsed_ms=2488
2026-04-05T10:20:11.415370Z  INFO ThreadId(10) pipeline{execution_id=e76d718f-2c23-41a9-b035-ba7920dc9a6b chain_id=42161 from_address=0x8b172F820629b14cEAF859A6e159d1BcD3291Fe1}: cortex::pipeline: transaction confirmed on-chain elapsed_ms=2484 block_number=449265459 confirmations=1
2026-04-05T10:20:11.415408Z  INFO ThreadId(10) pipeline{execution_id=e76d718f-2c23-41a9-b035-ba7920dc9a6b chain_id=42161 from_address=0x8b172F820629b14cEAF859A6e159d1BcD3291Fe1}: cortex::pipeline: pipeline completed elapsed_ms=2484
2026-04-05T10:20:11.416009Z  INFO ThreadId(06) pipeline{execution_id=8222a8ef-3739-47aa-a5ff-8fb4224ef067 chain_id=137 from_address=0xCFA80F1f22b0AD533F7d8e2CcC0A783aa4BCaFF3}: cortex::pipeline: transaction confirmed on-chain elapsed_ms=2485 block_number=85132195 confirmations=1
2026-04-05T10:20:11.416061Z  INFO ThreadId(06) pipeline{execution_id=8222a8ef-3739-47aa-a5ff-8fb4224ef067 chain_id=137 from_address=0xCFA80F1f22b0AD533F7d8e2CcC0A783aa4BCaFF3}: cortex::pipeline: pipeline completed elapsed_ms=2486
2026-04-05T10:20:11.417600Z  INFO ThreadId(04) pipeline{execution_id=f763f9fc-2a14-430e-8452-95e070b514e2 chain_id=1 from_address=0x2EAC739a1e05F4a05a5B8fD93D332c4353E5A7cD}: cortex::pipeline: transaction confirmed on-chain elapsed_ms=2490 block_number=24812840 confirmations=1
2026-04-05T10:20:11.417650Z  INFO ThreadId(04) pipeline{execution_id=f763f9fc-2a14-430e-8452-95e070b514e2 chain_id=1 from_address=0x2EAC739a1e05F4a05a5B8fD93D332c4353E5A7cD}: cortex::pipeline: pipeline completed elapsed_ms=2490
2026-04-05T10:20:11.417865Z  INFO ThreadId(11) pipeline{execution_id=f8b66024-02cb-46e0-843d-574e45a44d3b chain_id=137 from_address=0xCFA80F1f22b0AD533F7d8e2CcC0A783aa4BCaFF3}: cortex::pipeline: transaction confirmed on-chain elapsed_ms=2487 block_number=85132195 confirmations=1
2026-04-05T10:20:11.417913Z  INFO ThreadId(11) pipeline{execution_id=f8b66024-02cb-46e0-843d-574e45a44d3b chain_id=137 from_address=0xCFA80F1f22b0AD533F7d8e2CcC0A783aa4BCaFF3}: cortex::pipeline: pipeline completed elapsed_ms=2487
2026-04-05T10:20:11.420144Z  INFO ThreadId(14) pipeline{execution_id=dbec1a8d-30f1-4cdf-9bd7-f80c0518db7a chain_id=1 from_address=0x8AfE43fF49EBd5c4B8Cd1497ee77b437dd1711fc}: cortex::pipeline: transaction confirmed on-chain elapsed_ms=2493 block_number=24812840 confirmations=1
2026-04-05T10:20:11.420196Z  INFO ThreadId(14) pipeline{execution_id=dbec1a8d-30f1-4cdf-9bd7-f80c0518db7a chain_id=1 from_address=0x8AfE43fF49EBd5c4B8Cd1497ee77b437dd1711fc}: cortex::pipeline: pipeline completed elapsed_ms=2493
2026-04-05T10:20:11.422307Z  INFO ThreadId(16) pipeline{execution_id=ebc034b5-56c8-4b9e-9f44-ba8fa391a959 chain_id=1 from_address=0x8b172F820629b14cEAF859A6e159d1BcD3291Fe1}: cortex::pipeline: transaction confirmed on-chain elapsed_ms=2495 block_number=24812838 confirmations=1
2026-04-05T10:20:11.422352Z  INFO ThreadId(16) pipeline{execution_id=ebc034b5-56c8-4b9e-9f44-ba8fa391a959 chain_id=1 from_address=0x8b172F820629b14cEAF859A6e159d1BcD3291Fe1}: cortex::pipeline: pipeline completed elapsed_ms=2495
2026-04-05T10:20:11.424715Z  INFO ThreadId(06) pipeline{execution_id=0792ea5e-6f53-4835-9b40-92a409cdaf49 chain_id=1 from_address=0xfea6645D31443cF7Cf96eF1dB7823EB9365f98bf}: cortex::pipeline: transaction confirmed on-chain elapsed_ms=2497 block_number=24812840 confirmations=1
2026-04-05T10:20:11.424815Z  INFO ThreadId(06) pipeline{execution_id=0792ea5e-6f53-4835-9b40-92a409cdaf49 chain_id=1 from_address=0xfea6645D31443cF7Cf96eF1dB7823EB9365f98bf}: cortex::pipeline: pipeline completed elapsed_ms=2497
2026-04-05T10:20:11.428153Z  INFO ThreadId(06) pipeline{execution_id=d310145a-7a60-4692-be5c-5411bfea2a47 chain_id=1 from_address=0x8b172F820629b14cEAF859A6e159d1BcD3291Fe1}: cortex::pipeline: transaction confirmed on-chain elapsed_ms=2500 block_number=24812838 confirmations=1
2026-04-05T10:20:11.428292Z  INFO ThreadId(06) pipeline{execution_id=d310145a-7a60-4692-be5c-5411bfea2a47 chain_id=1 from_address=0x8b172F820629b14cEAF859A6e159d1BcD3291Fe1}: cortex::pipeline: pipeline completed elapsed_ms=2501
2026-04-05T10:20:11.431994Z  INFO ThreadId(16) pipeline{execution_id=a96623a3-e306-4eb8-a39a-58e5da078a40 chain_id=1 from_address=0xCFA80F1f22b0AD533F7d8e2CcC0A783aa4BCaFF3}: cortex::pipeline: transaction confirmed on-chain elapsed_ms=2504 block_number=24812840 confirmations=1
2026-04-05T10:20:11.432085Z  INFO ThreadId(16) pipeline{execution_id=a96623a3-e306-4eb8-a39a-58e5da078a40 chain_id=1 from_address=0xCFA80F1f22b0AD533F7d8e2CcC0A783aa4BCaFF3}: cortex::pipeline: pipeline completed elapsed_ms=2504
2026-04-05T10:20:11.435325Z  INFO ThreadId(03) pipeline{execution_id=c9687832-9875-40a7-b665-b0a0ec19c822 chain_id=1 from_address=0x8b172F820629b14cEAF859A6e159d1BcD3291Fe1}: cortex::pipeline: transaction confirmed on-chain elapsed_ms=2508 block_number=24812838 confirmations=1
2026-04-05T10:20:11.435409Z  INFO ThreadId(03) pipeline{execution_id=c9687832-9875-40a7-b665-b0a0ec19c822 chain_id=1 from_address=0x8b172F820629b14cEAF859A6e159d1BcD3291Fe1}: cortex::pipeline: pipeline completed elapsed_ms=2508
2026-04-05T10:20:11.438589Z  INFO ThreadId(08) pipeline{execution_id=ab5824fe-cd47-460d-92d9-2397c41c8607 chain_id=1 from_address=0xCFA80F1f22b0AD533F7d8e2CcC0A783aa4BCaFF3}: cortex::pipeline: transaction confirmed on-chain elapsed_ms=2510 block_number=24812840 confirmations=1
2026-04-05T10:20:11.438655Z  INFO ThreadId(08) pipeline{execution_id=ab5824fe-cd47-460d-92d9-2397c41c8607 chain_id=1 from_address=0xCFA80F1f22b0AD533F7d8e2CcC0A783aa4BCaFF3}: cortex::pipeline: pipeline completed elapsed_ms=2510
2026-04-05T10:20:11.441179Z  INFO ThreadId(06) pipeline{execution_id=7653d9b5-80e6-4bdf-ae3e-a1b2f91deb9e chain_id=1 from_address=0x2EAC739a1e05F4a05a5B8fD93D332c4353E5A7cD}: cortex::pipeline: transaction confirmed on-chain elapsed_ms=2513 block_number=24812840 confirmations=1
2026-04-05T10:20:11.441233Z  INFO ThreadId(06) pipeline{execution_id=7653d9b5-80e6-4bdf-ae3e-a1b2f91deb9e chain_id=1 from_address=0x2EAC739a1e05F4a05a5B8fD93D332c4353E5A7cD}: cortex::pipeline: pipeline completed elapsed_ms=2513
2026-04-05T10:20:11.443279Z  INFO ThreadId(03) pipeline{execution_id=c920ba19-d1f0-450b-90ca-fcdd2510ecf0 chain_id=1 from_address=0x2EAC739a1e05F4a05a5B8fD93D332c4353E5A7cD}: cortex::pipeline: transaction confirmed on-chain elapsed_ms=2515 block_number=24812840 confirmations=1
2026-04-05T10:20:11.443346Z  INFO ThreadId(03) pipeline{execution_id=c920ba19-d1f0-450b-90ca-fcdd2510ecf0 chain_id=1 from_address=0x2EAC739a1e05F4a05a5B8fD93D332c4353E5A7cD}: cortex::pipeline: pipeline completed elapsed_ms=2515
2026-04-05T10:20:11.445507Z  INFO ThreadId(06) pipeline{execution_id=82a0dbd5-d4d9-4986-8c93-46f2b3ca0a93 chain_id=1 from_address=0x8AfE43fF49EBd5c4B8Cd1497ee77b437dd1711fc}: cortex::pipeline: transaction confirmed on-chain elapsed_ms=2517 block_number=24812840 confirmations=1
2026-04-05T10:20:11.445553Z  INFO ThreadId(06) pipeline{execution_id=82a0dbd5-d4d9-4986-8c93-46f2b3ca0a93 chain_id=1 from_address=0x8AfE43fF49EBd5c4B8Cd1497ee77b437dd1711fc}: cortex::pipeline: pipeline completed elapsed_ms=2517
2026-04-05T10:20:11.447585Z  INFO ThreadId(16) pipeline{execution_id=f3121ea2-356a-4824-b765-75ff267e9c31 chain_id=1 from_address=0xfea6645D31443cF7Cf96eF1dB7823EB9365f98bf}: cortex::pipeline: transaction confirmed on-chain elapsed_ms=2518 block_number=24812840 confirmations=1
2026-04-05T10:20:11.447636Z  INFO ThreadId(16) pipeline{execution_id=f3121ea2-356a-4824-b765-75ff267e9c31 chain_id=1 from_address=0xfea6645D31443cF7Cf96eF1dB7823EB9365f98bf}: cortex::pipeline: pipeline completed elapsed_ms=2518
2026-04-05T10:20:11.449910Z  INFO ThreadId(16) pipeline{execution_id=3191bd7e-b13e-4d36-a9c2-779b6cb5da85 chain_id=1 from_address=0x2EAC739a1e05F4a05a5B8fD93D332c4353E5A7cD}: cortex::pipeline: transaction confirmed on-chain elapsed_ms=2521 block_number=24812840 confirmations=1
2026-04-05T10:20:11.449972Z  INFO ThreadId(16) pipeline{execution_id=3191bd7e-b13e-4d36-a9c2-779b6cb5da85 chain_id=1 from_address=0x2EAC739a1e05F4a05a5B8fD93D332c4353E5A7cD}: cortex::pipeline: pipeline completed elapsed_ms=2521
2026-04-05T10:20:11.451750Z  INFO ThreadId(03) pipeline{execution_id=1a0baac2-67ca-4e29-bcbd-29b6269cd0c0 chain_id=1 from_address=0xCFA80F1f22b0AD533F7d8e2CcC0A783aa4BCaFF3}: cortex::pipeline: transaction confirmed on-chain elapsed_ms=2522 block_number=24812840 confirmations=1
2026-04-05T10:20:11.451792Z  INFO ThreadId(03) pipeline{execution_id=1a0baac2-67ca-4e29-bcbd-29b6269cd0c0 chain_id=1 from_address=0xCFA80F1f22b0AD533F7d8e2CcC0A783aa4BCaFF3}: cortex::pipeline: pipeline completed elapsed_ms=2522
2026-04-05T10:20:11.453725Z  INFO ThreadId(06) pipeline{execution_id=919a9ff9-80c3-48b8-8a06-c48ee858c17f chain_id=1 from_address=0x8b172F820629b14cEAF859A6e159d1BcD3291Fe1}: cortex::pipeline: transaction confirmed on-chain elapsed_ms=2523 block_number=24812838 confirmations=1
2026-04-05T10:20:11.453778Z  INFO ThreadId(06) pipeline{execution_id=919a9ff9-80c3-48b8-8a06-c48ee858c17f chain_id=1 from_address=0x8b172F820629b14cEAF859A6e159d1BcD3291Fe1}: cortex::pipeline: pipeline completed elapsed_ms=2523
2026-04-05T10:20:11.455451Z  INFO ThreadId(16) pipeline{execution_id=7d5552bf-cd16-44bd-8309-7454dbdb141c chain_id=1 from_address=0x8AfE43fF49EBd5c4B8Cd1497ee77b437dd1711fc}: cortex::pipeline: transaction confirmed on-chain elapsed_ms=2525 block_number=24812840 confirmations=1
2026-04-05T10:20:11.455496Z  INFO ThreadId(16) pipeline{execution_id=7d5552bf-cd16-44bd-8309-7454dbdb141c chain_id=1 from_address=0x8AfE43fF49EBd5c4B8Cd1497ee77b437dd1711fc}: cortex::pipeline: pipeline completed elapsed_ms=2525
2026-04-05T10:20:11.473260Z  INFO ThreadId(02) pipeline: ╔══════════════════════════════════════════════════════════════╗
2026-04-05T10:20:11.473338Z  INFO ThreadId(02) pipeline: ║           HEALTHY PATH TEST - RESULTS REPORT                 ║
2026-04-05T10:20:11.473368Z  INFO ThreadId(02) pipeline: ╠══════════════════════════════════════════════════════════════╣
2026-04-05T10:20:11.473386Z  INFO ThreadId(02) pipeline: ║ Total Transactions:                                      200 ║
2026-04-05T10:20:11.473406Z  INFO ThreadId(02) pipeline: ║ Successful:                                              200 ║
2026-04-05T10:20:11.473425Z  INFO ThreadId(02) pipeline: ║ Failed:                                                    0 ║
2026-04-05T10:20:11.473443Z  INFO ThreadId(02) pipeline: ║ Success Rate:                                        100.00% ║
2026-04-05T10:20:11.473463Z  INFO ThreadId(02) pipeline: ╚══════════════════════════════════════════════════════════════╝
2026-04-05T10:20:11.473481Z  INFO ThreadId(02) pipeline: 
 SUCCESS RATE: 100.00%