2026-04-05T13:59:40.074939Z  INFO ThreadId(02) pipeline: starting pipeline test
2026-04-05T13:59:43.657273Z  INFO ThreadId(02) pipeline::containers: Anvil fork for chain 1 endpoint A on port 8545 online
2026-04-05T13:59:45.325879Z  INFO ThreadId(02) pipeline::containers: Anvil fork for chain 1 endpoint B on port 8546 online
2026-04-05T13:59:46.590235Z  INFO ThreadId(02) pipeline::containers: Anvil fork for chain 137 endpoint A on port 8547 online
2026-04-05T13:59:47.649486Z  INFO ThreadId(02) pipeline::containers: Anvil fork for chain 137 endpoint B on port 8548 online
2026-04-05T13:59:49.517269Z  INFO ThreadId(02) pipeline::containers: Anvil fork for chain 42161 endpoint A on port 8549 online
2026-04-05T13:59:51.584196Z  INFO ThreadId(02) pipeline::containers: Anvil fork for chain 42161 endpoint B on port 8550 online
2026-04-05T13:59:51.584245Z  INFO ThreadId(02) pipeline: all containers started succesfully
2026-04-05T13:59:58.859401Z  INFO ThreadId(02) pipeline: test accounts funded with 100 eth
2026-04-05T13:59:59.068897Z  INFO ThreadId(02) pipeline::helpers: Created endpoint pool for chain chain_id=42161 endpoint_count=2
2026-04-05T13:59:59.237755Z  INFO ThreadId(02) pipeline::helpers: Created endpoint pool for chain chain_id=137 endpoint_count=2
2026-04-05T13:59:59.370233Z  INFO ThreadId(02) pipeline::helpers: Created endpoint pool for chain chain_id=1 endpoint_count=2
2026-04-05T13:59:59.592488Z  INFO ThreadId(02) cortex::artifacts::state: StatusRegistry loaded artifacts_count=0
2026-04-05T13:59:59.592536Z  INFO ThreadId(02) cortex: cortex online
2026-04-05T13:59:59.592607Z  INFO ThreadId(02) pipeline: lobby app-router installed
2026-04-05T14:00:00.593422Z  INFO ThreadId(02) pipeline: Lobby server running lobby_server_url=http://127.0.0.1:3000
2026-04-05T14:00:00.636162Z  INFO ThreadId(15) lobby::server::handler: transaction submission accepted execution_id=c1aa4016-f00d-4d7a-a943-9b3e7af4d4fd from=0x8b172F820629b14cEAF859A6e159d1BcD3291Fe1 chain_id=137
2026-04-05T14:00:00.636165Z  INFO ThreadId(11) lobby::server::handler: transaction submission accepted execution_id=3e2db9c5-63ab-4b32-b3d3-35251497e7dd from=0x8b172F820629b14cEAF859A6e159d1BcD3291Fe1 chain_id=42161
2026-04-05T14:00:00.636285Z  INFO ThreadId(11) pipeline{execution_id=3e2db9c5-63ab-4b32-b3d3-35251497e7dd chain_id=42161 from_address=0x8b172F820629b14cEAF859A6e159d1BcD3291Fe1}: cortex::pipeline: Pipeline started elapsed_ms=0
2026-04-05T14:00:00.636285Z  INFO ThreadId(15) pipeline{execution_id=c1aa4016-f00d-4d7a-a943-9b3e7af4d4fd chain_id=137 from_address=0x8b172F820629b14cEAF859A6e159d1BcD3291Fe1}: cortex::pipeline: Pipeline started elapsed_ms=0
2026-04-05T14:00:00.636437Z  INFO ThreadId(03) lobby::server::handler: transaction submission accepted execution_id=d7511690-dc4f-4770-a727-43f1d84f74de from=0xfea6645D31443cF7Cf96eF1dB7823EB9365f98bf chain_id=1
2026-04-05T14:00:00.636437Z  INFO ThreadId(14) lobby::server::handler: transaction submission accepted execution_id=a256ed82-48f5-405a-a06f-7b6be5ddf0fa from=0x8b172F820629b14cEAF859A6e159d1BcD3291Fe1 chain_id=137
2026-04-05T14:00:00.636517Z  INFO ThreadId(14) pipeline{execution_id=a256ed82-48f5-405a-a06f-7b6be5ddf0fa chain_id=137 from_address=0x8b172F820629b14cEAF859A6e159d1BcD3291Fe1}: cortex::pipeline: Pipeline started elapsed_ms=0
2026-04-05T14:00:00.636522Z  INFO ThreadId(03) pipeline{execution_id=d7511690-dc4f-4770-a727-43f1d84f74de chain_id=1 from_address=0xfea6645D31443cF7Cf96eF1dB7823EB9365f98bf}: cortex::pipeline: Pipeline started elapsed_ms=0
2026-04-05T14:00:00.636627Z  INFO ThreadId(16) lobby::server::handler: transaction submission accepted execution_id=afb341a0-1466-4f9f-b369-ff86011ba681 from=0x8AfE43fF49EBd5c4B8Cd1497ee77b437dd1711fc chain_id=42161
2026-04-05T14:00:00.636629Z  INFO ThreadId(09) lobby::server::handler: transaction submission accepted execution_id=b3836f9c-a4cf-484d-959d-e1729eda50d2 from=0xCFA80F1f22b0AD533F7d8e2CcC0A783aa4BCaFF3 chain_id=42161
2026-04-05T14:00:00.636700Z  INFO ThreadId(09) pipeline{execution_id=b3836f9c-a4cf-484d-959d-e1729eda50d2 chain_id=42161 from_address=0xCFA80F1f22b0AD533F7d8e2CcC0A783aa4BCaFF3}: cortex::pipeline: Pipeline started elapsed_ms=0
2026-04-05T14:00:00.636701Z  INFO ThreadId(16) pipeline{execution_id=afb341a0-1466-4f9f-b369-ff86011ba681 chain_id=42161 from_address=0x8AfE43fF49EBd5c4B8Cd1497ee77b437dd1711fc}: cortex::pipeline: Pipeline started elapsed_ms=0
2026-04-05T14:00:00.636809Z  INFO ThreadId(11) lobby::server::handler: transaction submission accepted execution_id=fd251e05-3d9a-4f96-8c57-09ff63ee3a7b from=0x2EAC739a1e05F4a05a5B8fD93D332c4353E5A7cD chain_id=42161
2026-04-05T14:00:00.636812Z  INFO ThreadId(18) lobby::server::handler: transaction submission accepted execution_id=5907b717-5807-422a-aca2-9add896ab0fd from=0x2EAC739a1e05F4a05a5B8fD93D332c4353E5A7cD chain_id=1
2026-04-05T14:00:00.636865Z  INFO ThreadId(11) pipeline{execution_id=fd251e05-3d9a-4f96-8c57-09ff63ee3a7b chain_id=42161 from_address=0x2EAC739a1e05F4a05a5B8fD93D332c4353E5A7cD}: cortex::pipeline: Pipeline started elapsed_ms=0
2026-04-05T14:00:00.636889Z  INFO ThreadId(18) pipeline{execution_id=5907b717-5807-422a-aca2-9add896ab0fd chain_id=1 from_address=0x2EAC739a1e05F4a05a5B8fD93D332c4353E5A7cD}: cortex::pipeline: Pipeline started elapsed_ms=0
2026-04-05T14:00:00.636969Z  INFO ThreadId(11) lobby::server::handler: transaction submission accepted execution_id=fbad8d13-e34b-453a-a70a-bc6e4f7b73c4 from=0x8b172F820629b14cEAF859A6e159d1BcD3291Fe1 chain_id=1
2026-04-05T14:00:00.636983Z  INFO ThreadId(03) lobby::server::handler: transaction submission accepted execution_id=a8811fef-48ca-472a-9921-82a617f69123 from=0x2EAC739a1e05F4a05a5B8fD93D332c4353E5A7cD chain_id=42161
2026-04-05T14:00:00.637028Z  INFO ThreadId(11) pipeline{execution_id=fbad8d13-e34b-453a-a70a-bc6e4f7b73c4 chain_id=1 from_address=0x8b172F820629b14cEAF859A6e159d1BcD3291Fe1}: cortex::pipeline: Pipeline started elapsed_ms=0
2026-04-05T14:00:00.637045Z  INFO ThreadId(03) pipeline{execution_id=a8811fef-48ca-472a-9921-82a617f69123 chain_id=42161 from_address=0x2EAC739a1e05F4a05a5B8fD93D332c4353E5A7cD}: cortex::pipeline: Pipeline started elapsed_ms=0
2026-04-05T14:00:00.637138Z  INFO ThreadId(16) lobby::server::handler: transaction submission accepted execution_id=823bb773-4e7e-4078-9b3d-e2e8ddb8ecb7 from=0x8AfE43fF49EBd5c4B8Cd1497ee77b437dd1711fc chain_id=42161
2026-04-05T14:00:00.637147Z  INFO ThreadId(09) lobby::server::handler: transaction submission accepted execution_id=ff35ab56-c083-45f1-b73e-619f45b68527 from=0xfea6645D31443cF7Cf96eF1dB7823EB9365f98bf chain_id=1
2026-04-05T14:00:00.637192Z  INFO ThreadId(16) pipeline{execution_id=823bb773-4e7e-4078-9b3d-e2e8ddb8ecb7 chain_id=42161 from_address=0x8AfE43fF49EBd5c4B8Cd1497ee77b437dd1711fc}: cortex::pipeline: Pipeline started elapsed_ms=0
2026-04-05T14:00:00.637213Z  INFO ThreadId(09) pipeline{execution_id=ff35ab56-c083-45f1-b73e-619f45b68527 chain_id=1 from_address=0xfea6645D31443cF7Cf96eF1dB7823EB9365f98bf}: cortex::pipeline: Pipeline started elapsed_ms=0
2026-04-05T14:00:00.637303Z  INFO ThreadId(18) lobby::server::handler: transaction submission accepted execution_id=0bee0750-9789-462e-a28d-b99cf07656eb from=0x8AfE43fF49EBd5c4B8Cd1497ee77b437dd1711fc chain_id=1
2026-04-05T14:00:00.637317Z  INFO ThreadId(03) lobby::server::handler: transaction submission accepted execution_id=6bf691f7-2f89-43a6-9ce7-ff0cf4860467 from=0x2EAC739a1e05F4a05a5B8fD93D332c4353E5A7cD chain_id=42161
2026-04-05T14:00:00.637368Z  INFO ThreadId(18) pipeline{execution_id=0bee0750-9789-462e-a28d-b99cf07656eb chain_id=1 from_address=0x8AfE43fF49EBd5c4B8Cd1497ee77b437dd1711fc}: cortex::pipeline: Pipeline started elapsed_ms=0
2026-04-05T14:00:00.637386Z  INFO ThreadId(03) pipeline{execution_id=6bf691f7-2f89-43a6-9ce7-ff0cf4860467 chain_id=42161 from_address=0x2EAC739a1e05F4a05a5B8fD93D332c4353E5A7cD}: cortex::pipeline: Pipeline started elapsed_ms=0
2026-04-05T14:00:00.637475Z  INFO ThreadId(03) lobby::server::handler: transaction submission accepted execution_id=bb7d70d7-15ea-47cd-92aa-05df669c8379 from=0xCFA80F1f22b0AD533F7d8e2CcC0A783aa4BCaFF3 chain_id=42161
2026-04-05T14:00:00.637491Z  INFO ThreadId(09) lobby::server::handler: transaction submission accepted execution_id=2a70e17d-be33-4f5d-bd15-31ca30a40299 from=0x8b172F820629b14cEAF859A6e159d1BcD3291Fe1 chain_id=137
2026-04-05T14:00:00.637534Z  INFO ThreadId(03) pipeline{execution_id=bb7d70d7-15ea-47cd-92aa-05df669c8379 chain_id=42161 from_address=0xCFA80F1f22b0AD533F7d8e2CcC0A783aa4BCaFF3}: cortex::pipeline: Pipeline started elapsed_ms=0
2026-04-05T14:00:00.637558Z  INFO ThreadId(09) pipeline{execution_id=2a70e17d-be33-4f5d-bd15-31ca30a40299 chain_id=137 from_address=0x8b172F820629b14cEAF859A6e159d1BcD3291Fe1}: cortex::pipeline: Pipeline started elapsed_ms=0
2026-04-05T14:00:00.637657Z  INFO ThreadId(03) lobby::server::handler: transaction submission accepted execution_id=6897dd4c-5782-4974-ac43-3aa6da2dc95e from=0x8b172F820629b14cEAF859A6e159d1BcD3291Fe1 chain_id=42161
2026-04-05T14:00:00.637703Z  INFO ThreadId(16) lobby::server::handler: transaction submission accepted execution_id=0cae7451-ab37-41e3-ae60-ebcd8e93fc5f from=0x8b172F820629b14cEAF859A6e159d1BcD3291Fe1 chain_id=137
2026-04-05T14:00:00.637717Z  INFO ThreadId(03) pipeline{execution_id=6897dd4c-5782-4974-ac43-3aa6da2dc95e chain_id=42161 from_address=0x8b172F820629b14cEAF859A6e159d1BcD3291Fe1}: cortex::pipeline: Pipeline started elapsed_ms=0
2026-04-05T14:00:00.637760Z  INFO ThreadId(16) pipeline{execution_id=0cae7451-ab37-41e3-ae60-ebcd8e93fc5f chain_id=137 from_address=0x8b172F820629b14cEAF859A6e159d1BcD3291Fe1}: cortex::pipeline: Pipeline started elapsed_ms=0
2026-04-05T14:00:00.637819Z  INFO ThreadId(16) lobby::server::handler: transaction submission accepted execution_id=0661acc8-d3f3-495a-86d6-2b89ff3a2d39 from=0x8b172F820629b14cEAF859A6e159d1BcD3291Fe1 chain_id=1
2026-04-05T14:00:00.637852Z  INFO ThreadId(18) lobby::server::handler: transaction submission accepted execution_id=4039c45b-573c-4976-a253-1695b648fdaf from=0xCFA80F1f22b0AD533F7d8e2CcC0A783aa4BCaFF3 chain_id=137
2026-04-05T14:00:00.637869Z  INFO ThreadId(16) pipeline{execution_id=0661acc8-d3f3-495a-86d6-2b89ff3a2d39 chain_id=1 from_address=0x8b172F820629b14cEAF859A6e159d1BcD3291Fe1}: cortex::pipeline: Pipeline started elapsed_ms=0
2026-04-05T14:00:00.637910Z  INFO ThreadId(18) pipeline{execution_id=4039c45b-573c-4976-a253-1695b648fdaf chain_id=137 from_address=0xCFA80F1f22b0AD533F7d8e2CcC0A783aa4BCaFF3}: cortex::pipeline: Pipeline started elapsed_ms=0
2026-04-05T14:00:00.637960Z  INFO ThreadId(18) lobby::server::handler: transaction submission accepted execution_id=080e9f91-1197-4efa-ab0c-ee4f7da00b92 from=0x8b172F820629b14cEAF859A6e159d1BcD3291Fe1 chain_id=1
2026-04-05T14:00:00.638006Z  INFO ThreadId(18) pipeline{execution_id=080e9f91-1197-4efa-ab0c-ee4f7da00b92 chain_id=1 from_address=0x8b172F820629b14cEAF859A6e159d1BcD3291Fe1}: cortex::pipeline: Pipeline started elapsed_ms=0
2026-04-05T14:00:00.638014Z  INFO ThreadId(15) lobby::server::handler: transaction submission accepted execution_id=364c5a43-525e-45bf-b12d-1fc02711e46e from=0xfea6645D31443cF7Cf96eF1dB7823EB9365f98bf chain_id=1
2026-04-05T14:00:00.638072Z  INFO ThreadId(15) pipeline{execution_id=364c5a43-525e-45bf-b12d-1fc02711e46e chain_id=1 from_address=0xfea6645D31443cF7Cf96eF1dB7823EB9365f98bf}: cortex::pipeline: Pipeline started elapsed_ms=0
2026-04-05T14:00:00.638095Z  INFO ThreadId(16) lobby::server::handler: transaction submission accepted execution_id=0eb23a3f-0440-4d83-9df5-3f5fdd7a5cfc from=0xCFA80F1f22b0AD533F7d8e2CcC0A783aa4BCaFF3 chain_id=42161
2026-04-05T14:00:00.638145Z  INFO ThreadId(16) pipeline{execution_id=0eb23a3f-0440-4d83-9df5-3f5fdd7a5cfc chain_id=42161 from_address=0xCFA80F1f22b0AD533F7d8e2CcC0A783aa4BCaFF3}: cortex::pipeline: Pipeline started elapsed_ms=0
2026-04-05T14:00:00.638172Z  INFO ThreadId(15) lobby::server::handler: transaction submission accepted execution_id=bfa24982-7d15-46c2-a375-dfedaf5f0810 from=0xfea6645D31443cF7Cf96eF1dB7823EB9365f98bf chain_id=137
2026-04-05T14:00:00.638219Z  INFO ThreadId(15) pipeline{execution_id=bfa24982-7d15-46c2-a375-dfedaf5f0810 chain_id=137 from_address=0xfea6645D31443cF7Cf96eF1dB7823EB9365f98bf}: cortex::pipeline: Pipeline started elapsed_ms=0
2026-04-05T14:00:00.638265Z  INFO ThreadId(09) lobby::server::handler: transaction submission accepted execution_id=fcc3044b-7fe4-47b2-9755-63ab7fdbcf8d from=0xCFA80F1f22b0AD533F7d8e2CcC0A783aa4BCaFF3 chain_id=42161
2026-04-05T14:00:00.638341Z  INFO ThreadId(09) pipeline{execution_id=fcc3044b-7fe4-47b2-9755-63ab7fdbcf8d chain_id=42161 from_address=0xCFA80F1f22b0AD533F7d8e2CcC0A783aa4BCaFF3}: cortex::pipeline: Pipeline started elapsed_ms=0
2026-04-05T14:00:00.638385Z  INFO ThreadId(03) lobby::server::handler: transaction submission accepted execution_id=384b8043-99c0-41b3-918e-b62881fb7a96 from=0x2EAC739a1e05F4a05a5B8fD93D332c4353E5A7cD chain_id=42161
2026-04-05T14:00:00.638442Z  INFO ThreadId(03) pipeline{execution_id=384b8043-99c0-41b3-918e-b62881fb7a96 chain_id=42161 from_address=0x2EAC739a1e05F4a05a5B8fD93D332c4353E5A7cD}: cortex::pipeline: Pipeline started elapsed_ms=0
2026-04-05T14:00:00.638489Z  INFO ThreadId(15) lobby::server::handler: transaction submission accepted execution_id=0a870c4e-f97f-4df9-a4b7-99b6cee3d3e9 from=0x8b172F820629b14cEAF859A6e159d1BcD3291Fe1 chain_id=42161
2026-04-05T14:00:00.638563Z  INFO ThreadId(15) pipeline{execution_id=0a870c4e-f97f-4df9-a4b7-99b6cee3d3e9 chain_id=42161 from_address=0x8b172F820629b14cEAF859A6e159d1BcD3291Fe1}: cortex::pipeline: Pipeline started elapsed_ms=0
2026-04-05T14:00:00.638579Z  INFO ThreadId(09) lobby::server::handler: transaction submission accepted execution_id=e5a300bc-02b6-4106-b473-605f8885d73e from=0x8AfE43fF49EBd5c4B8Cd1497ee77b437dd1711fc chain_id=137
2026-04-05T14:00:00.638645Z  INFO ThreadId(09) pipeline{execution_id=e5a300bc-02b6-4106-b473-605f8885d73e chain_id=137 from_address=0x8AfE43fF49EBd5c4B8Cd1497ee77b437dd1711fc}: cortex::pipeline: Pipeline started elapsed_ms=0
2026-04-05T14:00:00.638716Z  INFO ThreadId(15) lobby::server::handler: transaction submission accepted execution_id=eef22f9b-2499-4fab-81b1-fd4f36af20b7 from=0x8AfE43fF49EBd5c4B8Cd1497ee77b437dd1711fc chain_id=42161
2026-04-05T14:00:00.638785Z  INFO ThreadId(15) pipeline{execution_id=eef22f9b-2499-4fab-81b1-fd4f36af20b7 chain_id=42161 from_address=0x8AfE43fF49EBd5c4B8Cd1497ee77b437dd1711fc}: cortex::pipeline: Pipeline started elapsed_ms=0
2026-04-05T14:00:00.638795Z  INFO ThreadId(18) lobby::server::handler: transaction submission accepted execution_id=570c6305-ea96-40af-8ac0-c54d26f2e88c from=0xfea6645D31443cF7Cf96eF1dB7823EB9365f98bf chain_id=1
2026-04-05T14:00:00.638859Z  INFO ThreadId(18) pipeline{execution_id=570c6305-ea96-40af-8ac0-c54d26f2e88c chain_id=1 from_address=0xfea6645D31443cF7Cf96eF1dB7823EB9365f98bf}: cortex::pipeline: Pipeline started elapsed_ms=0
2026-04-05T14:00:00.638906Z  INFO ThreadId(03) lobby::server::handler: transaction submission accepted execution_id=0e9f4fd4-f197-4872-956e-a30cb4f81877 from=0xfea6645D31443cF7Cf96eF1dB7823EB9365f98bf chain_id=42161
2026-04-05T14:00:00.638976Z  INFO ThreadId(03) pipeline{execution_id=0e9f4fd4-f197-4872-956e-a30cb4f81877 chain_id=42161 from_address=0xfea6645D31443cF7Cf96eF1dB7823EB9365f98bf}: cortex::pipeline: Pipeline started elapsed_ms=0
2026-04-05T14:00:00.638982Z  INFO ThreadId(15) lobby::server::handler: transaction submission accepted execution_id=5f905331-99f8-4e52-b45d-926981ed649b from=0xfea6645D31443cF7Cf96eF1dB7823EB9365f98bf chain_id=1
2026-04-05T14:00:00.639041Z  INFO ThreadId(15) pipeline{execution_id=5f905331-99f8-4e52-b45d-926981ed649b chain_id=1 from_address=0xfea6645D31443cF7Cf96eF1dB7823EB9365f98bf}: cortex::pipeline: Pipeline started elapsed_ms=0
2026-04-05T14:00:00.639106Z  INFO ThreadId(11) lobby::server::handler: transaction submission accepted execution_id=ce6ac915-2f21-4829-ba71-16356572aa2f from=0x8AfE43fF49EBd5c4B8Cd1497ee77b437dd1711fc chain_id=42161
2026-04-05T14:00:00.639168Z  INFO ThreadId(11) pipeline{execution_id=ce6ac915-2f21-4829-ba71-16356572aa2f chain_id=42161 from_address=0x8AfE43fF49EBd5c4B8Cd1497ee77b437dd1711fc}: cortex::pipeline: Pipeline started elapsed_ms=0
2026-04-05T14:00:00.639423Z  INFO ThreadId(18) lobby::server::handler: transaction submission accepted execution_id=6109b65a-a96d-4a28-b73a-3523f87d96d4 from=0x8AfE43fF49EBd5c4B8Cd1497ee77b437dd1711fc chain_id=137
2026-04-05T14:00:00.639496Z  INFO ThreadId(03) lobby::server::handler: transaction submission accepted execution_id=c33d18af-e26d-4115-815a-065d0b494b64 from=0x8AfE43fF49EBd5c4B8Cd1497ee77b437dd1711fc chain_id=1
2026-04-05T14:00:00.639513Z  INFO ThreadId(18) pipeline{execution_id=6109b65a-a96d-4a28-b73a-3523f87d96d4 chain_id=137 from_address=0x8AfE43fF49EBd5c4B8Cd1497ee77b437dd1711fc}: cortex::pipeline: Pipeline started elapsed_ms=0
2026-04-05T14:00:00.639564Z  INFO ThreadId(03) pipeline{execution_id=c33d18af-e26d-4115-815a-065d0b494b64 chain_id=1 from_address=0x8AfE43fF49EBd5c4B8Cd1497ee77b437dd1711fc}: cortex::pipeline: Pipeline started elapsed_ms=0
2026-04-05T14:00:00.639648Z  INFO ThreadId(11) lobby::server::handler: transaction submission accepted execution_id=545ac1c2-9296-4067-a03f-028a89e2bad6 from=0x2EAC739a1e05F4a05a5B8fD93D332c4353E5A7cD chain_id=137
2026-04-05T14:00:00.639656Z  INFO ThreadId(18) lobby::server::handler: transaction submission accepted execution_id=a1d17a11-6f7c-4722-b13a-c1ce1f4b0e5c from=0x8AfE43fF49EBd5c4B8Cd1497ee77b437dd1711fc chain_id=1
2026-04-05T14:00:00.639717Z  INFO ThreadId(11) pipeline{execution_id=545ac1c2-9296-4067-a03f-028a89e2bad6 chain_id=137 from_address=0x2EAC739a1e05F4a05a5B8fD93D332c4353E5A7cD}: cortex::pipeline: Pipeline started elapsed_ms=0
2026-04-05T14:00:00.639727Z  INFO ThreadId(18) pipeline{execution_id=a1d17a11-6f7c-4722-b13a-c1ce1f4b0e5c chain_id=1 from_address=0x8AfE43fF49EBd5c4B8Cd1497ee77b437dd1711fc}: cortex::pipeline: Pipeline started elapsed_ms=0
2026-04-05T14:00:00.639844Z  INFO ThreadId(15) lobby::server::handler: transaction submission accepted execution_id=b458f519-9968-4a0c-b586-b682261272a2 from=0x8b172F820629b14cEAF859A6e159d1BcD3291Fe1 chain_id=137
2026-04-05T14:00:00.639912Z  INFO ThreadId(15) pipeline{execution_id=b458f519-9968-4a0c-b586-b682261272a2 chain_id=137 from_address=0x8b172F820629b14cEAF859A6e159d1BcD3291Fe1}: cortex::pipeline: Pipeline started elapsed_ms=0
2026-04-05T14:00:00.640048Z  INFO ThreadId(11) lobby::server::handler: transaction submission accepted execution_id=bbb9d5fc-cd84-46d5-a016-aa61f1c3f0e2 from=0xCFA80F1f22b0AD533F7d8e2CcC0A783aa4BCaFF3 chain_id=137
2026-04-05T14:00:00.640103Z  INFO ThreadId(16) lobby::server::handler: transaction submission accepted execution_id=bdc6bbe9-c438-40b7-aad6-b02c0542fd69 from=0xCFA80F1f22b0AD533F7d8e2CcC0A783aa4BCaFF3 chain_id=42161
2026-04-05T14:00:00.640122Z  INFO ThreadId(11) pipeline{execution_id=bbb9d5fc-cd84-46d5-a016-aa61f1c3f0e2 chain_id=137 from_address=0xCFA80F1f22b0AD533F7d8e2CcC0A783aa4BCaFF3}: cortex::pipeline: Pipeline started elapsed_ms=0
2026-04-05T14:00:00.640175Z  INFO ThreadId(16) pipeline{execution_id=bdc6bbe9-c438-40b7-aad6-b02c0542fd69 chain_id=42161 from_address=0xCFA80F1f22b0AD533F7d8e2CcC0A783aa4BCaFF3}: cortex::pipeline: Pipeline started elapsed_ms=0
2026-04-05T14:00:00.640256Z  INFO ThreadId(11) lobby::server::handler: transaction submission accepted execution_id=925497df-176b-4fec-8168-b8443004561c from=0xfea6645D31443cF7Cf96eF1dB7823EB9365f98bf chain_id=1
2026-04-05T14:00:00.640283Z  INFO ThreadId(15) lobby::server::handler: transaction submission accepted execution_id=470a4806-c7a7-4a56-b088-d805c29dbd24 from=0xCFA80F1f22b0AD533F7d8e2CcC0A783aa4BCaFF3 chain_id=1
2026-04-05T14:00:00.640330Z  INFO ThreadId(11) pipeline{execution_id=925497df-176b-4fec-8168-b8443004561c chain_id=1 from_address=0xfea6645D31443cF7Cf96eF1dB7823EB9365f98bf}: cortex::pipeline: Pipeline started elapsed_ms=0
2026-04-05T14:00:00.640357Z  INFO ThreadId(15) pipeline{execution_id=470a4806-c7a7-4a56-b088-d805c29dbd24 chain_id=1 from_address=0xCFA80F1f22b0AD533F7d8e2CcC0A783aa4BCaFF3}: cortex::pipeline: Pipeline started elapsed_ms=0
2026-04-05T14:00:00.640460Z  INFO ThreadId(11) lobby::server::handler: transaction submission accepted execution_id=6bfa181c-1bc9-4384-9e96-05b543eb2d1d from=0xCFA80F1f22b0AD533F7d8e2CcC0A783aa4BCaFF3 chain_id=42161
2026-04-05T14:00:00.640482Z  INFO ThreadId(18) lobby::server::handler: transaction submission accepted execution_id=d6cbe58f-18a3-41f8-b8b4-ae95d43fbb61 from=0xCFA80F1f22b0AD533F7d8e2CcC0A783aa4BCaFF3 chain_id=137
2026-04-05T14:00:00.640526Z  INFO ThreadId(11) pipeline{execution_id=6bfa181c-1bc9-4384-9e96-05b543eb2d1d chain_id=42161 from_address=0xCFA80F1f22b0AD533F7d8e2CcC0A783aa4BCaFF3}: cortex::pipeline: Pipeline started elapsed_ms=0
2026-04-05T14:00:00.640542Z  INFO ThreadId(18) pipeline{execution_id=d6cbe58f-18a3-41f8-b8b4-ae95d43fbb61 chain_id=137 from_address=0xCFA80F1f22b0AD533F7d8e2CcC0A783aa4BCaFF3}: cortex::pipeline: Pipeline started elapsed_ms=0
2026-04-05T14:00:00.640644Z  INFO ThreadId(03) lobby::server::handler: transaction submission accepted execution_id=ae8e8f8e-5532-4e7d-ac7d-db240232cf62 from=0x8b172F820629b14cEAF859A6e159d1BcD3291Fe1 chain_id=1
2026-04-05T14:00:00.640644Z  INFO ThreadId(16) lobby::server::handler: transaction submission accepted execution_id=cab70647-fcc5-4b78-8af1-59b3f78c8dcc from=0xfea6645D31443cF7Cf96eF1dB7823EB9365f98bf chain_id=1
2026-04-05T14:00:00.640714Z  INFO ThreadId(16) pipeline{execution_id=cab70647-fcc5-4b78-8af1-59b3f78c8dcc chain_id=1 from_address=0xfea6645D31443cF7Cf96eF1dB7823EB9365f98bf}: cortex::pipeline: Pipeline started elapsed_ms=0
2026-04-05T14:00:00.640718Z  INFO ThreadId(03) pipeline{execution_id=ae8e8f8e-5532-4e7d-ac7d-db240232cf62 chain_id=1 from_address=0x8b172F820629b14cEAF859A6e159d1BcD3291Fe1}: cortex::pipeline: Pipeline started elapsed_ms=0
2026-04-05T14:00:00.640822Z  INFO ThreadId(09) lobby::server::handler: transaction submission accepted execution_id=e840e40a-61e9-41ad-a824-c58a998a2be4 from=0xfea6645D31443cF7Cf96eF1dB7823EB9365f98bf chain_id=137
2026-04-05T14:00:00.640831Z  INFO ThreadId(11) lobby::server::handler: transaction submission accepted execution_id=fc5bc975-9653-49fa-aa16-9a797a6ad400 from=0x2EAC739a1e05F4a05a5B8fD93D332c4353E5A7cD chain_id=42161
2026-04-05T14:00:00.640884Z  INFO ThreadId(09) pipeline{execution_id=e840e40a-61e9-41ad-a824-c58a998a2be4 chain_id=137 from_address=0xfea6645D31443cF7Cf96eF1dB7823EB9365f98bf}: cortex::pipeline: Pipeline started elapsed_ms=0
2026-04-05T14:00:00.640885Z  INFO ThreadId(11) pipeline{execution_id=fc5bc975-9653-49fa-aa16-9a797a6ad400 chain_id=42161 from_address=0x2EAC739a1e05F4a05a5B8fD93D332c4353E5A7cD}: cortex::pipeline: Pipeline started elapsed_ms=0
2026-04-05T14:00:00.640987Z  INFO ThreadId(16) lobby::server::handler: transaction submission accepted execution_id=eb2ad87b-eaa0-4c19-9239-a9d0dfa97368 from=0x2EAC739a1e05F4a05a5B8fD93D332c4353E5A7cD chain_id=137
2026-04-05T14:00:00.640995Z  INFO ThreadId(15) lobby::server::handler: transaction submission accepted execution_id=25158d26-878b-4162-ace9-89f4632f215e from=0xCFA80F1f22b0AD533F7d8e2CcC0A783aa4BCaFF3 chain_id=1
2026-04-05T14:00:00.641050Z  INFO ThreadId(16) pipeline{execution_id=eb2ad87b-eaa0-4c19-9239-a9d0dfa97368 chain_id=137 from_address=0x2EAC739a1e05F4a05a5B8fD93D332c4353E5A7cD}: cortex::pipeline: Pipeline started elapsed_ms=0
2026-04-05T14:00:00.641052Z  INFO ThreadId(15) pipeline{execution_id=25158d26-878b-4162-ace9-89f4632f215e chain_id=1 from_address=0xCFA80F1f22b0AD533F7d8e2CcC0A783aa4BCaFF3}: cortex::pipeline: Pipeline started elapsed_ms=0
2026-04-05T14:00:00.641152Z  INFO ThreadId(15) lobby::server::handler: transaction submission accepted execution_id=524f9c7e-ce2c-4558-aa21-91d721205580 from=0x8AfE43fF49EBd5c4B8Cd1497ee77b437dd1711fc chain_id=1
2026-04-05T14:00:00.641170Z  INFO ThreadId(18) lobby::server::handler: transaction submission accepted execution_id=b5f11482-dbc3-4bb9-9ae7-164a30fc0ee7 from=0x2EAC739a1e05F4a05a5B8fD93D332c4353E5A7cD chain_id=42161
2026-04-05T14:00:00.641201Z  INFO ThreadId(15) pipeline{execution_id=524f9c7e-ce2c-4558-aa21-91d721205580 chain_id=1 from_address=0x8AfE43fF49EBd5c4B8Cd1497ee77b437dd1711fc}: cortex::pipeline: Pipeline started elapsed_ms=0
2026-04-05T14:00:00.641225Z  INFO ThreadId(18) pipeline{execution_id=b5f11482-dbc3-4bb9-9ae7-164a30fc0ee7 chain_id=42161 from_address=0x2EAC739a1e05F4a05a5B8fD93D332c4353E5A7cD}: cortex::pipeline: Pipeline started elapsed_ms=0
2026-04-05T14:00:00.641318Z  INFO ThreadId(18) lobby::server::handler: transaction submission accepted execution_id=f0de2122-8fd5-49c9-87e4-209883f4fe6b from=0x8b172F820629b14cEAF859A6e159d1BcD3291Fe1 chain_id=137
2026-04-05T14:00:00.641335Z  INFO ThreadId(15) lobby::server::handler: transaction submission accepted execution_id=113aeafe-f359-44ef-b2a9-db3312c9b6f1 from=0xCFA80F1f22b0AD533F7d8e2CcC0A783aa4BCaFF3 chain_id=137
2026-04-05T14:00:00.641367Z  INFO ThreadId(18) pipeline{execution_id=f0de2122-8fd5-49c9-87e4-209883f4fe6b chain_id=137 from_address=0x8b172F820629b14cEAF859A6e159d1BcD3291Fe1}: cortex::pipeline: Pipeline started elapsed_ms=0
2026-04-05T14:00:00.641377Z  INFO ThreadId(15) pipeline{execution_id=113aeafe-f359-44ef-b2a9-db3312c9b6f1 chain_id=137 from_address=0xCFA80F1f22b0AD533F7d8e2CcC0A783aa4BCaFF3}: cortex::pipeline: Pipeline started elapsed_ms=0
2026-04-05T14:00:00.641480Z  INFO ThreadId(03) lobby::server::handler: transaction submission accepted execution_id=99aae2d5-f502-4e10-b178-8896b4030136 from=0x2EAC739a1e05F4a05a5B8fD93D332c4353E5A7cD chain_id=42161
2026-04-05T14:00:00.641483Z  INFO ThreadId(16) lobby::server::handler: transaction submission accepted execution_id=27f85afd-43ba-4745-87ff-8ebe0947c0f9 from=0xCFA80F1f22b0AD533F7d8e2CcC0A783aa4BCaFF3 chain_id=137
2026-04-05T14:00:00.641534Z  INFO ThreadId(03) pipeline{execution_id=99aae2d5-f502-4e10-b178-8896b4030136 chain_id=42161 from_address=0x2EAC739a1e05F4a05a5B8fD93D332c4353E5A7cD}: cortex::pipeline: Pipeline started elapsed_ms=0
2026-04-05T14:00:00.641541Z  INFO ThreadId(16) pipeline{execution_id=27f85afd-43ba-4745-87ff-8ebe0947c0f9 chain_id=137 from_address=0xCFA80F1f22b0AD533F7d8e2CcC0A783aa4BCaFF3}: cortex::pipeline: Pipeline started elapsed_ms=0
2026-04-05T14:00:00.641647Z  INFO ThreadId(09) lobby::server::handler: transaction submission accepted execution_id=4b71e339-66b1-4762-8d89-01e697f8c8ce from=0x8AfE43fF49EBd5c4B8Cd1497ee77b437dd1711fc chain_id=1
2026-04-05T14:00:00.641648Z  INFO ThreadId(15) lobby::server::handler: transaction submission accepted execution_id=20e18744-a8a0-4d64-8c68-c8c3aba93507 from=0x8b172F820629b14cEAF859A6e159d1BcD3291Fe1 chain_id=1
2026-04-05T14:00:00.641709Z  INFO ThreadId(09) pipeline{execution_id=4b71e339-66b1-4762-8d89-01e697f8c8ce chain_id=1 from_address=0x8AfE43fF49EBd5c4B8Cd1497ee77b437dd1711fc}: cortex::pipeline: Pipeline started elapsed_ms=0
2026-04-05T14:00:00.641710Z  INFO ThreadId(15) pipeline{execution_id=20e18744-a8a0-4d64-8c68-c8c3aba93507 chain_id=1 from_address=0x8b172F820629b14cEAF859A6e159d1BcD3291Fe1}: cortex::pipeline: Pipeline started elapsed_ms=0
2026-04-05T14:00:00.641797Z  INFO ThreadId(03) lobby::server::handler: transaction submission accepted execution_id=acdf358c-b9a5-41ac-8767-f32c67a79030 from=0x8b172F820629b14cEAF859A6e159d1BcD3291Fe1 chain_id=137
2026-04-05T14:00:00.641817Z  INFO ThreadId(16) lobby::server::handler: transaction submission accepted execution_id=e8335467-dc56-4245-8f14-cea2c32ea2a6 from=0x8b172F820629b14cEAF859A6e159d1BcD3291Fe1 chain_id=42161
2026-04-05T14:00:00.641859Z  INFO ThreadId(03) pipeline{execution_id=acdf358c-b9a5-41ac-8767-f32c67a79030 chain_id=137 from_address=0x8b172F820629b14cEAF859A6e159d1BcD3291Fe1}: cortex::pipeline: Pipeline started elapsed_ms=0
2026-04-05T14:00:00.641884Z  INFO ThreadId(16) pipeline{execution_id=e8335467-dc56-4245-8f14-cea2c32ea2a6 chain_id=42161 from_address=0x8b172F820629b14cEAF859A6e159d1BcD3291Fe1}: cortex::pipeline: Pipeline started elapsed_ms=0
2026-04-05T14:00:00.641960Z  INFO ThreadId(16) lobby::server::handler: transaction submission accepted execution_id=881451e8-3560-4d3c-80aa-30e20395bc37 from=0xCFA80F1f22b0AD533F7d8e2CcC0A783aa4BCaFF3 chain_id=1
2026-04-05T14:00:00.641972Z  INFO ThreadId(18) lobby::server::handler: transaction submission accepted execution_id=8f327055-b70e-41cd-884f-7bd57dcc2d30 from=0x8b172F820629b14cEAF859A6e159d1BcD3291Fe1 chain_id=1
2026-04-05T14:00:00.642018Z  INFO ThreadId(16) pipeline{execution_id=881451e8-3560-4d3c-80aa-30e20395bc37 chain_id=1 from_address=0xCFA80F1f22b0AD533F7d8e2CcC0A783aa4BCaFF3}: cortex::pipeline: Pipeline started elapsed_ms=0
2026-04-05T14:00:00.642027Z  INFO ThreadId(18) pipeline{execution_id=8f327055-b70e-41cd-884f-7bd57dcc2d30 chain_id=1 from_address=0x8b172F820629b14cEAF859A6e159d1BcD3291Fe1}: cortex::pipeline: Pipeline started elapsed_ms=0
2026-04-05T14:00:00.642140Z  INFO ThreadId(03) lobby::server::handler: transaction submission accepted execution_id=edc3ff46-14b0-4c46-8832-748cf35e8b3a from=0xCFA80F1f22b0AD533F7d8e2CcC0A783aa4BCaFF3 chain_id=137
2026-04-05T14:00:00.642140Z  INFO ThreadId(16) lobby::server::handler: transaction submission accepted execution_id=296d52e8-3ac5-4999-9aa0-582d55b5a50a from=0xCFA80F1f22b0AD533F7d8e2CcC0A783aa4BCaFF3 chain_id=137
2026-04-05T14:00:00.642209Z  INFO ThreadId(03) pipeline{execution_id=edc3ff46-14b0-4c46-8832-748cf35e8b3a chain_id=137 from_address=0xCFA80F1f22b0AD533F7d8e2CcC0A783aa4BCaFF3}: cortex::pipeline: Pipeline started elapsed_ms=0
2026-04-05T14:00:00.642225Z  INFO ThreadId(16) pipeline{execution_id=296d52e8-3ac5-4999-9aa0-582d55b5a50a chain_id=137 from_address=0xCFA80F1f22b0AD533F7d8e2CcC0A783aa4BCaFF3}: cortex::pipeline: Pipeline started elapsed_ms=0
2026-04-05T14:00:00.642332Z  INFO ThreadId(09) lobby::server::handler: transaction submission accepted execution_id=0de261e6-e19e-4394-aaf5-5ba0d3335afc from=0x2EAC739a1e05F4a05a5B8fD93D332c4353E5A7cD chain_id=42161
2026-04-05T14:00:00.642337Z  INFO ThreadId(14) lobby::server::handler: transaction submission accepted execution_id=d98a9f75-a451-43e1-8856-5e608c8a78e8 from=0x8b172F820629b14cEAF859A6e159d1BcD3291Fe1 chain_id=1
2026-04-05T14:00:00.642402Z  INFO ThreadId(14) pipeline{execution_id=d98a9f75-a451-43e1-8856-5e608c8a78e8 chain_id=1 from_address=0x8b172F820629b14cEAF859A6e159d1BcD3291Fe1}: cortex::pipeline: Pipeline started elapsed_ms=0
2026-04-05T14:00:00.642406Z  INFO ThreadId(09) pipeline{execution_id=0de261e6-e19e-4394-aaf5-5ba0d3335afc chain_id=42161 from_address=0x2EAC739a1e05F4a05a5B8fD93D332c4353E5A7cD}: cortex::pipeline: Pipeline started elapsed_ms=0
2026-04-05T14:00:00.642546Z  INFO ThreadId(14) lobby::server::handler: transaction submission accepted execution_id=c5527b25-c23f-4602-a05b-fcb6c303be6f from=0xfea6645D31443cF7Cf96eF1dB7823EB9365f98bf chain_id=42161
2026-04-05T14:00:00.642558Z  INFO ThreadId(03) lobby::server::handler: transaction submission accepted execution_id=699193c9-32f0-4e66-97bd-91a1be1e5cc5 from=0xCFA80F1f22b0AD533F7d8e2CcC0A783aa4BCaFF3 chain_id=137
2026-04-05T14:00:00.642601Z  INFO ThreadId(14) pipeline{execution_id=c5527b25-c23f-4602-a05b-fcb6c303be6f chain_id=42161 from_address=0xfea6645D31443cF7Cf96eF1dB7823EB9365f98bf}: cortex::pipeline: Pipeline started elapsed_ms=0
2026-04-05T14:00:00.642621Z  INFO ThreadId(03) pipeline{execution_id=699193c9-32f0-4e66-97bd-91a1be1e5cc5 chain_id=137 from_address=0xCFA80F1f22b0AD533F7d8e2CcC0A783aa4BCaFF3}: cortex::pipeline: Pipeline started elapsed_ms=0
2026-04-05T14:00:00.642719Z  INFO ThreadId(03) lobby::server::handler: transaction submission accepted execution_id=7dad0dee-5e33-49ae-93e1-36b23195f2e5 from=0x8b172F820629b14cEAF859A6e159d1BcD3291Fe1 chain_id=137
2026-04-05T14:00:00.642720Z  INFO ThreadId(16) lobby::server::handler: transaction submission accepted execution_id=3b616605-c38c-4166-a809-dd39fe4985d9 from=0x8AfE43fF49EBd5c4B8Cd1497ee77b437dd1711fc chain_id=42161
2026-04-05T14:00:00.642765Z  INFO ThreadId(03) pipeline{execution_id=7dad0dee-5e33-49ae-93e1-36b23195f2e5 chain_id=137 from_address=0x8b172F820629b14cEAF859A6e159d1BcD3291Fe1}: cortex::pipeline: Pipeline started elapsed_ms=0
2026-04-05T14:00:00.642786Z  INFO ThreadId(16) pipeline{execution_id=3b616605-c38c-4166-a809-dd39fe4985d9 chain_id=42161 from_address=0x8AfE43fF49EBd5c4B8Cd1497ee77b437dd1711fc}: cortex::pipeline: Pipeline started elapsed_ms=0
2026-04-05T14:00:00.642881Z  INFO ThreadId(11) lobby::server::handler: transaction submission accepted execution_id=7c1bc2b7-f1d4-46b5-b100-e41b00be6dc4 from=0xfea6645D31443cF7Cf96eF1dB7823EB9365f98bf chain_id=1
2026-04-05T14:00:00.642892Z  INFO ThreadId(09) lobby::server::handler: transaction submission accepted execution_id=370349d6-7f06-4ba0-b073-cdb3837b2531 from=0x8b172F820629b14cEAF859A6e159d1BcD3291Fe1 chain_id=137
2026-04-05T14:00:00.642939Z  INFO ThreadId(11) pipeline{execution_id=7c1bc2b7-f1d4-46b5-b100-e41b00be6dc4 chain_id=1 from_address=0xfea6645D31443cF7Cf96eF1dB7823EB9365f98bf}: cortex::pipeline: Pipeline started elapsed_ms=0
2026-04-05T14:00:00.642980Z  INFO ThreadId(09) pipeline{execution_id=370349d6-7f06-4ba0-b073-cdb3837b2531 chain_id=137 from_address=0x8b172F820629b14cEAF859A6e159d1BcD3291Fe1}: cortex::pipeline: Pipeline started elapsed_ms=0
2026-04-05T14:00:00.643048Z  INFO ThreadId(11) lobby::server::handler: transaction submission accepted execution_id=83594fe4-a37c-4858-b899-502072862e4e from=0x8AfE43fF49EBd5c4B8Cd1497ee77b437dd1711fc chain_id=1
2026-04-05T14:00:00.643083Z  INFO ThreadId(18) lobby::server::handler: transaction submission accepted execution_id=281daa5b-1b80-4e1e-a639-a379a5fa0cc2 from=0xfea6645D31443cF7Cf96eF1dB7823EB9365f98bf chain_id=1
2026-04-05T14:00:00.643109Z  INFO ThreadId(11) pipeline{execution_id=83594fe4-a37c-4858-b899-502072862e4e chain_id=1 from_address=0x8AfE43fF49EBd5c4B8Cd1497ee77b437dd1711fc}: cortex::pipeline: Pipeline started elapsed_ms=0
2026-04-05T14:00:00.643145Z  INFO ThreadId(18) pipeline{execution_id=281daa5b-1b80-4e1e-a639-a379a5fa0cc2 chain_id=1 from_address=0xfea6645D31443cF7Cf96eF1dB7823EB9365f98bf}: cortex::pipeline: Pipeline started elapsed_ms=0
2026-04-05T14:00:00.643241Z  INFO ThreadId(03) lobby::server::handler: transaction submission accepted execution_id=a2958468-d7eb-4a7b-811d-17b81c2aa2f1 from=0x2EAC739a1e05F4a05a5B8fD93D332c4353E5A7cD chain_id=42161
2026-04-05T14:00:00.643242Z  INFO ThreadId(15) lobby::server::handler: transaction submission accepted execution_id=a0fdb9ec-b9c9-4e04-b970-a218f96a8cf6 from=0xCFA80F1f22b0AD533F7d8e2CcC0A783aa4BCaFF3 chain_id=42161
2026-04-05T14:00:00.643295Z  INFO ThreadId(03) pipeline{execution_id=a2958468-d7eb-4a7b-811d-17b81c2aa2f1 chain_id=42161 from_address=0x2EAC739a1e05F4a05a5B8fD93D332c4353E5A7cD}: cortex::pipeline: Pipeline started elapsed_ms=0
2026-04-05T14:00:00.643295Z  INFO ThreadId(15) pipeline{execution_id=a0fdb9ec-b9c9-4e04-b970-a218f96a8cf6 chain_id=42161 from_address=0xCFA80F1f22b0AD533F7d8e2CcC0A783aa4BCaFF3}: cortex::pipeline: Pipeline started elapsed_ms=0
2026-04-05T14:00:00.643427Z  INFO ThreadId(14) lobby::server::handler: transaction submission accepted execution_id=25213abc-be4c-4ba3-8ecb-3e21c9eab361 from=0x8AfE43fF49EBd5c4B8Cd1497ee77b437dd1711fc chain_id=42161
2026-04-05T14:00:00.643441Z  INFO ThreadId(03) lobby::server::handler: transaction submission accepted execution_id=aea50515-804e-44ec-9f74-20a4a4e58bbd from=0xfea6645D31443cF7Cf96eF1dB7823EB9365f98bf chain_id=42161
2026-04-05T14:00:00.643470Z  INFO ThreadId(09) lobby::server::handler: transaction submission accepted execution_id=7763de71-1ba8-4c68-b377-1eab2cbe3551 from=0xfea6645D31443cF7Cf96eF1dB7823EB9365f98bf chain_id=42161
2026-04-05T14:00:00.643491Z  INFO ThreadId(14) pipeline{execution_id=25213abc-be4c-4ba3-8ecb-3e21c9eab361 chain_id=42161 from_address=0x8AfE43fF49EBd5c4B8Cd1497ee77b437dd1711fc}: cortex::pipeline: Pipeline started elapsed_ms=0
2026-04-05T14:00:00.643498Z  INFO ThreadId(03) pipeline{execution_id=aea50515-804e-44ec-9f74-20a4a4e58bbd chain_id=42161 from_address=0xfea6645D31443cF7Cf96eF1dB7823EB9365f98bf}: cortex::pipeline: Pipeline started elapsed_ms=0
2026-04-05T14:00:00.643519Z  INFO ThreadId(16) lobby::server::handler: transaction submission accepted execution_id=22a3c94b-20cc-4187-a0cd-fde7a5870818 from=0x8b172F820629b14cEAF859A6e159d1BcD3291Fe1 chain_id=1
2026-04-05T14:00:00.643529Z  INFO ThreadId(11) lobby::server::handler: transaction submission accepted execution_id=242af9ad-fb7a-44c5-8325-020ea3b74243 from=0x8b172F820629b14cEAF859A6e159d1BcD3291Fe1 chain_id=137
2026-04-05T14:00:00.643536Z  INFO ThreadId(09) pipeline{execution_id=7763de71-1ba8-4c68-b377-1eab2cbe3551 chain_id=42161 from_address=0xfea6645D31443cF7Cf96eF1dB7823EB9365f98bf}: cortex::pipeline: Pipeline started elapsed_ms=0
2026-04-05T14:00:00.643583Z  INFO ThreadId(16) pipeline{execution_id=22a3c94b-20cc-4187-a0cd-fde7a5870818 chain_id=1 from_address=0x8b172F820629b14cEAF859A6e159d1BcD3291Fe1}: cortex::pipeline: Pipeline started elapsed_ms=0
2026-04-05T14:00:00.643592Z  INFO ThreadId(11) pipeline{execution_id=242af9ad-fb7a-44c5-8325-020ea3b74243 chain_id=137 from_address=0x8b172F820629b14cEAF859A6e159d1BcD3291Fe1}: cortex::pipeline: Pipeline started elapsed_ms=0
2026-04-05T14:00:00.643608Z  INFO ThreadId(14) lobby::server::handler: transaction submission accepted execution_id=03693919-cf04-4b1b-aa33-83f954c33374 from=0xCFA80F1f22b0AD533F7d8e2CcC0A783aa4BCaFF3 chain_id=137
2026-04-05T14:00:00.643619Z  INFO ThreadId(06) lobby::server::handler: transaction submission accepted execution_id=acf84436-9802-4539-8d0d-c2b0c3716170 from=0x2EAC739a1e05F4a05a5B8fD93D332c4353E5A7cD chain_id=137
2026-04-05T14:00:00.643631Z  INFO ThreadId(09) lobby::server::handler: transaction submission accepted execution_id=0addbb8f-0ee2-4ab1-aef6-9f5084e4b1e2 from=0xCFA80F1f22b0AD533F7d8e2CcC0A783aa4BCaFF3 chain_id=42161
2026-04-05T14:00:00.643651Z  INFO ThreadId(16) lobby::server::handler: transaction submission accepted execution_id=b4417837-cd09-4297-b12f-22cb95bdc869 from=0x8AfE43fF49EBd5c4B8Cd1497ee77b437dd1711fc chain_id=1
2026-04-05T14:00:00.643654Z  INFO ThreadId(11) lobby::server::handler: transaction submission accepted execution_id=4b058abf-bf0a-4ac5-b1f5-fca590f6c0b6 from=0xfea6645D31443cF7Cf96eF1dB7823EB9365f98bf chain_id=137
2026-04-05T14:00:00.643654Z  INFO ThreadId(15) lobby::server::handler: transaction submission accepted execution_id=6ac91fc3-47e1-4c25-a8ac-ea845799ce62 from=0xCFA80F1f22b0AD533F7d8e2CcC0A783aa4BCaFF3 chain_id=137
2026-04-05T14:00:00.643711Z  INFO ThreadId(18) lobby::server::handler: transaction submission accepted execution_id=c8595ab4-6ebb-4b20-8cfa-6f42a4870cdf from=0xCFA80F1f22b0AD533F7d8e2CcC0A783aa4BCaFF3 chain_id=137
2026-04-05T14:00:00.643726Z  INFO ThreadId(03) lobby::server::handler: transaction submission accepted execution_id=00d0ac33-ed5a-49b3-a744-8e3613b15b46 from=0xfea6645D31443cF7Cf96eF1dB7823EB9365f98bf chain_id=137
2026-04-05T14:00:00.643819Z  INFO ThreadId(17) lobby::server::handler: transaction submission accepted execution_id=f4afa56a-173a-44ce-838d-ac033f664c25 from=0x8AfE43fF49EBd5c4B8Cd1497ee77b437dd1711fc chain_id=1
2026-04-05T14:00:00.643940Z  INFO ThreadId(04) lobby::server::handler: transaction submission accepted execution_id=ecff7d5a-0f67-4d5f-91b0-2523b9f7f3cd from=0xfea6645D31443cF7Cf96eF1dB7823EB9365f98bf chain_id=137
2026-04-05T14:00:00.643946Z  INFO ThreadId(13) lobby::server::handler: transaction submission accepted execution_id=41ccfc58-7913-43f2-ade9-0120d505e992 from=0x2EAC739a1e05F4a05a5B8fD93D332c4353E5A7cD chain_id=42161
2026-04-05T14:00:00.643971Z  INFO ThreadId(07) lobby::server::handler: transaction submission accepted execution_id=cfd9c5e9-a933-4a50-864b-bd855a94eb57 from=0x8b172F820629b14cEAF859A6e159d1BcD3291Fe1 chain_id=42161
2026-04-05T14:00:00.643977Z  INFO ThreadId(10) lobby::server::handler: transaction submission accepted execution_id=757904b1-a7a6-457e-8d04-7a72c59df699 from=0x2EAC739a1e05F4a05a5B8fD93D332c4353E5A7cD chain_id=137
2026-04-05T14:00:00.644000Z  INFO ThreadId(12) lobby::server::handler: transaction submission accepted execution_id=8e824ddf-65d2-4530-a098-06e16fd302b9 from=0x8b172F820629b14cEAF859A6e159d1BcD3291Fe1 chain_id=1
2026-04-05T14:00:00.644000Z  INFO ThreadId(08) lobby::server::handler: transaction submission accepted execution_id=a5a8f36e-9cd1-4d0c-835d-aaa8bf5d4916 from=0x2EAC739a1e05F4a05a5B8fD93D332c4353E5A7cD chain_id=1
2026-04-05T14:00:00.644404Z  INFO ThreadId(14) pipeline{execution_id=03693919-cf04-4b1b-aa33-83f954c33374 chain_id=137 from_address=0xCFA80F1f22b0AD533F7d8e2CcC0A783aa4BCaFF3}: cortex::pipeline: Pipeline started elapsed_ms=0
2026-04-05T14:00:00.644409Z  INFO ThreadId(09) pipeline{execution_id=0addbb8f-0ee2-4ab1-aef6-9f5084e4b1e2 chain_id=42161 from_address=0xCFA80F1f22b0AD533F7d8e2CcC0A783aa4BCaFF3}: cortex::pipeline: Pipeline started elapsed_ms=0
2026-04-05T14:00:00.644418Z  INFO ThreadId(06) pipeline{execution_id=acf84436-9802-4539-8d0d-c2b0c3716170 chain_id=137 from_address=0x2EAC739a1e05F4a05a5B8fD93D332c4353E5A7cD}: cortex::pipeline: Pipeline started elapsed_ms=0
2026-04-05T14:00:00.644424Z  INFO ThreadId(16) pipeline{execution_id=b4417837-cd09-4297-b12f-22cb95bdc869 chain_id=1 from_address=0x8AfE43fF49EBd5c4B8Cd1497ee77b437dd1711fc}: cortex::pipeline: Pipeline started elapsed_ms=0
2026-04-05T14:00:00.644447Z  INFO ThreadId(11) pipeline{execution_id=4b058abf-bf0a-4ac5-b1f5-fca590f6c0b6 chain_id=137 from_address=0xfea6645D31443cF7Cf96eF1dB7823EB9365f98bf}: cortex::pipeline: Pipeline started elapsed_ms=0
2026-04-05T14:00:00.644505Z  INFO ThreadId(14) lobby::server::handler: transaction submission accepted execution_id=7d896583-b298-43a3-9edf-1391325feb5b from=0xfea6645D31443cF7Cf96eF1dB7823EB9365f98bf chain_id=137
2026-04-05T14:00:00.644513Z  INFO ThreadId(03) pipeline{execution_id=00d0ac33-ed5a-49b3-a744-8e3613b15b46 chain_id=137 from_address=0xfea6645D31443cF7Cf96eF1dB7823EB9365f98bf}: cortex::pipeline: Pipeline started elapsed_ms=0
2026-04-05T14:00:00.644513Z  INFO ThreadId(15) pipeline{execution_id=6ac91fc3-47e1-4c25-a8ac-ea845799ce62 chain_id=137 from_address=0xCFA80F1f22b0AD533F7d8e2CcC0A783aa4BCaFF3}: cortex::pipeline: Pipeline started elapsed_ms=0
2026-04-05T14:00:00.644521Z  INFO ThreadId(09) lobby::server::handler: transaction submission accepted execution_id=4330afb7-0ab8-4552-af44-ebc18808e93f from=0x2EAC739a1e05F4a05a5B8fD93D332c4353E5A7cD chain_id=1
2026-04-05T14:00:00.644521Z  INFO ThreadId(06) lobby::server::handler: transaction submission accepted execution_id=f27b78a1-0a20-4375-a6b9-1b8f1f615376 from=0x8b172F820629b14cEAF859A6e159d1BcD3291Fe1 chain_id=137
2026-04-05T14:00:00.644556Z  INFO ThreadId(17) pipeline{execution_id=f4afa56a-173a-44ce-838d-ac033f664c25 chain_id=1 from_address=0x8AfE43fF49EBd5c4B8Cd1497ee77b437dd1711fc}: cortex::pipeline: Pipeline started elapsed_ms=0
2026-04-05T14:00:00.644558Z  INFO ThreadId(13) pipeline{execution_id=41ccfc58-7913-43f2-ade9-0120d505e992 chain_id=42161 from_address=0x2EAC739a1e05F4a05a5B8fD93D332c4353E5A7cD}: cortex::pipeline: Pipeline started elapsed_ms=0
2026-04-05T14:00:00.644579Z  INFO ThreadId(07) pipeline{execution_id=cfd9c5e9-a933-4a50-864b-bd855a94eb57 chain_id=42161 from_address=0x8b172F820629b14cEAF859A6e159d1BcD3291Fe1}: cortex::pipeline: Pipeline started elapsed_ms=0
2026-04-05T14:00:00.644584Z  INFO ThreadId(10) pipeline{execution_id=757904b1-a7a6-457e-8d04-7a72c59df699 chain_id=137 from_address=0x2EAC739a1e05F4a05a5B8fD93D332c4353E5A7cD}: cortex::pipeline: Pipeline started elapsed_ms=0
2026-04-05T14:00:00.644654Z  INFO ThreadId(14) pipeline{execution_id=7d896583-b298-43a3-9edf-1391325feb5b chain_id=137 from_address=0xfea6645D31443cF7Cf96eF1dB7823EB9365f98bf}: cortex::pipeline: Pipeline started elapsed_ms=0
2026-04-05T14:00:00.645453Z  INFO ThreadId(05) lobby::server::handler: transaction submission accepted execution_id=c7aebe3a-52bb-4496-9d70-5461e0c1d38d from=0x8AfE43fF49EBd5c4B8Cd1497ee77b437dd1711fc chain_id=42161
2026-04-05T14:00:00.647132Z  INFO ThreadId(18) pipeline{execution_id=c8595ab4-6ebb-4b20-8cfa-6f42a4870cdf chain_id=137 from_address=0xCFA80F1f22b0AD533F7d8e2CcC0A783aa4BCaFF3}: cortex::pipeline: Pipeline started elapsed_ms=0
2026-04-05T14:00:00.647132Z  INFO ThreadId(08) pipeline{execution_id=a5a8f36e-9cd1-4d0c-835d-aaa8bf5d4916 chain_id=1 from_address=0x2EAC739a1e05F4a05a5B8fD93D332c4353E5A7cD}: cortex::pipeline: Pipeline started elapsed_ms=0
2026-04-05T14:00:00.647181Z  INFO ThreadId(04) pipeline{execution_id=ecff7d5a-0f67-4d5f-91b0-2523b9f7f3cd chain_id=137 from_address=0xfea6645D31443cF7Cf96eF1dB7823EB9365f98bf}: cortex::pipeline: Pipeline started elapsed_ms=0
2026-04-05T14:00:00.647200Z  INFO ThreadId(09) pipeline{execution_id=4330afb7-0ab8-4552-af44-ebc18808e93f chain_id=1 from_address=0x2EAC739a1e05F4a05a5B8fD93D332c4353E5A7cD}: cortex::pipeline: Pipeline started elapsed_ms=0
2026-04-05T14:00:00.647213Z  INFO ThreadId(15) lobby::server::handler: transaction submission accepted execution_id=89e33fec-dc98-490a-94f4-ce565f24ad35 from=0xCFA80F1f22b0AD533F7d8e2CcC0A783aa4BCaFF3 chain_id=1
2026-04-05T14:00:00.647213Z  INFO ThreadId(06) pipeline{execution_id=f27b78a1-0a20-4375-a6b9-1b8f1f615376 chain_id=137 from_address=0x8b172F820629b14cEAF859A6e159d1BcD3291Fe1}: cortex::pipeline: Pipeline started elapsed_ms=0
2026-04-05T14:00:00.647261Z  INFO ThreadId(08) lobby::server::handler: transaction submission accepted execution_id=d63570b0-f9ca-4522-bbc8-683ff09c93d4 from=0xfea6645D31443cF7Cf96eF1dB7823EB9365f98bf chain_id=137
2026-04-05T14:00:00.647281Z  INFO ThreadId(11) lobby::server::handler: transaction submission accepted execution_id=6f7f1a5c-8598-4dd7-afc1-538412e3ef2c from=0x2EAC739a1e05F4a05a5B8fD93D332c4353E5A7cD chain_id=137
2026-04-05T14:00:00.647284Z  INFO ThreadId(18) lobby::server::handler: transaction submission accepted execution_id=b2d12bbe-468b-40aa-8e5c-124b1a4583b6 from=0x2EAC739a1e05F4a05a5B8fD93D332c4353E5A7cD chain_id=137
2026-04-05T14:00:00.647290Z  INFO ThreadId(03) lobby::server::handler: transaction submission accepted execution_id=d7beadcb-c84a-4fac-935c-859a7f429c34 from=0xfea6645D31443cF7Cf96eF1dB7823EB9365f98bf chain_id=137
2026-04-05T14:00:00.647447Z  INFO ThreadId(17) lobby::server::handler: transaction submission accepted execution_id=6b4060ef-4460-418b-b766-a3eff34f0dd9 from=0x8AfE43fF49EBd5c4B8Cd1497ee77b437dd1711fc chain_id=1
2026-04-05T14:00:00.647468Z  INFO ThreadId(16) lobby::server::handler: transaction submission accepted execution_id=bf2631b1-0b2c-4efb-af93-f009782f1bd4 from=0x2EAC739a1e05F4a05a5B8fD93D332c4353E5A7cD chain_id=137
2026-04-05T14:00:00.647562Z  INFO ThreadId(17) pipeline{execution_id=6b4060ef-4460-418b-b766-a3eff34f0dd9 chain_id=1 from_address=0x8AfE43fF49EBd5c4B8Cd1497ee77b437dd1711fc}: cortex::pipeline: Pipeline started elapsed_ms=0
2026-04-05T14:00:00.647575Z  INFO ThreadId(12) pipeline{execution_id=8e824ddf-65d2-4530-a098-06e16fd302b9 chain_id=1 from_address=0x8b172F820629b14cEAF859A6e159d1BcD3291Fe1}: cortex::pipeline: Pipeline started elapsed_ms=0
2026-04-05T14:00:00.647595Z  INFO ThreadId(16) pipeline{execution_id=bf2631b1-0b2c-4efb-af93-f009782f1bd4 chain_id=137 from_address=0x2EAC739a1e05F4a05a5B8fD93D332c4353E5A7cD}: cortex::pipeline: Pipeline started elapsed_ms=0
2026-04-05T14:00:00.647593Z  INFO ThreadId(04) lobby::server::handler: transaction submission accepted execution_id=991d5b4e-e0ae-4a20-ab77-863258b6bf99 from=0x2EAC739a1e05F4a05a5B8fD93D332c4353E5A7cD chain_id=42161
2026-04-05T14:00:00.647633Z  INFO ThreadId(05) pipeline{execution_id=c7aebe3a-52bb-4496-9d70-5461e0c1d38d chain_id=42161 from_address=0x8AfE43fF49EBd5c4B8Cd1497ee77b437dd1711fc}: cortex::pipeline: Pipeline started elapsed_ms=0
2026-04-05T14:00:00.647649Z  INFO ThreadId(12) lobby::server::handler: transaction submission accepted execution_id=2c024907-3638-45f6-9e1a-2947dca79946 from=0xfea6645D31443cF7Cf96eF1dB7823EB9365f98bf chain_id=42161
2026-04-05T14:00:00.647658Z  INFO ThreadId(04) pipeline{execution_id=991d5b4e-e0ae-4a20-ab77-863258b6bf99 chain_id=42161 from_address=0x2EAC739a1e05F4a05a5B8fD93D332c4353E5A7cD}: cortex::pipeline: Pipeline started elapsed_ms=0
2026-04-05T14:00:00.647661Z  INFO ThreadId(06) lobby::server::handler: transaction submission accepted execution_id=8eb7c512-b698-4214-9253-4ee2b3378cc3 from=0x2EAC739a1e05F4a05a5B8fD93D332c4353E5A7cD chain_id=137
2026-04-05T14:00:00.647677Z  INFO ThreadId(08) pipeline{execution_id=d63570b0-f9ca-4522-bbc8-683ff09c93d4 chain_id=137 from_address=0xfea6645D31443cF7Cf96eF1dB7823EB9365f98bf}: cortex::pipeline: Pipeline started elapsed_ms=0
2026-04-05T14:00:00.647682Z  INFO ThreadId(10) lobby::server::handler: transaction submission accepted execution_id=9c35f5c6-3609-45a3-9330-000395188125 from=0xfea6645D31443cF7Cf96eF1dB7823EB9365f98bf chain_id=137
2026-04-05T14:00:00.647711Z  INFO ThreadId(12) pipeline{execution_id=2c024907-3638-45f6-9e1a-2947dca79946 chain_id=42161 from_address=0xfea6645D31443cF7Cf96eF1dB7823EB9365f98bf}: cortex::pipeline: Pipeline started elapsed_ms=0
2026-04-05T14:00:00.647728Z  INFO ThreadId(06) pipeline{execution_id=8eb7c512-b698-4214-9253-4ee2b3378cc3 chain_id=137 from_address=0x2EAC739a1e05F4a05a5B8fD93D332c4353E5A7cD}: cortex::pipeline: Pipeline started elapsed_ms=0
2026-04-05T14:00:00.647740Z  INFO ThreadId(04) lobby::server::handler: transaction submission accepted execution_id=02cfaf8e-fc52-4e16-8baa-51417fb81e9d from=0x2EAC739a1e05F4a05a5B8fD93D332c4353E5A7cD chain_id=137
2026-04-05T14:00:00.647748Z  INFO ThreadId(17) lobby::server::handler: transaction submission accepted execution_id=76853e07-4c7c-485a-bf65-05409e0af3e3 from=0x8AfE43fF49EBd5c4B8Cd1497ee77b437dd1711fc chain_id=42161
2026-04-05T14:00:00.647749Z  INFO ThreadId(11) pipeline{execution_id=6f7f1a5c-8598-4dd7-afc1-538412e3ef2c chain_id=137 from_address=0x2EAC739a1e05F4a05a5B8fD93D332c4353E5A7cD}: cortex::pipeline: Pipeline started elapsed_ms=0
2026-04-05T14:00:00.647914Z  INFO ThreadId(07) lobby::server::handler: transaction submission accepted execution_id=a8a4f9de-27bc-4fbf-b210-aea4489cfd92 from=0x8AfE43fF49EBd5c4B8Cd1497ee77b437dd1711fc chain_id=137
2026-04-05T14:00:00.647929Z  INFO ThreadId(14) lobby::server::handler: transaction submission accepted execution_id=901a3ab7-f82f-4b3f-90f9-1a49ce7127e0 from=0x8b172F820629b14cEAF859A6e159d1BcD3291Fe1 chain_id=137
2026-04-05T14:00:00.647935Z  INFO ThreadId(09) lobby::server::handler: transaction submission accepted execution_id=39d0f965-6b11-49f2-89d0-ba9cb65e2cd5 from=0xfea6645D31443cF7Cf96eF1dB7823EB9365f98bf chain_id=1
2026-04-05T14:00:00.647943Z  INFO ThreadId(16) lobby::server::handler: transaction submission accepted execution_id=a567d7fb-f5ac-41ad-a1f4-e19ebc06e14b from=0x8b172F820629b14cEAF859A6e159d1BcD3291Fe1 chain_id=1
2026-04-05T14:00:00.647989Z  INFO ThreadId(18) pipeline{execution_id=b2d12bbe-468b-40aa-8e5c-124b1a4583b6 chain_id=137 from_address=0x2EAC739a1e05F4a05a5B8fD93D332c4353E5A7cD}: cortex::pipeline: Pipeline started elapsed_ms=0
2026-04-05T14:00:00.647993Z  INFO ThreadId(15) pipeline{execution_id=89e33fec-dc98-490a-94f4-ce565f24ad35 chain_id=1 from_address=0xCFA80F1f22b0AD533F7d8e2CcC0A783aa4BCaFF3}: cortex::pipeline: Pipeline started elapsed_ms=0
2026-04-05T14:00:00.647996Z  INFO ThreadId(16) pipeline{execution_id=a567d7fb-f5ac-41ad-a1f4-e19ebc06e14b chain_id=1 from_address=0x8b172F820629b14cEAF859A6e159d1BcD3291Fe1}: cortex::pipeline: Pipeline started elapsed_ms=0
2026-04-05T14:00:00.647997Z  INFO ThreadId(03) pipeline{execution_id=d7beadcb-c84a-4fac-935c-859a7f429c34 chain_id=137 from_address=0xfea6645D31443cF7Cf96eF1dB7823EB9365f98bf}: cortex::pipeline: Pipeline started elapsed_ms=0
2026-04-05T14:00:00.647998Z  INFO ThreadId(14) pipeline{execution_id=901a3ab7-f82f-4b3f-90f9-1a49ce7127e0 chain_id=137 from_address=0x8b172F820629b14cEAF859A6e159d1BcD3291Fe1}: cortex::pipeline: Pipeline started elapsed_ms=0
2026-04-05T14:00:00.648017Z  INFO ThreadId(08) lobby::server::handler: transaction submission accepted execution_id=38f8e5a1-af90-4e20-b98f-6a8f5d814035 from=0xfea6645D31443cF7Cf96eF1dB7823EB9365f98bf chain_id=42161
2026-04-05T14:00:00.648018Z  INFO ThreadId(10) pipeline{execution_id=9c35f5c6-3609-45a3-9330-000395188125 chain_id=137 from_address=0xfea6645D31443cF7Cf96eF1dB7823EB9365f98bf}: cortex::pipeline: Pipeline started elapsed_ms=0
2026-04-05T14:00:00.648033Z  INFO ThreadId(05) lobby::server::handler: transaction submission accepted execution_id=5032a1e2-2af7-4778-8b39-6fb14ae2ae6c from=0x8AfE43fF49EBd5c4B8Cd1497ee77b437dd1711fc chain_id=137
2026-04-05T14:00:00.648058Z  INFO ThreadId(12) lobby::server::handler: transaction submission accepted execution_id=893a49b5-55ef-415e-8823-a46ddf2e23e0 from=0x8b172F820629b14cEAF859A6e159d1BcD3291Fe1 chain_id=1
2026-04-05T14:00:00.648083Z  INFO ThreadId(08) pipeline{execution_id=38f8e5a1-af90-4e20-b98f-6a8f5d814035 chain_id=42161 from_address=0xfea6645D31443cF7Cf96eF1dB7823EB9365f98bf}: cortex::pipeline: Pipeline started elapsed_ms=0
2026-04-05T14:00:00.648086Z  INFO ThreadId(18) lobby::server::handler: transaction submission accepted execution_id=33d03793-053b-42a4-be39-cdf358c1abf7 from=0xCFA80F1f22b0AD533F7d8e2CcC0A783aa4BCaFF3 chain_id=137
2026-04-05T14:00:00.648122Z  INFO ThreadId(12) pipeline{execution_id=893a49b5-55ef-415e-8823-a46ddf2e23e0 chain_id=1 from_address=0x8b172F820629b14cEAF859A6e159d1BcD3291Fe1}: cortex::pipeline: Pipeline started elapsed_ms=0
2026-04-05T14:00:00.648118Z  INFO ThreadId(15) lobby::server::handler: transaction submission accepted execution_id=bf25aff9-0ce7-4da2-9fd9-cda611937e9f from=0xfea6645D31443cF7Cf96eF1dB7823EB9365f98bf chain_id=1
2026-04-05T14:00:00.648123Z  INFO ThreadId(10) lobby::server::handler: transaction submission accepted execution_id=17326646-cb85-44ae-bc67-47b2e18c9063 from=0xfea6645D31443cF7Cf96eF1dB7823EB9365f98bf chain_id=1
2026-04-05T14:00:00.648130Z  INFO ThreadId(11) lobby::server::handler: transaction submission accepted execution_id=9187b5ac-75d0-458e-b598-a659e23c7bfa from=0xCFA80F1f22b0AD533F7d8e2CcC0A783aa4BCaFF3 chain_id=137
2026-04-05T14:00:00.648169Z  INFO ThreadId(18) pipeline{execution_id=33d03793-053b-42a4-be39-cdf358c1abf7 chain_id=137 from_address=0xCFA80F1f22b0AD533F7d8e2CcC0A783aa4BCaFF3}: cortex::pipeline: Pipeline started elapsed_ms=0
2026-04-05T14:00:00.648189Z  INFO ThreadId(12) lobby::server::handler: transaction submission accepted execution_id=35abee23-acab-4639-af9b-aa78d9dce9b1 from=0x2EAC739a1e05F4a05a5B8fD93D332c4353E5A7cD chain_id=1
2026-04-05T14:00:00.648208Z  INFO ThreadId(10) pipeline{execution_id=17326646-cb85-44ae-bc67-47b2e18c9063 chain_id=1 from_address=0xfea6645D31443cF7Cf96eF1dB7823EB9365f98bf}: cortex::pipeline: Pipeline started elapsed_ms=0
2026-04-05T14:00:00.648208Z  INFO ThreadId(03) lobby::server::handler: transaction submission accepted execution_id=acd49d58-4531-497a-83f4-ae0aaae7103b from=0x8AfE43fF49EBd5c4B8Cd1497ee77b437dd1711fc chain_id=137
2026-04-05T14:00:00.648236Z  INFO ThreadId(18) lobby::server::handler: transaction submission accepted execution_id=9be6882b-9ab6-4d47-b1db-f37ad7a59a5c from=0x8b172F820629b14cEAF859A6e159d1BcD3291Fe1 chain_id=42161
2026-04-05T14:00:00.648236Z  INFO ThreadId(13) lobby::server::handler: transaction submission accepted execution_id=1bedd8a2-2fa1-4a8d-9151-0280b5256d46 from=0xfea6645D31443cF7Cf96eF1dB7823EB9365f98bf chain_id=42161
2026-04-05T14:00:00.648247Z  INFO ThreadId(15) pipeline{execution_id=bf25aff9-0ce7-4da2-9fd9-cda611937e9f chain_id=1 from_address=0xfea6645D31443cF7Cf96eF1dB7823EB9365f98bf}: cortex::pipeline: Pipeline started elapsed_ms=0
2026-04-05T14:00:00.648259Z  INFO ThreadId(08) lobby::server::handler: transaction submission accepted execution_id=2af7d1d4-6c31-48f3-abbb-014d7f99633e from=0x2EAC739a1e05F4a05a5B8fD93D332c4353E5A7cD chain_id=42161
2026-04-05T14:00:00.648260Z  INFO ThreadId(06) lobby::server::handler: transaction submission accepted execution_id=81b7bcb4-78f0-419c-a96b-8f07e533922c from=0x2EAC739a1e05F4a05a5B8fD93D332c4353E5A7cD chain_id=137
2026-04-05T14:00:00.648266Z  INFO ThreadId(12) pipeline{execution_id=35abee23-acab-4639-af9b-aa78d9dce9b1 chain_id=1 from_address=0x2EAC739a1e05F4a05a5B8fD93D332c4353E5A7cD}: cortex::pipeline: Pipeline started elapsed_ms=0
2026-04-05T14:00:00.648281Z  INFO ThreadId(03) pipeline{execution_id=acd49d58-4531-497a-83f4-ae0aaae7103b chain_id=137 from_address=0x8AfE43fF49EBd5c4B8Cd1497ee77b437dd1711fc}: cortex::pipeline: Pipeline started elapsed_ms=0
2026-04-05T14:00:00.648286Z  INFO ThreadId(10) lobby::server::handler: transaction submission accepted execution_id=7f5b72d5-c3d0-4fd0-aae9-210a0b49cd09 from=0x8b172F820629b14cEAF859A6e159d1BcD3291Fe1 chain_id=137
2026-04-05T14:00:00.648294Z  INFO ThreadId(16) lobby::server::handler: transaction submission accepted execution_id=e5ab3e6b-ca16-4b31-aa38-f37a9beed140 from=0x8b172F820629b14cEAF859A6e159d1BcD3291Fe1 chain_id=137
2026-04-05T14:00:00.648297Z  INFO ThreadId(18) pipeline{execution_id=9be6882b-9ab6-4d47-b1db-f37ad7a59a5c chain_id=42161 from_address=0x8b172F820629b14cEAF859A6e159d1BcD3291Fe1}: cortex::pipeline: Pipeline started elapsed_ms=0
2026-04-05T14:00:00.648328Z  INFO ThreadId(17) pipeline{execution_id=76853e07-4c7c-485a-bf65-05409e0af3e3 chain_id=42161 from_address=0x8AfE43fF49EBd5c4B8Cd1497ee77b437dd1711fc}: cortex::pipeline: Pipeline started elapsed_ms=0
2026-04-05T14:00:00.648351Z  INFO ThreadId(03) lobby::server::handler: transaction submission accepted execution_id=a7a03346-d8c2-4c1f-a137-1243d6113112 from=0xCFA80F1f22b0AD533F7d8e2CcC0A783aa4BCaFF3 chain_id=1
2026-04-05T14:00:00.648362Z  INFO ThreadId(09) pipeline{execution_id=39d0f965-6b11-49f2-89d0-ba9cb65e2cd5 chain_id=1 from_address=0xfea6645D31443cF7Cf96eF1dB7823EB9365f98bf}: cortex::pipeline: Pipeline started elapsed_ms=0
2026-04-05T14:00:00.648362Z  INFO ThreadId(07) pipeline{execution_id=a8a4f9de-27bc-4fbf-b210-aea4489cfd92 chain_id=137 from_address=0x8AfE43fF49EBd5c4B8Cd1497ee77b437dd1711fc}: cortex::pipeline: Pipeline started elapsed_ms=0
2026-04-05T14:00:00.648362Z  INFO ThreadId(14) lobby::server::handler: transaction submission accepted execution_id=1eff5db1-e9e0-42f4-8ed0-3b0131fd8c33 from=0x2EAC739a1e05F4a05a5B8fD93D332c4353E5A7cD chain_id=1
2026-04-05T14:00:00.648376Z  INFO ThreadId(15) lobby::server::handler: transaction submission accepted execution_id=0759dfd0-d1dc-4fe2-9dde-d5ec79791544 from=0x8AfE43fF49EBd5c4B8Cd1497ee77b437dd1711fc chain_id=137
2026-04-05T14:00:00.648405Z  INFO ThreadId(03) pipeline{execution_id=a7a03346-d8c2-4c1f-a137-1243d6113112 chain_id=1 from_address=0xCFA80F1f22b0AD533F7d8e2CcC0A783aa4BCaFF3}: cortex::pipeline: Pipeline started elapsed_ms=0
2026-04-05T14:00:00.648411Z  INFO ThreadId(17) lobby::server::handler: transaction submission accepted execution_id=f894c851-76f5-42c3-9514-e9f46b4c0548 from=0xCFA80F1f22b0AD533F7d8e2CcC0A783aa4BCaFF3 chain_id=137
2026-04-05T14:00:00.648425Z  INFO ThreadId(14) pipeline{execution_id=1eff5db1-e9e0-42f4-8ed0-3b0131fd8c33 chain_id=1 from_address=0x2EAC739a1e05F4a05a5B8fD93D332c4353E5A7cD}: cortex::pipeline: Pipeline started elapsed_ms=0
2026-04-05T14:00:00.648446Z  INFO ThreadId(09) lobby::server::handler: transaction submission accepted execution_id=f97127df-73bb-4d36-817a-e8193f0eb281 from=0xfea6645D31443cF7Cf96eF1dB7823EB9365f98bf chain_id=137
2026-04-05T14:00:00.648470Z  INFO ThreadId(07) lobby::server::handler: transaction submission accepted execution_id=39ccc9e0-42ee-42b6-9c7e-18daa8651181 from=0x2EAC739a1e05F4a05a5B8fD93D332c4353E5A7cD chain_id=137
2026-04-05T14:00:00.648470Z  INFO ThreadId(18) lobby::server::handler: transaction submission accepted execution_id=a9c9d71a-31a5-43ac-b930-781768362f81 from=0xCFA80F1f22b0AD533F7d8e2CcC0A783aa4BCaFF3 chain_id=1
2026-04-05T14:00:00.648472Z  INFO ThreadId(17) pipeline{execution_id=f894c851-76f5-42c3-9514-e9f46b4c0548 chain_id=137 from_address=0xCFA80F1f22b0AD533F7d8e2CcC0A783aa4BCaFF3}: cortex::pipeline: Pipeline started elapsed_ms=0
2026-04-05T14:00:00.648477Z  INFO ThreadId(14) lobby::server::handler: transaction submission accepted execution_id=8c39c0a8-62a3-4d11-b199-0102d67ccdfd from=0x2EAC739a1e05F4a05a5B8fD93D332c4353E5A7cD chain_id=1
2026-04-05T14:00:00.648485Z  INFO ThreadId(15) pipeline{execution_id=0759dfd0-d1dc-4fe2-9dde-d5ec79791544 chain_id=137 from_address=0x8AfE43fF49EBd5c4B8Cd1497ee77b437dd1711fc}: cortex::pipeline: Pipeline started elapsed_ms=0
2026-04-05T14:00:00.648497Z  INFO ThreadId(09) pipeline{execution_id=f97127df-73bb-4d36-817a-e8193f0eb281 chain_id=137 from_address=0xfea6645D31443cF7Cf96eF1dB7823EB9365f98bf}: cortex::pipeline: Pipeline started elapsed_ms=0
2026-04-05T14:00:00.648534Z  INFO ThreadId(07) pipeline{execution_id=39ccc9e0-42ee-42b6-9c7e-18daa8651181 chain_id=137 from_address=0x2EAC739a1e05F4a05a5B8fD93D332c4353E5A7cD}: cortex::pipeline: Pipeline started elapsed_ms=0
2026-04-05T14:00:00.648546Z  INFO ThreadId(06) pipeline{execution_id=81b7bcb4-78f0-419c-a96b-8f07e533922c chain_id=137 from_address=0x2EAC739a1e05F4a05a5B8fD93D332c4353E5A7cD}: cortex::pipeline: Pipeline started elapsed_ms=0
2026-04-05T14:00:00.648555Z  INFO ThreadId(10) pipeline{execution_id=7f5b72d5-c3d0-4fd0-aae9-210a0b49cd09 chain_id=137 from_address=0x8b172F820629b14cEAF859A6e159d1BcD3291Fe1}: cortex::pipeline: Pipeline started elapsed_ms=0
2026-04-05T14:00:00.648575Z  INFO ThreadId(08) pipeline{execution_id=2af7d1d4-6c31-48f3-abbb-014d7f99633e chain_id=42161 from_address=0x2EAC739a1e05F4a05a5B8fD93D332c4353E5A7cD}: cortex::pipeline: Pipeline started elapsed_ms=0
2026-04-05T14:00:00.648584Z  INFO ThreadId(18) pipeline{execution_id=a9c9d71a-31a5-43ac-b930-781768362f81 chain_id=1 from_address=0xCFA80F1f22b0AD533F7d8e2CcC0A783aa4BCaFF3}: cortex::pipeline: Pipeline started elapsed_ms=0
2026-04-05T14:00:00.648587Z  INFO ThreadId(17) lobby::server::handler: transaction submission accepted execution_id=3c1cd374-9903-40ff-8052-418fe0281b4b from=0x8b172F820629b14cEAF859A6e159d1BcD3291Fe1 chain_id=137
2026-04-05T14:00:00.648588Z  INFO ThreadId(16) pipeline{execution_id=e5ab3e6b-ca16-4b31-aa38-f37a9beed140 chain_id=137 from_address=0x8b172F820629b14cEAF859A6e159d1BcD3291Fe1}: cortex::pipeline: Pipeline started elapsed_ms=0
2026-04-05T14:00:00.648609Z  INFO ThreadId(07) lobby::server::handler: transaction submission accepted execution_id=53fe6c6b-1fe0-4960-af31-0ece92aec629 from=0xCFA80F1f22b0AD533F7d8e2CcC0A783aa4BCaFF3 chain_id=1
2026-04-05T14:00:00.648623Z  INFO ThreadId(06) lobby::server::handler: transaction submission accepted execution_id=185aabfe-77b3-4263-bac0-0fbf48000ce1 from=0xCFA80F1f22b0AD533F7d8e2CcC0A783aa4BCaFF3 chain_id=1
2026-04-05T14:00:00.648625Z  INFO ThreadId(10) lobby::server::handler: transaction submission accepted execution_id=0493dddb-cc3d-4b97-b3a0-2f2b9335a4a6 from=0x2EAC739a1e05F4a05a5B8fD93D332c4353E5A7cD chain_id=137
2026-04-05T14:00:00.648625Z  INFO ThreadId(15) lobby::server::handler: transaction submission accepted execution_id=0e9faeb8-3483-4355-9c33-db36c35623ad from=0x2EAC739a1e05F4a05a5B8fD93D332c4353E5A7cD chain_id=137
2026-04-05T14:00:00.648652Z  INFO ThreadId(08) lobby::server::handler: transaction submission accepted execution_id=dfcbcc16-7cf9-4db7-9819-093e0c045283 from=0x8b172F820629b14cEAF859A6e159d1BcD3291Fe1 chain_id=42161
2026-04-05T14:00:00.648658Z  INFO ThreadId(17) pipeline{execution_id=3c1cd374-9903-40ff-8052-418fe0281b4b chain_id=137 from_address=0x8b172F820629b14cEAF859A6e159d1BcD3291Fe1}: cortex::pipeline: Pipeline started elapsed_ms=0
2026-04-05T14:00:00.648675Z  INFO ThreadId(05) pipeline{execution_id=5032a1e2-2af7-4778-8b39-6fb14ae2ae6c chain_id=137 from_address=0x8AfE43fF49EBd5c4B8Cd1497ee77b437dd1711fc}: cortex::pipeline: Pipeline started elapsed_ms=0
2026-04-05T14:00:00.648680Z  INFO ThreadId(10) pipeline{execution_id=0493dddb-cc3d-4b97-b3a0-2f2b9335a4a6 chain_id=137 from_address=0x2EAC739a1e05F4a05a5B8fD93D332c4353E5A7cD}: cortex::pipeline: Pipeline started elapsed_ms=0
2026-04-05T14:00:00.648680Z  INFO ThreadId(11) pipeline{execution_id=9187b5ac-75d0-458e-b598-a659e23c7bfa chain_id=137 from_address=0xCFA80F1f22b0AD533F7d8e2CcC0A783aa4BCaFF3}: cortex::pipeline: Pipeline started elapsed_ms=0
2026-04-05T14:00:00.648682Z  INFO ThreadId(06) pipeline{execution_id=185aabfe-77b3-4263-bac0-0fbf48000ce1 chain_id=1 from_address=0xCFA80F1f22b0AD533F7d8e2CcC0A783aa4BCaFF3}: cortex::pipeline: Pipeline started elapsed_ms=0
2026-04-05T14:00:00.648712Z  INFO ThreadId(08) pipeline{execution_id=dfcbcc16-7cf9-4db7-9819-093e0c045283 chain_id=42161 from_address=0x8b172F820629b14cEAF859A6e159d1BcD3291Fe1}: cortex::pipeline: Pipeline started elapsed_ms=0
2026-04-05T14:00:00.648730Z  INFO ThreadId(15) pipeline{execution_id=0e9faeb8-3483-4355-9c33-db36c35623ad chain_id=137 from_address=0x2EAC739a1e05F4a05a5B8fD93D332c4353E5A7cD}: cortex::pipeline: Pipeline started elapsed_ms=0
2026-04-05T14:00:00.648753Z  INFO ThreadId(05) lobby::server::handler: transaction submission accepted execution_id=eaaf71de-d0db-4701-a1cf-d7acb84b1997 from=0x8b172F820629b14cEAF859A6e159d1BcD3291Fe1 chain_id=1
2026-04-05T14:00:00.648782Z  INFO ThreadId(14) pipeline{execution_id=8c39c0a8-62a3-4d11-b199-0102d67ccdfd chain_id=1 from_address=0x2EAC739a1e05F4a05a5B8fD93D332c4353E5A7cD}: cortex::pipeline: Pipeline started elapsed_ms=0
2026-04-05T14:00:00.648795Z  INFO ThreadId(08) lobby::server::handler: transaction submission accepted execution_id=172ff9d4-3997-40bd-9ba0-8527bc515c0e from=0xCFA80F1f22b0AD533F7d8e2CcC0A783aa4BCaFF3 chain_id=1
2026-04-05T14:00:00.648850Z  INFO ThreadId(05) pipeline{execution_id=eaaf71de-d0db-4701-a1cf-d7acb84b1997 chain_id=1 from_address=0x8b172F820629b14cEAF859A6e159d1BcD3291Fe1}: cortex::pipeline: Pipeline started elapsed_ms=0
2026-04-05T14:00:00.648851Z  INFO ThreadId(16) lobby::server::handler: transaction submission accepted execution_id=96a236d2-245a-40e0-be70-b37875131ff0 from=0x8b172F820629b14cEAF859A6e159d1BcD3291Fe1 chain_id=137
2026-04-05T14:00:00.648868Z  INFO ThreadId(08) pipeline{execution_id=172ff9d4-3997-40bd-9ba0-8527bc515c0e chain_id=1 from_address=0xCFA80F1f22b0AD533F7d8e2CcC0A783aa4BCaFF3}: cortex::pipeline: Pipeline started elapsed_ms=0
2026-04-05T14:00:00.648884Z  INFO ThreadId(09) lobby::server::handler: transaction submission accepted execution_id=30533c31-d0e4-49d0-b1a1-d2552c10da61 from=0x8b172F820629b14cEAF859A6e159d1BcD3291Fe1 chain_id=137
2026-04-05T14:00:00.648890Z  INFO ThreadId(04) pipeline{execution_id=02cfaf8e-fc52-4e16-8baa-51417fb81e9d chain_id=137 from_address=0x2EAC739a1e05F4a05a5B8fD93D332c4353E5A7cD}: cortex::pipeline: Pipeline started elapsed_ms=0
2026-04-05T14:00:00.648892Z  INFO ThreadId(11) lobby::server::handler: transaction submission accepted execution_id=5b27e0fa-ad1e-4517-bb8f-73605f75fc83 from=0xCFA80F1f22b0AD533F7d8e2CcC0A783aa4BCaFF3 chain_id=42161
2026-04-05T14:00:00.648910Z  INFO ThreadId(12) lobby::server::handler: transaction submission accepted execution_id=08424f8d-6742-4778-8be5-28936a536d35 from=0x8b172F820629b14cEAF859A6e159d1BcD3291Fe1 chain_id=42161
2026-04-05T14:00:00.648924Z  INFO ThreadId(16) pipeline{execution_id=96a236d2-245a-40e0-be70-b37875131ff0 chain_id=137 from_address=0x8b172F820629b14cEAF859A6e159d1BcD3291Fe1}: cortex::pipeline: Pipeline started elapsed_ms=0
2026-04-05T14:00:00.648931Z  INFO ThreadId(08) lobby::server::handler: transaction submission accepted execution_id=b2dea0e1-18da-46d8-b14a-12cd899b3ef1 from=0x8b172F820629b14cEAF859A6e159d1BcD3291Fe1 chain_id=42161
2026-04-05T14:00:00.648934Z  INFO ThreadId(05) lobby::server::handler: transaction submission accepted execution_id=6227e274-b57b-480f-823f-169c5212b8b8 from=0x8AfE43fF49EBd5c4B8Cd1497ee77b437dd1711fc chain_id=137
2026-04-05T14:00:00.648942Z  INFO ThreadId(06) lobby::server::handler: transaction submission accepted execution_id=c9293839-4e63-4d25-8f21-fab2d170d193 from=0x8b172F820629b14cEAF859A6e159d1BcD3291Fe1 chain_id=42161
2026-04-05T14:00:00.648953Z  INFO ThreadId(11) pipeline{execution_id=5b27e0fa-ad1e-4517-bb8f-73605f75fc83 chain_id=42161 from_address=0xCFA80F1f22b0AD533F7d8e2CcC0A783aa4BCaFF3}: cortex::pipeline: Pipeline started elapsed_ms=0
2026-04-05T14:00:00.648956Z  INFO ThreadId(09) pipeline{execution_id=30533c31-d0e4-49d0-b1a1-d2552c10da61 chain_id=137 from_address=0x8b172F820629b14cEAF859A6e159d1BcD3291Fe1}: cortex::pipeline: Pipeline started elapsed_ms=0
2026-04-05T14:00:00.648969Z  INFO ThreadId(04) lobby::server::handler: transaction submission accepted execution_id=9163b5d5-6520-4438-8e1f-8b5908989949 from=0xfea6645D31443cF7Cf96eF1dB7823EB9365f98bf chain_id=42161
2026-04-05T14:00:00.648980Z  INFO ThreadId(08) pipeline{execution_id=b2dea0e1-18da-46d8-b14a-12cd899b3ef1 chain_id=42161 from_address=0x8b172F820629b14cEAF859A6e159d1BcD3291Fe1}: cortex::pipeline: Pipeline started elapsed_ms=0
2026-04-05T14:00:00.648980Z  INFO ThreadId(12) pipeline{execution_id=08424f8d-6742-4778-8be5-28936a536d35 chain_id=42161 from_address=0x8b172F820629b14cEAF859A6e159d1BcD3291Fe1}: cortex::pipeline: Pipeline started elapsed_ms=0
2026-04-05T14:00:00.648989Z  INFO ThreadId(05) pipeline{execution_id=6227e274-b57b-480f-823f-169c5212b8b8 chain_id=137 from_address=0x8AfE43fF49EBd5c4B8Cd1497ee77b437dd1711fc}: cortex::pipeline: Pipeline started elapsed_ms=0
2026-04-05T14:00:00.649004Z  INFO ThreadId(06) pipeline{execution_id=c9293839-4e63-4d25-8f21-fab2d170d193 chain_id=42161 from_address=0x8b172F820629b14cEAF859A6e159d1BcD3291Fe1}: cortex::pipeline: Pipeline started elapsed_ms=0
2026-04-05T14:00:00.649021Z  INFO ThreadId(04) pipeline{execution_id=9163b5d5-6520-4438-8e1f-8b5908989949 chain_id=42161 from_address=0xfea6645D31443cF7Cf96eF1dB7823EB9365f98bf}: cortex::pipeline: Pipeline started elapsed_ms=0
2026-04-05T14:00:00.649022Z  INFO ThreadId(11) lobby::server::handler: transaction submission accepted execution_id=a2c1b91d-fb0f-4270-8166-58dfaa9e8658 from=0x8AfE43fF49EBd5c4B8Cd1497ee77b437dd1711fc chain_id=42161
2026-04-05T14:00:00.649028Z  INFO ThreadId(09) lobby::server::handler: transaction submission accepted execution_id=611fff16-51ce-4fad-8fb1-9b38cf4a21fd from=0x8AfE43fF49EBd5c4B8Cd1497ee77b437dd1711fc chain_id=1
2026-04-05T14:00:00.649046Z  INFO ThreadId(03) lobby::server::handler: transaction submission accepted execution_id=4bb025fe-e2bd-4a42-961a-1495cf415287 from=0x8b172F820629b14cEAF859A6e159d1BcD3291Fe1 chain_id=1
2026-04-05T14:00:00.649046Z  INFO ThreadId(08) lobby::server::handler: transaction submission accepted execution_id=56420be7-99fd-40e8-823b-1c2f82bd8580 from=0x8b172F820629b14cEAF859A6e159d1BcD3291Fe1 chain_id=1
2026-04-05T14:00:00.649147Z  INFO ThreadId(16) lobby::server::handler: transaction submission accepted execution_id=0b07ad8e-54e8-4bd4-a9b3-b026bef009a4 from=0xCFA80F1f22b0AD533F7d8e2CcC0A783aa4BCaFF3 chain_id=137
2026-04-05T14:00:00.649178Z  INFO ThreadId(17) lobby::server::handler: transaction submission accepted execution_id=f748451f-b0ba-40d2-8198-b4ef395dee29 from=0x8AfE43fF49EBd5c4B8Cd1497ee77b437dd1711fc chain_id=42161
2026-04-05T14:00:00.649256Z  INFO ThreadId(14) lobby::server::handler: transaction submission accepted execution_id=41349d0c-ffc0-46d8-aa84-f8c3bffba91c from=0x8b172F820629b14cEAF859A6e159d1BcD3291Fe1 chain_id=42161
2026-04-05T14:00:00.649582Z  INFO ThreadId(15) lobby::server::handler: transaction submission accepted execution_id=d42a4853-bb04-452a-b05d-4f80cd70a943 from=0xfea6645D31443cF7Cf96eF1dB7823EB9365f98bf chain_id=137
2026-04-05T14:00:00.649591Z  INFO ThreadId(18) lobby::server::handler: transaction submission accepted execution_id=9a9bb348-902c-499e-ac01-dc4c1f6f6492 from=0xfea6645D31443cF7Cf96eF1dB7823EB9365f98bf chain_id=1
2026-04-05T14:00:00.649671Z  INFO ThreadId(18) pipeline{execution_id=9a9bb348-902c-499e-ac01-dc4c1f6f6492 chain_id=1 from_address=0xfea6645D31443cF7Cf96eF1dB7823EB9365f98bf}: cortex::pipeline: Pipeline started elapsed_ms=0
2026-04-05T14:00:00.649676Z  INFO ThreadId(05) lobby::server::handler: transaction submission accepted execution_id=c1a3a798-2d37-4924-8655-c2c323106aba from=0x8b172F820629b14cEAF859A6e159d1BcD3291Fe1 chain_id=137
2026-04-05T14:00:00.649687Z  INFO ThreadId(13) pipeline{execution_id=1bedd8a2-2fa1-4a8d-9151-0280b5256d46 chain_id=42161 from_address=0xfea6645D31443cF7Cf96eF1dB7823EB9365f98bf}: cortex::pipeline: Pipeline started elapsed_ms=0
2026-04-05T14:00:00.649693Z  INFO ThreadId(12) lobby::server::handler: transaction submission accepted execution_id=e119d3cc-0578-4659-aaef-6314b66c2a56 from=0x8AfE43fF49EBd5c4B8Cd1497ee77b437dd1711fc chain_id=42161
2026-04-05T14:00:00.649711Z  INFO ThreadId(07) pipeline{execution_id=53fe6c6b-1fe0-4960-af31-0ece92aec629 chain_id=1 from_address=0xCFA80F1f22b0AD533F7d8e2CcC0A783aa4BCaFF3}: cortex::pipeline: Pipeline started elapsed_ms=0
2026-04-05T14:00:00.649735Z  INFO ThreadId(04) lobby::server::handler: transaction submission accepted execution_id=63c0a83a-e525-44ed-8a1d-0dfb628df52e from=0xCFA80F1f22b0AD533F7d8e2CcC0A783aa4BCaFF3 chain_id=1
2026-04-05T14:00:00.649743Z  INFO ThreadId(05) pipeline{execution_id=c1a3a798-2d37-4924-8655-c2c323106aba chain_id=137 from_address=0x8b172F820629b14cEAF859A6e159d1BcD3291Fe1}: cortex::pipeline: Pipeline started elapsed_ms=0
2026-04-05T14:00:00.649758Z  INFO ThreadId(11) pipeline{execution_id=a2c1b91d-fb0f-4270-8166-58dfaa9e8658 chain_id=42161 from_address=0x8AfE43fF49EBd5c4B8Cd1497ee77b437dd1711fc}: cortex::pipeline: Pipeline started elapsed_ms=0
2026-04-05T14:00:00.649760Z  INFO ThreadId(09) pipeline{execution_id=611fff16-51ce-4fad-8fb1-9b38cf4a21fd chain_id=1 from_address=0x8AfE43fF49EBd5c4B8Cd1497ee77b437dd1711fc}: cortex::pipeline: Pipeline started elapsed_ms=0
2026-04-05T14:00:00.649765Z  INFO ThreadId(12) pipeline{execution_id=e119d3cc-0578-4659-aaef-6314b66c2a56 chain_id=42161 from_address=0x8AfE43fF49EBd5c4B8Cd1497ee77b437dd1711fc}: cortex::pipeline: Pipeline started elapsed_ms=0
2026-04-05T14:00:00.649767Z  INFO ThreadId(06) lobby::server::handler: transaction submission accepted execution_id=6af34f4c-06fe-4c12-9348-0667b00b3759 from=0x8b172F820629b14cEAF859A6e159d1BcD3291Fe1 chain_id=1
2026-04-05T14:00:00.649779Z  INFO ThreadId(10) lobby::server::handler: transaction submission accepted execution_id=29516432-9758-4af1-b967-ca585bec4ed0 from=0x2EAC739a1e05F4a05a5B8fD93D332c4353E5A7cD chain_id=137
2026-04-05T14:00:00.649782Z  INFO ThreadId(07) lobby::server::handler: transaction submission accepted execution_id=76fc9033-e139-4f4c-a1cc-f496ad77acb4 from=0x8AfE43fF49EBd5c4B8Cd1497ee77b437dd1711fc chain_id=137
2026-04-05T14:00:00.649804Z  INFO ThreadId(18) lobby::server::handler: transaction submission accepted execution_id=566acfb5-fbcd-4267-b14b-1f1d3fc3c25c from=0xCFA80F1f22b0AD533F7d8e2CcC0A783aa4BCaFF3 chain_id=42161
2026-04-05T14:00:00.649812Z  INFO ThreadId(04) pipeline{execution_id=63c0a83a-e525-44ed-8a1d-0dfb628df52e chain_id=1 from_address=0xCFA80F1f22b0AD533F7d8e2CcC0A783aa4BCaFF3}: cortex::pipeline: Pipeline started elapsed_ms=0
2026-04-05T14:00:00.650767Z  INFO ThreadId(17) pipeline{execution_id=f748451f-b0ba-40d2-8198-b4ef395dee29 chain_id=42161 from_address=0x8AfE43fF49EBd5c4B8Cd1497ee77b437dd1711fc}: cortex::pipeline: Pipeline started elapsed_ms=0
2026-04-05T14:00:00.650764Z  INFO ThreadId(16) pipeline{execution_id=0b07ad8e-54e8-4bd4-a9b3-b026bef009a4 chain_id=137 from_address=0xCFA80F1f22b0AD533F7d8e2CcC0A783aa4BCaFF3}: cortex::pipeline: Pipeline started elapsed_ms=0
2026-04-05T14:00:00.650774Z  INFO ThreadId(14) pipeline{execution_id=41349d0c-ffc0-46d8-aa84-f8c3bffba91c chain_id=42161 from_address=0x8b172F820629b14cEAF859A6e159d1BcD3291Fe1}: cortex::pipeline: Pipeline started elapsed_ms=0
2026-04-05T14:00:00.650802Z  INFO ThreadId(15) pipeline{execution_id=d42a4853-bb04-452a-b05d-4f80cd70a943 chain_id=137 from_address=0xfea6645D31443cF7Cf96eF1dB7823EB9365f98bf}: cortex::pipeline: Pipeline started elapsed_ms=0
2026-04-05T14:00:00.650817Z  INFO ThreadId(05) lobby::server::handler: transaction submission accepted execution_id=ae450d6c-ff16-42e5-9315-8cf9b67f62d9 from=0xCFA80F1f22b0AD533F7d8e2CcC0A783aa4BCaFF3 chain_id=137
2026-04-05T14:00:00.650825Z  INFO ThreadId(13) lobby::server::handler: transaction submission accepted execution_id=06bede68-ce75-4f8d-a4b4-7b1127ea0437 from=0x8AfE43fF49EBd5c4B8Cd1497ee77b437dd1711fc chain_id=1
2026-04-05T14:00:00.650833Z  INFO ThreadId(14) lobby::server::handler: transaction submission accepted execution_id=b33a1071-26bc-4b59-9d45-f188a9388880 from=0x8b172F820629b14cEAF859A6e159d1BcD3291Fe1 chain_id=1
2026-04-05T14:00:00.650837Z  INFO ThreadId(03) pipeline{execution_id=4bb025fe-e2bd-4a42-961a-1495cf415287 chain_id=1 from_address=0x8b172F820629b14cEAF859A6e159d1BcD3291Fe1}: cortex::pipeline: Pipeline started elapsed_ms=0
2026-04-05T14:00:00.650861Z  INFO ThreadId(11) lobby::server::handler: transaction submission accepted execution_id=2f185023-1a44-4069-b548-34a36edcd457 from=0x2EAC739a1e05F4a05a5B8fD93D332c4353E5A7cD chain_id=1
2026-04-05T14:00:00.650888Z  INFO ThreadId(13) pipeline{execution_id=06bede68-ce75-4f8d-a4b4-7b1127ea0437 chain_id=1 from_address=0x8AfE43fF49EBd5c4B8Cd1497ee77b437dd1711fc}: cortex::pipeline: Pipeline started elapsed_ms=0
2026-04-05T14:00:00.650888Z  INFO ThreadId(06) pipeline{execution_id=6af34f4c-06fe-4c12-9348-0667b00b3759 chain_id=1 from_address=0x8b172F820629b14cEAF859A6e159d1BcD3291Fe1}: cortex::pipeline: Pipeline started elapsed_ms=0
2026-04-05T14:00:00.650892Z  INFO ThreadId(14) pipeline{execution_id=b33a1071-26bc-4b59-9d45-f188a9388880 chain_id=1 from_address=0x8b172F820629b14cEAF859A6e159d1BcD3291Fe1}: cortex::pipeline: Pipeline started elapsed_ms=0
2026-04-05T14:00:00.650898Z  INFO ThreadId(08) pipeline{execution_id=56420be7-99fd-40e8-823b-1c2f82bd8580 chain_id=1 from_address=0x8b172F820629b14cEAF859A6e159d1BcD3291Fe1}: cortex::pipeline: Pipeline started elapsed_ms=0
2026-04-05T14:00:00.650919Z  INFO ThreadId(11) pipeline{execution_id=2f185023-1a44-4069-b548-34a36edcd457 chain_id=1 from_address=0x2EAC739a1e05F4a05a5B8fD93D332c4353E5A7cD}: cortex::pipeline: Pipeline started elapsed_ms=0
2026-04-05T14:00:00.650927Z  INFO ThreadId(07) pipeline{execution_id=76fc9033-e139-4f4c-a1cc-f496ad77acb4 chain_id=137 from_address=0x8AfE43fF49EBd5c4B8Cd1497ee77b437dd1711fc}: cortex::pipeline: Pipeline started elapsed_ms=0
2026-04-05T14:00:00.650945Z  INFO ThreadId(13) lobby::server::handler: transaction submission accepted execution_id=9f8b3b3c-f855-48f8-a5f6-59dbd6bb11f4 from=0xfea6645D31443cF7Cf96eF1dB7823EB9365f98bf chain_id=42161
2026-04-05T14:00:00.650958Z  INFO ThreadId(16) lobby::server::handler: transaction submission accepted execution_id=8b0eb414-4273-4a86-ad6b-9d4ffb2a120b from=0xCFA80F1f22b0AD533F7d8e2CcC0A783aa4BCaFF3 chain_id=42161
2026-04-05T14:00:00.650961Z  INFO ThreadId(04) lobby::server::handler: transaction submission accepted execution_id=d7ae76df-f90d-45b6-bb4f-4df0b20c55d5 from=0x2EAC739a1e05F4a05a5B8fD93D332c4353E5A7cD chain_id=1
2026-04-05T14:00:00.650980Z  INFO ThreadId(15) lobby::server::handler: transaction submission accepted execution_id=b1e73ecb-2fd0-45e4-b9ee-5c1d01d72d9d from=0x2EAC739a1e05F4a05a5B8fD93D332c4353E5A7cD chain_id=42161
2026-04-05T14:00:00.651004Z  INFO ThreadId(13) pipeline{execution_id=9f8b3b3c-f855-48f8-a5f6-59dbd6bb11f4 chain_id=42161 from_address=0xfea6645D31443cF7Cf96eF1dB7823EB9365f98bf}: cortex::pipeline: Pipeline started elapsed_ms=0
2026-04-05T14:00:00.650987Z  INFO ThreadId(07) lobby::server::handler: transaction submission accepted execution_id=1e2f4ab8-a7ef-45c5-8e41-ea9018d78a0c from=0x8AfE43fF49EBd5c4B8Cd1497ee77b437dd1711fc chain_id=137
2026-04-05T14:00:00.651005Z  INFO ThreadId(05) pipeline{execution_id=ae450d6c-ff16-42e5-9315-8cf9b67f62d9 chain_id=137 from_address=0xCFA80F1f22b0AD533F7d8e2CcC0A783aa4BCaFF3}: cortex::pipeline: Pipeline started elapsed_ms=0
2026-04-05T14:00:00.651020Z  INFO ThreadId(10) pipeline{execution_id=29516432-9758-4af1-b967-ca585bec4ed0 chain_id=137 from_address=0x2EAC739a1e05F4a05a5B8fD93D332c4353E5A7cD}: cortex::pipeline: Pipeline started elapsed_ms=0
2026-04-05T14:00:00.651026Z  INFO ThreadId(16) pipeline{execution_id=8b0eb414-4273-4a86-ad6b-9d4ffb2a120b chain_id=42161 from_address=0xCFA80F1f22b0AD533F7d8e2CcC0A783aa4BCaFF3}: cortex::pipeline: Pipeline started elapsed_ms=0
2026-04-05T14:00:00.651032Z  INFO ThreadId(04) pipeline{execution_id=d7ae76df-f90d-45b6-bb4f-4df0b20c55d5 chain_id=1 from_address=0x2EAC739a1e05F4a05a5B8fD93D332c4353E5A7cD}: cortex::pipeline: Pipeline started elapsed_ms=0
2026-04-05T14:00:00.651049Z  INFO ThreadId(15) pipeline{execution_id=b1e73ecb-2fd0-45e4-b9ee-5c1d01d72d9d chain_id=42161 from_address=0x2EAC739a1e05F4a05a5B8fD93D332c4353E5A7cD}: cortex::pipeline: Pipeline started elapsed_ms=0
2026-04-05T14:00:00.651049Z  INFO ThreadId(03) lobby::server::handler: transaction submission accepted execution_id=8431dc7d-dffe-4fdd-8b81-f6aa075d614d from=0x8AfE43fF49EBd5c4B8Cd1497ee77b437dd1711fc chain_id=42161
2026-04-05T14:00:00.651050Z  INFO ThreadId(17) lobby::server::handler: transaction submission accepted execution_id=41e84126-ad48-45c7-8db4-a7230d8f7b8f from=0x8b172F820629b14cEAF859A6e159d1BcD3291Fe1 chain_id=1
2026-04-05T14:00:00.651071Z  INFO ThreadId(08) lobby::server::handler: transaction submission accepted execution_id=782623ee-dac9-4a73-9804-3dccc0a3bce5 from=0x8b172F820629b14cEAF859A6e159d1BcD3291Fe1 chain_id=42161
2026-04-05T14:00:00.651075Z  INFO ThreadId(16) lobby::server::handler: transaction submission accepted execution_id=094a0bad-4d2d-4fa9-a6ce-4359f74a1e75 from=0xfea6645D31443cF7Cf96eF1dB7823EB9365f98bf chain_id=137
2026-04-05T14:00:00.651080Z  INFO ThreadId(07) pipeline{execution_id=1e2f4ab8-a7ef-45c5-8e41-ea9018d78a0c chain_id=137 from_address=0x8AfE43fF49EBd5c4B8Cd1497ee77b437dd1711fc}: cortex::pipeline: Pipeline started elapsed_ms=0
2026-04-05T14:00:00.651097Z  INFO ThreadId(04) lobby::server::handler: transaction submission accepted execution_id=f0875230-c88a-4789-9bae-f25f782ce9a0 from=0xfea6645D31443cF7Cf96eF1dB7823EB9365f98bf chain_id=42161
2026-04-05T14:00:00.651107Z  INFO ThreadId(15) lobby::server::handler: transaction submission accepted execution_id=4e507f0f-6c40-4208-9e1d-a620302b4324 from=0x2EAC739a1e05F4a05a5B8fD93D332c4353E5A7cD chain_id=42161
2026-04-05T14:00:00.651107Z  INFO ThreadId(17) pipeline{execution_id=41e84126-ad48-45c7-8db4-a7230d8f7b8f chain_id=1 from_address=0x8b172F820629b14cEAF859A6e159d1BcD3291Fe1}: cortex::pipeline: Pipeline started elapsed_ms=0
2026-04-05T14:00:00.651111Z  INFO ThreadId(03) pipeline{execution_id=8431dc7d-dffe-4fdd-8b81-f6aa075d614d chain_id=42161 from_address=0x8AfE43fF49EBd5c4B8Cd1497ee77b437dd1711fc}: cortex::pipeline: Pipeline started elapsed_ms=0
2026-04-05T14:00:00.651122Z  INFO ThreadId(07) lobby::server::handler: transaction submission accepted execution_id=c25113ae-6569-4aea-be33-6d1cb560dee3 from=0x8AfE43fF49EBd5c4B8Cd1497ee77b437dd1711fc chain_id=137
2026-04-05T14:00:00.651135Z  INFO ThreadId(08) pipeline{execution_id=782623ee-dac9-4a73-9804-3dccc0a3bce5 chain_id=42161 from_address=0x8b172F820629b14cEAF859A6e159d1BcD3291Fe1}: cortex::pipeline: Pipeline started elapsed_ms=0
2026-04-05T14:00:00.651172Z  INFO ThreadId(15) pipeline{execution_id=4e507f0f-6c40-4208-9e1d-a620302b4324 chain_id=42161 from_address=0x2EAC739a1e05F4a05a5B8fD93D332c4353E5A7cD}: cortex::pipeline: Pipeline started elapsed_ms=0
2026-04-05T14:00:00.651187Z  INFO ThreadId(03) lobby::server::handler: transaction submission accepted execution_id=00f0c742-bf47-453d-aa37-4e4b1112d896 from=0x8b172F820629b14cEAF859A6e159d1BcD3291Fe1 chain_id=137
2026-04-05T14:00:00.651191Z  INFO ThreadId(05) lobby::server::handler: transaction submission accepted execution_id=1e3a044a-2cd1-44a6-9029-a5584b8a8540 from=0x8b172F820629b14cEAF859A6e159d1BcD3291Fe1 chain_id=42161
2026-04-05T14:00:00.651194Z  INFO ThreadId(12) lobby::server::handler: transaction submission accepted execution_id=b3774b47-0fd4-4523-8903-0facb17cf471 from=0xCFA80F1f22b0AD533F7d8e2CcC0A783aa4BCaFF3 chain_id=42161
2026-04-05T14:00:00.651199Z  INFO ThreadId(16) pipeline{execution_id=094a0bad-4d2d-4fa9-a6ce-4359f74a1e75 chain_id=137 from_address=0xfea6645D31443cF7Cf96eF1dB7823EB9365f98bf}: cortex::pipeline: Pipeline started elapsed_ms=0
2026-04-05T14:00:00.651202Z  INFO ThreadId(18) pipeline{execution_id=566acfb5-fbcd-4267-b14b-1f1d3fc3c25c chain_id=42161 from_address=0xCFA80F1f22b0AD533F7d8e2CcC0A783aa4BCaFF3}: cortex::pipeline: Pipeline started elapsed_ms=0
2026-04-05T14:00:00.651217Z  INFO ThreadId(07) pipeline{execution_id=c25113ae-6569-4aea-be33-6d1cb560dee3 chain_id=137 from_address=0x8AfE43fF49EBd5c4B8Cd1497ee77b437dd1711fc}: cortex::pipeline: Pipeline started elapsed_ms=0
2026-04-05T14:00:00.651244Z  INFO ThreadId(03) pipeline{execution_id=00f0c742-bf47-453d-aa37-4e4b1112d896 chain_id=137 from_address=0x8b172F820629b14cEAF859A6e159d1BcD3291Fe1}: cortex::pipeline: Pipeline started elapsed_ms=0
2026-04-05T14:00:00.651250Z  INFO ThreadId(12) pipeline{execution_id=b3774b47-0fd4-4523-8903-0facb17cf471 chain_id=42161 from_address=0xCFA80F1f22b0AD533F7d8e2CcC0A783aa4BCaFF3}: cortex::pipeline: Pipeline started elapsed_ms=0
2026-04-05T14:00:00.651257Z  INFO ThreadId(05) pipeline{execution_id=1e3a044a-2cd1-44a6-9029-a5584b8a8540 chain_id=42161 from_address=0x8b172F820629b14cEAF859A6e159d1BcD3291Fe1}: cortex::pipeline: Pipeline started elapsed_ms=0
2026-04-05T14:00:00.651258Z  INFO ThreadId(18) lobby::server::handler: transaction submission accepted execution_id=3ae13e1b-e276-454a-ac64-8aa298f59b1d from=0x8b172F820629b14cEAF859A6e159d1BcD3291Fe1 chain_id=137
2026-04-05T14:00:00.651258Z  INFO ThreadId(16) lobby::server::handler: transaction submission accepted execution_id=885b2700-7042-40a4-b8cb-b694e1a2d418 from=0x8AfE43fF49EBd5c4B8Cd1497ee77b437dd1711fc chain_id=137
2026-04-05T14:00:00.651312Z  INFO ThreadId(14) lobby::server::handler: transaction submission accepted execution_id=312c0672-bb96-4cb2-aed7-b0bd3582ed0f from=0x8AfE43fF49EBd5c4B8Cd1497ee77b437dd1711fc chain_id=1
2026-04-05T14:00:00.651318Z  INFO ThreadId(18) pipeline{execution_id=3ae13e1b-e276-454a-ac64-8aa298f59b1d chain_id=137 from_address=0x8b172F820629b14cEAF859A6e159d1BcD3291Fe1}: cortex::pipeline: Pipeline started elapsed_ms=0
2026-04-05T14:00:00.651355Z  INFO ThreadId(06) lobby::server::handler: transaction submission accepted execution_id=1ed83437-f2fb-45f2-aee0-4891e1893fea from=0x8AfE43fF49EBd5c4B8Cd1497ee77b437dd1711fc chain_id=42161
2026-04-05T14:00:00.651359Z  INFO ThreadId(05) lobby::server::handler: transaction submission accepted execution_id=bb804287-1085-43f2-a01a-7209518aa466 from=0xfea6645D31443cF7Cf96eF1dB7823EB9365f98bf chain_id=1
2026-04-05T14:00:00.651367Z  INFO ThreadId(12) lobby::server::handler: transaction submission accepted execution_id=93a63e31-ae43-46ea-bc46-b42da2a6ece1 from=0x8AfE43fF49EBd5c4B8Cd1497ee77b437dd1711fc chain_id=42161
2026-04-05T14:00:00.651370Z  INFO ThreadId(07) lobby::server::handler: transaction submission accepted execution_id=a24600a6-281f-4536-9fd3-693fb8f15f11 from=0xCFA80F1f22b0AD533F7d8e2CcC0A783aa4BCaFF3 chain_id=1
2026-04-05T14:00:00.651385Z  INFO ThreadId(16) pipeline{execution_id=885b2700-7042-40a4-b8cb-b694e1a2d418 chain_id=137 from_address=0x8AfE43fF49EBd5c4B8Cd1497ee77b437dd1711fc}: cortex::pipeline: Pipeline started elapsed_ms=0
2026-04-05T14:00:00.651412Z  INFO ThreadId(18) lobby::server::handler: transaction submission accepted execution_id=c53374c0-813a-414b-9845-448253bae0f3 from=0x8b172F820629b14cEAF859A6e159d1BcD3291Fe1 chain_id=42161
2026-04-05T14:00:00.651417Z  INFO ThreadId(14) pipeline{execution_id=312c0672-bb96-4cb2-aed7-b0bd3582ed0f chain_id=1 from_address=0x8AfE43fF49EBd5c4B8Cd1497ee77b437dd1711fc}: cortex::pipeline: Pipeline started elapsed_ms=0
2026-04-05T14:00:00.651439Z  INFO ThreadId(12) pipeline{execution_id=93a63e31-ae43-46ea-bc46-b42da2a6ece1 chain_id=42161 from_address=0x8AfE43fF49EBd5c4B8Cd1497ee77b437dd1711fc}: cortex::pipeline: Pipeline started elapsed_ms=0
2026-04-05T14:00:00.651451Z  INFO ThreadId(07) pipeline{execution_id=a24600a6-281f-4536-9fd3-693fb8f15f11 chain_id=1 from_address=0xCFA80F1f22b0AD533F7d8e2CcC0A783aa4BCaFF3}: cortex::pipeline: Pipeline started elapsed_ms=0
2026-04-05T14:00:00.651483Z  INFO ThreadId(18) pipeline{execution_id=c53374c0-813a-414b-9845-448253bae0f3 chain_id=42161 from_address=0x8b172F820629b14cEAF859A6e159d1BcD3291Fe1}: cortex::pipeline: Pipeline started elapsed_ms=0
2026-04-05T14:00:00.651484Z  INFO ThreadId(11) lobby::server::handler: transaction submission accepted execution_id=f1af0057-293d-48c2-b198-942e0d787006 from=0xfea6645D31443cF7Cf96eF1dB7823EB9365f98bf chain_id=42161
2026-04-05T14:00:00.651495Z  INFO ThreadId(09) lobby::server::handler: transaction submission accepted execution_id=3c8aeaa0-c8a2-49cc-bc61-6ac9083c7337 from=0x8b172F820629b14cEAF859A6e159d1BcD3291Fe1 chain_id=137
2026-04-05T14:00:00.651513Z  INFO ThreadId(10) lobby::server::handler: transaction submission accepted execution_id=ff2e6e97-c300-4ead-a71d-ff524a8969e1 from=0xfea6645D31443cF7Cf96eF1dB7823EB9365f98bf chain_id=1
2026-04-05T14:00:00.651547Z  INFO ThreadId(18) lobby::server::handler: transaction submission accepted execution_id=387bde28-fd09-4a6b-9bc0-038aa14dab91 from=0x8b172F820629b14cEAF859A6e159d1BcD3291Fe1 chain_id=1
2026-04-05T14:00:00.651555Z  INFO ThreadId(04) pipeline{execution_id=f0875230-c88a-4789-9bae-f25f782ce9a0 chain_id=42161 from_address=0xfea6645D31443cF7Cf96eF1dB7823EB9365f98bf}: cortex::pipeline: Pipeline started elapsed_ms=0
2026-04-05T14:00:00.651628Z  INFO ThreadId(11) pipeline{execution_id=f1af0057-293d-48c2-b198-942e0d787006 chain_id=42161 from_address=0xfea6645D31443cF7Cf96eF1dB7823EB9365f98bf}: cortex::pipeline: Pipeline started elapsed_ms=0
2026-04-05T14:00:00.651646Z  INFO ThreadId(10) pipeline{execution_id=ff2e6e97-c300-4ead-a71d-ff524a8969e1 chain_id=1 from_address=0xfea6645D31443cF7Cf96eF1dB7823EB9365f98bf}: cortex::pipeline: Pipeline started elapsed_ms=0
2026-04-05T14:00:00.651647Z  INFO ThreadId(09) pipeline{execution_id=3c8aeaa0-c8a2-49cc-bc61-6ac9083c7337 chain_id=137 from_address=0x8b172F820629b14cEAF859A6e159d1BcD3291Fe1}: cortex::pipeline: Pipeline started elapsed_ms=0
2026-04-05T14:00:00.651650Z  INFO ThreadId(18) pipeline{execution_id=387bde28-fd09-4a6b-9bc0-038aa14dab91 chain_id=1 from_address=0x8b172F820629b14cEAF859A6e159d1BcD3291Fe1}: cortex::pipeline: Pipeline started elapsed_ms=0
2026-04-05T14:00:00.651689Z  INFO ThreadId(11) lobby::server::handler: transaction submission accepted execution_id=8baecf9b-4304-4407-9afb-a3e06e2a3324 from=0xfea6645D31443cF7Cf96eF1dB7823EB9365f98bf chain_id=137
2026-04-05T14:00:00.651709Z  INFO ThreadId(09) lobby::server::handler: transaction submission accepted execution_id=895bee0e-fe09-46f8-85fa-7319e9a4041e from=0x8AfE43fF49EBd5c4B8Cd1497ee77b437dd1711fc chain_id=137
2026-04-05T14:00:00.651709Z  INFO ThreadId(18) lobby::server::handler: transaction submission accepted execution_id=587b0a0b-4015-43f1-b6a9-c82d4f269cc8 from=0xfea6645D31443cF7Cf96eF1dB7823EB9365f98bf chain_id=1
2026-04-05T14:00:00.651735Z  INFO ThreadId(16) lobby::server::handler: transaction submission accepted execution_id=70aaf510-6a4a-433b-8af7-1033fad9a989 from=0x8b172F820629b14cEAF859A6e159d1BcD3291Fe1 chain_id=1
2026-04-05T14:00:00.651738Z  INFO ThreadId(07) lobby::server::handler: transaction submission accepted execution_id=7d5b7347-7254-45ae-88e0-05d6d0122d82 from=0x2EAC739a1e05F4a05a5B8fD93D332c4353E5A7cD chain_id=42161
2026-04-05T14:00:00.651738Z  INFO ThreadId(12) lobby::server::handler: transaction submission accepted execution_id=4e5b4483-deb6-4930-821c-23fd1446ddcf from=0xfea6645D31443cF7Cf96eF1dB7823EB9365f98bf chain_id=137
2026-04-05T14:00:00.651757Z  INFO ThreadId(11) pipeline{execution_id=8baecf9b-4304-4407-9afb-a3e06e2a3324 chain_id=137 from_address=0xfea6645D31443cF7Cf96eF1dB7823EB9365f98bf}: cortex::pipeline: Pipeline started elapsed_ms=0
2026-04-05T14:00:00.651762Z  INFO ThreadId(09) pipeline{execution_id=895bee0e-fe09-46f8-85fa-7319e9a4041e chain_id=137 from_address=0x8AfE43fF49EBd5c4B8Cd1497ee77b437dd1711fc}: cortex::pipeline: Pipeline started elapsed_ms=0
2026-04-05T14:00:00.651770Z  INFO ThreadId(18) pipeline{execution_id=587b0a0b-4015-43f1-b6a9-c82d4f269cc8 chain_id=1 from_address=0xfea6645D31443cF7Cf96eF1dB7823EB9365f98bf}: cortex::pipeline: Pipeline started elapsed_ms=0
2026-04-05T14:00:00.651802Z  INFO ThreadId(13) lobby::server::handler: transaction submission accepted execution_id=4cc8b74f-8abc-4287-ae8b-64e1feb5daf2 from=0xfea6645D31443cF7Cf96eF1dB7823EB9365f98bf chain_id=42161
2026-04-05T14:00:00.651811Z  INFO ThreadId(16) pipeline{execution_id=70aaf510-6a4a-433b-8af7-1033fad9a989 chain_id=1 from_address=0x8b172F820629b14cEAF859A6e159d1BcD3291Fe1}: cortex::pipeline: Pipeline started elapsed_ms=0
2026-04-05T14:00:00.651802Z  INFO ThreadId(04) lobby::server::handler: transaction submission accepted execution_id=70917f59-0420-4e0e-9248-f1ee814036b0 from=0x2EAC739a1e05F4a05a5B8fD93D332c4353E5A7cD chain_id=1
2026-04-05T14:00:00.651801Z  INFO ThreadId(08) lobby::server::handler: transaction submission accepted execution_id=c64c1eee-0a9a-4d3a-ac82-2d48b0c9b0de from=0xfea6645D31443cF7Cf96eF1dB7823EB9365f98bf chain_id=42161
2026-04-05T14:00:00.651889Z  INFO ThreadId(03) lobby::server::handler: transaction submission accepted execution_id=36c376af-1822-4488-9ea1-8c96d3479550 from=0x2EAC739a1e05F4a05a5B8fD93D332c4353E5A7cD chain_id=1
2026-04-05T14:00:00.651910Z  INFO ThreadId(15) lobby::server::handler: transaction submission accepted execution_id=33a60981-13a3-46a3-82da-11a8f1b4320d from=0x8AfE43fF49EBd5c4B8Cd1497ee77b437dd1711fc chain_id=1
2026-04-05T14:00:00.652019Z  INFO ThreadId(10) lobby::server::handler: transaction submission accepted execution_id=b8ae9c86-ea96-427e-bdbf-0465616f497c from=0x8b172F820629b14cEAF859A6e159d1BcD3291Fe1 chain_id=1
2026-04-05T14:00:00.652027Z  INFO ThreadId(17) lobby::server::handler: transaction submission accepted execution_id=ddbc5374-e080-4513-99aa-36d67ba5f4a1 from=0xfea6645D31443cF7Cf96eF1dB7823EB9365f98bf chain_id=1
2026-04-05T14:00:00.686826Z  INFO ThreadId(07) pipeline{execution_id=7d5b7347-7254-45ae-88e0-05d6d0122d82 chain_id=42161 from_address=0x2EAC739a1e05F4a05a5B8fD93D332c4353E5A7cD}: cortex::pipeline: Pipeline started elapsed_ms=0
2026-04-05T14:00:00.686826Z  INFO ThreadId(12) pipeline{execution_id=4e5b4483-deb6-4930-821c-23fd1446ddcf chain_id=137 from_address=0xfea6645D31443cF7Cf96eF1dB7823EB9365f98bf}: cortex::pipeline: Pipeline started elapsed_ms=0
2026-04-05T14:00:00.686858Z  INFO ThreadId(18) lobby::server::handler: transaction submission accepted execution_id=3015f0bd-bed2-49f4-8048-1d64c0eb857b from=0x8b172F820629b14cEAF859A6e159d1BcD3291Fe1 chain_id=137
2026-04-05T14:00:00.686858Z  INFO ThreadId(09) lobby::server::handler: transaction submission accepted execution_id=34cb1d54-2c84-4c9f-a022-6670cdcc9db0 from=0x8b172F820629b14cEAF859A6e159d1BcD3291Fe1 chain_id=137
2026-04-05T14:00:00.686894Z  INFO ThreadId(13) pipeline{execution_id=4cc8b74f-8abc-4287-ae8b-64e1feb5daf2 chain_id=42161 from_address=0xfea6645D31443cF7Cf96eF1dB7823EB9365f98bf}: cortex::pipeline: Pipeline started elapsed_ms=0
2026-04-05T14:00:00.686979Z  INFO ThreadId(07) lobby::server::handler: transaction submission accepted execution_id=825fbba0-bc27-427c-a75f-fc15409d079a from=0x2EAC739a1e05F4a05a5B8fD93D332c4353E5A7cD chain_id=42161
2026-04-05T14:00:00.687015Z  INFO ThreadId(04) pipeline{execution_id=70917f59-0420-4e0e-9248-f1ee814036b0 chain_id=1 from_address=0x2EAC739a1e05F4a05a5B8fD93D332c4353E5A7cD}: cortex::pipeline: Pipeline started elapsed_ms=0
2026-04-05T14:00:00.687019Z  INFO ThreadId(18) pipeline{execution_id=3015f0bd-bed2-49f4-8048-1d64c0eb857b chain_id=137 from_address=0x8b172F820629b14cEAF859A6e159d1BcD3291Fe1}: cortex::pipeline: Pipeline started elapsed_ms=0
2026-04-05T14:00:00.687054Z  INFO ThreadId(05) pipeline{execution_id=bb804287-1085-43f2-a01a-7209518aa466 chain_id=1 from_address=0xfea6645D31443cF7Cf96eF1dB7823EB9365f98bf}: cortex::pipeline: Pipeline started elapsed_ms=0
2026-04-05T14:00:00.687057Z  INFO ThreadId(11) lobby::server::handler: transaction submission accepted execution_id=d5a29b7f-165b-4586-995a-c63e72fa90a6 from=0xfea6645D31443cF7Cf96eF1dB7823EB9365f98bf chain_id=1
2026-04-05T14:00:00.687083Z  INFO ThreadId(09) pipeline{execution_id=34cb1d54-2c84-4c9f-a022-6670cdcc9db0 chain_id=137 from_address=0x8b172F820629b14cEAF859A6e159d1BcD3291Fe1}: cortex::pipeline: Pipeline started elapsed_ms=0
2026-04-05T14:00:00.687098Z  INFO ThreadId(07) pipeline{execution_id=825fbba0-bc27-427c-a75f-fc15409d079a chain_id=42161 from_address=0x2EAC739a1e05F4a05a5B8fD93D332c4353E5A7cD}: cortex::pipeline: Pipeline started elapsed_ms=0
2026-04-05T14:00:00.687104Z  INFO ThreadId(06) pipeline{execution_id=1ed83437-f2fb-45f2-aee0-4891e1893fea chain_id=42161 from_address=0x8AfE43fF49EBd5c4B8Cd1497ee77b437dd1711fc}: cortex::pipeline: Pipeline started elapsed_ms=0
2026-04-05T14:00:00.687158Z  INFO ThreadId(18) lobby::server::handler: transaction submission accepted execution_id=7e0301cc-15b8-4202-b91c-c339f4b50cf6 from=0x8AfE43fF49EBd5c4B8Cd1497ee77b437dd1711fc chain_id=1
2026-04-05T14:00:00.687162Z  INFO ThreadId(04) lobby::server::handler: transaction submission accepted execution_id=3859280f-5f03-4599-96fd-eba9f34b6fee from=0xCFA80F1f22b0AD533F7d8e2CcC0A783aa4BCaFF3 chain_id=1
2026-04-05T14:00:00.687173Z  INFO ThreadId(11) pipeline{execution_id=d5a29b7f-165b-4586-995a-c63e72fa90a6 chain_id=1 from_address=0xfea6645D31443cF7Cf96eF1dB7823EB9365f98bf}: cortex::pipeline: Pipeline started elapsed_ms=0
2026-04-05T14:00:00.687176Z  INFO ThreadId(13) lobby::server::handler: transaction submission accepted execution_id=28ea10f0-5cbf-40ff-ae9a-46f7f9790bbc from=0xCFA80F1f22b0AD533F7d8e2CcC0A783aa4BCaFF3 chain_id=137
2026-04-05T14:00:00.687245Z  INFO ThreadId(12) lobby::server::handler: transaction submission accepted execution_id=db5b4de8-fe18-4374-8155-a9e1cc83d8ec from=0xfea6645D31443cF7Cf96eF1dB7823EB9365f98bf chain_id=137
2026-04-05T14:00:00.687290Z  INFO ThreadId(07) lobby::server::handler: transaction submission accepted execution_id=9a6e9a04-a65b-4228-9d43-eb74f3515140 from=0xCFA80F1f22b0AD533F7d8e2CcC0A783aa4BCaFF3 chain_id=1
2026-04-05T14:00:00.687292Z  INFO ThreadId(03) pipeline{execution_id=36c376af-1822-4488-9ea1-8c96d3479550 chain_id=1 from_address=0x2EAC739a1e05F4a05a5B8fD93D332c4353E5A7cD}: cortex::pipeline: Pipeline started elapsed_ms=0
2026-04-05T14:00:00.687290Z  INFO ThreadId(16) lobby::server::handler: transaction submission accepted execution_id=e11badae-a020-423d-9f7c-d397bbff6a2e from=0x2EAC739a1e05F4a05a5B8fD93D332c4353E5A7cD chain_id=42161
2026-04-05T14:00:00.687303Z  INFO ThreadId(18) pipeline{execution_id=7e0301cc-15b8-4202-b91c-c339f4b50cf6 chain_id=1 from_address=0x8AfE43fF49EBd5c4B8Cd1497ee77b437dd1711fc}: cortex::pipeline: Pipeline started elapsed_ms=0
2026-04-05T14:00:00.687332Z  INFO ThreadId(11) lobby::server::handler: transaction submission accepted execution_id=ac0702ab-086d-41e5-828d-78238ec557cd from=0x8AfE43fF49EBd5c4B8Cd1497ee77b437dd1711fc chain_id=1
2026-04-05T14:00:00.687347Z  INFO ThreadId(06) lobby::server::handler: transaction submission accepted execution_id=301eee6d-577a-475d-8f3a-d8f28d78dd02 from=0xCFA80F1f22b0AD533F7d8e2CcC0A783aa4BCaFF3 chain_id=1
2026-04-05T14:00:00.687356Z  INFO ThreadId(04) pipeline{execution_id=3859280f-5f03-4599-96fd-eba9f34b6fee chain_id=1 from_address=0xCFA80F1f22b0AD533F7d8e2CcC0A783aa4BCaFF3}: cortex::pipeline: Pipeline started elapsed_ms=0
2026-04-05T14:00:00.687384Z  INFO ThreadId(07) pipeline{execution_id=9a6e9a04-a65b-4228-9d43-eb74f3515140 chain_id=1 from_address=0xCFA80F1f22b0AD533F7d8e2CcC0A783aa4BCaFF3}: cortex::pipeline: Pipeline started elapsed_ms=0
2026-04-05T14:00:00.687383Z  INFO ThreadId(13) pipeline{execution_id=28ea10f0-5cbf-40ff-ae9a-46f7f9790bbc chain_id=137 from_address=0xCFA80F1f22b0AD533F7d8e2CcC0A783aa4BCaFF3}: cortex::pipeline: Pipeline started elapsed_ms=0
2026-04-05T14:00:00.687387Z  INFO ThreadId(15) pipeline{execution_id=33a60981-13a3-46a3-82da-11a8f1b4320d chain_id=1 from_address=0x8AfE43fF49EBd5c4B8Cd1497ee77b437dd1711fc}: cortex::pipeline: Pipeline started elapsed_ms=0
2026-04-05T14:00:00.687399Z  INFO ThreadId(06) pipeline{execution_id=301eee6d-577a-475d-8f3a-d8f28d78dd02 chain_id=1 from_address=0xCFA80F1f22b0AD533F7d8e2CcC0A783aa4BCaFF3}: cortex::pipeline: Pipeline started elapsed_ms=0
2026-04-05T14:00:00.687409Z  INFO ThreadId(10) pipeline{execution_id=b8ae9c86-ea96-427e-bdbf-0465616f497c chain_id=1 from_address=0x8b172F820629b14cEAF859A6e159d1BcD3291Fe1}: cortex::pipeline: Pipeline started elapsed_ms=0
2026-04-05T14:00:00.687421Z  INFO ThreadId(04) lobby::server::handler: transaction submission accepted execution_id=a8a24b1e-b8ef-4ff7-a9c4-b405a39b7c93 from=0xCFA80F1f22b0AD533F7d8e2CcC0A783aa4BCaFF3 chain_id=42161
2026-04-05T14:00:00.687431Z  INFO ThreadId(08) pipeline{execution_id=c64c1eee-0a9a-4d3a-ac82-2d48b0c9b0de chain_id=42161 from_address=0xfea6645D31443cF7Cf96eF1dB7823EB9365f98bf}: cortex::pipeline: Pipeline started elapsed_ms=0
2026-04-05T14:00:00.687474Z  INFO ThreadId(04) pipeline{execution_id=a8a24b1e-b8ef-4ff7-a9c4-b405a39b7c93 chain_id=42161 from_address=0xCFA80F1f22b0AD533F7d8e2CcC0A783aa4BCaFF3}: cortex::pipeline: Pipeline started elapsed_ms=0
2026-04-05T14:00:00.687477Z  INFO ThreadId(08) lobby::server::handler: transaction submission accepted execution_id=80530157-d822-42bd-ae5d-4447ecd63158 from=0x2EAC739a1e05F4a05a5B8fD93D332c4353E5A7cD chain_id=137
2026-04-05T14:00:00.687486Z  INFO ThreadId(11) pipeline{execution_id=ac0702ab-086d-41e5-828d-78238ec557cd chain_id=1 from_address=0x8AfE43fF49EBd5c4B8Cd1497ee77b437dd1711fc}: cortex::pipeline: Pipeline started elapsed_ms=0
2026-04-05T14:00:00.687498Z  INFO ThreadId(12) pipeline{execution_id=db5b4de8-fe18-4374-8155-a9e1cc83d8ec chain_id=137 from_address=0xfea6645D31443cF7Cf96eF1dB7823EB9365f98bf}: cortex::pipeline: Pipeline started elapsed_ms=0
2026-04-05T14:00:00.687159Z  INFO ThreadId(05) lobby::server::handler: transaction submission accepted execution_id=ae102608-4cb8-404b-840a-b940eee78f8b from=0x8AfE43fF49EBd5c4B8Cd1497ee77b437dd1711fc chain_id=1
2026-04-05T14:00:00.687477Z  INFO ThreadId(03) lobby::server::handler: transaction submission accepted execution_id=b8541bbb-6b5a-4b15-9638-ccc40cedc8f4 from=0x8b172F820629b14cEAF859A6e159d1BcD3291Fe1 chain_id=42161
2026-04-05T14:00:00.687503Z  INFO ThreadId(17) pipeline{execution_id=ddbc5374-e080-4513-99aa-36d67ba5f4a1 chain_id=1 from_address=0xfea6645D31443cF7Cf96eF1dB7823EB9365f98bf}: cortex::pipeline: Pipeline started elapsed_ms=0
2026-04-05T14:00:00.687546Z  INFO ThreadId(08) pipeline{execution_id=80530157-d822-42bd-ae5d-4447ecd63158 chain_id=137 from_address=0x2EAC739a1e05F4a05a5B8fD93D332c4353E5A7cD}: cortex::pipeline: Pipeline started elapsed_ms=0
2026-04-05T14:00:00.687574Z  INFO ThreadId(03) pipeline{execution_id=b8541bbb-6b5a-4b15-9638-ccc40cedc8f4 chain_id=42161 from_address=0x8b172F820629b14cEAF859A6e159d1BcD3291Fe1}: cortex::pipeline: Pipeline started elapsed_ms=0
2026-04-05T14:00:00.687576Z  INFO ThreadId(12) lobby::server::handler: transaction submission accepted execution_id=a92de872-ba64-4229-8296-31b0a0e2bdd4 from=0xfea6645D31443cF7Cf96eF1dB7823EB9365f98bf chain_id=1
2026-04-05T14:00:00.687590Z  INFO ThreadId(08) lobby::server::handler: transaction submission accepted execution_id=39f23930-4d2a-45b9-bd28-e472627dbc3c from=0x8AfE43fF49EBd5c4B8Cd1497ee77b437dd1711fc chain_id=137
2026-04-05T14:00:00.687591Z  INFO ThreadId(09) lobby::server::handler: transaction submission accepted execution_id=2044a8d3-cf05-4b53-b18e-f0c3c1ba54f7 from=0xfea6645D31443cF7Cf96eF1dB7823EB9365f98bf chain_id=1
2026-04-05T14:00:00.687615Z  INFO ThreadId(03) lobby::server::handler: transaction submission accepted execution_id=54b980c7-851a-4ea1-a639-50157527ab65 from=0x8AfE43fF49EBd5c4B8Cd1497ee77b437dd1711fc chain_id=137
2026-04-05T14:00:00.687614Z  INFO ThreadId(14) lobby::server::handler: transaction submission accepted execution_id=57a7f72d-d0f9-425d-ba2b-05ebe8265739 from=0x8b172F820629b14cEAF859A6e159d1BcD3291Fe1 chain_id=1
2026-04-05T14:00:00.687628Z  INFO ThreadId(12) pipeline{execution_id=a92de872-ba64-4229-8296-31b0a0e2bdd4 chain_id=1 from_address=0xfea6645D31443cF7Cf96eF1dB7823EB9365f98bf}: cortex::pipeline: Pipeline started elapsed_ms=0
2026-04-05T14:00:00.687634Z  INFO ThreadId(05) pipeline{execution_id=ae102608-4cb8-404b-840a-b940eee78f8b chain_id=1 from_address=0x8AfE43fF49EBd5c4B8Cd1497ee77b437dd1711fc}: cortex::pipeline: Pipeline started elapsed_ms=0
2026-04-05T14:00:00.687643Z  INFO ThreadId(08) pipeline{execution_id=39f23930-4d2a-45b9-bd28-e472627dbc3c chain_id=137 from_address=0x8AfE43fF49EBd5c4B8Cd1497ee77b437dd1711fc}: cortex::pipeline: Pipeline started elapsed_ms=0
2026-04-05T14:00:00.687635Z  INFO ThreadId(13) lobby::server::handler: transaction submission accepted execution_id=f9a6c115-5d7d-4ce1-95bd-6a8e1bf5cd11 from=0x2EAC739a1e05F4a05a5B8fD93D332c4353E5A7cD chain_id=137
2026-04-05T14:00:00.687664Z  INFO ThreadId(03) pipeline{execution_id=54b980c7-851a-4ea1-a639-50157527ab65 chain_id=137 from_address=0x8AfE43fF49EBd5c4B8Cd1497ee77b437dd1711fc}: cortex::pipeline: Pipeline started elapsed_ms=0
2026-04-05T14:00:00.687704Z  INFO ThreadId(14) pipeline{execution_id=57a7f72d-d0f9-425d-ba2b-05ebe8265739 chain_id=1 from_address=0x8b172F820629b14cEAF859A6e159d1BcD3291Fe1}: cortex::pipeline: Pipeline started elapsed_ms=0
2026-04-05T14:00:00.687715Z  INFO ThreadId(08) lobby::server::handler: transaction submission accepted execution_id=6b72da58-c522-4ad0-8eda-ce0d35b863df from=0xfea6645D31443cF7Cf96eF1dB7823EB9365f98bf chain_id=42161
2026-04-05T14:00:00.687714Z  INFO ThreadId(09) pipeline{execution_id=2044a8d3-cf05-4b53-b18e-f0c3c1ba54f7 chain_id=1 from_address=0xfea6645D31443cF7Cf96eF1dB7823EB9365f98bf}: cortex::pipeline: Pipeline started elapsed_ms=0
2026-04-05T14:00:00.687727Z  INFO ThreadId(03) lobby::server::handler: transaction submission accepted execution_id=b8a54934-4c8e-439b-9886-ca5dc98f9bfe from=0x8b172F820629b14cEAF859A6e159d1BcD3291Fe1 chain_id=1
2026-04-05T14:00:00.687731Z  INFO ThreadId(11) lobby::server::handler: transaction submission accepted execution_id=7a51220f-fce5-4885-8a4e-941f43fb53cf from=0x8b172F820629b14cEAF859A6e159d1BcD3291Fe1 chain_id=42161
2026-04-05T14:00:00.687744Z  INFO ThreadId(13) pipeline{execution_id=f9a6c115-5d7d-4ce1-95bd-6a8e1bf5cd11 chain_id=137 from_address=0x2EAC739a1e05F4a05a5B8fD93D332c4353E5A7cD}: cortex::pipeline: Pipeline started elapsed_ms=0
2026-04-05T14:00:00.687777Z  INFO ThreadId(08) pipeline{execution_id=6b72da58-c522-4ad0-8eda-ce0d35b863df chain_id=42161 from_address=0xfea6645D31443cF7Cf96eF1dB7823EB9365f98bf}: cortex::pipeline: Pipeline started elapsed_ms=0
2026-04-05T14:00:00.687798Z  INFO ThreadId(11) pipeline{execution_id=7a51220f-fce5-4885-8a4e-941f43fb53cf chain_id=42161 from_address=0x8b172F820629b14cEAF859A6e159d1BcD3291Fe1}: cortex::pipeline: Pipeline started elapsed_ms=0
2026-04-05T14:00:00.687833Z  INFO ThreadId(08) lobby::server::handler: transaction submission accepted execution_id=65c59b8d-44bb-4188-9b90-9608d13b0b2f from=0x8b172F820629b14cEAF859A6e159d1BcD3291Fe1 chain_id=137
2026-04-05T14:00:00.687881Z  INFO ThreadId(13) lobby::server::handler: transaction submission accepted execution_id=11f81e8e-1c2f-4422-9444-d0eb6e0e9c68 from=0xfea6645D31443cF7Cf96eF1dB7823EB9365f98bf chain_id=42161
2026-04-05T14:00:00.687888Z  INFO ThreadId(08) pipeline{execution_id=65c59b8d-44bb-4188-9b90-9608d13b0b2f chain_id=137 from_address=0x8b172F820629b14cEAF859A6e159d1BcD3291Fe1}: cortex::pipeline: Pipeline started elapsed_ms=0
2026-04-05T14:00:00.687936Z  INFO ThreadId(03) pipeline{execution_id=b8a54934-4c8e-439b-9886-ca5dc98f9bfe chain_id=1 from_address=0x8b172F820629b14cEAF859A6e159d1BcD3291Fe1}: cortex::pipeline: Pipeline started elapsed_ms=0
2026-04-05T14:00:00.687971Z  INFO ThreadId(16) pipeline{execution_id=e11badae-a020-423d-9f7c-d397bbff6a2e chain_id=42161 from_address=0x2EAC739a1e05F4a05a5B8fD93D332c4353E5A7cD}: cortex::pipeline: Pipeline started elapsed_ms=0
2026-04-05T14:00:00.688025Z  INFO ThreadId(07) lobby::server::handler: transaction submission accepted execution_id=b35babbf-3091-4dc1-b038-749beb7dcbff from=0x2EAC739a1e05F4a05a5B8fD93D332c4353E5A7cD chain_id=42161
2026-04-05T14:00:00.688082Z  INFO ThreadId(09) lobby::server::handler: transaction submission accepted execution_id=77659023-ec27-44f0-8a56-ec5f841ffbe1 from=0xCFA80F1f22b0AD533F7d8e2CcC0A783aa4BCaFF3 chain_id=137
2026-04-05T14:00:00.688156Z  INFO ThreadId(14) lobby::server::handler: transaction submission accepted execution_id=1c80fd56-a4dd-44ac-ac86-9db883d0a65f from=0xfea6645D31443cF7Cf96eF1dB7823EB9365f98bf chain_id=1
2026-04-05T14:00:00.688168Z  INFO ThreadId(04) lobby::server::handler: transaction submission accepted execution_id=4c9ff9b1-dfb2-42e1-b454-880d048bbcc1 from=0x8b172F820629b14cEAF859A6e159d1BcD3291Fe1 chain_id=137
2026-04-05T14:00:00.688178Z  INFO ThreadId(11) lobby::server::handler: transaction submission accepted execution_id=0beaed81-766b-412d-aa5b-2a5d5ad4e180 from=0xfea6645D31443cF7Cf96eF1dB7823EB9365f98bf chain_id=42161
2026-04-05T14:00:00.688188Z  INFO ThreadId(08) lobby::server::handler: transaction submission accepted execution_id=2f48c43c-6093-4737-91ca-9d14623fbd52 from=0xfea6645D31443cF7Cf96eF1dB7823EB9365f98bf chain_id=42161
2026-04-05T14:00:00.688223Z  INFO ThreadId(14) pipeline{execution_id=1c80fd56-a4dd-44ac-ac86-9db883d0a65f chain_id=1 from_address=0xfea6645D31443cF7Cf96eF1dB7823EB9365f98bf}: cortex::pipeline: Pipeline started elapsed_ms=0
2026-04-05T14:00:00.688240Z  INFO ThreadId(06) lobby::server::handler: transaction submission accepted execution_id=3082feb4-6b73-4485-9603-99df8280a55a from=0xfea6645D31443cF7Cf96eF1dB7823EB9365f98bf chain_id=1
2026-04-05T14:00:00.688240Z  INFO ThreadId(15) lobby::server::handler: transaction submission accepted execution_id=d69bfa67-7bed-42e0-9217-8c35a5f0a676 from=0xfea6645D31443cF7Cf96eF1dB7823EB9365f98bf chain_id=1
2026-04-05T14:00:00.688246Z  INFO ThreadId(11) pipeline{execution_id=0beaed81-766b-412d-aa5b-2a5d5ad4e180 chain_id=42161 from_address=0xfea6645D31443cF7Cf96eF1dB7823EB9365f98bf}: cortex::pipeline: Pipeline started elapsed_ms=0
2026-04-05T14:00:00.688250Z  INFO ThreadId(08) pipeline{execution_id=2f48c43c-6093-4737-91ca-9d14623fbd52 chain_id=42161 from_address=0xfea6645D31443cF7Cf96eF1dB7823EB9365f98bf}: cortex::pipeline: Pipeline started elapsed_ms=0
2026-04-05T14:00:00.688253Z  INFO ThreadId(13) pipeline{execution_id=11f81e8e-1c2f-4422-9444-d0eb6e0e9c68 chain_id=42161 from_address=0xfea6645D31443cF7Cf96eF1dB7823EB9365f98bf}: cortex::pipeline: Pipeline started elapsed_ms=0
2026-04-05T14:00:00.688296Z  INFO ThreadId(08) lobby::server::handler: transaction submission accepted execution_id=516eff3b-09d6-4cab-a45a-380e1438e2fd from=0x8b172F820629b14cEAF859A6e159d1BcD3291Fe1 chain_id=1
2026-04-05T14:00:00.688316Z  INFO ThreadId(15) pipeline{execution_id=d69bfa67-7bed-42e0-9217-8c35a5f0a676 chain_id=1 from_address=0xfea6645D31443cF7Cf96eF1dB7823EB9365f98bf}: cortex::pipeline: Pipeline started elapsed_ms=0
2026-04-05T14:00:00.688331Z  INFO ThreadId(16) lobby::server::handler: transaction submission accepted execution_id=d3c7681d-9222-45a9-84eb-84086c477cd8 from=0x8b172F820629b14cEAF859A6e159d1BcD3291Fe1 chain_id=137
2026-04-05T14:00:00.688332Z  INFO ThreadId(10) lobby::server::handler: transaction submission accepted execution_id=7587030c-4d42-450e-8606-9f0096ff5b51 from=0x2EAC739a1e05F4a05a5B8fD93D332c4353E5A7cD chain_id=1
2026-04-05T14:00:00.688354Z  INFO ThreadId(11) lobby::server::handler: transaction submission accepted execution_id=66487daa-5e90-4bb1-be88-3f194ff740af from=0x8b172F820629b14cEAF859A6e159d1BcD3291Fe1 chain_id=42161
2026-04-05T14:00:00.688365Z  INFO ThreadId(15) lobby::server::handler: transaction submission accepted execution_id=0a8e87ed-06e4-4f0d-b3d6-6b472462936b from=0x2EAC739a1e05F4a05a5B8fD93D332c4353E5A7cD chain_id=42161
2026-04-05T14:00:00.688894Z  INFO ThreadId(10) pipeline{execution_id=7587030c-4d42-450e-8606-9f0096ff5b51 chain_id=1 from_address=0x2EAC739a1e05F4a05a5B8fD93D332c4353E5A7cD}: cortex::pipeline: Pipeline started elapsed_ms=0
2026-04-05T14:00:00.688920Z  INFO ThreadId(11) pipeline{execution_id=66487daa-5e90-4bb1-be88-3f194ff740af chain_id=42161 from_address=0x8b172F820629b14cEAF859A6e159d1BcD3291Fe1}: cortex::pipeline: Pipeline started elapsed_ms=0
2026-04-05T14:00:00.688936Z  INFO ThreadId(15) pipeline{execution_id=0a8e87ed-06e4-4f0d-b3d6-6b472462936b chain_id=42161 from_address=0x2EAC739a1e05F4a05a5B8fD93D332c4353E5A7cD}: cortex::pipeline: Pipeline started elapsed_ms=0
2026-04-05T14:00:00.688999Z  INFO ThreadId(17) lobby::server::handler: transaction submission accepted execution_id=9d6eb08d-581e-4e1d-8539-507d93efca57 from=0x8b172F820629b14cEAF859A6e159d1BcD3291Fe1 chain_id=42161
2026-04-05T14:00:00.689036Z  INFO ThreadId(15) lobby::server::handler: transaction submission accepted execution_id=a86f28b7-f328-42f4-89a5-377cf9c2bde5 from=0x2EAC739a1e05F4a05a5B8fD93D332c4353E5A7cD chain_id=1
2026-04-05T14:00:00.689040Z  INFO ThreadId(11) lobby::server::handler: transaction submission accepted execution_id=0e80f78c-a63c-4db8-97c2-713639fb1958 from=0x8AfE43fF49EBd5c4B8Cd1497ee77b437dd1711fc chain_id=1
2026-04-05T14:00:00.689070Z  INFO ThreadId(17) pipeline{execution_id=9d6eb08d-581e-4e1d-8539-507d93efca57 chain_id=42161 from_address=0x8b172F820629b14cEAF859A6e159d1BcD3291Fe1}: cortex::pipeline: Pipeline started elapsed_ms=0
2026-04-05T14:00:00.689092Z  INFO ThreadId(15) pipeline{execution_id=a86f28b7-f328-42f4-89a5-377cf9c2bde5 chain_id=1 from_address=0x2EAC739a1e05F4a05a5B8fD93D332c4353E5A7cD}: cortex::pipeline: Pipeline started elapsed_ms=0
2026-04-05T14:00:00.689097Z  INFO ThreadId(11) pipeline{execution_id=0e80f78c-a63c-4db8-97c2-713639fb1958 chain_id=1 from_address=0x8AfE43fF49EBd5c4B8Cd1497ee77b437dd1711fc}: cortex::pipeline: Pipeline started elapsed_ms=0
2026-04-05T14:00:00.689147Z  INFO ThreadId(15) lobby::server::handler: transaction submission accepted execution_id=07a7d90c-dced-4cbf-9f96-4819837e73dd from=0x8AfE43fF49EBd5c4B8Cd1497ee77b437dd1711fc chain_id=1
2026-04-05T14:00:00.689147Z  INFO ThreadId(11) lobby::server::handler: transaction submission accepted execution_id=28f07d27-891e-4937-90dc-9e5494ed7300 from=0x2EAC739a1e05F4a05a5B8fD93D332c4353E5A7cD chain_id=1
2026-04-05T14:00:00.688367Z  INFO ThreadId(08) pipeline{execution_id=516eff3b-09d6-4cab-a45a-380e1438e2fd chain_id=1 from_address=0x8b172F820629b14cEAF859A6e159d1BcD3291Fe1}: cortex::pipeline: Pipeline started elapsed_ms=0
2026-04-05T14:00:00.689222Z  INFO ThreadId(15) pipeline{execution_id=07a7d90c-dced-4cbf-9f96-4819837e73dd chain_id=1 from_address=0x8AfE43fF49EBd5c4B8Cd1497ee77b437dd1711fc}: cortex::pipeline: Pipeline started elapsed_ms=0
2026-04-05T14:00:00.689232Z  INFO ThreadId(11) pipeline{execution_id=28f07d27-891e-4937-90dc-9e5494ed7300 chain_id=1 from_address=0x2EAC739a1e05F4a05a5B8fD93D332c4353E5A7cD}: cortex::pipeline: Pipeline started elapsed_ms=0
2026-04-05T14:00:00.688386Z  INFO ThreadId(16) pipeline{execution_id=d3c7681d-9222-45a9-84eb-84086c477cd8 chain_id=137 from_address=0x8b172F820629b14cEAF859A6e159d1BcD3291Fe1}: cortex::pipeline: Pipeline started elapsed_ms=0
2026-04-05T14:00:00.688427Z  INFO ThreadId(03) lobby::server::handler: transaction submission accepted execution_id=97acf846-2f32-4867-be34-bc3b3716cca7 from=0x8b172F820629b14cEAF859A6e159d1BcD3291Fe1 chain_id=137
2026-04-05T14:00:00.688447Z  INFO ThreadId(07) pipeline{execution_id=b35babbf-3091-4dc1-b038-749beb7dcbff chain_id=42161 from_address=0x2EAC739a1e05F4a05a5B8fD93D332c4353E5A7cD}: cortex::pipeline: Pipeline started elapsed_ms=0
2026-04-05T14:00:00.688474Z  INFO ThreadId(13) lobby::server::handler: transaction submission accepted execution_id=eafc8d9b-bb3d-4151-bdb3-c5f4ac51913f from=0x8AfE43fF49EBd5c4B8Cd1497ee77b437dd1711fc chain_id=1
2026-04-05T14:00:00.688514Z  INFO ThreadId(18) lobby::server::handler: transaction submission accepted execution_id=bd59897c-244e-4a91-b099-5c815a5767b4 from=0x8b172F820629b14cEAF859A6e159d1BcD3291Fe1 chain_id=1
2026-04-05T14:00:00.689358Z  INFO ThreadId(11) lobby::server::handler: transaction submission accepted execution_id=d5e6c52a-1b81-4076-b506-eb0ea2fde54f from=0x8b172F820629b14cEAF859A6e159d1BcD3291Fe1 chain_id=1
2026-04-05T14:00:00.689358Z  INFO ThreadId(17) lobby::server::handler: transaction submission accepted execution_id=93138c1c-e415-4b0d-859f-760cb0d44f3f from=0x8AfE43fF49EBd5c4B8Cd1497ee77b437dd1711fc chain_id=137
2026-04-05T14:00:00.689368Z  INFO ThreadId(03) pipeline{execution_id=97acf846-2f32-4867-be34-bc3b3716cca7 chain_id=137 from_address=0x8b172F820629b14cEAF859A6e159d1BcD3291Fe1}: cortex::pipeline: Pipeline started elapsed_ms=0
2026-04-05T14:00:00.689367Z  INFO ThreadId(08) lobby::server::handler: transaction submission accepted execution_id=8eca538a-c55e-4f03-a681-e2c41f74ac90 from=0xCFA80F1f22b0AD533F7d8e2CcC0A783aa4BCaFF3 chain_id=42161
2026-04-05T14:00:00.689408Z  INFO ThreadId(15) lobby::server::handler: transaction submission accepted execution_id=8b642ef3-faa8-413e-a8db-3004e6453631 from=0xfea6645D31443cF7Cf96eF1dB7823EB9365f98bf chain_id=137
2026-04-05T14:00:00.689414Z  INFO ThreadId(18) pipeline{execution_id=bd59897c-244e-4a91-b099-5c815a5767b4 chain_id=1 from_address=0x8b172F820629b14cEAF859A6e159d1BcD3291Fe1}: cortex::pipeline: Pipeline started elapsed_ms=0
2026-04-05T14:00:00.689421Z  INFO ThreadId(17) pipeline{execution_id=93138c1c-e415-4b0d-859f-760cb0d44f3f chain_id=137 from_address=0x8AfE43fF49EBd5c4B8Cd1497ee77b437dd1711fc}: cortex::pipeline: Pipeline started elapsed_ms=0
2026-04-05T14:00:00.689424Z  INFO ThreadId(11) pipeline{execution_id=d5e6c52a-1b81-4076-b506-eb0ea2fde54f chain_id=1 from_address=0x8b172F820629b14cEAF859A6e159d1BcD3291Fe1}: cortex::pipeline: Pipeline started elapsed_ms=0
2026-04-05T14:00:00.689437Z  INFO ThreadId(08) pipeline{execution_id=8eca538a-c55e-4f03-a681-e2c41f74ac90 chain_id=42161 from_address=0xCFA80F1f22b0AD533F7d8e2CcC0A783aa4BCaFF3}: cortex::pipeline: Pipeline started elapsed_ms=0
2026-04-05T14:00:00.689441Z  INFO ThreadId(16) lobby::server::handler: transaction submission accepted execution_id=baad1194-ca07-4863-b4e1-a2e3f2b449af from=0xCFA80F1f22b0AD533F7d8e2CcC0A783aa4BCaFF3 chain_id=42161
2026-04-05T14:00:00.689451Z  INFO ThreadId(03) lobby::server::handler: transaction submission accepted execution_id=ea844934-ea8f-4cdd-83cb-0483b96e0916 from=0x2EAC739a1e05F4a05a5B8fD93D332c4353E5A7cD chain_id=137
2026-04-05T14:00:00.689456Z  INFO ThreadId(13) pipeline{execution_id=eafc8d9b-bb3d-4151-bdb3-c5f4ac51913f chain_id=1 from_address=0x8AfE43fF49EBd5c4B8Cd1497ee77b437dd1711fc}: cortex::pipeline: Pipeline started elapsed_ms=0
2026-04-05T14:00:00.689473Z  INFO ThreadId(11) lobby::server::handler: transaction submission accepted execution_id=f4088bf1-516e-4edd-b42a-c665664002f0 from=0xCFA80F1f22b0AD533F7d8e2CcC0A783aa4BCaFF3 chain_id=137
2026-04-05T14:00:00.689480Z  INFO ThreadId(15) pipeline{execution_id=8b642ef3-faa8-413e-a8db-3004e6453631 chain_id=137 from_address=0xfea6645D31443cF7Cf96eF1dB7823EB9365f98bf}: cortex::pipeline: Pipeline started elapsed_ms=0
2026-04-05T14:00:00.689501Z  INFO ThreadId(18) lobby::server::handler: transaction submission accepted execution_id=d235f17b-aae8-42d4-ae2b-9c92d3820c37 from=0x2EAC739a1e05F4a05a5B8fD93D332c4353E5A7cD chain_id=1
2026-04-05T14:00:00.689513Z  INFO ThreadId(16) pipeline{execution_id=baad1194-ca07-4863-b4e1-a2e3f2b449af chain_id=42161 from_address=0xCFA80F1f22b0AD533F7d8e2CcC0A783aa4BCaFF3}: cortex::pipeline: Pipeline started elapsed_ms=0
2026-04-05T14:00:00.689518Z  INFO ThreadId(03) pipeline{execution_id=ea844934-ea8f-4cdd-83cb-0483b96e0916 chain_id=137 from_address=0x2EAC739a1e05F4a05a5B8fD93D332c4353E5A7cD}: cortex::pipeline: Pipeline started elapsed_ms=0
2026-04-05T14:00:00.689533Z  INFO ThreadId(11) pipeline{execution_id=f4088bf1-516e-4edd-b42a-c665664002f0 chain_id=137 from_address=0xCFA80F1f22b0AD533F7d8e2CcC0A783aa4BCaFF3}: cortex::pipeline: Pipeline started elapsed_ms=0
2026-04-05T14:00:00.689549Z  INFO ThreadId(18) pipeline{execution_id=d235f17b-aae8-42d4-ae2b-9c92d3820c37 chain_id=1 from_address=0x2EAC739a1e05F4a05a5B8fD93D332c4353E5A7cD}: cortex::pipeline: Pipeline started elapsed_ms=0
2026-04-05T14:00:00.689552Z  INFO ThreadId(16) lobby::server::handler: transaction submission accepted execution_id=f78cc779-31c3-4e92-989e-54fd3ad38693 from=0x2EAC739a1e05F4a05a5B8fD93D332c4353E5A7cD chain_id=137
2026-04-05T14:00:00.689549Z  INFO ThreadId(10) lobby::server::handler: transaction submission accepted execution_id=7ba09d1b-491d-468d-898e-0af43485039b from=0x2EAC739a1e05F4a05a5B8fD93D332c4353E5A7cD chain_id=42161
2026-04-05T14:00:00.689557Z  INFO ThreadId(03) lobby::server::handler: transaction submission accepted execution_id=598ef62d-1ff9-4b3a-a658-14a028d06929 from=0x8b172F820629b14cEAF859A6e159d1BcD3291Fe1 chain_id=42161
2026-04-05T14:00:00.689573Z  INFO ThreadId(15) lobby::server::handler: transaction submission accepted execution_id=eac07881-903b-4fb0-83de-07d0e8fc86d2 from=0xfea6645D31443cF7Cf96eF1dB7823EB9365f98bf chain_id=1
2026-04-05T14:00:00.689591Z  INFO ThreadId(08) lobby::server::handler: transaction submission accepted execution_id=c45f9712-133a-427f-b0cf-4d9c8a95fd97 from=0xfea6645D31443cF7Cf96eF1dB7823EB9365f98bf chain_id=1
2026-04-05T14:00:00.689597Z  INFO ThreadId(18) lobby::server::handler: transaction submission accepted execution_id=c565125a-8dfb-4468-8c44-358416169565 from=0x2EAC739a1e05F4a05a5B8fD93D332c4353E5A7cD chain_id=42161
2026-04-05T14:00:00.689598Z  INFO ThreadId(17) lobby::server::handler: transaction submission accepted execution_id=ca18efda-711a-48b4-b506-06592357a1ae from=0x2EAC739a1e05F4a05a5B8fD93D332c4353E5A7cD chain_id=137
2026-04-05T14:00:00.689598Z  INFO ThreadId(13) lobby::server::handler: transaction submission accepted execution_id=02ddda04-cf19-42f1-9c17-38973ed6b17d from=0xfea6645D31443cF7Cf96eF1dB7823EB9365f98bf chain_id=137
2026-04-05T14:00:00.689619Z  INFO ThreadId(10) pipeline{execution_id=7ba09d1b-491d-468d-898e-0af43485039b chain_id=42161 from_address=0x2EAC739a1e05F4a05a5B8fD93D332c4353E5A7cD}: cortex::pipeline: Pipeline started elapsed_ms=0
2026-04-05T14:00:00.689622Z  INFO ThreadId(15) pipeline{execution_id=eac07881-903b-4fb0-83de-07d0e8fc86d2 chain_id=1 from_address=0xfea6645D31443cF7Cf96eF1dB7823EB9365f98bf}: cortex::pipeline: Pipeline started elapsed_ms=0
2026-04-05T14:00:00.689631Z  INFO ThreadId(03) pipeline{execution_id=598ef62d-1ff9-4b3a-a658-14a028d06929 chain_id=42161 from_address=0x8b172F820629b14cEAF859A6e159d1BcD3291Fe1}: cortex::pipeline: Pipeline started elapsed_ms=0
2026-04-05T14:00:00.689636Z  INFO ThreadId(11) lobby::server::handler: transaction submission accepted execution_id=e9bd6cf3-d8bc-4f37-a17a-f67be81f390b from=0xCFA80F1f22b0AD533F7d8e2CcC0A783aa4BCaFF3 chain_id=1
2026-04-05T14:00:00.689649Z  INFO ThreadId(18) pipeline{execution_id=c565125a-8dfb-4468-8c44-358416169565 chain_id=42161 from_address=0x2EAC739a1e05F4a05a5B8fD93D332c4353E5A7cD}: cortex::pipeline: Pipeline started elapsed_ms=0
2026-04-05T14:00:00.689649Z  INFO ThreadId(08) pipeline{execution_id=c45f9712-133a-427f-b0cf-4d9c8a95fd97 chain_id=1 from_address=0xfea6645D31443cF7Cf96eF1dB7823EB9365f98bf}: cortex::pipeline: Pipeline started elapsed_ms=0
2026-04-05T14:00:00.689662Z  INFO ThreadId(17) pipeline{execution_id=ca18efda-711a-48b4-b506-06592357a1ae chain_id=137 from_address=0x2EAC739a1e05F4a05a5B8fD93D332c4353E5A7cD}: cortex::pipeline: Pipeline started elapsed_ms=0
2026-04-05T14:00:00.689662Z  INFO ThreadId(13) pipeline{execution_id=02ddda04-cf19-42f1-9c17-38973ed6b17d chain_id=137 from_address=0xfea6645D31443cF7Cf96eF1dB7823EB9365f98bf}: cortex::pipeline: Pipeline started elapsed_ms=0
2026-04-05T14:00:00.689684Z  INFO ThreadId(10) lobby::server::handler: transaction submission accepted execution_id=268721b0-b9db-4f9c-a4c6-53a61af002cc from=0xfea6645D31443cF7Cf96eF1dB7823EB9365f98bf chain_id=42161
2026-04-05T14:00:00.689684Z  INFO ThreadId(15) lobby::server::handler: transaction submission accepted execution_id=43e54bc0-f6f6-40cd-9d62-7f6c97a6bbaa from=0x8b172F820629b14cEAF859A6e159d1BcD3291Fe1 chain_id=1
2026-04-05T14:00:00.688520Z  INFO ThreadId(09) pipeline{execution_id=77659023-ec27-44f0-8a56-ec5f841ffbe1 chain_id=137 from_address=0xCFA80F1f22b0AD533F7d8e2CcC0A783aa4BCaFF3}: cortex::pipeline: Pipeline started elapsed_ms=0
2026-04-05T14:00:00.688541Z  INFO ThreadId(04) pipeline{execution_id=4c9ff9b1-dfb2-42e1-b454-880d048bbcc1 chain_id=137 from_address=0x8b172F820629b14cEAF859A6e159d1BcD3291Fe1}: cortex::pipeline: Pipeline started elapsed_ms=0
2026-04-05T14:00:00.688666Z  INFO ThreadId(12) lobby::server::handler: transaction submission accepted execution_id=a0e35bd9-8284-46dd-86ef-9a0f119a6bc6 from=0x2EAC739a1e05F4a05a5B8fD93D332c4353E5A7cD chain_id=1
2026-04-05T14:00:00.688682Z  INFO ThreadId(06) pipeline{execution_id=3082feb4-6b73-4485-9603-99df8280a55a chain_id=1 from_address=0xfea6645D31443cF7Cf96eF1dB7823EB9365f98bf}: cortex::pipeline: Pipeline started elapsed_ms=0
2026-04-05T14:00:00.689821Z  INFO ThreadId(15) pipeline{execution_id=43e54bc0-f6f6-40cd-9d62-7f6c97a6bbaa chain_id=1 from_address=0x8b172F820629b14cEAF859A6e159d1BcD3291Fe1}: cortex::pipeline: Pipeline started elapsed_ms=0
2026-04-05T14:00:00.689846Z  INFO ThreadId(07) lobby::server::handler: transaction submission accepted execution_id=32df217d-c71a-44c0-a3cb-192db9b19400 from=0xfea6645D31443cF7Cf96eF1dB7823EB9365f98bf chain_id=1
2026-04-05T14:00:00.689864Z  INFO ThreadId(04) lobby::server::handler: transaction submission accepted execution_id=c5e6cbc4-d571-4537-a6fe-b434e455bebb from=0xfea6645D31443cF7Cf96eF1dB7823EB9365f98bf chain_id=1
2026-04-05T14:00:00.689941Z  INFO ThreadId(15) lobby::server::handler: transaction submission accepted execution_id=5bd380fc-e34b-480a-9101-4dab393d22b3 from=0xfea6645D31443cF7Cf96eF1dB7823EB9365f98bf chain_id=42161
2026-04-05T14:00:00.689961Z  INFO ThreadId(09) lobby::server::handler: transaction submission accepted execution_id=051ffa6e-fa7d-4411-9302-aed4da5cfe48 from=0xfea6645D31443cF7Cf96eF1dB7823EB9365f98bf chain_id=42161
2026-04-05T14:00:00.688775Z  INFO ThreadId(14) lobby::server::handler: transaction submission accepted execution_id=52db17f4-f0a3-4037-bf5c-b782aaef8d2d from=0x8AfE43fF49EBd5c4B8Cd1497ee77b437dd1711fc chain_id=137
2026-04-05T14:00:00.690025Z  INFO ThreadId(09) pipeline{execution_id=051ffa6e-fa7d-4411-9302-aed4da5cfe48 chain_id=42161 from_address=0xfea6645D31443cF7Cf96eF1dB7823EB9365f98bf}: cortex::pipeline: Pipeline started elapsed_ms=0
2026-04-05T14:00:00.690030Z  INFO ThreadId(07) pipeline{execution_id=32df217d-c71a-44c0-a3cb-192db9b19400 chain_id=1 from_address=0xfea6645D31443cF7Cf96eF1dB7823EB9365f98bf}: cortex::pipeline: Pipeline started elapsed_ms=0
2026-04-05T14:00:00.690046Z  INFO ThreadId(08) lobby::server::handler: transaction submission accepted execution_id=a93c1737-d3ed-42c1-b089-0d1d9cc4103b from=0xfea6645D31443cF7Cf96eF1dB7823EB9365f98bf chain_id=137
2026-04-05T14:00:00.688814Z  INFO ThreadId(05) lobby::server::handler: transaction submission accepted execution_id=68b8f9d7-1ec9-4c6f-84f7-657d1e232c65 from=0xCFA80F1f22b0AD533F7d8e2CcC0A783aa4BCaFF3 chain_id=42161
2026-04-05T14:00:00.689708Z  INFO ThreadId(17) lobby::server::handler: transaction submission accepted execution_id=f58783e0-d03b-40ef-877d-0ca047104a0a from=0xfea6645D31443cF7Cf96eF1dB7823EB9365f98bf chain_id=42161
2026-04-05T14:00:00.690071Z  INFO ThreadId(14) pipeline{execution_id=52db17f4-f0a3-4037-bf5c-b782aaef8d2d chain_id=137 from_address=0x8AfE43fF49EBd5c4B8Cd1497ee77b437dd1711fc}: cortex::pipeline: Pipeline started elapsed_ms=0
2026-04-05T14:00:00.689708Z  INFO ThreadId(13) lobby::server::handler: transaction submission accepted execution_id=5cdbc855-bb29-401d-adf7-72a7e9c865fe from=0x8b172F820629b14cEAF859A6e159d1BcD3291Fe1 chain_id=137
2026-04-05T14:00:00.689709Z  INFO ThreadId(11) pipeline{execution_id=e9bd6cf3-d8bc-4f37-a17a-f67be81f390b chain_id=1 from_address=0xCFA80F1f22b0AD533F7d8e2CcC0A783aa4BCaFF3}: cortex::pipeline: Pipeline started elapsed_ms=0
2026-04-05T14:00:00.689734Z  INFO ThreadId(18) lobby::server::handler: transaction submission accepted execution_id=4d630a90-e788-4878-b857-250a1264d1c0 from=0x8AfE43fF49EBd5c4B8Cd1497ee77b437dd1711fc chain_id=1
2026-04-05T14:00:00.689744Z  INFO ThreadId(10) pipeline{execution_id=268721b0-b9db-4f9c-a4c6-53a61af002cc chain_id=42161 from_address=0xfea6645D31443cF7Cf96eF1dB7823EB9365f98bf}: cortex::pipeline: Pipeline started elapsed_ms=0
2026-04-05T14:00:00.690151Z  INFO ThreadId(13) pipeline{execution_id=5cdbc855-bb29-401d-adf7-72a7e9c865fe chain_id=137 from_address=0x8b172F820629b14cEAF859A6e159d1BcD3291Fe1}: cortex::pipeline: Pipeline started elapsed_ms=0
2026-04-05T14:00:00.689745Z  INFO ThreadId(16) pipeline{execution_id=f78cc779-31c3-4e92-989e-54fd3ad38693 chain_id=137 from_address=0x2EAC739a1e05F4a05a5B8fD93D332c4353E5A7cD}: cortex::pipeline: Pipeline started elapsed_ms=0
2026-04-05T14:00:00.690153Z  INFO ThreadId(12) pipeline{execution_id=a0e35bd9-8284-46dd-86ef-9a0f119a6bc6 chain_id=1 from_address=0x2EAC739a1e05F4a05a5B8fD93D332c4353E5A7cD}: cortex::pipeline: Pipeline started elapsed_ms=0
2026-04-05T14:00:00.690189Z  INFO ThreadId(14) lobby::server::handler: transaction submission accepted execution_id=f3bdfdd7-7978-4d06-9bc1-2c28d3fcf943 from=0x8AfE43fF49EBd5c4B8Cd1497ee77b437dd1711fc chain_id=1
2026-04-05T14:00:00.690215Z  INFO ThreadId(09) lobby::server::handler: transaction submission accepted execution_id=1e3e8228-40a8-4d49-83ce-7ee3832ec807 from=0x8AfE43fF49EBd5c4B8Cd1497ee77b437dd1711fc chain_id=42161
2026-04-05T14:00:00.690262Z  INFO ThreadId(06) lobby::server::handler: transaction submission accepted execution_id=7131ae59-83e3-456e-bdfa-ef7f515fa6ce from=0xfea6645D31443cF7Cf96eF1dB7823EB9365f98bf chain_id=42161
2026-04-05T14:00:00.690298Z  INFO ThreadId(08) pipeline{execution_id=a93c1737-d3ed-42c1-b089-0d1d9cc4103b chain_id=137 from_address=0xfea6645D31443cF7Cf96eF1dB7823EB9365f98bf}: cortex::pipeline: Pipeline started elapsed_ms=0
2026-04-05T14:00:00.690303Z  INFO ThreadId(09) pipeline{execution_id=1e3e8228-40a8-4d49-83ce-7ee3832ec807 chain_id=42161 from_address=0x8AfE43fF49EBd5c4B8Cd1497ee77b437dd1711fc}: cortex::pipeline: Pipeline started elapsed_ms=0
2026-04-05T14:00:00.690317Z  INFO ThreadId(05) pipeline{execution_id=68b8f9d7-1ec9-4c6f-84f7-657d1e232c65 chain_id=42161 from_address=0xCFA80F1f22b0AD533F7d8e2CcC0A783aa4BCaFF3}: cortex::pipeline: Pipeline started elapsed_ms=0
2026-04-05T14:00:00.690326Z  INFO ThreadId(18) pipeline{execution_id=4d630a90-e788-4878-b857-250a1264d1c0 chain_id=1 from_address=0x8AfE43fF49EBd5c4B8Cd1497ee77b437dd1711fc}: cortex::pipeline: Pipeline started elapsed_ms=0
2026-04-05T14:00:00.690420Z  INFO ThreadId(15) pipeline{execution_id=5bd380fc-e34b-480a-9101-4dab393d22b3 chain_id=42161 from_address=0xfea6645D31443cF7Cf96eF1dB7823EB9365f98bf}: cortex::pipeline: Pipeline started elapsed_ms=0
2026-04-05T14:00:00.690444Z  INFO ThreadId(04) pipeline{execution_id=c5e6cbc4-d571-4537-a6fe-b434e455bebb chain_id=1 from_address=0xfea6645D31443cF7Cf96eF1dB7823EB9365f98bf}: cortex::pipeline: Pipeline started elapsed_ms=0
2026-04-05T14:00:00.690462Z  INFO ThreadId(16) lobby::server::handler: transaction submission accepted execution_id=b5691c15-128f-4622-91c5-49a9e0cc6a9a from=0xfea6645D31443cF7Cf96eF1dB7823EB9365f98bf chain_id=1
2026-04-05T14:00:00.690471Z  INFO ThreadId(13) lobby::server::handler: transaction submission accepted execution_id=fd979ed2-98d6-47a8-9c1a-abd6f375fdeb from=0xCFA80F1f22b0AD533F7d8e2CcC0A783aa4BCaFF3 chain_id=137
2026-04-05T14:00:00.690477Z  INFO ThreadId(03) lobby::server::handler: transaction submission accepted execution_id=b7067e91-c1c2-406e-8bff-33e886dee8ec from=0x2EAC739a1e05F4a05a5B8fD93D332c4353E5A7cD chain_id=42161
2026-04-05T14:00:00.690537Z  INFO ThreadId(06) pipeline{execution_id=7131ae59-83e3-456e-bdfa-ef7f515fa6ce chain_id=42161 from_address=0xfea6645D31443cF7Cf96eF1dB7823EB9365f98bf}: cortex::pipeline: Pipeline started elapsed_ms=0
2026-04-05T14:00:00.690541Z  INFO ThreadId(14) pipeline{execution_id=f3bdfdd7-7978-4d06-9bc1-2c28d3fcf943 chain_id=1 from_address=0x8AfE43fF49EBd5c4B8Cd1497ee77b437dd1711fc}: cortex::pipeline: Pipeline started elapsed_ms=0
2026-04-05T14:00:00.690548Z  INFO ThreadId(03) pipeline{execution_id=b7067e91-c1c2-406e-8bff-33e886dee8ec chain_id=42161 from_address=0x2EAC739a1e05F4a05a5B8fD93D332c4353E5A7cD}: cortex::pipeline: Pipeline started elapsed_ms=0
2026-04-05T14:00:00.690565Z  INFO ThreadId(17) pipeline{execution_id=f58783e0-d03b-40ef-877d-0ca047104a0a chain_id=42161 from_address=0xfea6645D31443cF7Cf96eF1dB7823EB9365f98bf}: cortex::pipeline: Pipeline started elapsed_ms=0
2026-04-05T14:00:00.690703Z  INFO ThreadId(13) pipeline{execution_id=fd979ed2-98d6-47a8-9c1a-abd6f375fdeb chain_id=137 from_address=0xCFA80F1f22b0AD533F7d8e2CcC0A783aa4BCaFF3}: cortex::pipeline: Pipeline started elapsed_ms=0
2026-04-05T14:00:00.690744Z  INFO ThreadId(16) pipeline{execution_id=b5691c15-128f-4622-91c5-49a9e0cc6a9a chain_id=1 from_address=0xfea6645D31443cF7Cf96eF1dB7823EB9365f98bf}: cortex::pipeline: Pipeline started elapsed_ms=0
2026-04-05T14:00:00.690844Z  INFO ThreadId(02) pipeline: 300/300 transactions submitted in 57.224355ms
2026-04-05T14:00:00.708268Z  INFO ThreadId(09) pipeline{execution_id=d7511690-dc4f-4770-a727-43f1d84f74de chain_id=1 from_address=0xfea6645D31443cF7Cf96eF1dB7823EB9365f98bf}: cortex::pipeline: nonce reserved elapsed_ms=71 nonce=0
2026-04-05T14:00:00.708453Z  INFO ThreadId(13) pipeline{execution_id=3e2db9c5-63ab-4b32-b3d3-35251497e7dd chain_id=42161 from_address=0x8b172F820629b14cEAF859A6e159d1BcD3291Fe1}: cortex::pipeline: nonce reserved elapsed_ms=72 nonce=0
2026-04-05T14:00:00.708494Z  INFO ThreadId(04) pipeline{execution_id=b3836f9c-a4cf-484d-959d-e1729eda50d2 chain_id=42161 from_address=0xCFA80F1f22b0AD533F7d8e2CcC0A783aa4BCaFF3}: cortex::pipeline: nonce reserved elapsed_ms=71 nonce=0
2026-04-05T14:00:00.708638Z  INFO ThreadId(04) pipeline{execution_id=fd251e05-3d9a-4f96-8c57-09ff63ee3a7b chain_id=42161 from_address=0x2EAC739a1e05F4a05a5B8fD93D332c4353E5A7cD}: cortex::pipeline: nonce reserved elapsed_ms=71 nonce=0
2026-04-05T14:00:00.709007Z  INFO ThreadId(03) pipeline{execution_id=afb341a0-1466-4f9f-b369-ff86011ba681 chain_id=42161 from_address=0x8AfE43fF49EBd5c4B8Cd1497ee77b437dd1711fc}: cortex::pipeline: nonce reserved elapsed_ms=72 nonce=0
2026-04-05T14:00:00.709728Z  INFO ThreadId(12) pipeline{execution_id=c1aa4016-f00d-4d7a-a943-9b3e7af4d4fd chain_id=137 from_address=0x8b172F820629b14cEAF859A6e159d1BcD3291Fe1}: cortex::pipeline: nonce reserved elapsed_ms=73 nonce=0
2026-04-05T14:00:00.709752Z  INFO ThreadId(11) pipeline{execution_id=5907b717-5807-422a-aca2-9add896ab0fd chain_id=1 from_address=0x2EAC739a1e05F4a05a5B8fD93D332c4353E5A7cD}: cortex::pipeline: nonce reserved elapsed_ms=72 nonce=0
2026-04-05T14:00:00.710095Z  INFO ThreadId(12) pipeline{execution_id=823bb773-4e7e-4078-9b3d-e2e8ddb8ecb7 chain_id=42161 from_address=0x8AfE43fF49EBd5c4B8Cd1497ee77b437dd1711fc}: cortex::pipeline: nonce reserved elapsed_ms=72 nonce=1
2026-04-05T14:00:00.711137Z  INFO ThreadId(04) pipeline{execution_id=0bee0750-9789-462e-a28d-b99cf07656eb chain_id=1 from_address=0x8AfE43fF49EBd5c4B8Cd1497ee77b437dd1711fc}: cortex::pipeline: nonce reserved elapsed_ms=73 nonce=0
2026-04-05T14:00:00.711193Z  INFO ThreadId(11) pipeline{execution_id=a256ed82-48f5-405a-a06f-7b6be5ddf0fa chain_id=137 from_address=0x8b172F820629b14cEAF859A6e159d1BcD3291Fe1}: cortex::pipeline: nonce reserved elapsed_ms=74 nonce=1
2026-04-05T14:00:00.712891Z  INFO ThreadId(03) pipeline{execution_id=afb341a0-1466-4f9f-b369-ff86011ba681 chain_id=42161 from_address=0x8AfE43fF49EBd5c4B8Cd1497ee77b437dd1711fc}: cortex::pipeline: transaction signed elapsed_ms=76
2026-04-05T14:00:00.712896Z  INFO ThreadId(11) pipeline{execution_id=823bb773-4e7e-4078-9b3d-e2e8ddb8ecb7 chain_id=42161 from_address=0x8AfE43fF49EBd5c4B8Cd1497ee77b437dd1711fc}: cortex::pipeline: transaction signed elapsed_ms=75
2026-04-05T14:00:00.713798Z  INFO ThreadId(11) pipeline{execution_id=0bee0750-9789-462e-a28d-b99cf07656eb chain_id=1 from_address=0x8AfE43fF49EBd5c4B8Cd1497ee77b437dd1711fc}: cortex::pipeline: transaction signed elapsed_ms=76
2026-04-05T14:00:00.714145Z  INFO ThreadId(11) pipeline{execution_id=a256ed82-48f5-405a-a06f-7b6be5ddf0fa chain_id=137 from_address=0x8b172F820629b14cEAF859A6e159d1BcD3291Fe1}: cortex::pipeline: transaction signed elapsed_ms=77
2026-04-05T14:00:00.719098Z  INFO ThreadId(08) pipeline{execution_id=a256ed82-48f5-405a-a06f-7b6be5ddf0fa chain_id=137 from_address=0x8b172F820629b14cEAF859A6e159d1BcD3291Fe1}: cortex::pipeline: transaction broadcasted: elapsed_ms=82 tx_hash=0x035e8803aeab31dd555e9bff43672647e94e1ceb219ff96b82b7bdb708c297be
2026-04-05T14:00:00.719138Z  INFO ThreadId(16) pipeline{execution_id=0bee0750-9789-462e-a28d-b99cf07656eb chain_id=1 from_address=0x8AfE43fF49EBd5c4B8Cd1497ee77b437dd1711fc}: cortex::pipeline: transaction broadcasted: elapsed_ms=81 tx_hash=0x10e94ce7a04ad50f18fcb4229af35a0fa50c0608835afa1a696fb26335837a28
2026-04-05T14:00:00.719164Z  INFO ThreadId(07) pipeline{execution_id=afb341a0-1466-4f9f-b369-ff86011ba681 chain_id=42161 from_address=0x8AfE43fF49EBd5c4B8Cd1497ee77b437dd1711fc}: cortex::pipeline: transaction broadcasted: elapsed_ms=82 tx_hash=0x3ad9f2c5ac9528dac02e3353b40b343a95e0bf5a4cb209662125f95ff2f502e8
2026-04-05T14:00:00.722160Z  INFO ThreadId(13) pipeline{execution_id=823bb773-4e7e-4078-9b3d-e2e8ddb8ecb7 chain_id=42161 from_address=0x8AfE43fF49EBd5c4B8Cd1497ee77b437dd1711fc}: cortex::pipeline: transaction broadcasted: elapsed_ms=84 tx_hash=0x5bc78a5bb275a723cbac8cad732484aeeecf4d19aa0fd4596ed1c368a4860b64
2026-04-05T14:00:00.733693Z  INFO ThreadId(06) pipeline{execution_id=3e2db9c5-63ab-4b32-b3d3-35251497e7dd chain_id=42161 from_address=0x8b172F820629b14cEAF859A6e159d1BcD3291Fe1}: cortex::pipeline: transaction signed elapsed_ms=97
2026-04-05T14:00:00.734554Z  INFO ThreadId(11) pipeline{execution_id=bb7d70d7-15ea-47cd-92aa-05df669c8379 chain_id=42161 from_address=0xCFA80F1f22b0AD533F7d8e2CcC0A783aa4BCaFF3}: cortex::pipeline: nonce reserved elapsed_ms=97 nonce=1
2026-04-05T14:00:00.734970Z  INFO ThreadId(08) pipeline{execution_id=b3836f9c-a4cf-484d-959d-e1729eda50d2 chain_id=42161 from_address=0xCFA80F1f22b0AD533F7d8e2CcC0A783aa4BCaFF3}: cortex::pipeline: transaction signed elapsed_ms=98
2026-04-05T14:00:00.735599Z  INFO ThreadId(11) pipeline{execution_id=c1aa4016-f00d-4d7a-a943-9b3e7af4d4fd chain_id=137 from_address=0x8b172F820629b14cEAF859A6e159d1BcD3291Fe1}: cortex::pipeline: transaction signed elapsed_ms=99
2026-04-05T14:00:00.735614Z  INFO ThreadId(06) pipeline{execution_id=fbad8d13-e34b-453a-a70a-bc6e4f7b73c4 chain_id=1 from_address=0x8b172F820629b14cEAF859A6e159d1BcD3291Fe1}: cortex::pipeline: nonce reserved elapsed_ms=98 nonce=0
2026-04-05T14:00:00.736405Z  INFO ThreadId(03) pipeline{execution_id=a8811fef-48ca-472a-9921-82a617f69123 chain_id=42161 from_address=0x2EAC739a1e05F4a05a5B8fD93D332c4353E5A7cD}: cortex::pipeline: nonce reserved elapsed_ms=99 nonce=1
2026-04-05T14:00:00.738685Z  INFO ThreadId(16) pipeline{execution_id=2a70e17d-be33-4f5d-bd15-31ca30a40299 chain_id=137 from_address=0x8b172F820629b14cEAF859A6e159d1BcD3291Fe1}: cortex::pipeline: nonce reserved elapsed_ms=101 nonce=2
2026-04-05T14:00:00.738872Z  INFO ThreadId(16) pipeline{execution_id=ff35ab56-c083-45f1-b73e-619f45b68527 chain_id=1 from_address=0xfea6645D31443cF7Cf96eF1dB7823EB9365f98bf}: cortex::pipeline: nonce reserved elapsed_ms=101 nonce=1
2026-04-05T14:00:00.738965Z  INFO ThreadId(03) pipeline{execution_id=bb7d70d7-15ea-47cd-92aa-05df669c8379 chain_id=42161 from_address=0xCFA80F1f22b0AD533F7d8e2CcC0A783aa4BCaFF3}: cortex::pipeline: transaction signed elapsed_ms=101
2026-04-05T14:00:00.738979Z  INFO ThreadId(13) pipeline{execution_id=fd251e05-3d9a-4f96-8c57-09ff63ee3a7b chain_id=42161 from_address=0x2EAC739a1e05F4a05a5B8fD93D332c4353E5A7cD}: cortex::pipeline: transaction signed elapsed_ms=102
2026-04-05T14:00:00.739131Z  INFO ThreadId(10) pipeline{execution_id=d7511690-dc4f-4770-a727-43f1d84f74de chain_id=1 from_address=0xfea6645D31443cF7Cf96eF1dB7823EB9365f98bf}: cortex::pipeline: transaction signed elapsed_ms=102
2026-04-05T14:00:00.741328Z  INFO ThreadId(13) pipeline{execution_id=5907b717-5807-422a-aca2-9add896ab0fd chain_id=1 from_address=0x2EAC739a1e05F4a05a5B8fD93D332c4353E5A7cD}: cortex::pipeline: transaction signed elapsed_ms=104
2026-04-05T14:00:00.742226Z  INFO ThreadId(08) pipeline{execution_id=a8811fef-48ca-472a-9921-82a617f69123 chain_id=42161 from_address=0x2EAC739a1e05F4a05a5B8fD93D332c4353E5A7cD}: cortex::pipeline: transaction signed elapsed_ms=105
2026-04-05T14:00:00.742931Z  INFO ThreadId(08) pipeline{execution_id=fbad8d13-e34b-453a-a70a-bc6e4f7b73c4 chain_id=1 from_address=0x8b172F820629b14cEAF859A6e159d1BcD3291Fe1}: cortex::pipeline: transaction signed elapsed_ms=105
2026-04-05T14:00:00.743164Z  INFO ThreadId(03) pipeline{execution_id=3e2db9c5-63ab-4b32-b3d3-35251497e7dd chain_id=42161 from_address=0x8b172F820629b14cEAF859A6e159d1BcD3291Fe1}: cortex::pipeline: transaction broadcasted: elapsed_ms=106 tx_hash=0x94ba195b41b04742eb38b9d4132b75356c18d3b0f705779a1443aed01fafedd9
2026-04-05T14:00:00.743354Z  INFO ThreadId(08) pipeline{execution_id=6bf691f7-2f89-43a6-9ce7-ff0cf4860467 chain_id=42161 from_address=0x2EAC739a1e05F4a05a5B8fD93D332c4353E5A7cD}: cortex::pipeline: nonce reserved elapsed_ms=105 nonce=2
2026-04-05T14:00:00.743620Z  INFO ThreadId(08) pipeline{execution_id=ff35ab56-c083-45f1-b73e-619f45b68527 chain_id=1 from_address=0xfea6645D31443cF7Cf96eF1dB7823EB9365f98bf}: cortex::pipeline: transaction signed elapsed_ms=106
2026-04-05T14:00:00.743992Z  INFO ThreadId(10) pipeline{execution_id=2a70e17d-be33-4f5d-bd15-31ca30a40299 chain_id=137 from_address=0x8b172F820629b14cEAF859A6e159d1BcD3291Fe1}: cortex::pipeline: transaction signed elapsed_ms=106
2026-04-05T14:00:00.744523Z  INFO ThreadId(10) pipeline{execution_id=c1aa4016-f00d-4d7a-a943-9b3e7af4d4fd chain_id=137 from_address=0x8b172F820629b14cEAF859A6e159d1BcD3291Fe1}: cortex::pipeline: transaction broadcasted: elapsed_ms=108 tx_hash=0xb186126bdfa3625f17a4973c0fb3cb8b7e258149b3746bbfa6611608ea5a42a9
2026-04-05T14:00:00.745262Z  INFO ThreadId(03) pipeline{execution_id=6897dd4c-5782-4974-ac43-3aa6da2dc95e chain_id=42161 from_address=0x8b172F820629b14cEAF859A6e159d1BcD3291Fe1}: cortex::pipeline: nonce reserved elapsed_ms=107 nonce=1
2026-04-05T14:00:00.745294Z  INFO ThreadId(10) pipeline{execution_id=6bf691f7-2f89-43a6-9ce7-ff0cf4860467 chain_id=42161 from_address=0x2EAC739a1e05F4a05a5B8fD93D332c4353E5A7cD}: cortex::pipeline: transaction signed elapsed_ms=107
2026-04-05T14:00:00.745321Z  INFO ThreadId(08) pipeline{execution_id=d7511690-dc4f-4770-a727-43f1d84f74de chain_id=1 from_address=0xfea6645D31443cF7Cf96eF1dB7823EB9365f98bf}: cortex::pipeline: transaction broadcasted: elapsed_ms=108 tx_hash=0xab5f968c5b89fcaea41d327a0ee7697db1257b7d6c4c1be8b0c6a0ef654ae4e7
2026-04-05T14:00:00.746750Z  INFO ThreadId(10) pipeline{execution_id=0cae7451-ab37-41e3-ae60-ebcd8e93fc5f chain_id=137 from_address=0x8b172F820629b14cEAF859A6e159d1BcD3291Fe1}: cortex::pipeline: nonce reserved elapsed_ms=108 nonce=3
2026-04-05T14:00:00.746782Z  INFO ThreadId(13) pipeline{execution_id=b3836f9c-a4cf-484d-959d-e1729eda50d2 chain_id=42161 from_address=0xCFA80F1f22b0AD533F7d8e2CcC0A783aa4BCaFF3}: cortex::pipeline: transaction broadcasted: elapsed_ms=110 tx_hash=0x376861bca168939c2359df11e341dc79381182c149403484bffff80556eeaf21
2026-04-05T14:00:00.747361Z  INFO ThreadId(10) pipeline{execution_id=5907b717-5807-422a-aca2-9add896ab0fd chain_id=1 from_address=0x2EAC739a1e05F4a05a5B8fD93D332c4353E5A7cD}: cortex::pipeline: transaction broadcasted: elapsed_ms=110 tx_hash=0x860d8964a2b9ffb535c1c56cc2d1c7c4b424d2af36016b2029b1cda7c078f4cb
2026-04-05T14:00:00.747937Z  INFO ThreadId(03) pipeline{execution_id=2a70e17d-be33-4f5d-bd15-31ca30a40299 chain_id=137 from_address=0x8b172F820629b14cEAF859A6e159d1BcD3291Fe1}: cortex::pipeline: transaction broadcasted: elapsed_ms=110 tx_hash=0x1e72ae2f46795083f4c98859917a07b899224c2f27f7f9aa10b84f464786a013
2026-04-05T14:00:00.748844Z  INFO ThreadId(10) pipeline{execution_id=6897dd4c-5782-4974-ac43-3aa6da2dc95e chain_id=42161 from_address=0x8b172F820629b14cEAF859A6e159d1BcD3291Fe1}: cortex::pipeline: transaction signed elapsed_ms=111
2026-04-05T14:00:00.749228Z  INFO ThreadId(10) pipeline{execution_id=0661acc8-d3f3-495a-86d6-2b89ff3a2d39 chain_id=1 from_address=0x8b172F820629b14cEAF859A6e159d1BcD3291Fe1}: cortex::pipeline: nonce reserved elapsed_ms=111 nonce=1
2026-04-05T14:00:00.749561Z  INFO ThreadId(08) pipeline{execution_id=fbad8d13-e34b-453a-a70a-bc6e4f7b73c4 chain_id=1 from_address=0x8b172F820629b14cEAF859A6e159d1BcD3291Fe1}: cortex::pipeline: transaction broadcasted: elapsed_ms=112 tx_hash=0x136e40db6b0c5af9238325ad4cb5139cff74ad9caaa28ec77f04e819e2681f2a
2026-04-05T14:00:00.749690Z  INFO ThreadId(08) pipeline{execution_id=bb7d70d7-15ea-47cd-92aa-05df669c8379 chain_id=42161 from_address=0xCFA80F1f22b0AD533F7d8e2CcC0A783aa4BCaFF3}: cortex::pipeline: transaction broadcasted: elapsed_ms=112 tx_hash=0x5d5f243115a71400306f0ab02a7e408b9be680fff328962409a7a8e01c1fc1f2
2026-04-05T14:00:00.750411Z  INFO ThreadId(10) pipeline{execution_id=0cae7451-ab37-41e3-ae60-ebcd8e93fc5f chain_id=137 from_address=0x8b172F820629b14cEAF859A6e159d1BcD3291Fe1}: cortex::pipeline: transaction signed elapsed_ms=112
2026-04-05T14:00:00.750407Z  INFO ThreadId(06) pipeline{execution_id=4039c45b-573c-4976-a253-1695b648fdaf chain_id=137 from_address=0xCFA80F1f22b0AD533F7d8e2CcC0A783aa4BCaFF3}: cortex::pipeline: nonce reserved elapsed_ms=112 nonce=0
2026-04-05T14:00:00.750934Z  INFO ThreadId(07) pipeline{execution_id=0661acc8-d3f3-495a-86d6-2b89ff3a2d39 chain_id=1 from_address=0x8b172F820629b14cEAF859A6e159d1BcD3291Fe1}: cortex::pipeline: transaction signed elapsed_ms=113
2026-04-05T14:00:00.751906Z  INFO ThreadId(03) pipeline{execution_id=ff35ab56-c083-45f1-b73e-619f45b68527 chain_id=1 from_address=0xfea6645D31443cF7Cf96eF1dB7823EB9365f98bf}: cortex::pipeline: transaction broadcasted: elapsed_ms=114 tx_hash=0x248f09d43807a1180dd41dfb5356223918129e5d634bbd99e7d3477fb5fffa36
2026-04-05T14:00:00.752073Z  INFO ThreadId(03) pipeline{execution_id=4039c45b-573c-4976-a253-1695b648fdaf chain_id=137 from_address=0xCFA80F1f22b0AD533F7d8e2CcC0A783aa4BCaFF3}: cortex::pipeline: transaction signed elapsed_ms=114
2026-04-05T14:00:00.752250Z  INFO ThreadId(06) pipeline{execution_id=080e9f91-1197-4efa-ab0c-ee4f7da00b92 chain_id=1 from_address=0x8b172F820629b14cEAF859A6e159d1BcD3291Fe1}: cortex::pipeline: nonce reserved elapsed_ms=114 nonce=2
2026-04-05T14:00:00.752527Z  INFO ThreadId(06) pipeline{execution_id=fd251e05-3d9a-4f96-8c57-09ff63ee3a7b chain_id=42161 from_address=0x2EAC739a1e05F4a05a5B8fD93D332c4353E5A7cD}: cortex::pipeline: transaction broadcasted: elapsed_ms=115 tx_hash=0x1ed3b9a9a1a47deb5d01df2277572a48af614c9e6062d76bba2d9fc8a71234bc
2026-04-05T14:00:00.753680Z  INFO ThreadId(07) pipeline{execution_id=0cae7451-ab37-41e3-ae60-ebcd8e93fc5f chain_id=137 from_address=0x8b172F820629b14cEAF859A6e159d1BcD3291Fe1}: cortex::pipeline: transaction broadcasted: elapsed_ms=115 tx_hash=0x836357f66c7903bc3f0c19682c825f3d178a700a4254370f8cf969abdb76eec0
2026-04-05T14:00:00.754697Z  INFO ThreadId(03) pipeline{execution_id=0661acc8-d3f3-495a-86d6-2b89ff3a2d39 chain_id=1 from_address=0x8b172F820629b14cEAF859A6e159d1BcD3291Fe1}: cortex::pipeline: transaction broadcasted: elapsed_ms=116 tx_hash=0xd2e9f19f95c34c311863820d8cc86317c33518aa000a292b01069c256aa428a1
2026-04-05T14:00:00.755053Z  INFO ThreadId(03) pipeline{execution_id=080e9f91-1197-4efa-ab0c-ee4f7da00b92 chain_id=1 from_address=0x8b172F820629b14cEAF859A6e159d1BcD3291Fe1}: cortex::pipeline: transaction signed elapsed_ms=117
2026-04-05T14:00:00.755213Z  INFO ThreadId(10) pipeline{execution_id=0eb23a3f-0440-4d83-9df5-3f5fdd7a5cfc chain_id=42161 from_address=0xCFA80F1f22b0AD533F7d8e2CcC0A783aa4BCaFF3}: cortex::pipeline: nonce reserved elapsed_ms=117 nonce=2
2026-04-05T14:00:00.755440Z  INFO ThreadId(06) pipeline{execution_id=a8811fef-48ca-472a-9921-82a617f69123 chain_id=42161 from_address=0x2EAC739a1e05F4a05a5B8fD93D332c4353E5A7cD}: cortex::pipeline: transaction broadcasted: elapsed_ms=118 tx_hash=0x2fb540a432836b12bc914a62faebc9d18fc79e8776d4bf14360bcc3aef8edee7
2026-04-05T14:00:00.756331Z  INFO ThreadId(10) pipeline{execution_id=364c5a43-525e-45bf-b12d-1fc02711e46e chain_id=1 from_address=0xfea6645D31443cF7Cf96eF1dB7823EB9365f98bf}: cortex::pipeline: nonce reserved elapsed_ms=118 nonce=2
2026-04-05T14:00:00.757012Z  INFO ThreadId(03) pipeline{execution_id=0eb23a3f-0440-4d83-9df5-3f5fdd7a5cfc chain_id=42161 from_address=0xCFA80F1f22b0AD533F7d8e2CcC0A783aa4BCaFF3}: cortex::pipeline: transaction signed elapsed_ms=118
2026-04-05T14:00:00.757228Z  INFO ThreadId(16) pipeline{execution_id=080e9f91-1197-4efa-ab0c-ee4f7da00b92 chain_id=1 from_address=0x8b172F820629b14cEAF859A6e159d1BcD3291Fe1}: cortex::pipeline: transaction broadcasted: elapsed_ms=119 tx_hash=0x3c8a8fccd16485978cc8f4ce0d01cfc904dcf21da9cdb2694a844de4dd89259e
2026-04-05T14:00:00.757229Z  INFO ThreadId(13) pipeline{execution_id=4039c45b-573c-4976-a253-1695b648fdaf chain_id=137 from_address=0xCFA80F1f22b0AD533F7d8e2CcC0A783aa4BCaFF3}: cortex::pipeline: transaction broadcasted: elapsed_ms=119 tx_hash=0x99cecf7a442c4079f4706598c01ec88495f18614c562d11f439c7d22fc2bd2c3
2026-04-05T14:00:00.757325Z  INFO ThreadId(07) pipeline{execution_id=6bf691f7-2f89-43a6-9ce7-ff0cf4860467 chain_id=42161 from_address=0x2EAC739a1e05F4a05a5B8fD93D332c4353E5A7cD}: cortex::pipeline: transaction broadcasted: elapsed_ms=119 tx_hash=0xe7f4ed0c3c26f2ddbbe56d2f06bec4374150f9de0b15b5f62d2a693f87ca2863
2026-04-05T14:00:00.757812Z  INFO ThreadId(07) pipeline{execution_id=bfa24982-7d15-46c2-a375-dfedaf5f0810 chain_id=137 from_address=0xfea6645D31443cF7Cf96eF1dB7823EB9365f98bf}: cortex::pipeline: nonce reserved elapsed_ms=119 nonce=0
2026-04-05T14:00:00.758244Z  INFO ThreadId(06) pipeline{execution_id=364c5a43-525e-45bf-b12d-1fc02711e46e chain_id=1 from_address=0xfea6645D31443cF7Cf96eF1dB7823EB9365f98bf}: cortex::pipeline: transaction signed elapsed_ms=120
2026-04-05T14:00:00.758518Z  INFO ThreadId(06) pipeline{execution_id=384b8043-99c0-41b3-918e-b62881fb7a96 chain_id=42161 from_address=0x2EAC739a1e05F4a05a5B8fD93D332c4353E5A7cD}: cortex::pipeline: nonce reserved elapsed_ms=120 nonce=3
2026-04-05T14:00:00.758988Z  INFO ThreadId(06) pipeline{execution_id=fcc3044b-7fe4-47b2-9755-63ab7fdbcf8d chain_id=42161 from_address=0xCFA80F1f22b0AD533F7d8e2CcC0A783aa4BCaFF3}: cortex::pipeline: nonce reserved elapsed_ms=120 nonce=3
2026-04-05T14:00:00.759787Z  INFO ThreadId(07) pipeline{execution_id=0a870c4e-f97f-4df9-a4b7-99b6cee3d3e9 chain_id=42161 from_address=0x8b172F820629b14cEAF859A6e159d1BcD3291Fe1}: cortex::pipeline: nonce reserved elapsed_ms=121 nonce=2
2026-04-05T14:00:00.759842Z  INFO ThreadId(03) pipeline{execution_id=bfa24982-7d15-46c2-a375-dfedaf5f0810 chain_id=137 from_address=0xfea6645D31443cF7Cf96eF1dB7823EB9365f98bf}: cortex::pipeline: transaction signed elapsed_ms=121
2026-04-05T14:00:00.759972Z  INFO ThreadId(06) pipeline{execution_id=6897dd4c-5782-4974-ac43-3aa6da2dc95e chain_id=42161 from_address=0x8b172F820629b14cEAF859A6e159d1BcD3291Fe1}: cortex::pipeline: transaction broadcasted: elapsed_ms=122 tx_hash=0x9c8cc75a07e20eacbfa4ebd0d36c6cd8d937dd1c40d4ddd35b1059bf7a4296ec
2026-04-05T14:00:00.760578Z  INFO ThreadId(03) pipeline{execution_id=fcc3044b-7fe4-47b2-9755-63ab7fdbcf8d chain_id=42161 from_address=0xCFA80F1f22b0AD533F7d8e2CcC0A783aa4BCaFF3}: cortex::pipeline: transaction signed elapsed_ms=122
2026-04-05T14:00:00.761097Z  INFO ThreadId(10) pipeline{execution_id=384b8043-99c0-41b3-918e-b62881fb7a96 chain_id=42161 from_address=0x2EAC739a1e05F4a05a5B8fD93D332c4353E5A7cD}: cortex::pipeline: transaction signed elapsed_ms=122
2026-04-05T14:00:00.761447Z  INFO ThreadId(16) pipeline{execution_id=e5a300bc-02b6-4106-b473-605f8885d73e chain_id=137 from_address=0x8AfE43fF49EBd5c4B8Cd1497ee77b437dd1711fc}: cortex::pipeline: nonce reserved elapsed_ms=122 nonce=0
2026-04-05T14:00:00.761800Z  INFO ThreadId(06) pipeline{execution_id=0eb23a3f-0440-4d83-9df5-3f5fdd7a5cfc chain_id=42161 from_address=0xCFA80F1f22b0AD533F7d8e2CcC0A783aa4BCaFF3}: cortex::pipeline: transaction broadcasted: elapsed_ms=123 tx_hash=0x18e0e3fab91aaf9570b0a2d1698622508f4e3b525e5d51ea7caaea3047d23013
2026-04-05T14:00:00.762548Z  INFO ThreadId(13) pipeline{execution_id=bfa24982-7d15-46c2-a375-dfedaf5f0810 chain_id=137 from_address=0xfea6645D31443cF7Cf96eF1dB7823EB9365f98bf}: cortex::pipeline: transaction broadcasted: elapsed_ms=124 tx_hash=0xc039887ad27d084d85e3d55759d7272efc2f48fb6a745e0e8c6928582f33f898
2026-04-05T14:00:00.762796Z  INFO ThreadId(10) pipeline{execution_id=0a870c4e-f97f-4df9-a4b7-99b6cee3d3e9 chain_id=42161 from_address=0x8b172F820629b14cEAF859A6e159d1BcD3291Fe1}: cortex::pipeline: transaction signed elapsed_ms=124
2026-04-05T14:00:00.762874Z  INFO ThreadId(06) pipeline{execution_id=364c5a43-525e-45bf-b12d-1fc02711e46e chain_id=1 from_address=0xfea6645D31443cF7Cf96eF1dB7823EB9365f98bf}: cortex::pipeline: transaction broadcasted: elapsed_ms=124 tx_hash=0xf99b016ef8983f86170fd7987833858a13242441954a6d4da5af72a71dc2adf6
2026-04-05T14:00:00.762886Z  INFO ThreadId(07) pipeline{execution_id=eef22f9b-2499-4fab-81b1-fd4f36af20b7 chain_id=42161 from_address=0x8AfE43fF49EBd5c4B8Cd1497ee77b437dd1711fc}: cortex::pipeline: nonce reserved elapsed_ms=124 nonce=2
2026-04-05T14:00:00.763038Z  INFO ThreadId(07) pipeline{execution_id=570c6305-ea96-40af-8ac0-c54d26f2e88c chain_id=1 from_address=0xfea6645D31443cF7Cf96eF1dB7823EB9365f98bf}: cortex::pipeline: nonce reserved elapsed_ms=124 nonce=3
2026-04-05T14:00:00.763045Z  INFO ThreadId(16) pipeline{execution_id=e5a300bc-02b6-4106-b473-605f8885d73e chain_id=137 from_address=0x8AfE43fF49EBd5c4B8Cd1497ee77b437dd1711fc}: cortex::pipeline: transaction signed elapsed_ms=124
2026-04-05T14:00:00.763860Z  INFO ThreadId(06) pipeline{execution_id=fcc3044b-7fe4-47b2-9755-63ab7fdbcf8d chain_id=42161 from_address=0xCFA80F1f22b0AD533F7d8e2CcC0A783aa4BCaFF3}: cortex::pipeline: transaction broadcasted: elapsed_ms=125 tx_hash=0x616fe8d638c553c7b4a750bfb5df2f4bd1e7a8d5eb3d79d3fb4535128da63077
2026-04-05T14:00:00.764477Z  INFO ThreadId(06) pipeline{execution_id=eef22f9b-2499-4fab-81b1-fd4f36af20b7 chain_id=42161 from_address=0x8AfE43fF49EBd5c4B8Cd1497ee77b437dd1711fc}: cortex::pipeline: transaction signed elapsed_ms=125
2026-04-05T14:00:00.764547Z  INFO ThreadId(16) pipeline{execution_id=0e9f4fd4-f197-4872-956e-a30cb4f81877 chain_id=42161 from_address=0xfea6645D31443cF7Cf96eF1dB7823EB9365f98bf}: cortex::pipeline: nonce reserved elapsed_ms=125 nonce=0
2026-04-05T14:00:00.764645Z  INFO ThreadId(06) pipeline{execution_id=570c6305-ea96-40af-8ac0-c54d26f2e88c chain_id=1 from_address=0xfea6645D31443cF7Cf96eF1dB7823EB9365f98bf}: cortex::pipeline: transaction signed elapsed_ms=125
2026-04-05T14:00:00.765151Z  INFO ThreadId(07) pipeline{execution_id=e5a300bc-02b6-4106-b473-605f8885d73e chain_id=137 from_address=0x8AfE43fF49EBd5c4B8Cd1497ee77b437dd1711fc}: cortex::pipeline: transaction broadcasted: elapsed_ms=126 tx_hash=0x7169d5e16145d57ba96de35f608f014f01c3d118f9a3bf8a9fb50643fc66ce6d
2026-04-05T14:00:00.766147Z  INFO ThreadId(07) pipeline{execution_id=0e9f4fd4-f197-4872-956e-a30cb4f81877 chain_id=42161 from_address=0xfea6645D31443cF7Cf96eF1dB7823EB9365f98bf}: cortex::pipeline: transaction signed elapsed_ms=127
2026-04-05T14:00:00.766232Z  INFO ThreadId(10) pipeline{execution_id=384b8043-99c0-41b3-918e-b62881fb7a96 chain_id=42161 from_address=0x2EAC739a1e05F4a05a5B8fD93D332c4353E5A7cD}: cortex::pipeline: transaction broadcasted: elapsed_ms=127 tx_hash=0x7c0039ac7ea6751f7a808570ee5ed1b7f61c68cb07a20276c871cd2c9ca6fc63
2026-04-05T14:00:00.766453Z  INFO ThreadId(10) pipeline{execution_id=ce6ac915-2f21-4829-ba71-16356572aa2f chain_id=42161 from_address=0x8AfE43fF49EBd5c4B8Cd1497ee77b437dd1711fc}: cortex::pipeline: nonce reserved elapsed_ms=127 nonce=3
2026-04-05T14:00:00.766783Z  INFO ThreadId(03) pipeline{execution_id=570c6305-ea96-40af-8ac0-c54d26f2e88c chain_id=1 from_address=0xfea6645D31443cF7Cf96eF1dB7823EB9365f98bf}: cortex::pipeline: transaction broadcasted: elapsed_ms=127 tx_hash=0xa47ca3d67e2b1718f0f1628c233109f71d03ec50ca381974263dbdc038b00e00
2026-04-05T14:00:00.767488Z  INFO ThreadId(03) pipeline{execution_id=5f905331-99f8-4e52-b45d-926981ed649b chain_id=1 from_address=0xfea6645D31443cF7Cf96eF1dB7823EB9365f98bf}: cortex::pipeline: nonce reserved elapsed_ms=128 nonce=4
2026-04-05T14:00:00.768240Z  INFO ThreadId(03) pipeline{execution_id=6109b65a-a96d-4a28-b73a-3523f87d96d4 chain_id=137 from_address=0x8AfE43fF49EBd5c4B8Cd1497ee77b437dd1711fc}: cortex::pipeline: nonce reserved elapsed_ms=128 nonce=1
2026-04-05T14:00:00.768754Z  INFO ThreadId(13) pipeline{execution_id=ce6ac915-2f21-4829-ba71-16356572aa2f chain_id=42161 from_address=0x8AfE43fF49EBd5c4B8Cd1497ee77b437dd1711fc}: cortex::pipeline: transaction signed elapsed_ms=129
2026-04-05T14:00:00.768901Z  INFO ThreadId(03) pipeline{execution_id=0a870c4e-f97f-4df9-a4b7-99b6cee3d3e9 chain_id=42161 from_address=0x8b172F820629b14cEAF859A6e159d1BcD3291Fe1}: cortex::pipeline: transaction broadcasted: elapsed_ms=130 tx_hash=0x5ca6f83ea1f3627d9023630fcb4e98691a05e49607f9bdfecc7bda12e174279f
2026-04-05T14:00:00.769541Z  INFO ThreadId(06) pipeline{execution_id=5f905331-99f8-4e52-b45d-926981ed649b chain_id=1 from_address=0xfea6645D31443cF7Cf96eF1dB7823EB9365f98bf}: cortex::pipeline: transaction signed elapsed_ms=130
2026-04-05T14:00:00.769919Z  INFO ThreadId(03) pipeline{execution_id=c33d18af-e26d-4115-815a-065d0b494b64 chain_id=1 from_address=0x8AfE43fF49EBd5c4B8Cd1497ee77b437dd1711fc}: cortex::pipeline: nonce reserved elapsed_ms=130 nonce=1
2026-04-05T14:00:00.770338Z  INFO ThreadId(13) pipeline{execution_id=545ac1c2-9296-4067-a03f-028a89e2bad6 chain_id=137 from_address=0x2EAC739a1e05F4a05a5B8fD93D332c4353E5A7cD}: cortex::pipeline: nonce reserved elapsed_ms=130 nonce=0
2026-04-05T14:00:00.770636Z  INFO ThreadId(10) pipeline{execution_id=6109b65a-a96d-4a28-b73a-3523f87d96d4 chain_id=137 from_address=0x8AfE43fF49EBd5c4B8Cd1497ee77b437dd1711fc}: cortex::pipeline: transaction signed elapsed_ms=131
2026-04-05T14:00:00.771710Z  INFO ThreadId(10) pipeline{execution_id=eef22f9b-2499-4fab-81b1-fd4f36af20b7 chain_id=42161 from_address=0x8AfE43fF49EBd5c4B8Cd1497ee77b437dd1711fc}: cortex::pipeline: transaction broadcasted: elapsed_ms=132 tx_hash=0x982f590f33243700808525238772424f1b511c9c261ebf438d47f0f87b4db424
2026-04-05T14:00:00.772225Z  INFO ThreadId(13) pipeline{execution_id=5f905331-99f8-4e52-b45d-926981ed649b chain_id=1 from_address=0xfea6645D31443cF7Cf96eF1dB7823EB9365f98bf}: cortex::pipeline: transaction broadcasted: elapsed_ms=133 tx_hash=0xb2a9609eed6226aa9ebd0012c1f6fcbae427c5eee8c3831b1713671493f7481f
2026-04-05T14:00:00.773125Z  INFO ThreadId(07) pipeline{execution_id=c33d18af-e26d-4115-815a-065d0b494b64 chain_id=1 from_address=0x8AfE43fF49EBd5c4B8Cd1497ee77b437dd1711fc}: cortex::pipeline: transaction signed elapsed_ms=133
2026-04-05T14:00:00.773323Z  INFO ThreadId(07) pipeline{execution_id=a1d17a11-6f7c-4722-b13a-c1ce1f4b0e5c chain_id=1 from_address=0x8AfE43fF49EBd5c4B8Cd1497ee77b437dd1711fc}: cortex::pipeline: nonce reserved elapsed_ms=133 nonce=2
2026-04-05T14:00:00.773499Z  INFO ThreadId(07) pipeline{execution_id=545ac1c2-9296-4067-a03f-028a89e2bad6 chain_id=137 from_address=0x2EAC739a1e05F4a05a5B8fD93D332c4353E5A7cD}: cortex::pipeline: transaction signed elapsed_ms=133
2026-04-05T14:00:00.774534Z  INFO ThreadId(03) pipeline{execution_id=0e9f4fd4-f197-4872-956e-a30cb4f81877 chain_id=42161 from_address=0xfea6645D31443cF7Cf96eF1dB7823EB9365f98bf}: cortex::pipeline: transaction broadcasted: elapsed_ms=135 tx_hash=0x124e0b97453ed0da675dafa6c461e79a3018d5ba75eb0c876bbf3f96ba0dc19a
2026-04-05T14:00:00.774816Z  INFO ThreadId(13) pipeline{execution_id=6109b65a-a96d-4a28-b73a-3523f87d96d4 chain_id=137 from_address=0x8AfE43fF49EBd5c4B8Cd1497ee77b437dd1711fc}: cortex::pipeline: transaction broadcasted: elapsed_ms=135 tx_hash=0x00379ede4f25374030e0b315227463dd1b7ffbe50ebc713fd58ec1826e4a5e56
2026-04-05T14:00:00.775448Z  INFO ThreadId(06) pipeline{execution_id=a1d17a11-6f7c-4722-b13a-c1ce1f4b0e5c chain_id=1 from_address=0x8AfE43fF49EBd5c4B8Cd1497ee77b437dd1711fc}: cortex::pipeline: transaction signed elapsed_ms=135
2026-04-05T14:00:00.775854Z  INFO ThreadId(07) pipeline{execution_id=c33d18af-e26d-4115-815a-065d0b494b64 chain_id=1 from_address=0x8AfE43fF49EBd5c4B8Cd1497ee77b437dd1711fc}: cortex::pipeline: transaction broadcasted: elapsed_ms=136 tx_hash=0x28403868c1c815e91e2e20e46b269700e53d4f8edc53cf76b382e3c5aa8f2f7c
2026-04-05T14:00:00.776175Z  INFO ThreadId(10) pipeline{execution_id=bbb9d5fc-cd84-46d5-a016-aa61f1c3f0e2 chain_id=137 from_address=0xCFA80F1f22b0AD533F7d8e2CcC0A783aa4BCaFF3}: cortex::pipeline: nonce reserved elapsed_ms=136 nonce=1
2026-04-05T14:00:00.776338Z  INFO ThreadId(03) pipeline{execution_id=ce6ac915-2f21-4829-ba71-16356572aa2f chain_id=42161 from_address=0x8AfE43fF49EBd5c4B8Cd1497ee77b437dd1711fc}: cortex::pipeline: transaction broadcasted: elapsed_ms=137 tx_hash=0xf44dd05775144226410f6223974757fb8d310c542f5f9829939741dff19ba3fb
2026-04-05T14:00:00.776599Z  INFO ThreadId(13) pipeline{execution_id=545ac1c2-9296-4067-a03f-028a89e2bad6 chain_id=137 from_address=0x2EAC739a1e05F4a05a5B8fD93D332c4353E5A7cD}: cortex::pipeline: transaction broadcasted: elapsed_ms=136 tx_hash=0x81e164b24fef50fdc5ac48e0a66a15ab78e92054b492dba9e7ae050c3af2fa38
2026-04-05T14:00:00.777375Z  INFO ThreadId(13) pipeline{execution_id=b458f519-9968-4a0c-b586-b682261272a2 chain_id=137 from_address=0x8b172F820629b14cEAF859A6e159d1BcD3291Fe1}: cortex::pipeline: nonce reserved elapsed_ms=137 nonce=4
2026-04-05T14:00:00.777686Z  INFO ThreadId(13) pipeline{execution_id=bdc6bbe9-c438-40b7-aad6-b02c0542fd69 chain_id=42161 from_address=0xCFA80F1f22b0AD533F7d8e2CcC0A783aa4BCaFF3}: cortex::pipeline: nonce reserved elapsed_ms=137 nonce=4
2026-04-05T14:00:00.777701Z  INFO ThreadId(10) pipeline{execution_id=bbb9d5fc-cd84-46d5-a016-aa61f1c3f0e2 chain_id=137 from_address=0xCFA80F1f22b0AD533F7d8e2CcC0A783aa4BCaFF3}: cortex::pipeline: transaction signed elapsed_ms=137
2026-04-05T14:00:00.778088Z  INFO ThreadId(03) pipeline{execution_id=925497df-176b-4fec-8168-b8443004561c chain_id=1 from_address=0xfea6645D31443cF7Cf96eF1dB7823EB9365f98bf}: cortex::pipeline: nonce reserved elapsed_ms=137 nonce=5
2026-04-05T14:00:00.778099Z  INFO ThreadId(10) pipeline{execution_id=a1d17a11-6f7c-4722-b13a-c1ce1f4b0e5c chain_id=1 from_address=0x8AfE43fF49EBd5c4B8Cd1497ee77b437dd1711fc}: cortex::pipeline: transaction broadcasted: elapsed_ms=138 tx_hash=0x298b0877c35ecc01169345b031e88bac000444a3d799066eb9e28342809764e1
2026-04-05T14:00:00.779061Z  INFO ThreadId(10) pipeline{execution_id=470a4806-c7a7-4a56-b088-d805c29dbd24 chain_id=1 from_address=0xCFA80F1f22b0AD533F7d8e2CcC0A783aa4BCaFF3}: cortex::pipeline: nonce reserved elapsed_ms=138 nonce=0
2026-04-05T14:00:00.779235Z  INFO ThreadId(03) pipeline{execution_id=b458f519-9968-4a0c-b586-b682261272a2 chain_id=137 from_address=0x8b172F820629b14cEAF859A6e159d1BcD3291Fe1}: cortex::pipeline: transaction signed elapsed_ms=139
2026-04-05T14:00:00.779428Z  INFO ThreadId(06) pipeline{execution_id=bdc6bbe9-c438-40b7-aad6-b02c0542fd69 chain_id=42161 from_address=0xCFA80F1f22b0AD533F7d8e2CcC0A783aa4BCaFF3}: cortex::pipeline: transaction signed elapsed_ms=139
2026-04-05T14:00:00.780422Z  INFO ThreadId(06) pipeline{execution_id=6bfa181c-1bc9-4384-9e96-05b543eb2d1d chain_id=42161 from_address=0xCFA80F1f22b0AD533F7d8e2CcC0A783aa4BCaFF3}: cortex::pipeline: nonce reserved elapsed_ms=139 nonce=5
2026-04-05T14:00:00.780699Z  INFO ThreadId(06) pipeline{execution_id=925497df-176b-4fec-8168-b8443004561c chain_id=1 from_address=0xfea6645D31443cF7Cf96eF1dB7823EB9365f98bf}: cortex::pipeline: transaction signed elapsed_ms=140
2026-04-05T14:00:00.781159Z  INFO ThreadId(06) pipeline{execution_id=bbb9d5fc-cd84-46d5-a016-aa61f1c3f0e2 chain_id=137 from_address=0xCFA80F1f22b0AD533F7d8e2CcC0A783aa4BCaFF3}: cortex::pipeline: transaction broadcasted: elapsed_ms=141 tx_hash=0x1d82a963db00f3c31791f16313830178fba175ccb12d9f337119cb3bdff70ea1
2026-04-05T14:00:00.781303Z  INFO ThreadId(03) pipeline{execution_id=bdc6bbe9-c438-40b7-aad6-b02c0542fd69 chain_id=42161 from_address=0xCFA80F1f22b0AD533F7d8e2CcC0A783aa4BCaFF3}: cortex::pipeline: transaction broadcasted: elapsed_ms=141 tx_hash=0xaf4cc60d8f5552fe41996b54b0e39d1887f791adb1c79ead530ff12b322ee90f
2026-04-05T14:00:00.781484Z  INFO ThreadId(10) pipeline{execution_id=470a4806-c7a7-4a56-b088-d805c29dbd24 chain_id=1 from_address=0xCFA80F1f22b0AD533F7d8e2CcC0A783aa4BCaFF3}: cortex::pipeline: transaction signed elapsed_ms=141
2026-04-05T14:00:00.781858Z  INFO ThreadId(13) pipeline{execution_id=d6cbe58f-18a3-41f8-b8b4-ae95d43fbb61 chain_id=137 from_address=0xCFA80F1f22b0AD533F7d8e2CcC0A783aa4BCaFF3}: cortex::pipeline: nonce reserved elapsed_ms=141 nonce=2
2026-04-05T14:00:00.782554Z  INFO ThreadId(13) pipeline{execution_id=925497df-176b-4fec-8168-b8443004561c chain_id=1 from_address=0xfea6645D31443cF7Cf96eF1dB7823EB9365f98bf}: cortex::pipeline: transaction broadcasted: elapsed_ms=142 tx_hash=0x3f902e165517c060209fc4d006f2fe951d90fe322fce74cc86adbd7ca8926950
2026-04-05T14:00:00.782569Z  INFO ThreadId(06) pipeline{execution_id=6bfa181c-1bc9-4384-9e96-05b543eb2d1d chain_id=42161 from_address=0xCFA80F1f22b0AD533F7d8e2CcC0A783aa4BCaFF3}: cortex::pipeline: transaction signed elapsed_ms=142
2026-04-05T14:00:00.782849Z  INFO ThreadId(16) pipeline{execution_id=b458f519-9968-4a0c-b586-b682261272a2 chain_id=137 from_address=0x8b172F820629b14cEAF859A6e159d1BcD3291Fe1}: cortex::pipeline: transaction broadcasted: elapsed_ms=142 tx_hash=0x97d31a4cdb42801bef5897693f5761efecb480690501dbea88f4ba1e80882615
2026-04-05T14:00:00.783179Z  INFO ThreadId(10) pipeline{execution_id=ae8e8f8e-5532-4e7d-ac7d-db240232cf62 chain_id=1 from_address=0x8b172F820629b14cEAF859A6e159d1BcD3291Fe1}: cortex::pipeline: nonce reserved elapsed_ms=142 nonce=3
2026-04-05T14:00:00.783278Z  INFO ThreadId(07) pipeline{execution_id=d6cbe58f-18a3-41f8-b8b4-ae95d43fbb61 chain_id=137 from_address=0xCFA80F1f22b0AD533F7d8e2CcC0A783aa4BCaFF3}: cortex::pipeline: transaction signed elapsed_ms=142
2026-04-05T14:00:00.783812Z  INFO ThreadId(07) pipeline{execution_id=cab70647-fcc5-4b78-8af1-59b3f78c8dcc chain_id=1 from_address=0xfea6645D31443cF7Cf96eF1dB7823EB9365f98bf}: cortex::pipeline: nonce reserved elapsed_ms=143 nonce=6
2026-04-05T14:00:00.784967Z  INFO ThreadId(16) pipeline{execution_id=ae8e8f8e-5532-4e7d-ac7d-db240232cf62 chain_id=1 from_address=0x8b172F820629b14cEAF859A6e159d1BcD3291Fe1}: cortex::pipeline: transaction signed elapsed_ms=144
2026-04-05T14:00:00.785001Z  INFO ThreadId(13) pipeline{execution_id=6bfa181c-1bc9-4384-9e96-05b543eb2d1d chain_id=42161 from_address=0xCFA80F1f22b0AD533F7d8e2CcC0A783aa4BCaFF3}: cortex::pipeline: transaction broadcasted: elapsed_ms=144 tx_hash=0xf0259557910bf320f666965a86f49f9a146a1a8873a33fcc0fe20c9790fed965
2026-04-05T14:00:00.785086Z  INFO ThreadId(07) pipeline{execution_id=470a4806-c7a7-4a56-b088-d805c29dbd24 chain_id=1 from_address=0xCFA80F1f22b0AD533F7d8e2CcC0A783aa4BCaFF3}: cortex::pipeline: transaction broadcasted: elapsed_ms=144 tx_hash=0xb641d9aaac818fa2a8da0e3a2fc0473418f30d52cb8c244e3e18ef170a43287e
2026-04-05T14:00:00.785323Z  INFO ThreadId(06) pipeline{execution_id=e840e40a-61e9-41ad-a824-c58a998a2be4 chain_id=137 from_address=0xfea6645D31443cF7Cf96eF1dB7823EB9365f98bf}: cortex::pipeline: nonce reserved elapsed_ms=144 nonce=1
2026-04-05T14:00:00.785332Z  INFO ThreadId(13) pipeline{execution_id=fc5bc975-9653-49fa-aa16-9a797a6ad400 chain_id=42161 from_address=0x2EAC739a1e05F4a05a5B8fD93D332c4353E5A7cD}: cortex::pipeline: nonce reserved elapsed_ms=144 nonce=4
2026-04-05T14:00:00.785624Z  INFO ThreadId(08) pipeline{execution_id=cab70647-fcc5-4b78-8af1-59b3f78c8dcc chain_id=1 from_address=0xfea6645D31443cF7Cf96eF1dB7823EB9365f98bf}: cortex::pipeline: transaction signed elapsed_ms=144
2026-04-05T14:00:00.785631Z  INFO ThreadId(16) pipeline{execution_id=d6cbe58f-18a3-41f8-b8b4-ae95d43fbb61 chain_id=137 from_address=0xCFA80F1f22b0AD533F7d8e2CcC0A783aa4BCaFF3}: cortex::pipeline: transaction broadcasted: elapsed_ms=145 tx_hash=0x559d0d7294a2837ce189c7f6f0d39a010dee334f116b88f6b5e14bd5bd8bbc7e
2026-04-05T14:00:00.786537Z  INFO ThreadId(10) pipeline{execution_id=25158d26-878b-4162-ace9-89f4632f215e chain_id=1 from_address=0xCFA80F1f22b0AD533F7d8e2CcC0A783aa4BCaFF3}: cortex::pipeline: nonce reserved elapsed_ms=145 nonce=1
2026-04-05T14:00:00.786625Z  INFO ThreadId(03) pipeline{execution_id=eb2ad87b-eaa0-4c19-9239-a9d0dfa97368 chain_id=137 from_address=0x2EAC739a1e05F4a05a5B8fD93D332c4353E5A7cD}: cortex::pipeline: nonce reserved elapsed_ms=145 nonce=1
2026-04-05T14:00:00.787128Z  INFO ThreadId(10) pipeline{execution_id=e840e40a-61e9-41ad-a824-c58a998a2be4 chain_id=137 from_address=0xfea6645D31443cF7Cf96eF1dB7823EB9365f98bf}: cortex::pipeline: transaction signed elapsed_ms=146
2026-04-05T14:00:00.787144Z  INFO ThreadId(08) pipeline{execution_id=fc5bc975-9653-49fa-aa16-9a797a6ad400 chain_id=42161 from_address=0x2EAC739a1e05F4a05a5B8fD93D332c4353E5A7cD}: cortex::pipeline: transaction signed elapsed_ms=146
2026-04-05T14:00:00.787908Z  INFO ThreadId(07) pipeline{execution_id=524f9c7e-ce2c-4558-aa21-91d721205580 chain_id=1 from_address=0x8AfE43fF49EBd5c4B8Cd1497ee77b437dd1711fc}: cortex::pipeline: nonce reserved elapsed_ms=146 nonce=3
2026-04-05T14:00:00.787958Z  INFO ThreadId(13) pipeline{execution_id=ae8e8f8e-5532-4e7d-ac7d-db240232cf62 chain_id=1 from_address=0x8b172F820629b14cEAF859A6e159d1BcD3291Fe1}: cortex::pipeline: transaction broadcasted: elapsed_ms=147 tx_hash=0x44240ec21aec8a4e5bf438c075a8958aa02592953e47ebcd6d9c93e95548e630
2026-04-05T14:00:00.788610Z  INFO ThreadId(16) pipeline{execution_id=25158d26-878b-4162-ace9-89f4632f215e chain_id=1 from_address=0xCFA80F1f22b0AD533F7d8e2CcC0A783aa4BCaFF3}: cortex::pipeline: transaction signed elapsed_ms=147
2026-04-05T14:00:00.788634Z  INFO ThreadId(06) pipeline{execution_id=eb2ad87b-eaa0-4c19-9239-a9d0dfa97368 chain_id=137 from_address=0x2EAC739a1e05F4a05a5B8fD93D332c4353E5A7cD}: cortex::pipeline: transaction signed elapsed_ms=147
2026-04-05T14:00:00.789030Z  INFO ThreadId(08) pipeline{execution_id=524f9c7e-ce2c-4558-aa21-91d721205580 chain_id=1 from_address=0x8AfE43fF49EBd5c4B8Cd1497ee77b437dd1711fc}: cortex::pipeline: transaction signed elapsed_ms=147
2026-04-05T14:00:00.789169Z  INFO ThreadId(08) pipeline{execution_id=b5f11482-dbc3-4bb9-9ae7-164a30fc0ee7 chain_id=42161 from_address=0x2EAC739a1e05F4a05a5B8fD93D332c4353E5A7cD}: cortex::pipeline: nonce reserved elapsed_ms=147 nonce=5
2026-04-05T14:00:00.789740Z  INFO ThreadId(06) pipeline{execution_id=fc5bc975-9653-49fa-aa16-9a797a6ad400 chain_id=42161 from_address=0x2EAC739a1e05F4a05a5B8fD93D332c4353E5A7cD}: cortex::pipeline: transaction broadcasted: elapsed_ms=148 tx_hash=0xdcf7a03d4cc4e7f1adbbb6aed548f93dfc40b275579feadd1da67ea00df04a69
2026-04-05T14:00:00.790288Z  INFO ThreadId(06) pipeline{execution_id=cab70647-fcc5-4b78-8af1-59b3f78c8dcc chain_id=1 from_address=0xfea6645D31443cF7Cf96eF1dB7823EB9365f98bf}: cortex::pipeline: transaction broadcasted: elapsed_ms=149 tx_hash=0x45a951857a2aaa23c971c83a620010d6d4742821228e19bc08ff8459fa086709
2026-04-05T14:00:00.790339Z  INFO ThreadId(08) pipeline{execution_id=e840e40a-61e9-41ad-a824-c58a998a2be4 chain_id=137 from_address=0xfea6645D31443cF7Cf96eF1dB7823EB9365f98bf}: cortex::pipeline: transaction broadcasted: elapsed_ms=149 tx_hash=0x3434b6bb7888e7d446522bb3298c19d3cfcc3b5177ddcda312ad4c323265400c
2026-04-05T14:00:00.790363Z  INFO ThreadId(13) pipeline{execution_id=f0de2122-8fd5-49c9-87e4-209883f4fe6b chain_id=137 from_address=0x8b172F820629b14cEAF859A6e159d1BcD3291Fe1}: cortex::pipeline: nonce reserved elapsed_ms=148 nonce=5
2026-04-05T14:00:00.790884Z  INFO ThreadId(03) pipeline{execution_id=b5f11482-dbc3-4bb9-9ae7-164a30fc0ee7 chain_id=42161 from_address=0x2EAC739a1e05F4a05a5B8fD93D332c4353E5A7cD}: cortex::pipeline: transaction signed elapsed_ms=149
2026-04-05T14:00:00.791337Z  INFO ThreadId(03) pipeline{execution_id=113aeafe-f359-44ef-b2a9-db3312c9b6f1 chain_id=137 from_address=0xCFA80F1f22b0AD533F7d8e2CcC0A783aa4BCaFF3}: cortex::pipeline: nonce reserved elapsed_ms=149 nonce=3
2026-04-05T14:00:00.792507Z  INFO ThreadId(08) pipeline{execution_id=f0de2122-8fd5-49c9-87e4-209883f4fe6b chain_id=137 from_address=0x8b172F820629b14cEAF859A6e159d1BcD3291Fe1}: cortex::pipeline: transaction signed elapsed_ms=151
2026-04-05T14:00:00.792508Z  INFO ThreadId(13) pipeline{execution_id=eb2ad87b-eaa0-4c19-9239-a9d0dfa97368 chain_id=137 from_address=0x2EAC739a1e05F4a05a5B8fD93D332c4353E5A7cD}: cortex::pipeline: transaction broadcasted: elapsed_ms=151 tx_hash=0x4e729b9ef4ca2f38d6202546462422aaff9f1d6ecc6ff13096369eb52071504d
2026-04-05T14:00:00.792560Z  INFO ThreadId(06) pipeline{execution_id=99aae2d5-f502-4e10-b178-8896b4030136 chain_id=42161 from_address=0x2EAC739a1e05F4a05a5B8fD93D332c4353E5A7cD}: cortex::pipeline: nonce reserved elapsed_ms=151 nonce=6
2026-04-05T14:00:00.792760Z  INFO ThreadId(06) pipeline{execution_id=25158d26-878b-4162-ace9-89f4632f215e chain_id=1 from_address=0xCFA80F1f22b0AD533F7d8e2CcC0A783aa4BCaFF3}: cortex::pipeline: transaction broadcasted: elapsed_ms=151 tx_hash=0xdedc89b1ef5289351e5927572737e1f3b435520f7d607d0e6f72d513bceede46
2026-04-05T14:00:00.793086Z  INFO ThreadId(08) pipeline{execution_id=b5f11482-dbc3-4bb9-9ae7-164a30fc0ee7 chain_id=42161 from_address=0x2EAC739a1e05F4a05a5B8fD93D332c4353E5A7cD}: cortex::pipeline: transaction broadcasted: elapsed_ms=151 tx_hash=0xd46c84af8b0328e201f0a7ca07298013e2b152dd03737f8e1b6b4fe9dcd01920
2026-04-05T14:00:00.793244Z  INFO ThreadId(06) pipeline{execution_id=113aeafe-f359-44ef-b2a9-db3312c9b6f1 chain_id=137 from_address=0xCFA80F1f22b0AD533F7d8e2CcC0A783aa4BCaFF3}: cortex::pipeline: transaction signed elapsed_ms=151
2026-04-05T14:00:00.794098Z  INFO ThreadId(06) pipeline{execution_id=27f85afd-43ba-4745-87ff-8ebe0947c0f9 chain_id=137 from_address=0xCFA80F1f22b0AD533F7d8e2CcC0A783aa4BCaFF3}: cortex::pipeline: nonce reserved elapsed_ms=152 nonce=4
2026-04-05T14:00:00.794786Z  INFO ThreadId(06) pipeline{execution_id=99aae2d5-f502-4e10-b178-8896b4030136 chain_id=42161 from_address=0x2EAC739a1e05F4a05a5B8fD93D332c4353E5A7cD}: cortex::pipeline: transaction signed elapsed_ms=153
2026-04-05T14:00:00.794830Z  INFO ThreadId(08) pipeline{execution_id=f0de2122-8fd5-49c9-87e4-209883f4fe6b chain_id=137 from_address=0x8b172F820629b14cEAF859A6e159d1BcD3291Fe1}: cortex::pipeline: transaction broadcasted: elapsed_ms=153 tx_hash=0xc5ab1c1434842307256274a3babdafa95abc2f1aaacb8c8cb2b8a20312eac1b5
2026-04-05T14:00:00.795022Z  INFO ThreadId(06) pipeline{execution_id=524f9c7e-ce2c-4558-aa21-91d721205580 chain_id=1 from_address=0x8AfE43fF49EBd5c4B8Cd1497ee77b437dd1711fc}: cortex::pipeline: transaction broadcasted: elapsed_ms=153 tx_hash=0xbe1eec99e859a63dbd4130ad1ea1c3b465004565b7353de5f2f2b6452e2050db
2026-04-05T14:00:00.795683Z  INFO ThreadId(07) pipeline{execution_id=20e18744-a8a0-4d64-8c68-c8c3aba93507 chain_id=1 from_address=0x8b172F820629b14cEAF859A6e159d1BcD3291Fe1}: cortex::pipeline: nonce reserved elapsed_ms=153 nonce=4
2026-04-05T14:00:00.795859Z  INFO ThreadId(06) pipeline{execution_id=27f85afd-43ba-4745-87ff-8ebe0947c0f9 chain_id=137 from_address=0xCFA80F1f22b0AD533F7d8e2CcC0A783aa4BCaFF3}: cortex::pipeline: transaction signed elapsed_ms=154
2026-04-05T14:00:00.796493Z  INFO ThreadId(07) pipeline{execution_id=4b71e339-66b1-4762-8d89-01e697f8c8ce chain_id=1 from_address=0x8AfE43fF49EBd5c4B8Cd1497ee77b437dd1711fc}: cortex::pipeline: nonce reserved elapsed_ms=154 nonce=4
2026-04-05T14:00:00.796927Z  INFO ThreadId(16) pipeline{execution_id=99aae2d5-f502-4e10-b178-8896b4030136 chain_id=42161 from_address=0x2EAC739a1e05F4a05a5B8fD93D332c4353E5A7cD}: cortex::pipeline: transaction broadcasted: elapsed_ms=155 tx_hash=0xb36ba0934a9cadac12ec03fb90f27a91774880cd44294bd70fa3fb0844a1662f
2026-04-05T14:00:00.797170Z  INFO ThreadId(16) pipeline{execution_id=20e18744-a8a0-4d64-8c68-c8c3aba93507 chain_id=1 from_address=0x8b172F820629b14cEAF859A6e159d1BcD3291Fe1}: cortex::pipeline: transaction signed elapsed_ms=155
2026-04-05T14:00:00.797232Z  INFO ThreadId(03) pipeline{execution_id=acdf358c-b9a5-41ac-8767-f32c67a79030 chain_id=137 from_address=0x8b172F820629b14cEAF859A6e159d1BcD3291Fe1}: cortex::pipeline: nonce reserved elapsed_ms=155 nonce=6
2026-04-05T14:00:00.797412Z  INFO ThreadId(10) pipeline{execution_id=113aeafe-f359-44ef-b2a9-db3312c9b6f1 chain_id=137 from_address=0xCFA80F1f22b0AD533F7d8e2CcC0A783aa4BCaFF3}: cortex::pipeline: transaction broadcasted: elapsed_ms=156 tx_hash=0xdfbe643ea2ca60f8868b4bf653b57d5471f9cee777da3e7e33c5d87d7bdfdaec
2026-04-05T14:00:00.797862Z  INFO ThreadId(08) pipeline{execution_id=e8335467-dc56-4245-8f14-cea2c32ea2a6 chain_id=42161 from_address=0x8b172F820629b14cEAF859A6e159d1BcD3291Fe1}: cortex::pipeline: nonce reserved elapsed_ms=155 nonce=3
2026-04-05T14:00:00.798033Z  INFO ThreadId(03) pipeline{execution_id=4b71e339-66b1-4762-8d89-01e697f8c8ce chain_id=1 from_address=0x8AfE43fF49EBd5c4B8Cd1497ee77b437dd1711fc}: cortex::pipeline: transaction signed elapsed_ms=156
2026-04-05T14:00:00.798866Z  INFO ThreadId(07) pipeline{execution_id=acdf358c-b9a5-41ac-8767-f32c67a79030 chain_id=137 from_address=0x8b172F820629b14cEAF859A6e159d1BcD3291Fe1}: cortex::pipeline: transaction signed elapsed_ms=157
2026-04-05T14:00:00.799225Z  INFO ThreadId(03) pipeline{execution_id=20e18744-a8a0-4d64-8c68-c8c3aba93507 chain_id=1 from_address=0x8b172F820629b14cEAF859A6e159d1BcD3291Fe1}: cortex::pipeline: transaction broadcasted: elapsed_ms=157 tx_hash=0x81ceb901a2f1587c526875593fd156a2098f8d4badf87db21c0ca59f1e2f8523
2026-04-05T14:00:00.799264Z  INFO ThreadId(08) pipeline{execution_id=27f85afd-43ba-4745-87ff-8ebe0947c0f9 chain_id=137 from_address=0xCFA80F1f22b0AD533F7d8e2CcC0A783aa4BCaFF3}: cortex::pipeline: transaction broadcasted: elapsed_ms=157 tx_hash=0x99757b2718fbfffaf9c188f728ad2dfe3b3b8d1e5135422871d81166c1e687b4
2026-04-05T14:00:00.799281Z  INFO ThreadId(13) pipeline{execution_id=881451e8-3560-4d3c-80aa-30e20395bc37 chain_id=1 from_address=0xCFA80F1f22b0AD533F7d8e2CcC0A783aa4BCaFF3}: cortex::pipeline: nonce reserved elapsed_ms=157 nonce=2
2026-04-05T14:00:00.799500Z  INFO ThreadId(13) pipeline{execution_id=e8335467-dc56-4245-8f14-cea2c32ea2a6 chain_id=42161 from_address=0x8b172F820629b14cEAF859A6e159d1BcD3291Fe1}: cortex::pipeline: transaction signed elapsed_ms=157
2026-04-05T14:00:00.800203Z  INFO ThreadId(13) pipeline{execution_id=8f327055-b70e-41cd-884f-7bd57dcc2d30 chain_id=1 from_address=0x8b172F820629b14cEAF859A6e159d1BcD3291Fe1}: cortex::pipeline: nonce reserved elapsed_ms=158 nonce=5
2026-04-05T14:00:00.800208Z  INFO ThreadId(16) pipeline{execution_id=edc3ff46-14b0-4c46-8832-748cf35e8b3a chain_id=137 from_address=0xCFA80F1f22b0AD533F7d8e2CcC0A783aa4BCaFF3}: cortex::pipeline: nonce reserved elapsed_ms=157 nonce=5
2026-04-05T14:00:00.800693Z  INFO ThreadId(08) pipeline{execution_id=881451e8-3560-4d3c-80aa-30e20395bc37 chain_id=1 from_address=0xCFA80F1f22b0AD533F7d8e2CcC0A783aa4BCaFF3}: cortex::pipeline: transaction signed elapsed_ms=158
2026-04-05T14:00:00.801611Z  INFO ThreadId(16) pipeline{execution_id=e8335467-dc56-4245-8f14-cea2c32ea2a6 chain_id=42161 from_address=0x8b172F820629b14cEAF859A6e159d1BcD3291Fe1}: cortex::pipeline: transaction broadcasted: elapsed_ms=159 tx_hash=0xd62c2a9a8c386c430e92c1ed6ad590905c09698504ba853fac09b977dfc45368
2026-04-05T14:00:00.801653Z  INFO ThreadId(11) pipeline{execution_id=acdf358c-b9a5-41ac-8767-f32c67a79030 chain_id=137 from_address=0x8b172F820629b14cEAF859A6e159d1BcD3291Fe1}: cortex::pipeline: transaction broadcasted: elapsed_ms=159 tx_hash=0x82d2bfcef21bb235c92f0b4dd4781785f309b957227c991ee349eb888e030ee6
2026-04-05T14:00:00.802132Z  INFO ThreadId(10) pipeline{execution_id=8f327055-b70e-41cd-884f-7bd57dcc2d30 chain_id=1 from_address=0x8b172F820629b14cEAF859A6e159d1BcD3291Fe1}: cortex::pipeline: transaction signed elapsed_ms=160
2026-04-05T14:00:00.802139Z  INFO ThreadId(08) pipeline{execution_id=edc3ff46-14b0-4c46-8832-748cf35e8b3a chain_id=137 from_address=0xCFA80F1f22b0AD533F7d8e2CcC0A783aa4BCaFF3}: cortex::pipeline: transaction signed elapsed_ms=159
2026-04-05T14:00:00.802291Z  INFO ThreadId(11) pipeline{execution_id=4b71e339-66b1-4762-8d89-01e697f8c8ce chain_id=1 from_address=0x8AfE43fF49EBd5c4B8Cd1497ee77b437dd1711fc}: cortex::pipeline: transaction broadcasted: elapsed_ms=160 tx_hash=0x48e2c3cf5b54c3d1fc93174f713763ca5d4f12383377c75e04f8d55e57661e80
2026-04-05T14:00:00.802465Z  INFO ThreadId(08) pipeline{execution_id=296d52e8-3ac5-4999-9aa0-582d55b5a50a chain_id=137 from_address=0xCFA80F1f22b0AD533F7d8e2CcC0A783aa4BCaFF3}: cortex::pipeline: nonce reserved elapsed_ms=160 nonce=6
2026-04-05T14:00:00.802900Z  INFO ThreadId(10) pipeline{execution_id=d98a9f75-a451-43e1-8856-5e608c8a78e8 chain_id=1 from_address=0x8b172F820629b14cEAF859A6e159d1BcD3291Fe1}: cortex::pipeline: nonce reserved elapsed_ms=160 nonce=6
2026-04-05T14:00:00.804149Z  INFO ThreadId(10) pipeline{execution_id=296d52e8-3ac5-4999-9aa0-582d55b5a50a chain_id=137 from_address=0xCFA80F1f22b0AD533F7d8e2CcC0A783aa4BCaFF3}: cortex::pipeline: transaction signed elapsed_ms=161
2026-04-05T14:00:00.804275Z  INFO ThreadId(10) pipeline{execution_id=881451e8-3560-4d3c-80aa-30e20395bc37 chain_id=1 from_address=0xCFA80F1f22b0AD533F7d8e2CcC0A783aa4BCaFF3}: cortex::pipeline: transaction broadcasted: elapsed_ms=162 tx_hash=0x4448b6ba5c4896a1d2d9260947df29d58bd5dbb69f74fac7f25338ae5a7a740b
2026-04-05T14:00:00.804273Z  INFO ThreadId(06) pipeline{execution_id=edc3ff46-14b0-4c46-8832-748cf35e8b3a chain_id=137 from_address=0xCFA80F1f22b0AD533F7d8e2CcC0A783aa4BCaFF3}: cortex::pipeline: transaction broadcasted: elapsed_ms=162 tx_hash=0xb2c18e15452a68f42635124ac1f07bddd26cd00d6632cf6762d14cd436e9c216
2026-04-05T14:00:00.804426Z  INFO ThreadId(16) pipeline{execution_id=d98a9f75-a451-43e1-8856-5e608c8a78e8 chain_id=1 from_address=0x8b172F820629b14cEAF859A6e159d1BcD3291Fe1}: cortex::pipeline: transaction signed elapsed_ms=162
2026-04-05T14:00:00.804866Z  INFO ThreadId(11) pipeline{execution_id=0de261e6-e19e-4394-aaf5-5ba0d3335afc chain_id=42161 from_address=0x2EAC739a1e05F4a05a5B8fD93D332c4353E5A7cD}: cortex::pipeline: nonce reserved elapsed_ms=162 nonce=7
2026-04-05T14:00:00.805219Z  INFO ThreadId(08) pipeline{execution_id=c5527b25-c23f-4602-a05b-fcb6c303be6f chain_id=42161 from_address=0xfea6645D31443cF7Cf96eF1dB7823EB9365f98bf}: cortex::pipeline: nonce reserved elapsed_ms=162 nonce=1
2026-04-05T14:00:00.806392Z  INFO ThreadId(11) pipeline{execution_id=296d52e8-3ac5-4999-9aa0-582d55b5a50a chain_id=137 from_address=0xCFA80F1f22b0AD533F7d8e2CcC0A783aa4BCaFF3}: cortex::pipeline: transaction broadcasted: elapsed_ms=164 tx_hash=0x90ab7ed9ccac9d1df938ccfa96e3083c01b1ea79957872d868d46cc596d25bcc
2026-04-05T14:00:00.806461Z  INFO ThreadId(10) pipeline{execution_id=0de261e6-e19e-4394-aaf5-5ba0d3335afc chain_id=42161 from_address=0x2EAC739a1e05F4a05a5B8fD93D332c4353E5A7cD}: cortex::pipeline: transaction signed elapsed_ms=164
2026-04-05T14:00:00.807036Z  INFO ThreadId(16) pipeline{execution_id=699193c9-32f0-4e66-97bd-91a1be1e5cc5 chain_id=137 from_address=0xCFA80F1f22b0AD533F7d8e2CcC0A783aa4BCaFF3}: cortex::pipeline: nonce reserved elapsed_ms=164 nonce=7
2026-04-05T14:00:00.807073Z  INFO ThreadId(11) pipeline{execution_id=8f327055-b70e-41cd-884f-7bd57dcc2d30 chain_id=1 from_address=0x8b172F820629b14cEAF859A6e159d1BcD3291Fe1}: cortex::pipeline: transaction broadcasted: elapsed_ms=165 tx_hash=0x18737922c919c67e136c167b00d00cbe7e7011b0e10a2de1ed4558b5fc221981
2026-04-05T14:00:00.807557Z  INFO ThreadId(16) pipeline{execution_id=c5527b25-c23f-4602-a05b-fcb6c303be6f chain_id=42161 from_address=0xfea6645D31443cF7Cf96eF1dB7823EB9365f98bf}: cortex::pipeline: transaction signed elapsed_ms=164
2026-04-05T14:00:00.807845Z  INFO ThreadId(08) pipeline{execution_id=7dad0dee-5e33-49ae-93e1-36b23195f2e5 chain_id=137 from_address=0x8b172F820629b14cEAF859A6e159d1BcD3291Fe1}: cortex::pipeline: nonce reserved elapsed_ms=165 nonce=7
2026-04-05T14:00:00.808601Z  INFO ThreadId(16) pipeline{execution_id=3b616605-c38c-4166-a809-dd39fe4985d9 chain_id=42161 from_address=0x8AfE43fF49EBd5c4B8Cd1497ee77b437dd1711fc}: cortex::pipeline: nonce reserved elapsed_ms=165 nonce=4
2026-04-05T14:00:00.808626Z  INFO ThreadId(13) pipeline{execution_id=699193c9-32f0-4e66-97bd-91a1be1e5cc5 chain_id=137 from_address=0xCFA80F1f22b0AD533F7d8e2CcC0A783aa4BCaFF3}: cortex::pipeline: transaction signed elapsed_ms=166
2026-04-05T14:00:00.808883Z  INFO ThreadId(07) pipeline{execution_id=0de261e6-e19e-4394-aaf5-5ba0d3335afc chain_id=42161 from_address=0x2EAC739a1e05F4a05a5B8fD93D332c4353E5A7cD}: cortex::pipeline: transaction broadcasted: elapsed_ms=166 tx_hash=0x32fae680c431397ae0c5b55eb3531bf6ebadb6252020389fc28a70ac4b0d7473
2026-04-05T14:00:00.809227Z  INFO ThreadId(16) pipeline{execution_id=d98a9f75-a451-43e1-8856-5e608c8a78e8 chain_id=1 from_address=0x8b172F820629b14cEAF859A6e159d1BcD3291Fe1}: cortex::pipeline: transaction broadcasted: elapsed_ms=166 tx_hash=0xe1b9846b8150dbf7f663a701e8443f9f172c39eac146a4ef2875107ac6bb9ee0
2026-04-05T14:00:00.809777Z  INFO ThreadId(11) pipeline{execution_id=7dad0dee-5e33-49ae-93e1-36b23195f2e5 chain_id=137 from_address=0x8b172F820629b14cEAF859A6e159d1BcD3291Fe1}: cortex::pipeline: transaction signed elapsed_ms=167
2026-04-05T14:00:00.810289Z  INFO ThreadId(03) pipeline{execution_id=7c1bc2b7-f1d4-46b5-b100-e41b00be6dc4 chain_id=1 from_address=0xfea6645D31443cF7Cf96eF1dB7823EB9365f98bf}: cortex::pipeline: nonce reserved elapsed_ms=167 nonce=7
2026-04-05T14:00:00.810709Z  INFO ThreadId(06) pipeline{execution_id=699193c9-32f0-4e66-97bd-91a1be1e5cc5 chain_id=137 from_address=0xCFA80F1f22b0AD533F7d8e2CcC0A783aa4BCaFF3}: cortex::pipeline: transaction broadcasted: elapsed_ms=168 tx_hash=0xfd3c4d7d749cb0eb5a265b1cbf9a7c621d8ddc2fc571c4e1d072ccbf3b784693
2026-04-05T14:00:00.810720Z  INFO ThreadId(07) pipeline{execution_id=3b616605-c38c-4166-a809-dd39fe4985d9 chain_id=42161 from_address=0x8AfE43fF49EBd5c4B8Cd1497ee77b437dd1711fc}: cortex::pipeline: transaction signed elapsed_ms=167
2026-04-05T14:00:00.810736Z  INFO ThreadId(08) pipeline{execution_id=c5527b25-c23f-4602-a05b-fcb6c303be6f chain_id=42161 from_address=0xfea6645D31443cF7Cf96eF1dB7823EB9365f98bf}: cortex::pipeline: transaction broadcasted: elapsed_ms=168 tx_hash=0xfaae324dc61fb60f27fafc01080095e1ce6ca1cd9f1892afa3657bee18fd0f0d
2026-04-05T14:00:00.811339Z  INFO ThreadId(08) pipeline{execution_id=7c1bc2b7-f1d4-46b5-b100-e41b00be6dc4 chain_id=1 from_address=0xfea6645D31443cF7Cf96eF1dB7823EB9365f98bf}: cortex::pipeline: transaction signed elapsed_ms=168
2026-04-05T14:00:00.811624Z  INFO ThreadId(08) pipeline{execution_id=370349d6-7f06-4ba0-b073-cdb3837b2531 chain_id=137 from_address=0x8b172F820629b14cEAF859A6e159d1BcD3291Fe1}: cortex::pipeline: nonce reserved elapsed_ms=168 nonce=8
2026-04-05T14:00:00.812268Z  INFO ThreadId(07) pipeline{execution_id=83594fe4-a37c-4858-b899-502072862e4e chain_id=1 from_address=0x8AfE43fF49EBd5c4B8Cd1497ee77b437dd1711fc}: cortex::pipeline: nonce reserved elapsed_ms=169 nonce=5
2026-04-05T14:00:00.812682Z  INFO ThreadId(06) pipeline{execution_id=3b616605-c38c-4166-a809-dd39fe4985d9 chain_id=42161 from_address=0x8AfE43fF49EBd5c4B8Cd1497ee77b437dd1711fc}: cortex::pipeline: transaction broadcasted: elapsed_ms=169 tx_hash=0x5126eb6be3f3396db1752732afb7375221b01bfd122e3ea3894d41c91f9ce5af
2026-04-05T14:00:00.812693Z  INFO ThreadId(16) pipeline{execution_id=7dad0dee-5e33-49ae-93e1-36b23195f2e5 chain_id=137 from_address=0x8b172F820629b14cEAF859A6e159d1BcD3291Fe1}: cortex::pipeline: transaction broadcasted: elapsed_ms=169 tx_hash=0x43b23fbcd28d682a44afacc60b29176fa5336f5e56bdeaac9e9b0102b9ca92d4
2026-04-05T14:00:00.813077Z  INFO ThreadId(10) pipeline{execution_id=370349d6-7f06-4ba0-b073-cdb3837b2531 chain_id=137 from_address=0x8b172F820629b14cEAF859A6e159d1BcD3291Fe1}: cortex::pipeline: transaction signed elapsed_ms=170
2026-04-05T14:00:00.813281Z  INFO ThreadId(07) pipeline{execution_id=7c1bc2b7-f1d4-46b5-b100-e41b00be6dc4 chain_id=1 from_address=0xfea6645D31443cF7Cf96eF1dB7823EB9365f98bf}: cortex::pipeline: transaction broadcasted: elapsed_ms=170 tx_hash=0xe56b0dac24002a920b2cc70ac7a7d6a657f84b362d4b5579f6aaf886abdb1dca
2026-04-05T14:00:00.813440Z  INFO ThreadId(07) pipeline{execution_id=281daa5b-1b80-4e1e-a639-a379a5fa0cc2 chain_id=1 from_address=0xfea6645D31443cF7Cf96eF1dB7823EB9365f98bf}: cortex::pipeline: nonce reserved elapsed_ms=170 nonce=8
2026-04-05T14:00:00.814085Z  INFO ThreadId(07) pipeline{execution_id=a2958468-d7eb-4a7b-811d-17b81c2aa2f1 chain_id=42161 from_address=0x2EAC739a1e05F4a05a5B8fD93D332c4353E5A7cD}: cortex::pipeline: nonce reserved elapsed_ms=170 nonce=8
2026-04-05T14:00:00.814301Z  INFO ThreadId(06) pipeline{execution_id=83594fe4-a37c-4858-b899-502072862e4e chain_id=1 from_address=0x8AfE43fF49EBd5c4B8Cd1497ee77b437dd1711fc}: cortex::pipeline: transaction signed elapsed_ms=171
2026-04-05T14:00:00.814399Z  INFO ThreadId(07) pipeline{execution_id=a0fdb9ec-b9c9-4e04-b970-a218f96a8cf6 chain_id=42161 from_address=0xCFA80F1f22b0AD533F7d8e2CcC0A783aa4BCaFF3}: cortex::pipeline: nonce reserved elapsed_ms=171 nonce=6
2026-04-05T14:00:00.814661Z  INFO ThreadId(07) pipeline{execution_id=370349d6-7f06-4ba0-b073-cdb3837b2531 chain_id=137 from_address=0x8b172F820629b14cEAF859A6e159d1BcD3291Fe1}: cortex::pipeline: transaction broadcasted: elapsed_ms=171 tx_hash=0xea83fa41fdf4001da3c2fda827dca656b97c5e6fc7be9a18409676a4918e8ab0
2026-04-05T14:00:00.815068Z  INFO ThreadId(06) pipeline{execution_id=281daa5b-1b80-4e1e-a639-a379a5fa0cc2 chain_id=1 from_address=0xfea6645D31443cF7Cf96eF1dB7823EB9365f98bf}: cortex::pipeline: transaction signed elapsed_ms=171
2026-04-05T14:00:00.815284Z  INFO ThreadId(08) pipeline{execution_id=25213abc-be4c-4ba3-8ecb-3e21c9eab361 chain_id=42161 from_address=0x8AfE43fF49EBd5c4B8Cd1497ee77b437dd1711fc}: cortex::pipeline: nonce reserved elapsed_ms=171 nonce=5
2026-04-05T14:00:00.815458Z  INFO ThreadId(08) pipeline{execution_id=a2958468-d7eb-4a7b-811d-17b81c2aa2f1 chain_id=42161 from_address=0x2EAC739a1e05F4a05a5B8fD93D332c4353E5A7cD}: cortex::pipeline: transaction signed elapsed_ms=172
2026-04-05T14:00:00.815637Z  INFO ThreadId(11) pipeline{execution_id=83594fe4-a37c-4858-b899-502072862e4e chain_id=1 from_address=0x8AfE43fF49EBd5c4B8Cd1497ee77b437dd1711fc}: cortex::pipeline: transaction broadcasted: elapsed_ms=172 tx_hash=0xc0de5261be1dc0207c3b07ac60cbe07f5a158692e9c9c03e50925ae494c15c55
2026-04-05T14:00:00.815810Z  INFO ThreadId(06) pipeline{execution_id=a0fdb9ec-b9c9-4e04-b970-a218f96a8cf6 chain_id=42161 from_address=0xCFA80F1f22b0AD533F7d8e2CcC0A783aa4BCaFF3}: cortex::pipeline: transaction signed elapsed_ms=172
2026-04-05T14:00:00.816230Z  INFO ThreadId(06) pipeline{execution_id=25213abc-be4c-4ba3-8ecb-3e21c9eab361 chain_id=42161 from_address=0x8AfE43fF49EBd5c4B8Cd1497ee77b437dd1711fc}: cortex::pipeline: transaction signed elapsed_ms=172
2026-04-05T14:00:00.816833Z  INFO ThreadId(06) pipeline{execution_id=aea50515-804e-44ec-9f74-20a4a4e58bbd chain_id=42161 from_address=0xfea6645D31443cF7Cf96eF1dB7823EB9365f98bf}: cortex::pipeline: nonce reserved elapsed_ms=173 nonce=2
2026-04-05T14:00:00.817277Z  INFO ThreadId(11) pipeline{execution_id=a2958468-d7eb-4a7b-811d-17b81c2aa2f1 chain_id=42161 from_address=0x2EAC739a1e05F4a05a5B8fD93D332c4353E5A7cD}: cortex::pipeline: transaction broadcasted: elapsed_ms=173 tx_hash=0x7327a447840bbce9106c19035d0585e344caef00ac537a381918c5ee173920f1
2026-04-05T14:00:00.817438Z  INFO ThreadId(11) pipeline{execution_id=281daa5b-1b80-4e1e-a639-a379a5fa0cc2 chain_id=1 from_address=0xfea6645D31443cF7Cf96eF1dB7823EB9365f98bf}: cortex::pipeline: transaction broadcasted: elapsed_ms=174 tx_hash=0x4c87d880899ca59b4a906a8698eb054e5ff14af1a308fd2966800a8a81a4adeb
2026-04-05T14:00:00.818461Z  INFO ThreadId(11) pipeline{execution_id=aea50515-804e-44ec-9f74-20a4a4e58bbd chain_id=42161 from_address=0xfea6645D31443cF7Cf96eF1dB7823EB9365f98bf}: cortex::pipeline: transaction signed elapsed_ms=174
2026-04-05T14:00:00.818574Z  INFO ThreadId(11) pipeline{execution_id=22a3c94b-20cc-4187-a0cd-fde7a5870818 chain_id=1 from_address=0x8b172F820629b14cEAF859A6e159d1BcD3291Fe1}: cortex::pipeline: nonce reserved elapsed_ms=174 nonce=7
2026-04-05T14:00:00.818716Z  INFO ThreadId(11) pipeline{execution_id=7763de71-1ba8-4c68-b377-1eab2cbe3551 chain_id=42161 from_address=0xfea6645D31443cF7Cf96eF1dB7823EB9365f98bf}: cortex::pipeline: nonce reserved elapsed_ms=175 nonce=3
2026-04-05T14:00:00.819073Z  INFO ThreadId(11) pipeline{execution_id=a0fdb9ec-b9c9-4e04-b970-a218f96a8cf6 chain_id=42161 from_address=0xCFA80F1f22b0AD533F7d8e2CcC0A783aa4BCaFF3}: cortex::pipeline: transaction broadcasted: elapsed_ms=175 tx_hash=0xd358fbd0d523778b1ed45d9e1b9e7d35d11c94b64b3b8ab047a8429c42d20103
2026-04-05T14:00:00.819868Z  INFO ThreadId(08) pipeline{execution_id=242af9ad-fb7a-44c5-8325-020ea3b74243 chain_id=137 from_address=0x8b172F820629b14cEAF859A6e159d1BcD3291Fe1}: cortex::pipeline: nonce reserved elapsed_ms=176 nonce=9
2026-04-05T14:00:00.820569Z  INFO ThreadId(16) pipeline{execution_id=7763de71-1ba8-4c68-b377-1eab2cbe3551 chain_id=42161 from_address=0xfea6645D31443cF7Cf96eF1dB7823EB9365f98bf}: cortex::pipeline: transaction signed elapsed_ms=177
2026-04-05T14:00:00.820584Z  INFO ThreadId(11) pipeline{execution_id=03693919-cf04-4b1b-aa33-83f954c33374 chain_id=137 from_address=0xCFA80F1f22b0AD533F7d8e2CcC0A783aa4BCaFF3}: cortex::pipeline: nonce reserved elapsed_ms=176 nonce=8
2026-04-05T14:00:00.820585Z  INFO ThreadId(07) pipeline{execution_id=22a3c94b-20cc-4187-a0cd-fde7a5870818 chain_id=1 from_address=0x8b172F820629b14cEAF859A6e159d1BcD3291Fe1}: cortex::pipeline: transaction signed elapsed_ms=177
2026-04-05T14:00:00.821368Z  INFO ThreadId(16) pipeline{execution_id=25213abc-be4c-4ba3-8ecb-3e21c9eab361 chain_id=42161 from_address=0x8AfE43fF49EBd5c4B8Cd1497ee77b437dd1711fc}: cortex::pipeline: transaction broadcasted: elapsed_ms=177 tx_hash=0x0f553116ca8df1fe670505161a70285d752d26033a4f58f488c8bc802310c686
2026-04-05T14:00:00.821706Z  INFO ThreadId(10) pipeline{execution_id=242af9ad-fb7a-44c5-8325-020ea3b74243 chain_id=137 from_address=0x8b172F820629b14cEAF859A6e159d1BcD3291Fe1}: cortex::pipeline: transaction signed elapsed_ms=178
2026-04-05T14:00:00.821924Z  INFO ThreadId(10) pipeline{execution_id=03693919-cf04-4b1b-aa33-83f954c33374 chain_id=137 from_address=0xCFA80F1f22b0AD533F7d8e2CcC0A783aa4BCaFF3}: cortex::pipeline: transaction signed elapsed_ms=177
2026-04-05T14:00:00.822466Z  INFO ThreadId(10) pipeline{execution_id=0addbb8f-0ee2-4ab1-aef6-9f5084e4b1e2 chain_id=42161 from_address=0xCFA80F1f22b0AD533F7d8e2CcC0A783aa4BCaFF3}: cortex::pipeline: nonce reserved elapsed_ms=178 nonce=7
2026-04-05T14:00:00.822604Z  INFO ThreadId(03) pipeline{execution_id=acf84436-9802-4539-8d0d-c2b0c3716170 chain_id=137 from_address=0x2EAC739a1e05F4a05a5B8fD93D332c4353E5A7cD}: cortex::pipeline: nonce reserved elapsed_ms=178 nonce=2
2026-04-05T14:00:00.823353Z  INFO ThreadId(16) pipeline{execution_id=22a3c94b-20cc-4187-a0cd-fde7a5870818 chain_id=1 from_address=0x8b172F820629b14cEAF859A6e159d1BcD3291Fe1}: cortex::pipeline: transaction broadcasted: elapsed_ms=179 tx_hash=0x9cc1d319103f40c7b5781305e070e0e882028827eba30a969b168fa58365f83e
2026-04-05T14:00:00.823640Z  INFO ThreadId(07) pipeline{execution_id=242af9ad-fb7a-44c5-8325-020ea3b74243 chain_id=137 from_address=0x8b172F820629b14cEAF859A6e159d1BcD3291Fe1}: cortex::pipeline: transaction broadcasted: elapsed_ms=180 tx_hash=0xd28b17d7cae00febe407ec003f6b84cc1f83e2f8ab9d249999b64242a136f662
2026-04-05T14:00:00.823642Z  INFO ThreadId(13) pipeline{execution_id=aea50515-804e-44ec-9f74-20a4a4e58bbd chain_id=42161 from_address=0xfea6645D31443cF7Cf96eF1dB7823EB9365f98bf}: cortex::pipeline: transaction broadcasted: elapsed_ms=180 tx_hash=0x5888648413aaeafced5571faddde619c948474f273f46be74bad22ef99b551d4
2026-04-05T14:00:00.824200Z  INFO ThreadId(13) pipeline{execution_id=0addbb8f-0ee2-4ab1-aef6-9f5084e4b1e2 chain_id=42161 from_address=0xCFA80F1f22b0AD533F7d8e2CcC0A783aa4BCaFF3}: cortex::pipeline: transaction signed elapsed_ms=179
2026-04-05T14:00:00.824422Z  INFO ThreadId(16) pipeline{execution_id=00d0ac33-ed5a-49b3-a744-8e3613b15b46 chain_id=137 from_address=0xfea6645D31443cF7Cf96eF1dB7823EB9365f98bf}: cortex::pipeline: nonce reserved elapsed_ms=179 nonce=2
2026-04-05T14:00:00.825028Z  INFO ThreadId(13) pipeline{execution_id=acf84436-9802-4539-8d0d-c2b0c3716170 chain_id=137 from_address=0x2EAC739a1e05F4a05a5B8fD93D332c4353E5A7cD}: cortex::pipeline: transaction signed elapsed_ms=180
2026-04-05T14:00:00.825523Z  INFO ThreadId(10) pipeline{execution_id=b4417837-cd09-4297-b12f-22cb95bdc869 chain_id=1 from_address=0x8AfE43fF49EBd5c4B8Cd1497ee77b437dd1711fc}: cortex::pipeline: nonce reserved elapsed_ms=181 nonce=6
2026-04-05T14:00:00.826383Z  INFO ThreadId(06) pipeline{execution_id=03693919-cf04-4b1b-aa33-83f954c33374 chain_id=137 from_address=0xCFA80F1f22b0AD533F7d8e2CcC0A783aa4BCaFF3}: cortex::pipeline: transaction broadcasted: elapsed_ms=181 tx_hash=0x276f8608705edf666011e6f4910671ea8d45320ba400c062a451f5ddf10474c2
2026-04-05T14:00:00.826630Z  INFO ThreadId(16) pipeline{execution_id=00d0ac33-ed5a-49b3-a744-8e3613b15b46 chain_id=137 from_address=0xfea6645D31443cF7Cf96eF1dB7823EB9365f98bf}: cortex::pipeline: transaction signed elapsed_ms=182
2026-04-05T14:00:00.826741Z  INFO ThreadId(16) pipeline{execution_id=7763de71-1ba8-4c68-b377-1eab2cbe3551 chain_id=42161 from_address=0xfea6645D31443cF7Cf96eF1dB7823EB9365f98bf}: cortex::pipeline: transaction broadcasted: elapsed_ms=183 tx_hash=0xabb7ff813f212e581bdb07268eb45b44d08b31795ebc6748183a9fbad968be30
2026-04-05T14:00:00.827401Z  INFO ThreadId(07) pipeline{execution_id=b4417837-cd09-4297-b12f-22cb95bdc869 chain_id=1 from_address=0x8AfE43fF49EBd5c4B8Cd1497ee77b437dd1711fc}: cortex::pipeline: transaction signed elapsed_ms=182
2026-04-05T14:00:00.827402Z  INFO ThreadId(10) pipeline{execution_id=4b058abf-bf0a-4ac5-b1f5-fca590f6c0b6 chain_id=137 from_address=0xfea6645D31443cF7Cf96eF1dB7823EB9365f98bf}: cortex::pipeline: nonce reserved elapsed_ms=182 nonce=3
2026-04-05T14:00:00.829116Z  INFO ThreadId(07) pipeline{execution_id=4b058abf-bf0a-4ac5-b1f5-fca590f6c0b6 chain_id=137 from_address=0xfea6645D31443cF7Cf96eF1dB7823EB9365f98bf}: cortex::pipeline: transaction signed elapsed_ms=184
2026-04-05T14:00:00.829252Z  INFO ThreadId(08) pipeline{execution_id=0addbb8f-0ee2-4ab1-aef6-9f5084e4b1e2 chain_id=42161 from_address=0xCFA80F1f22b0AD533F7d8e2CcC0A783aa4BCaFF3}: cortex::pipeline: transaction broadcasted: elapsed_ms=184 tx_hash=0xad7b742c8ae227fe8642635b67190135fb1fa199b4c84a717e072dbb1702b6cb
2026-04-05T14:00:00.829576Z  INFO ThreadId(08) pipeline{execution_id=acf84436-9802-4539-8d0d-c2b0c3716170 chain_id=137 from_address=0x2EAC739a1e05F4a05a5B8fD93D332c4353E5A7cD}: cortex::pipeline: transaction broadcasted: elapsed_ms=185 tx_hash=0x6c33654633c03a1adac68bb6c7c3bddf170b38d0cd3fb003811061c7bc6163d2
2026-04-05T14:00:00.829657Z  INFO ThreadId(10) pipeline{execution_id=b4417837-cd09-4297-b12f-22cb95bdc869 chain_id=1 from_address=0x8AfE43fF49EBd5c4B8Cd1497ee77b437dd1711fc}: cortex::pipeline: transaction broadcasted: elapsed_ms=185 tx_hash=0xae965a948d4d7e382ec5a0d5db805fc6ecad1b6c6cfb6d15d311b25fddf7f20c
2026-04-05T14:00:00.829674Z  INFO ThreadId(07) pipeline{execution_id=6ac91fc3-47e1-4c25-a8ac-ea845799ce62 chain_id=137 from_address=0xCFA80F1f22b0AD533F7d8e2CcC0A783aa4BCaFF3}: cortex::pipeline: nonce reserved elapsed_ms=185 nonce=9
2026-04-05T14:00:00.829998Z  INFO ThreadId(06) pipeline{execution_id=f4afa56a-173a-44ce-838d-ac033f664c25 chain_id=1 from_address=0x8AfE43fF49EBd5c4B8Cd1497ee77b437dd1711fc}: cortex::pipeline: nonce reserved elapsed_ms=185 nonce=7
2026-04-05T14:00:00.830804Z  INFO ThreadId(03) pipeline{execution_id=a5a8f36e-9cd1-4d0c-835d-aaa8bf5d4916 chain_id=1 from_address=0x2EAC739a1e05F4a05a5B8fD93D332c4353E5A7cD}: cortex::pipeline: nonce reserved elapsed_ms=183 nonce=1
2026-04-05T14:00:00.831219Z  INFO ThreadId(06) pipeline{execution_id=6ac91fc3-47e1-4c25-a8ac-ea845799ce62 chain_id=137 from_address=0xCFA80F1f22b0AD533F7d8e2CcC0A783aa4BCaFF3}: cortex::pipeline: transaction signed elapsed_ms=186
2026-04-05T14:00:00.831222Z  INFO ThreadId(07) pipeline{execution_id=f4afa56a-173a-44ce-838d-ac033f664c25 chain_id=1 from_address=0x8AfE43fF49EBd5c4B8Cd1497ee77b437dd1711fc}: cortex::pipeline: transaction signed elapsed_ms=186
2026-04-05T14:00:00.831265Z  INFO ThreadId(10) pipeline{execution_id=c8595ab4-6ebb-4b20-8cfa-6f42a4870cdf chain_id=137 from_address=0xCFA80F1f22b0AD533F7d8e2CcC0A783aa4BCaFF3}: cortex::pipeline: nonce reserved elapsed_ms=184 nonce=10
2026-04-05T14:00:00.831268Z  INFO ThreadId(03) pipeline{execution_id=00d0ac33-ed5a-49b3-a744-8e3613b15b46 chain_id=137 from_address=0xfea6645D31443cF7Cf96eF1dB7823EB9365f98bf}: cortex::pipeline: transaction broadcasted: elapsed_ms=186 tx_hash=0x6e272c389f084cc54023e01e154537de60c14c5f548464514d720ba9014072ba
2026-04-05T14:00:00.832480Z  INFO ThreadId(13) pipeline{execution_id=a5a8f36e-9cd1-4d0c-835d-aaa8bf5d4916 chain_id=1 from_address=0x2EAC739a1e05F4a05a5B8fD93D332c4353E5A7cD}: cortex::pipeline: transaction signed elapsed_ms=185
2026-04-05T14:00:00.832755Z  INFO ThreadId(10) pipeline{execution_id=ecff7d5a-0f67-4d5f-91b0-2523b9f7f3cd chain_id=137 from_address=0xfea6645D31443cF7Cf96eF1dB7823EB9365f98bf}: cortex::pipeline: nonce reserved elapsed_ms=185 nonce=4
2026-04-05T14:00:00.832878Z  INFO ThreadId(06) pipeline{execution_id=6b4060ef-4460-418b-b766-a3eff34f0dd9 chain_id=1 from_address=0x8AfE43fF49EBd5c4B8Cd1497ee77b437dd1711fc}: cortex::pipeline: nonce reserved elapsed_ms=185 nonce=8
2026-04-05T14:00:00.833404Z  INFO ThreadId(03) pipeline{execution_id=f4afa56a-173a-44ce-838d-ac033f664c25 chain_id=1 from_address=0x8AfE43fF49EBd5c4B8Cd1497ee77b437dd1711fc}: cortex::pipeline: transaction broadcasted: elapsed_ms=188 tx_hash=0x8c79c6cfc08dfacc68fafaa6eedf1f4ed3f99b1df863a0379c4d08b5b7c77ee5
2026-04-05T14:00:00.833881Z  INFO ThreadId(03) pipeline{execution_id=c8595ab4-6ebb-4b20-8cfa-6f42a4870cdf chain_id=137 from_address=0xCFA80F1f22b0AD533F7d8e2CcC0A783aa4BCaFF3}: cortex::pipeline: transaction signed elapsed_ms=186
2026-04-05T14:00:00.834444Z  INFO ThreadId(16) pipeline{execution_id=4b058abf-bf0a-4ac5-b1f5-fca590f6c0b6 chain_id=137 from_address=0xfea6645D31443cF7Cf96eF1dB7823EB9365f98bf}: cortex::pipeline: transaction broadcasted: elapsed_ms=189 tx_hash=0x8e4f23521be272f47c480b9bd4dae0cc070e18be6609ee8959bba6adedf723e2
2026-04-05T14:00:00.834561Z  INFO ThreadId(06) pipeline{execution_id=ecff7d5a-0f67-4d5f-91b0-2523b9f7f3cd chain_id=137 from_address=0xfea6645D31443cF7Cf96eF1dB7823EB9365f98bf}: cortex::pipeline: transaction signed elapsed_ms=187
2026-04-05T14:00:00.835223Z  INFO ThreadId(03) pipeline{execution_id=6b4060ef-4460-418b-b766-a3eff34f0dd9 chain_id=1 from_address=0x8AfE43fF49EBd5c4B8Cd1497ee77b437dd1711fc}: cortex::pipeline: transaction signed elapsed_ms=187
2026-04-05T14:00:00.835509Z  INFO ThreadId(03) pipeline{execution_id=a5a8f36e-9cd1-4d0c-835d-aaa8bf5d4916 chain_id=1 from_address=0x2EAC739a1e05F4a05a5B8fD93D332c4353E5A7cD}: cortex::pipeline: transaction broadcasted: elapsed_ms=188 tx_hash=0x2658d50fc9056205b696e7c76884b1ed61c90a7360c1150387b16442dccb900f
2026-04-05T14:00:00.835518Z  INFO ThreadId(16) pipeline{execution_id=8e824ddf-65d2-4530-a098-06e16fd302b9 chain_id=1 from_address=0x8b172F820629b14cEAF859A6e159d1BcD3291Fe1}: cortex::pipeline: nonce reserved elapsed_ms=187 nonce=8
2026-04-05T14:00:00.836015Z  INFO ThreadId(13) pipeline{execution_id=f27b78a1-0a20-4375-a6b9-1b8f1f615376 chain_id=137 from_address=0x8b172F820629b14cEAF859A6e159d1BcD3291Fe1}: cortex::pipeline: nonce reserved elapsed_ms=188 nonce=10
2026-04-05T14:00:00.836070Z  INFO ThreadId(08) pipeline{execution_id=757904b1-a7a6-457e-8d04-7a72c59df699 chain_id=137 from_address=0x2EAC739a1e05F4a05a5B8fD93D332c4353E5A7cD}: cortex::pipeline: nonce reserved elapsed_ms=191 nonce=3
2026-04-05T14:00:00.836270Z  INFO ThreadId(13) pipeline{execution_id=6ac91fc3-47e1-4c25-a8ac-ea845799ce62 chain_id=137 from_address=0xCFA80F1f22b0AD533F7d8e2CcC0A783aa4BCaFF3}: cortex::pipeline: transaction broadcasted: elapsed_ms=191 tx_hash=0x52b17ad752a1bcd04bab5c7a98f86dc7e1de66635046c9b49476db24b385645a
2026-04-05T14:00:00.836865Z  INFO ThreadId(03) pipeline{execution_id=8e824ddf-65d2-4530-a098-06e16fd302b9 chain_id=1 from_address=0x8b172F820629b14cEAF859A6e159d1BcD3291Fe1}: cortex::pipeline: transaction signed elapsed_ms=189
2026-04-05T14:00:00.837316Z  INFO ThreadId(13) pipeline{execution_id=f27b78a1-0a20-4375-a6b9-1b8f1f615376 chain_id=137 from_address=0x8b172F820629b14cEAF859A6e159d1BcD3291Fe1}: cortex::pipeline: transaction signed elapsed_ms=190
2026-04-05T14:00:00.837411Z  INFO ThreadId(08) pipeline{execution_id=757904b1-a7a6-457e-8d04-7a72c59df699 chain_id=137 from_address=0x2EAC739a1e05F4a05a5B8fD93D332c4353E5A7cD}: cortex::pipeline: transaction signed elapsed_ms=192
2026-04-05T14:00:00.837537Z  INFO ThreadId(03) pipeline{execution_id=6b4060ef-4460-418b-b766-a3eff34f0dd9 chain_id=1 from_address=0x8AfE43fF49EBd5c4B8Cd1497ee77b437dd1711fc}: cortex::pipeline: transaction broadcasted: elapsed_ms=189 tx_hash=0xf45700308cb6a8c4a068242f10c105825ac79fb1af0e285a9f3a1fadd89c4615
2026-04-05T14:00:00.837654Z  INFO ThreadId(03) pipeline{execution_id=991d5b4e-e0ae-4a20-ab77-863258b6bf99 chain_id=42161 from_address=0x2EAC739a1e05F4a05a5B8fD93D332c4353E5A7cD}: cortex::pipeline: nonce reserved elapsed_ms=189 nonce=9
2026-04-05T14:00:00.837682Z  INFO ThreadId(16) pipeline{execution_id=c8595ab4-6ebb-4b20-8cfa-6f42a4870cdf chain_id=137 from_address=0xCFA80F1f22b0AD533F7d8e2CcC0A783aa4BCaFF3}: cortex::pipeline: transaction broadcasted: elapsed_ms=190 tx_hash=0xd2783992c27a3fd6dd762e5b773d89c6ff7c6eeff5d835fa84023bc748a83953
2026-04-05T14:00:00.838779Z  INFO ThreadId(08) pipeline{execution_id=cfd9c5e9-a933-4a50-864b-bd855a94eb57 chain_id=42161 from_address=0x8b172F820629b14cEAF859A6e159d1BcD3291Fe1}: cortex::pipeline: nonce reserved elapsed_ms=194 nonce=4
2026-04-05T14:00:00.839188Z  INFO ThreadId(08) pipeline{execution_id=991d5b4e-e0ae-4a20-ab77-863258b6bf99 chain_id=42161 from_address=0x2EAC739a1e05F4a05a5B8fD93D332c4353E5A7cD}: cortex::pipeline: transaction signed elapsed_ms=191
2026-04-05T14:00:00.839204Z  INFO ThreadId(03) pipeline{execution_id=7d896583-b298-43a3-9edf-1391325feb5b chain_id=137 from_address=0xfea6645D31443cF7Cf96eF1dB7823EB9365f98bf}: cortex::pipeline: nonce reserved elapsed_ms=194 nonce=5
2026-04-05T14:00:00.839269Z  INFO ThreadId(13) pipeline{execution_id=ecff7d5a-0f67-4d5f-91b0-2523b9f7f3cd chain_id=137 from_address=0xfea6645D31443cF7Cf96eF1dB7823EB9365f98bf}: cortex::pipeline: transaction broadcasted: elapsed_ms=192 tx_hash=0x70deafee60dcceadd978086d4ba9b680bb44718837add4c4cbb79e119500eb14
2026-04-05T14:00:00.839626Z  INFO ThreadId(06) pipeline{execution_id=8e824ddf-65d2-4530-a098-06e16fd302b9 chain_id=1 from_address=0x8b172F820629b14cEAF859A6e159d1BcD3291Fe1}: cortex::pipeline: transaction broadcasted: elapsed_ms=192 tx_hash=0xbeceff55680994c387f70d3feffe8fc3e8553b554b3dbff988b5b29ffe5953b5
2026-04-05T14:00:00.840242Z  INFO ThreadId(16) pipeline{execution_id=4330afb7-0ab8-4552-af44-ebc18808e93f chain_id=1 from_address=0x2EAC739a1e05F4a05a5B8fD93D332c4353E5A7cD}: cortex::pipeline: nonce reserved elapsed_ms=193 nonce=2
2026-04-05T14:00:00.840265Z  INFO ThreadId(08) pipeline{execution_id=cfd9c5e9-a933-4a50-864b-bd855a94eb57 chain_id=42161 from_address=0x8b172F820629b14cEAF859A6e159d1BcD3291Fe1}: cortex::pipeline: transaction signed elapsed_ms=195
2026-04-05T14:00:00.840761Z  INFO ThreadId(08) pipeline{execution_id=991d5b4e-e0ae-4a20-ab77-863258b6bf99 chain_id=42161 from_address=0x2EAC739a1e05F4a05a5B8fD93D332c4353E5A7cD}: cortex::pipeline: transaction broadcasted: elapsed_ms=193 tx_hash=0x5e83fcb80db00ea80ada0b98e3aa53dfb6c2d494266d0a3181e8817ff8ec6f18
2026-04-05T14:00:00.840772Z  INFO ThreadId(16) pipeline{execution_id=7d896583-b298-43a3-9edf-1391325feb5b chain_id=137 from_address=0xfea6645D31443cF7Cf96eF1dB7823EB9365f98bf}: cortex::pipeline: transaction signed elapsed_ms=196
2026-04-05T14:00:00.840775Z  INFO ThreadId(10) pipeline{execution_id=f27b78a1-0a20-4375-a6b9-1b8f1f615376 chain_id=137 from_address=0x8b172F820629b14cEAF859A6e159d1BcD3291Fe1}: cortex::pipeline: transaction broadcasted: elapsed_ms=193 tx_hash=0x9c2eb09da38038f116510edec176d8f5419b05e9f0c1403d24a80c60ee5f99e7
2026-04-05T14:00:00.840940Z  INFO ThreadId(10) pipeline{execution_id=bf2631b1-0b2c-4efb-af93-f009782f1bd4 chain_id=137 from_address=0x2EAC739a1e05F4a05a5B8fD93D332c4353E5A7cD}: cortex::pipeline: nonce reserved elapsed_ms=193 nonce=4
2026-04-05T14:00:00.840963Z  INFO ThreadId(11) pipeline{execution_id=c7aebe3a-52bb-4496-9d70-5461e0c1d38d chain_id=42161 from_address=0x8AfE43fF49EBd5c4B8Cd1497ee77b437dd1711fc}: cortex::pipeline: nonce reserved elapsed_ms=193 nonce=6
2026-04-05T14:00:00.841798Z  INFO ThreadId(16) pipeline{execution_id=4330afb7-0ab8-4552-af44-ebc18808e93f chain_id=1 from_address=0x2EAC739a1e05F4a05a5B8fD93D332c4353E5A7cD}: cortex::pipeline: transaction signed elapsed_ms=194
2026-04-05T14:00:00.842276Z  INFO ThreadId(06) pipeline{execution_id=c7aebe3a-52bb-4496-9d70-5461e0c1d38d chain_id=42161 from_address=0x8AfE43fF49EBd5c4B8Cd1497ee77b437dd1711fc}: cortex::pipeline: transaction signed elapsed_ms=194
2026-04-05T14:00:00.842277Z  INFO ThreadId(11) pipeline{execution_id=757904b1-a7a6-457e-8d04-7a72c59df699 chain_id=137 from_address=0x2EAC739a1e05F4a05a5B8fD93D332c4353E5A7cD}: cortex::pipeline: transaction broadcasted: elapsed_ms=197 tx_hash=0x547fb5716716341235b932b739e9f98f943d355b1d36e8a1b3a6987100d25154
2026-04-05T14:00:00.842397Z  INFO ThreadId(08) pipeline{execution_id=bf2631b1-0b2c-4efb-af93-f009782f1bd4 chain_id=137 from_address=0x2EAC739a1e05F4a05a5B8fD93D332c4353E5A7cD}: cortex::pipeline: transaction signed elapsed_ms=194
2026-04-05T14:00:00.842531Z  INFO ThreadId(06) pipeline{execution_id=cfd9c5e9-a933-4a50-864b-bd855a94eb57 chain_id=42161 from_address=0x8b172F820629b14cEAF859A6e159d1BcD3291Fe1}: cortex::pipeline: transaction broadcasted: elapsed_ms=197 tx_hash=0xd08ef6407c57393f658774803235db731111dd4a3e9d13a9d0413ba37472f85a
2026-04-05T14:00:00.842560Z  INFO ThreadId(08) pipeline{execution_id=d63570b0-f9ca-4522-bbc8-683ff09c93d4 chain_id=137 from_address=0xfea6645D31443cF7Cf96eF1dB7823EB9365f98bf}: cortex::pipeline: nonce reserved elapsed_ms=194 nonce=6
2026-04-05T14:00:00.843609Z  INFO ThreadId(08) pipeline{execution_id=4330afb7-0ab8-4552-af44-ebc18808e93f chain_id=1 from_address=0x2EAC739a1e05F4a05a5B8fD93D332c4353E5A7cD}: cortex::pipeline: transaction broadcasted: elapsed_ms=196 tx_hash=0x681aa2fdf79348d89a2b9a141b64df355d7f8c116f34c237eb66e2ee77537afb
2026-04-05T14:00:00.843752Z  INFO ThreadId(08) pipeline{execution_id=d63570b0-f9ca-4522-bbc8-683ff09c93d4 chain_id=137 from_address=0xfea6645D31443cF7Cf96eF1dB7823EB9365f98bf}: cortex::pipeline: transaction signed elapsed_ms=196
2026-04-05T14:00:00.843774Z  INFO ThreadId(06) pipeline{execution_id=7d896583-b298-43a3-9edf-1391325feb5b chain_id=137 from_address=0xfea6645D31443cF7Cf96eF1dB7823EB9365f98bf}: cortex::pipeline: transaction broadcasted: elapsed_ms=199 tx_hash=0x49d441203da6f98e5e6221109aa3971b42d817954b65581c50d0e0f3ff4efe51
2026-04-05T14:00:00.843786Z  INFO ThreadId(16) pipeline{execution_id=c7aebe3a-52bb-4496-9d70-5461e0c1d38d chain_id=42161 from_address=0x8AfE43fF49EBd5c4B8Cd1497ee77b437dd1711fc}: cortex::pipeline: transaction broadcasted: elapsed_ms=196 tx_hash=0xb67aa8875bab0159a3bd67098658ed8edbc1c453cf27c4331c5d7e94d39b3b0a
2026-04-05T14:00:00.844065Z  INFO ThreadId(06) pipeline{execution_id=2c024907-3638-45f6-9e1a-2947dca79946 chain_id=42161 from_address=0xfea6645D31443cF7Cf96eF1dB7823EB9365f98bf}: cortex::pipeline: nonce reserved elapsed_ms=196 nonce=4
2026-04-05T14:00:00.844154Z  INFO ThreadId(07) pipeline{execution_id=b2d12bbe-468b-40aa-8e5c-124b1a4583b6 chain_id=137 from_address=0x2EAC739a1e05F4a05a5B8fD93D332c4353E5A7cD}: cortex::pipeline: nonce reserved elapsed_ms=196 nonce=5
2026-04-05T14:00:00.844731Z  INFO ThreadId(10) pipeline{execution_id=d7beadcb-c84a-4fac-935c-859a7f429c34 chain_id=137 from_address=0xfea6645D31443cF7Cf96eF1dB7823EB9365f98bf}: cortex::pipeline: nonce reserved elapsed_ms=196 nonce=7
2026-04-05T14:00:00.845055Z  INFO ThreadId(10) pipeline{execution_id=89e33fec-dc98-490a-94f4-ce565f24ad35 chain_id=1 from_address=0xCFA80F1f22b0AD533F7d8e2CcC0A783aa4BCaFF3}: cortex::pipeline: nonce reserved elapsed_ms=197 nonce=3
2026-04-05T14:00:00.845178Z  INFO ThreadId(03) pipeline{execution_id=b2d12bbe-468b-40aa-8e5c-124b1a4583b6 chain_id=137 from_address=0x2EAC739a1e05F4a05a5B8fD93D332c4353E5A7cD}: cortex::pipeline: transaction signed elapsed_ms=197
2026-04-05T14:00:00.845276Z  INFO ThreadId(06) pipeline{execution_id=bf2631b1-0b2c-4efb-af93-f009782f1bd4 chain_id=137 from_address=0x2EAC739a1e05F4a05a5B8fD93D332c4353E5A7cD}: cortex::pipeline: transaction broadcasted: elapsed_ms=197 tx_hash=0xa81e4c47945ce2efcca44c6222adfe6b0158d49685df4b1f139630f844284fa5
2026-04-05T14:00:00.845703Z  INFO ThreadId(08) pipeline{execution_id=2c024907-3638-45f6-9e1a-2947dca79946 chain_id=42161 from_address=0xfea6645D31443cF7Cf96eF1dB7823EB9365f98bf}: cortex::pipeline: transaction signed elapsed_ms=197
2026-04-05T14:00:00.846008Z  INFO ThreadId(03) pipeline{execution_id=d7beadcb-c84a-4fac-935c-859a7f429c34 chain_id=137 from_address=0xfea6645D31443cF7Cf96eF1dB7823EB9365f98bf}: cortex::pipeline: transaction signed elapsed_ms=198
2026-04-05T14:00:00.846392Z  INFO ThreadId(08) pipeline{execution_id=89e33fec-dc98-490a-94f4-ce565f24ad35 chain_id=1 from_address=0xCFA80F1f22b0AD533F7d8e2CcC0A783aa4BCaFF3}: cortex::pipeline: transaction signed elapsed_ms=198
2026-04-05T14:00:00.847235Z  INFO ThreadId(16) pipeline{execution_id=9c35f5c6-3609-45a3-9330-000395188125 chain_id=137 from_address=0xfea6645D31443cF7Cf96eF1dB7823EB9365f98bf}: cortex::pipeline: nonce reserved elapsed_ms=199 nonce=8
2026-04-05T14:00:00.847993Z  INFO ThreadId(16) pipeline{execution_id=2c024907-3638-45f6-9e1a-2947dca79946 chain_id=42161 from_address=0xfea6645D31443cF7Cf96eF1dB7823EB9365f98bf}: cortex::pipeline: transaction broadcasted: elapsed_ms=200 tx_hash=0x227d09099d9eed8b2ae9070e9a45492024edd7790bc503cdc8831e41b399a2e1
2026-04-05T14:00:00.848003Z  INFO ThreadId(03) pipeline{execution_id=d63570b0-f9ca-4522-bbc8-683ff09c93d4 chain_id=137 from_address=0xfea6645D31443cF7Cf96eF1dB7823EB9365f98bf}: cortex::pipeline: transaction broadcasted: elapsed_ms=200 tx_hash=0x28416853dbb06959d87936862b8c0b2eedfb96599ee04794c9ac5a998f3f60cf
2026-04-05T14:00:00.848168Z  INFO ThreadId(11) pipeline{execution_id=41ccfc58-7913-43f2-ade9-0120d505e992 chain_id=42161 from_address=0x2EAC739a1e05F4a05a5B8fD93D332c4353E5A7cD}: cortex::pipeline: nonce reserved elapsed_ms=203 nonce=10
2026-04-05T14:00:00.848412Z  INFO ThreadId(11) pipeline{execution_id=89e33fec-dc98-490a-94f4-ce565f24ad35 chain_id=1 from_address=0xCFA80F1f22b0AD533F7d8e2CcC0A783aa4BCaFF3}: cortex::pipeline: transaction broadcasted: elapsed_ms=200 tx_hash=0xa2aae302b51abbb8239a408d59f015a69403c9207f397f5756e1bffa0f4d54d5
2026-04-05T14:00:00.848435Z  INFO ThreadId(03) pipeline{execution_id=9c35f5c6-3609-45a3-9330-000395188125 chain_id=137 from_address=0xfea6645D31443cF7Cf96eF1dB7823EB9365f98bf}: cortex::pipeline: transaction signed elapsed_ms=200
2026-04-05T14:00:00.848744Z  INFO ThreadId(03) pipeline{execution_id=6f7f1a5c-8598-4dd7-afc1-538412e3ef2c chain_id=137 from_address=0x2EAC739a1e05F4a05a5B8fD93D332c4353E5A7cD}: cortex::pipeline: nonce reserved elapsed_ms=200 nonce=6
2026-04-05T14:00:00.849207Z  INFO ThreadId(06) pipeline{execution_id=38f8e5a1-af90-4e20-b98f-6a8f5d814035 chain_id=42161 from_address=0xfea6645D31443cF7Cf96eF1dB7823EB9365f98bf}: cortex::pipeline: nonce reserved elapsed_ms=201 nonce=5
2026-04-05T14:00:00.849896Z  INFO ThreadId(03) pipeline{execution_id=41ccfc58-7913-43f2-ade9-0120d505e992 chain_id=42161 from_address=0x2EAC739a1e05F4a05a5B8fD93D332c4353E5A7cD}: cortex::pipeline: transaction signed elapsed_ms=205
2026-04-05T14:00:00.849956Z  INFO ThreadId(06) pipeline{execution_id=b2d12bbe-468b-40aa-8e5c-124b1a4583b6 chain_id=137 from_address=0x2EAC739a1e05F4a05a5B8fD93D332c4353E5A7cD}: cortex::pipeline: transaction broadcasted: elapsed_ms=201 tx_hash=0x7bf6608fc85a1c51d56e5c3b8cfdc7fccbcafcfd1627bbc9d955d3ee473b36ff
2026-04-05T14:00:00.850140Z  INFO ThreadId(03) pipeline{execution_id=6f7f1a5c-8598-4dd7-afc1-538412e3ef2c chain_id=137 from_address=0x2EAC739a1e05F4a05a5B8fD93D332c4353E5A7cD}: cortex::pipeline: transaction signed elapsed_ms=202
2026-04-05T14:00:00.850257Z  INFO ThreadId(11) pipeline{execution_id=38f8e5a1-af90-4e20-b98f-6a8f5d814035 chain_id=42161 from_address=0xfea6645D31443cF7Cf96eF1dB7823EB9365f98bf}: cortex::pipeline: transaction signed elapsed_ms=202
2026-04-05T14:00:00.851023Z  INFO ThreadId(06) pipeline{execution_id=893a49b5-55ef-415e-8823-a46ddf2e23e0 chain_id=1 from_address=0x8b172F820629b14cEAF859A6e159d1BcD3291Fe1}: cortex::pipeline: nonce reserved elapsed_ms=202 nonce=9
2026-04-05T14:00:00.851768Z  INFO ThreadId(13) pipeline{execution_id=a567d7fb-f5ac-41ad-a1f4-e19ebc06e14b chain_id=1 from_address=0x8b172F820629b14cEAF859A6e159d1BcD3291Fe1}: cortex::pipeline: nonce reserved elapsed_ms=203 nonce=10
2026-04-05T14:00:00.851869Z  INFO ThreadId(16) pipeline{execution_id=33d03793-053b-42a4-be39-cdf358c1abf7 chain_id=137 from_address=0xCFA80F1f22b0AD533F7d8e2CcC0A783aa4BCaFF3}: cortex::pipeline: nonce reserved elapsed_ms=203 nonce=11
2026-04-05T14:00:00.852012Z  INFO ThreadId(08) pipeline{execution_id=d7beadcb-c84a-4fac-935c-859a7f429c34 chain_id=137 from_address=0xfea6645D31443cF7Cf96eF1dB7823EB9365f98bf}: cortex::pipeline: transaction broadcasted: elapsed_ms=204 tx_hash=0x52f473b4027b439276ffcdfb45b0672d9134c6af34debe746060a398eb75e134
2026-04-05T14:00:00.852057Z  INFO ThreadId(13) pipeline{execution_id=41ccfc58-7913-43f2-ade9-0120d505e992 chain_id=42161 from_address=0x2EAC739a1e05F4a05a5B8fD93D332c4353E5A7cD}: cortex::pipeline: transaction broadcasted: elapsed_ms=207 tx_hash=0x44637fd6ae095a0b9c7be4e9949d3b4cfed1e8fb581b925611187b23bcae36dc
2026-04-05T14:00:00.852651Z  INFO ThreadId(13) pipeline{execution_id=893a49b5-55ef-415e-8823-a46ddf2e23e0 chain_id=1 from_address=0x8b172F820629b14cEAF859A6e159d1BcD3291Fe1}: cortex::pipeline: transaction signed elapsed_ms=204
2026-04-05T14:00:00.852809Z  INFO ThreadId(16) pipeline{execution_id=8eb7c512-b698-4214-9253-4ee2b3378cc3 chain_id=137 from_address=0x2EAC739a1e05F4a05a5B8fD93D332c4353E5A7cD}: cortex::pipeline: nonce reserved elapsed_ms=205 nonce=7
2026-04-05T14:00:00.853759Z  INFO ThreadId(06) pipeline{execution_id=a567d7fb-f5ac-41ad-a1f4-e19ebc06e14b chain_id=1 from_address=0x8b172F820629b14cEAF859A6e159d1BcD3291Fe1}: cortex::pipeline: transaction signed elapsed_ms=205
2026-04-05T14:00:00.853784Z  INFO ThreadId(03) pipeline{execution_id=33d03793-053b-42a4-be39-cdf358c1abf7 chain_id=137 from_address=0xCFA80F1f22b0AD533F7d8e2CcC0A783aa4BCaFF3}: cortex::pipeline: transaction signed elapsed_ms=205
2026-04-05T14:00:00.853917Z  INFO ThreadId(16) pipeline{execution_id=9c35f5c6-3609-45a3-9330-000395188125 chain_id=137 from_address=0xfea6645D31443cF7Cf96eF1dB7823EB9365f98bf}: cortex::pipeline: transaction broadcasted: elapsed_ms=205 tx_hash=0x803f9cd0ca4527c04687205ddf84d5577c0cbc3fa4f93779ee2158ce113d9352
2026-04-05T14:00:00.854231Z  INFO ThreadId(16) pipeline{execution_id=38f8e5a1-af90-4e20-b98f-6a8f5d814035 chain_id=42161 from_address=0xfea6645D31443cF7Cf96eF1dB7823EB9365f98bf}: cortex::pipeline: transaction broadcasted: elapsed_ms=206 tx_hash=0xa0c94c8abc835c0342f33ce81badaf00f2e56e0bd92ed785221a6551dfb32696
2026-04-05T14:00:00.854626Z  INFO ThreadId(06) pipeline{execution_id=17326646-cb85-44ae-bc67-47b2e18c9063 chain_id=1 from_address=0xfea6645D31443cF7Cf96eF1dB7823EB9365f98bf}: cortex::pipeline: nonce reserved elapsed_ms=206 nonce=9
2026-04-05T14:00:00.854732Z  INFO ThreadId(03) pipeline{execution_id=8eb7c512-b698-4214-9253-4ee2b3378cc3 chain_id=137 from_address=0x2EAC739a1e05F4a05a5B8fD93D332c4353E5A7cD}: cortex::pipeline: transaction signed elapsed_ms=207
2026-04-05T14:00:00.854829Z  INFO ThreadId(11) pipeline{execution_id=893a49b5-55ef-415e-8823-a46ddf2e23e0 chain_id=1 from_address=0x8b172F820629b14cEAF859A6e159d1BcD3291Fe1}: cortex::pipeline: transaction broadcasted: elapsed_ms=206 tx_hash=0x098a489d83371d15fa756c70c8e73755cab3cec5061044700cba5f08b033ad5e
2026-04-05T14:00:00.855546Z  INFO ThreadId(06) pipeline{execution_id=6f7f1a5c-8598-4dd7-afc1-538412e3ef2c chain_id=137 from_address=0x2EAC739a1e05F4a05a5B8fD93D332c4353E5A7cD}: cortex::pipeline: transaction broadcasted: elapsed_ms=207 tx_hash=0xbccc9e9a19441c20a8970fc6f7c7f0862b0a88efed31236c0da777b758bb0cb7
2026-04-05T14:00:00.855555Z  INFO ThreadId(16) pipeline{execution_id=bf25aff9-0ce7-4da2-9fd9-cda611937e9f chain_id=1 from_address=0xfea6645D31443cF7Cf96eF1dB7823EB9365f98bf}: cortex::pipeline: nonce reserved elapsed_ms=207 nonce=10
2026-04-05T14:00:00.855851Z  INFO ThreadId(03) pipeline{execution_id=17326646-cb85-44ae-bc67-47b2e18c9063 chain_id=1 from_address=0xfea6645D31443cF7Cf96eF1dB7823EB9365f98bf}: cortex::pipeline: transaction signed elapsed_ms=207
2026-04-05T14:00:00.856671Z  INFO ThreadId(08) pipeline{execution_id=a567d7fb-f5ac-41ad-a1f4-e19ebc06e14b chain_id=1 from_address=0x8b172F820629b14cEAF859A6e159d1BcD3291Fe1}: cortex::pipeline: transaction broadcasted: elapsed_ms=208 tx_hash=0x0a26b8a3eb40f8218f919f77cdeebba63178af0eb17a77deb43e19e13f5bc7b8
2026-04-05T14:00:00.856684Z  INFO ThreadId(06) pipeline{execution_id=bf25aff9-0ce7-4da2-9fd9-cda611937e9f chain_id=1 from_address=0xfea6645D31443cF7Cf96eF1dB7823EB9365f98bf}: cortex::pipeline: transaction signed elapsed_ms=208
2026-04-05T14:00:00.857039Z  INFO ThreadId(11) pipeline{execution_id=33d03793-053b-42a4-be39-cdf358c1abf7 chain_id=137 from_address=0xCFA80F1f22b0AD533F7d8e2CcC0A783aa4BCaFF3}: cortex::pipeline: transaction broadcasted: elapsed_ms=208 tx_hash=0xa1c65d0bee2e0e5df8416bff959787bb1c8a0d8e0e4e92c6d446e4d19000a72f
2026-04-05T14:00:00.857220Z  INFO ThreadId(13) pipeline{execution_id=901a3ab7-f82f-4b3f-90f9-1a49ce7127e0 chain_id=137 from_address=0x8b172F820629b14cEAF859A6e159d1BcD3291Fe1}: cortex::pipeline: nonce reserved elapsed_ms=209 nonce=11
2026-04-05T14:00:00.857292Z  INFO ThreadId(16) pipeline{execution_id=acd49d58-4531-497a-83f4-ae0aaae7103b chain_id=137 from_address=0x8AfE43fF49EBd5c4B8Cd1497ee77b437dd1711fc}: cortex::pipeline: nonce reserved elapsed_ms=209 nonce=2
2026-04-05T14:00:00.857958Z  INFO ThreadId(11) pipeline{execution_id=9be6882b-9ab6-4d47-b1db-f37ad7a59a5c chain_id=42161 from_address=0x8b172F820629b14cEAF859A6e159d1BcD3291Fe1}: cortex::pipeline: nonce reserved elapsed_ms=209 nonce=5
2026-04-05T14:00:00.858150Z  INFO ThreadId(06) pipeline{execution_id=17326646-cb85-44ae-bc67-47b2e18c9063 chain_id=1 from_address=0xfea6645D31443cF7Cf96eF1dB7823EB9365f98bf}: cortex::pipeline: transaction broadcasted: elapsed_ms=209 tx_hash=0x0a958b35f1db356d20e2221b59a1c4c8f23d16790409c94699cda32673915668
2026-04-05T14:00:00.858702Z  INFO ThreadId(08) pipeline{execution_id=acd49d58-4531-497a-83f4-ae0aaae7103b chain_id=137 from_address=0x8AfE43fF49EBd5c4B8Cd1497ee77b437dd1711fc}: cortex::pipeline: transaction signed elapsed_ms=210
2026-04-05T14:00:00.858702Z  INFO ThreadId(06) pipeline{execution_id=8eb7c512-b698-4214-9253-4ee2b3378cc3 chain_id=137 from_address=0x2EAC739a1e05F4a05a5B8fD93D332c4353E5A7cD}: cortex::pipeline: transaction broadcasted: elapsed_ms=210 tx_hash=0xdb397aa60787749e65b4a6a02ffc08f009980607644bf66ff9794860f134d4cc
2026-04-05T14:00:00.858760Z  INFO ThreadId(13) pipeline{execution_id=76853e07-4c7c-485a-bf65-05409e0af3e3 chain_id=42161 from_address=0x8AfE43fF49EBd5c4B8Cd1497ee77b437dd1711fc}: cortex::pipeline: nonce reserved elapsed_ms=210 nonce=7
2026-04-05T14:00:00.858545Z  INFO ThreadId(10) pipeline{execution_id=901a3ab7-f82f-4b3f-90f9-1a49ce7127e0 chain_id=137 from_address=0x8b172F820629b14cEAF859A6e159d1BcD3291Fe1}: cortex::pipeline: transaction signed elapsed_ms=210
2026-04-05T14:00:00.859389Z  INFO ThreadId(07) pipeline{execution_id=9be6882b-9ab6-4d47-b1db-f37ad7a59a5c chain_id=42161 from_address=0x8b172F820629b14cEAF859A6e159d1BcD3291Fe1}: cortex::pipeline: transaction signed elapsed_ms=211
2026-04-05T14:00:00.859566Z  INFO ThreadId(07) pipeline{execution_id=39d0f965-6b11-49f2-89d0-ba9cb65e2cd5 chain_id=1 from_address=0xfea6645D31443cF7Cf96eF1dB7823EB9365f98bf}: cortex::pipeline: nonce reserved elapsed_ms=211 nonce=11
2026-04-05T14:00:00.859914Z  INFO ThreadId(07) pipeline{execution_id=bf25aff9-0ce7-4da2-9fd9-cda611937e9f chain_id=1 from_address=0xfea6645D31443cF7Cf96eF1dB7823EB9365f98bf}: cortex::pipeline: transaction broadcasted: elapsed_ms=211 tx_hash=0xdcedaca1fe7c6f05b944a0d40e5e16a971e66b88a0e46fbd679df5bf3b848d91
2026-04-05T14:00:00.860124Z  INFO ThreadId(07) pipeline{execution_id=76853e07-4c7c-485a-bf65-05409e0af3e3 chain_id=42161 from_address=0x8AfE43fF49EBd5c4B8Cd1497ee77b437dd1711fc}: cortex::pipeline: transaction signed elapsed_ms=211
2026-04-05T14:00:00.860691Z  INFO ThreadId(07) pipeline{execution_id=acd49d58-4531-497a-83f4-ae0aaae7103b chain_id=137 from_address=0x8AfE43fF49EBd5c4B8Cd1497ee77b437dd1711fc}: cortex::pipeline: transaction broadcasted: elapsed_ms=212 tx_hash=0xb028f5be1a34ea35abebcc88857041d18bb88d86af90c2e6ddbe4138e40e82ae
2026-04-05T14:00:00.860882Z  INFO ThreadId(07) pipeline{execution_id=39d0f965-6b11-49f2-89d0-ba9cb65e2cd5 chain_id=1 from_address=0xfea6645D31443cF7Cf96eF1dB7823EB9365f98bf}: cortex::pipeline: transaction signed elapsed_ms=212
2026-04-05T14:00:00.860933Z  INFO ThreadId(03) pipeline{execution_id=9be6882b-9ab6-4d47-b1db-f37ad7a59a5c chain_id=42161 from_address=0x8b172F820629b14cEAF859A6e159d1BcD3291Fe1}: cortex::pipeline: transaction broadcasted: elapsed_ms=212 tx_hash=0xd7a9b6774ffebe58b7fc8919dd3faefb5aec595b2b5a5ac9686e5beb004b0b73
2026-04-05T14:00:00.861194Z  INFO ThreadId(11) pipeline{execution_id=a7a03346-d8c2-4c1f-a137-1243d6113112 chain_id=1 from_address=0xCFA80F1f22b0AD533F7d8e2CcC0A783aa4BCaFF3}: cortex::pipeline: nonce reserved elapsed_ms=212 nonce=4
2026-04-05T14:00:00.861505Z  INFO ThreadId(17) pipeline{execution_id=a8a4f9de-27bc-4fbf-b210-aea4489cfd92 chain_id=137 from_address=0x8AfE43fF49EBd5c4B8Cd1497ee77b437dd1711fc}: cortex::pipeline: nonce reserved elapsed_ms=213 nonce=3
2026-04-05T14:00:00.861918Z  INFO ThreadId(03) pipeline{execution_id=1eff5db1-e9e0-42f4-8ed0-3b0131fd8c33 chain_id=1 from_address=0x2EAC739a1e05F4a05a5B8fD93D332c4353E5A7cD}: cortex::pipeline: nonce reserved elapsed_ms=213 nonce=3
2026-04-05T14:00:00.862358Z  INFO ThreadId(07) pipeline{execution_id=39d0f965-6b11-49f2-89d0-ba9cb65e2cd5 chain_id=1 from_address=0xfea6645D31443cF7Cf96eF1dB7823EB9365f98bf}: cortex::pipeline: transaction broadcasted: elapsed_ms=213 tx_hash=0x38e3092839ea28920b50df64f8762ec669de892b922c39b5452b932eef899e0d
2026-04-05T14:00:00.862353Z  INFO ThreadId(09) pipeline{execution_id=76853e07-4c7c-485a-bf65-05409e0af3e3 chain_id=42161 from_address=0x8AfE43fF49EBd5c4B8Cd1497ee77b437dd1711fc}: cortex::pipeline: transaction broadcasted: elapsed_ms=214 tx_hash=0x2ee3a266b0a6d52890badaf3e77a18f17fe8e38088ffeaf2e77d54925c1f92f9
2026-04-05T14:00:00.862501Z  INFO ThreadId(17) pipeline{execution_id=901a3ab7-f82f-4b3f-90f9-1a49ce7127e0 chain_id=137 from_address=0x8b172F820629b14cEAF859A6e159d1BcD3291Fe1}: cortex::pipeline: transaction broadcasted: elapsed_ms=214 tx_hash=0xa99d44c0d070cf5705e72edca8b9eae2f33f85cbe40ed3a3f9d838147fd27610
2026-04-05T14:00:00.862512Z  INFO ThreadId(13) pipeline{execution_id=a7a03346-d8c2-4c1f-a137-1243d6113112 chain_id=1 from_address=0xCFA80F1f22b0AD533F7d8e2CcC0A783aa4BCaFF3}: cortex::pipeline: transaction signed elapsed_ms=214
2026-04-05T14:00:00.862966Z  INFO ThreadId(11) pipeline{execution_id=f894c851-76f5-42c3-9514-e9f46b4c0548 chain_id=137 from_address=0xCFA80F1f22b0AD533F7d8e2CcC0A783aa4BCaFF3}: cortex::pipeline: nonce reserved elapsed_ms=214 nonce=12
2026-04-05T14:00:00.862991Z  INFO ThreadId(03) pipeline{execution_id=a8a4f9de-27bc-4fbf-b210-aea4489cfd92 chain_id=137 from_address=0x8AfE43fF49EBd5c4B8Cd1497ee77b437dd1711fc}: cortex::pipeline: transaction signed elapsed_ms=214
2026-04-05T14:00:00.863397Z  INFO ThreadId(11) pipeline{execution_id=1eff5db1-e9e0-42f4-8ed0-3b0131fd8c33 chain_id=1 from_address=0x2EAC739a1e05F4a05a5B8fD93D332c4353E5A7cD}: cortex::pipeline: transaction signed elapsed_ms=214
2026-04-05T14:00:00.863947Z  INFO ThreadId(07) pipeline{execution_id=0759dfd0-d1dc-4fe2-9dde-d5ec79791544 chain_id=137 from_address=0x8AfE43fF49EBd5c4B8Cd1497ee77b437dd1711fc}: cortex::pipeline: nonce reserved elapsed_ms=215 nonce=4
2026-04-05T14:00:00.864209Z  INFO ThreadId(07) pipeline{execution_id=f894c851-76f5-42c3-9514-e9f46b4c0548 chain_id=137 from_address=0xCFA80F1f22b0AD533F7d8e2CcC0A783aa4BCaFF3}: cortex::pipeline: transaction signed elapsed_ms=215
2026-04-05T14:00:00.864348Z  INFO ThreadId(11) pipeline{execution_id=a7a03346-d8c2-4c1f-a137-1243d6113112 chain_id=1 from_address=0xCFA80F1f22b0AD533F7d8e2CcC0A783aa4BCaFF3}: cortex::pipeline: transaction broadcasted: elapsed_ms=215 tx_hash=0x911f30461642195a923e32ff0688e4056565d7c4da070866ae971c74eae969e7
2026-04-05T14:00:00.864799Z  INFO ThreadId(07) pipeline{execution_id=a8a4f9de-27bc-4fbf-b210-aea4489cfd92 chain_id=137 from_address=0x8AfE43fF49EBd5c4B8Cd1497ee77b437dd1711fc}: cortex::pipeline: transaction broadcasted: elapsed_ms=216 tx_hash=0xb09e7840e175b2588551e88e651169215a543b3813980155876f8ef78b3bbb29
2026-04-05T14:00:00.865008Z  INFO ThreadId(11) pipeline{execution_id=39ccc9e0-42ee-42b6-9c7e-18daa8651181 chain_id=137 from_address=0x2EAC739a1e05F4a05a5B8fD93D332c4353E5A7cD}: cortex::pipeline: nonce reserved elapsed_ms=216 nonce=8
2026-04-05T14:00:00.865119Z  INFO ThreadId(13) pipeline{execution_id=0759dfd0-d1dc-4fe2-9dde-d5ec79791544 chain_id=137 from_address=0x8AfE43fF49EBd5c4B8Cd1497ee77b437dd1711fc}: cortex::pipeline: transaction signed elapsed_ms=216
2026-04-05T14:00:00.865654Z  INFO ThreadId(13) pipeline{execution_id=81b7bcb4-78f0-419c-a96b-8f07e533922c chain_id=137 from_address=0x2EAC739a1e05F4a05a5B8fD93D332c4353E5A7cD}: cortex::pipeline: nonce reserved elapsed_ms=217 nonce=9
2026-04-05T14:00:00.865736Z  INFO ThreadId(07) pipeline{execution_id=1eff5db1-e9e0-42f4-8ed0-3b0131fd8c33 chain_id=1 from_address=0x2EAC739a1e05F4a05a5B8fD93D332c4353E5A7cD}: cortex::pipeline: transaction broadcasted: elapsed_ms=217 tx_hash=0xfed73a3e4506894de249792c008e3c6003655ae6ed148e4cec7c358c78af7ce2
2026-04-05T14:00:00.866248Z  INFO ThreadId(13) pipeline{execution_id=39ccc9e0-42ee-42b6-9c7e-18daa8651181 chain_id=137 from_address=0x2EAC739a1e05F4a05a5B8fD93D332c4353E5A7cD}: cortex::pipeline: transaction signed elapsed_ms=217
2026-04-05T14:00:00.866254Z  INFO ThreadId(07) pipeline{execution_id=7f5b72d5-c3d0-4fd0-aae9-210a0b49cd09 chain_id=137 from_address=0x8b172F820629b14cEAF859A6e159d1BcD3291Fe1}: cortex::pipeline: nonce reserved elapsed_ms=217 nonce=12
2026-04-05T14:00:00.866770Z  INFO ThreadId(09) pipeline{execution_id=f894c851-76f5-42c3-9514-e9f46b4c0548 chain_id=137 from_address=0xCFA80F1f22b0AD533F7d8e2CcC0A783aa4BCaFF3}: cortex::pipeline: transaction broadcasted: elapsed_ms=218 tx_hash=0x5b2a228a160fb7655115bc5c6d16813164e9b328fc82f5b8f03d5167545b63ac
2026-04-05T14:00:00.866866Z  INFO ThreadId(16) pipeline{execution_id=81b7bcb4-78f0-419c-a96b-8f07e533922c chain_id=137 from_address=0x2EAC739a1e05F4a05a5B8fD93D332c4353E5A7cD}: cortex::pipeline: transaction signed elapsed_ms=218
2026-04-05T14:00:00.867271Z  INFO ThreadId(16) pipeline{execution_id=2af7d1d4-6c31-48f3-abbb-014d7f99633e chain_id=42161 from_address=0x2EAC739a1e05F4a05a5B8fD93D332c4353E5A7cD}: cortex::pipeline: nonce reserved elapsed_ms=218 nonce=11
2026-04-05T14:00:00.867325Z  INFO ThreadId(07) pipeline{execution_id=7f5b72d5-c3d0-4fd0-aae9-210a0b49cd09 chain_id=137 from_address=0x8b172F820629b14cEAF859A6e159d1BcD3291Fe1}: cortex::pipeline: transaction signed elapsed_ms=218
2026-04-05T14:00:00.868004Z  INFO ThreadId(03) pipeline{execution_id=e5ab3e6b-ca16-4b31-aa38-f37a9beed140 chain_id=137 from_address=0x8b172F820629b14cEAF859A6e159d1BcD3291Fe1}: cortex::pipeline: nonce reserved elapsed_ms=219 nonce=13
2026-04-05T14:00:00.868646Z  INFO ThreadId(16) pipeline{execution_id=2af7d1d4-6c31-48f3-abbb-014d7f99633e chain_id=42161 from_address=0x2EAC739a1e05F4a05a5B8fD93D332c4353E5A7cD}: cortex::pipeline: transaction signed elapsed_ms=220
2026-04-05T14:00:00.868944Z  INFO ThreadId(03) pipeline{execution_id=0759dfd0-d1dc-4fe2-9dde-d5ec79791544 chain_id=137 from_address=0x8AfE43fF49EBd5c4B8Cd1497ee77b437dd1711fc}: cortex::pipeline: transaction broadcasted: elapsed_ms=220 tx_hash=0x2709f5ac988af016b577a3c2f8392917cfa988fd7f5d8a96314efed33edca580
2026-04-05T14:00:00.869062Z  INFO ThreadId(16) pipeline{execution_id=a9c9d71a-31a5-43ac-b930-781768362f81 chain_id=1 from_address=0xCFA80F1f22b0AD533F7d8e2CcC0A783aa4BCaFF3}: cortex::pipeline: nonce reserved elapsed_ms=220 nonce=5
2026-04-05T14:00:00.869166Z  INFO ThreadId(03) pipeline{execution_id=e5ab3e6b-ca16-4b31-aa38-f37a9beed140 chain_id=137 from_address=0x8b172F820629b14cEAF859A6e159d1BcD3291Fe1}: cortex::pipeline: transaction signed elapsed_ms=220
2026-04-05T14:00:00.869959Z  INFO ThreadId(17) pipeline{execution_id=3c1cd374-9903-40ff-8052-418fe0281b4b chain_id=137 from_address=0x8b172F820629b14cEAF859A6e159d1BcD3291Fe1}: cortex::pipeline: nonce reserved elapsed_ms=221 nonce=14
2026-04-05T14:00:00.870120Z  INFO ThreadId(17) pipeline{execution_id=a9c9d71a-31a5-43ac-b930-781768362f81 chain_id=1 from_address=0xCFA80F1f22b0AD533F7d8e2CcC0A783aa4BCaFF3}: cortex::pipeline: transaction signed elapsed_ms=221
2026-04-05T14:00:00.870163Z  INFO ThreadId(16) pipeline{execution_id=2af7d1d4-6c31-48f3-abbb-014d7f99633e chain_id=42161 from_address=0x2EAC739a1e05F4a05a5B8fD93D332c4353E5A7cD}: cortex::pipeline: transaction broadcasted: elapsed_ms=221 tx_hash=0x4e1c81374de1034ba390712125109e668e86394115b4967fb952dcabcb79ae55
2026-04-05T14:00:00.870189Z  INFO ThreadId(07) pipeline{execution_id=39ccc9e0-42ee-42b6-9c7e-18daa8651181 chain_id=137 from_address=0x2EAC739a1e05F4a05a5B8fD93D332c4353E5A7cD}: cortex::pipeline: transaction broadcasted: elapsed_ms=221 tx_hash=0x447bfcd8300e4518ba0355b21a9ace8ec0f1588bde51d443bac7c5982515ed28
2026-04-05T14:00:00.870711Z  INFO ThreadId(10) pipeline{execution_id=5032a1e2-2af7-4778-8b39-6fb14ae2ae6c chain_id=137 from_address=0x8AfE43fF49EBd5c4B8Cd1497ee77b437dd1711fc}: cortex::pipeline: nonce reserved elapsed_ms=222 nonce=5
2026-04-05T14:00:00.871419Z  INFO ThreadId(07) pipeline{execution_id=3c1cd374-9903-40ff-8052-418fe0281b4b chain_id=137 from_address=0x8b172F820629b14cEAF859A6e159d1BcD3291Fe1}: cortex::pipeline: transaction signed elapsed_ms=222
2026-04-05T14:00:00.871824Z  INFO ThreadId(03) pipeline{execution_id=35abee23-acab-4639-af9b-aa78d9dce9b1 chain_id=1 from_address=0x2EAC739a1e05F4a05a5B8fD93D332c4353E5A7cD}: cortex::pipeline: nonce reserved elapsed_ms=223 nonce=4
2026-04-05T14:00:00.872534Z  INFO ThreadId(03) pipeline{execution_id=5032a1e2-2af7-4778-8b39-6fb14ae2ae6c chain_id=137 from_address=0x8AfE43fF49EBd5c4B8Cd1497ee77b437dd1711fc}: cortex::pipeline: transaction signed elapsed_ms=223
2026-04-05T14:00:00.872534Z  INFO ThreadId(07) pipeline{execution_id=a9c9d71a-31a5-43ac-b930-781768362f81 chain_id=1 from_address=0xCFA80F1f22b0AD533F7d8e2CcC0A783aa4BCaFF3}: cortex::pipeline: transaction broadcasted: elapsed_ms=223 tx_hash=0x1451814b78de5468db93ab052e8ab1518f88433c893345ea6b9e74d87f9ede7d
2026-04-05T14:00:00.872562Z  INFO ThreadId(09) pipeline{execution_id=9187b5ac-75d0-458e-b598-a659e23c7bfa chain_id=137 from_address=0xCFA80F1f22b0AD533F7d8e2CcC0A783aa4BCaFF3}: cortex::pipeline: nonce reserved elapsed_ms=223 nonce=13
2026-04-05T14:00:00.872567Z  INFO ThreadId(10) pipeline{execution_id=81b7bcb4-78f0-419c-a96b-8f07e533922c chain_id=137 from_address=0x2EAC739a1e05F4a05a5B8fD93D332c4353E5A7cD}: cortex::pipeline: transaction broadcasted: elapsed_ms=224 tx_hash=0x63d2c261aea2066ead0823aa65e772fa06d1877baa828cbf22f7333d2562e2c9
2026-04-05T14:00:00.872903Z  INFO ThreadId(03) pipeline{execution_id=35abee23-acab-4639-af9b-aa78d9dce9b1 chain_id=1 from_address=0x2EAC739a1e05F4a05a5B8fD93D332c4353E5A7cD}: cortex::pipeline: transaction signed elapsed_ms=224
2026-04-05T14:00:00.873143Z  INFO ThreadId(03) pipeline{execution_id=dfcbcc16-7cf9-4db7-9819-093e0c045283 chain_id=42161 from_address=0x8b172F820629b14cEAF859A6e159d1BcD3291Fe1}: cortex::pipeline: nonce reserved elapsed_ms=224 nonce=6
2026-04-05T14:00:00.873804Z  INFO ThreadId(16) pipeline{execution_id=9187b5ac-75d0-458e-b598-a659e23c7bfa chain_id=137 from_address=0xCFA80F1f22b0AD533F7d8e2CcC0A783aa4BCaFF3}: cortex::pipeline: transaction signed elapsed_ms=225
2026-04-05T14:00:00.874321Z  INFO ThreadId(03) pipeline{execution_id=35abee23-acab-4639-af9b-aa78d9dce9b1 chain_id=1 from_address=0x2EAC739a1e05F4a05a5B8fD93D332c4353E5A7cD}: cortex::pipeline: transaction broadcasted: elapsed_ms=226 tx_hash=0x9e377841747739995e1320477e741ff99cef9c6fa81d0872ee466dd7997f02ce
2026-04-05T14:00:00.874431Z  INFO ThreadId(07) pipeline{execution_id=0e9faeb8-3483-4355-9c33-db36c35623ad chain_id=137 from_address=0x2EAC739a1e05F4a05a5B8fD93D332c4353E5A7cD}: cortex::pipeline: nonce reserved elapsed_ms=225 nonce=10
2026-04-05T14:00:00.874468Z  INFO ThreadId(03) pipeline{execution_id=7f5b72d5-c3d0-4fd0-aae9-210a0b49cd09 chain_id=137 from_address=0x8b172F820629b14cEAF859A6e159d1BcD3291Fe1}: cortex::pipeline: transaction broadcasted: elapsed_ms=225 tx_hash=0x0ea163ad54f2666083782389eb2271880a4f6b44e5f4729af61483f737a6dd3c
2026-04-05T14:00:00.874817Z  INFO ThreadId(10) pipeline{execution_id=dfcbcc16-7cf9-4db7-9819-093e0c045283 chain_id=42161 from_address=0x8b172F820629b14cEAF859A6e159d1BcD3291Fe1}: cortex::pipeline: transaction signed elapsed_ms=226
2026-04-05T14:00:00.876085Z  INFO ThreadId(10) pipeline{execution_id=8c39c0a8-62a3-4d11-b199-0102d67ccdfd chain_id=1 from_address=0x2EAC739a1e05F4a05a5B8fD93D332c4353E5A7cD}: cortex::pipeline: nonce reserved elapsed_ms=227 nonce=5
2026-04-05T14:00:00.876624Z  INFO ThreadId(10) pipeline{execution_id=dfcbcc16-7cf9-4db7-9819-093e0c045283 chain_id=42161 from_address=0x8b172F820629b14cEAF859A6e159d1BcD3291Fe1}: cortex::pipeline: transaction broadcasted: elapsed_ms=227 tx_hash=0xf213fbd2ced730dabea87bf3019a1748c66dc592f4a9d6190960337c7101440f
2026-04-05T14:00:00.876706Z  INFO ThreadId(10) pipeline{execution_id=0e9faeb8-3483-4355-9c33-db36c35623ad chain_id=137 from_address=0x2EAC739a1e05F4a05a5B8fD93D332c4353E5A7cD}: cortex::pipeline: transaction signed elapsed_ms=227
2026-04-05T14:00:00.876801Z  INFO ThreadId(10) pipeline{execution_id=e5ab3e6b-ca16-4b31-aa38-f37a9beed140 chain_id=137 from_address=0x8b172F820629b14cEAF859A6e159d1BcD3291Fe1}: cortex::pipeline: transaction broadcasted: elapsed_ms=228 tx_hash=0xee85b9bd24aec50e40a40d7fecf054c6ea354392df772a2adc8b555da071ad8d
2026-04-05T14:00:00.877419Z  INFO ThreadId(10) pipeline{execution_id=f97127df-73bb-4d36-817a-e8193f0eb281 chain_id=137 from_address=0xfea6645D31443cF7Cf96eF1dB7823EB9365f98bf}: cortex::pipeline: nonce reserved elapsed_ms=228 nonce=9
2026-04-05T14:00:00.877626Z  INFO ThreadId(10) pipeline{execution_id=8c39c0a8-62a3-4d11-b199-0102d67ccdfd chain_id=1 from_address=0x2EAC739a1e05F4a05a5B8fD93D332c4353E5A7cD}: cortex::pipeline: transaction signed elapsed_ms=228
2026-04-05T14:00:00.877832Z  INFO ThreadId(16) pipeline{execution_id=eaaf71de-d0db-4701-a1cf-d7acb84b1997 chain_id=1 from_address=0x8b172F820629b14cEAF859A6e159d1BcD3291Fe1}: cortex::pipeline: nonce reserved elapsed_ms=228 nonce=11
2026-04-05T14:00:00.878328Z  INFO ThreadId(10) pipeline{execution_id=3c1cd374-9903-40ff-8052-418fe0281b4b chain_id=137 from_address=0x8b172F820629b14cEAF859A6e159d1BcD3291Fe1}: cortex::pipeline: transaction broadcasted: elapsed_ms=229 tx_hash=0x7ddfe27809a4630d3c914044d9a15f0aeaaa676a9c7daeea60d55734b83bca87
2026-04-05T14:00:00.878780Z  INFO ThreadId(17) pipeline{execution_id=f97127df-73bb-4d36-817a-e8193f0eb281 chain_id=137 from_address=0xfea6645D31443cF7Cf96eF1dB7823EB9365f98bf}: cortex::pipeline: transaction signed elapsed_ms=230
2026-04-05T14:00:00.879094Z  INFO ThreadId(11) pipeline{execution_id=eaaf71de-d0db-4701-a1cf-d7acb84b1997 chain_id=1 from_address=0x8b172F820629b14cEAF859A6e159d1BcD3291Fe1}: cortex::pipeline: transaction signed elapsed_ms=230
2026-04-05T14:00:00.879276Z  INFO ThreadId(07) pipeline{execution_id=8c39c0a8-62a3-4d11-b199-0102d67ccdfd chain_id=1 from_address=0x2EAC739a1e05F4a05a5B8fD93D332c4353E5A7cD}: cortex::pipeline: transaction broadcasted: elapsed_ms=230 tx_hash=0xfc6d1f4bce4dc5f83b90c79ba29bf335cb61c4bc1028feaef77b4f434e98592c
2026-04-05T14:00:00.879885Z  INFO ThreadId(17) pipeline{execution_id=185aabfe-77b3-4263-bac0-0fbf48000ce1 chain_id=1 from_address=0xCFA80F1f22b0AD533F7d8e2CcC0A783aa4BCaFF3}: cortex::pipeline: nonce reserved elapsed_ms=231 nonce=6
2026-04-05T14:00:00.879969Z  INFO ThreadId(07) pipeline{execution_id=5032a1e2-2af7-4778-8b39-6fb14ae2ae6c chain_id=137 from_address=0x8AfE43fF49EBd5c4B8Cd1497ee77b437dd1711fc}: cortex::pipeline: transaction broadcasted: elapsed_ms=231 tx_hash=0xd36ce9b889d4f7db839e9966c44ac636c41674b6ffde970b4d798fd9af54d4ee
2026-04-05T14:00:00.880522Z  INFO ThreadId(03) pipeline{execution_id=02cfaf8e-fc52-4e16-8baa-51417fb81e9d chain_id=137 from_address=0x2EAC739a1e05F4a05a5B8fD93D332c4353E5A7cD}: cortex::pipeline: nonce reserved elapsed_ms=231 nonce=11
2026-04-05T14:00:00.880546Z  INFO ThreadId(16) pipeline{execution_id=172ff9d4-3997-40bd-9ba0-8527bc515c0e chain_id=1 from_address=0xCFA80F1f22b0AD533F7d8e2CcC0A783aa4BCaFF3}: cortex::pipeline: nonce reserved elapsed_ms=231 nonce=7
2026-04-05T14:00:00.880554Z  INFO ThreadId(10) pipeline{execution_id=eaaf71de-d0db-4701-a1cf-d7acb84b1997 chain_id=1 from_address=0x8b172F820629b14cEAF859A6e159d1BcD3291Fe1}: cortex::pipeline: transaction broadcasted: elapsed_ms=231 tx_hash=0x2bc05fd56ca6e775ac77aa65932c2f3e9ebcc5ee13a214f8bfd286c1394d321a
2026-04-05T14:00:00.880986Z  INFO ThreadId(09) pipeline{execution_id=185aabfe-77b3-4263-bac0-0fbf48000ce1 chain_id=1 from_address=0xCFA80F1f22b0AD533F7d8e2CcC0A783aa4BCaFF3}: cortex::pipeline: transaction signed elapsed_ms=232
2026-04-05T14:00:00.881213Z  INFO ThreadId(09) pipeline{execution_id=96a236d2-245a-40e0-be70-b37875131ff0 chain_id=137 from_address=0x8b172F820629b14cEAF859A6e159d1BcD3291Fe1}: cortex::pipeline: nonce reserved elapsed_ms=232 nonce=15
2026-04-05T14:00:00.881264Z  INFO ThreadId(08) pipeline{execution_id=9187b5ac-75d0-458e-b598-a659e23c7bfa chain_id=137 from_address=0xCFA80F1f22b0AD533F7d8e2CcC0A783aa4BCaFF3}: cortex::pipeline: transaction broadcasted: elapsed_ms=232 tx_hash=0x9f32f6dd29ea27e4cd29170792d0068a3ced3c486fee1c89b467fa1494c5c97a
2026-04-05T14:00:00.881652Z  INFO ThreadId(10) pipeline{execution_id=172ff9d4-3997-40bd-9ba0-8527bc515c0e chain_id=1 from_address=0xCFA80F1f22b0AD533F7d8e2CcC0A783aa4BCaFF3}: cortex::pipeline: transaction signed elapsed_ms=232
2026-04-05T14:00:00.881768Z  INFO ThreadId(09) pipeline{execution_id=02cfaf8e-fc52-4e16-8baa-51417fb81e9d chain_id=137 from_address=0x2EAC739a1e05F4a05a5B8fD93D332c4353E5A7cD}: cortex::pipeline: transaction signed elapsed_ms=232
2026-04-05T14:00:00.882091Z  INFO ThreadId(13) pipeline{execution_id=5b27e0fa-ad1e-4517-bb8f-73605f75fc83 chain_id=42161 from_address=0xCFA80F1f22b0AD533F7d8e2CcC0A783aa4BCaFF3}: cortex::pipeline: nonce reserved elapsed_ms=233 nonce=8
2026-04-05T14:00:00.882395Z  INFO ThreadId(07) pipeline{execution_id=96a236d2-245a-40e0-be70-b37875131ff0 chain_id=137 from_address=0x8b172F820629b14cEAF859A6e159d1BcD3291Fe1}: cortex::pipeline: transaction signed elapsed_ms=233
2026-04-05T14:00:00.882463Z  INFO ThreadId(09) pipeline{execution_id=185aabfe-77b3-4263-bac0-0fbf48000ce1 chain_id=1 from_address=0xCFA80F1f22b0AD533F7d8e2CcC0A783aa4BCaFF3}: cortex::pipeline: transaction broadcasted: elapsed_ms=233 tx_hash=0x3ed2ad5e82c50dd9c26e7d3f2ce504ba8ca8ad16767c93e5bd1b12467e3de7e5
2026-04-05T14:00:00.882931Z  INFO ThreadId(07) pipeline{execution_id=30533c31-d0e4-49d0-b1a1-d2552c10da61 chain_id=137 from_address=0x8b172F820629b14cEAF859A6e159d1BcD3291Fe1}: cortex::pipeline: nonce reserved elapsed_ms=233 nonce=16
2026-04-05T14:00:00.882976Z  INFO ThreadId(10) pipeline{execution_id=0e9faeb8-3483-4355-9c33-db36c35623ad chain_id=137 from_address=0x2EAC739a1e05F4a05a5B8fD93D332c4353E5A7cD}: cortex::pipeline: transaction broadcasted: elapsed_ms=234 tx_hash=0xf871e63bd02fc79e4475de9378a67dcd8b9cf1d39fdd8ea849de3ef71bab0c0f
2026-04-05T14:00:00.883555Z  INFO ThreadId(10) pipeline{execution_id=5b27e0fa-ad1e-4517-bb8f-73605f75fc83 chain_id=42161 from_address=0xCFA80F1f22b0AD533F7d8e2CcC0A783aa4BCaFF3}: cortex::pipeline: transaction signed elapsed_ms=234
2026-04-05T14:00:00.884086Z  INFO ThreadId(07) pipeline{execution_id=30533c31-d0e4-49d0-b1a1-d2552c10da61 chain_id=137 from_address=0x8b172F820629b14cEAF859A6e159d1BcD3291Fe1}: cortex::pipeline: transaction signed elapsed_ms=235
2026-04-05T14:00:00.884279Z  INFO ThreadId(03) pipeline{execution_id=b2dea0e1-18da-46d8-b14a-12cd899b3ef1 chain_id=42161 from_address=0x8b172F820629b14cEAF859A6e159d1BcD3291Fe1}: cortex::pipeline: nonce reserved elapsed_ms=235 nonce=7
2026-04-05T14:00:00.884423Z  INFO ThreadId(10) pipeline{execution_id=172ff9d4-3997-40bd-9ba0-8527bc515c0e chain_id=1 from_address=0xCFA80F1f22b0AD533F7d8e2CcC0A783aa4BCaFF3}: cortex::pipeline: transaction broadcasted: elapsed_ms=235 tx_hash=0xd04975310ff867a63e0195d5fad38fd9ec96c54eaa2f805ba25ddc289d8e27d1
2026-04-05T14:00:00.884503Z  INFO ThreadId(08) pipeline{execution_id=f97127df-73bb-4d36-817a-e8193f0eb281 chain_id=137 from_address=0xfea6645D31443cF7Cf96eF1dB7823EB9365f98bf}: cortex::pipeline: transaction broadcasted: elapsed_ms=236 tx_hash=0xfb6d2533f5b104e666d15f20d857b4790e7d2615837d18631c61181b9828ddb0
2026-04-05T14:00:00.884984Z  INFO ThreadId(08) pipeline{execution_id=08424f8d-6742-4778-8be5-28936a536d35 chain_id=42161 from_address=0x8b172F820629b14cEAF859A6e159d1BcD3291Fe1}: cortex::pipeline: nonce reserved elapsed_ms=236 nonce=8
2026-04-05T14:00:00.885653Z  INFO ThreadId(07) pipeline{execution_id=b2dea0e1-18da-46d8-b14a-12cd899b3ef1 chain_id=42161 from_address=0x8b172F820629b14cEAF859A6e159d1BcD3291Fe1}: cortex::pipeline: transaction signed elapsed_ms=236
2026-04-05T14:00:00.885987Z  INFO ThreadId(07) pipeline{execution_id=5b27e0fa-ad1e-4517-bb8f-73605f75fc83 chain_id=42161 from_address=0xCFA80F1f22b0AD533F7d8e2CcC0A783aa4BCaFF3}: cortex::pipeline: transaction broadcasted: elapsed_ms=237 tx_hash=0x15b4b8a4e42b104a37edc209635958b9b023635cff0f210420ea6aa2ec87e555
2026-04-05T14:00:00.886125Z  INFO ThreadId(07) pipeline{execution_id=6227e274-b57b-480f-823f-169c5212b8b8 chain_id=137 from_address=0x8AfE43fF49EBd5c4B8Cd1497ee77b437dd1711fc}: cortex::pipeline: nonce reserved elapsed_ms=237 nonce=6
2026-04-05T14:00:00.886219Z  INFO ThreadId(07) pipeline{execution_id=c9293839-4e63-4d25-8f21-fab2d170d193 chain_id=42161 from_address=0x8b172F820629b14cEAF859A6e159d1BcD3291Fe1}: cortex::pipeline: nonce reserved elapsed_ms=237 nonce=9
2026-04-05T14:00:00.886492Z  INFO ThreadId(07) pipeline{execution_id=02cfaf8e-fc52-4e16-8baa-51417fb81e9d chain_id=137 from_address=0x2EAC739a1e05F4a05a5B8fD93D332c4353E5A7cD}: cortex::pipeline: transaction broadcasted: elapsed_ms=237 tx_hash=0x0e7cbec9eb605292fbfd4a5f22baff12c363f1020e4056bac0b07eed9f6d90be
2026-04-05T14:00:00.886843Z  INFO ThreadId(07) pipeline{execution_id=08424f8d-6742-4778-8be5-28936a536d35 chain_id=42161 from_address=0x8b172F820629b14cEAF859A6e159d1BcD3291Fe1}: cortex::pipeline: transaction signed elapsed_ms=237
2026-04-05T14:00:00.887918Z  INFO ThreadId(07) pipeline{execution_id=c9293839-4e63-4d25-8f21-fab2d170d193 chain_id=42161 from_address=0x8b172F820629b14cEAF859A6e159d1BcD3291Fe1}: cortex::pipeline: transaction signed elapsed_ms=238
2026-04-05T14:00:00.887927Z  INFO ThreadId(13) pipeline{execution_id=9163b5d5-6520-4438-8e1f-8b5908989949 chain_id=42161 from_address=0xfea6645D31443cF7Cf96eF1dB7823EB9365f98bf}: cortex::pipeline: nonce reserved elapsed_ms=238 nonce=6
2026-04-05T14:00:00.887993Z  INFO ThreadId(03) pipeline{execution_id=6227e274-b57b-480f-823f-169c5212b8b8 chain_id=137 from_address=0x8AfE43fF49EBd5c4B8Cd1497ee77b437dd1711fc}: cortex::pipeline: transaction signed elapsed_ms=239
2026-04-05T14:00:00.888058Z  INFO ThreadId(08) pipeline{execution_id=b2dea0e1-18da-46d8-b14a-12cd899b3ef1 chain_id=42161 from_address=0x8b172F820629b14cEAF859A6e159d1BcD3291Fe1}: cortex::pipeline: transaction broadcasted: elapsed_ms=239 tx_hash=0xe8919496238b999878a50d88bb2ce135ce035b934694fdd5914ac69a46df2500
2026-04-05T14:00:00.888316Z  INFO ThreadId(11) pipeline{execution_id=96a236d2-245a-40e0-be70-b37875131ff0 chain_id=137 from_address=0x8b172F820629b14cEAF859A6e159d1BcD3291Fe1}: cortex::pipeline: transaction broadcasted: elapsed_ms=239 tx_hash=0x77a404685706f2c52b06afdb10d6b5e009ffd51077eed068b48beb4a6dfeebbe
2026-04-05T14:00:00.889054Z  INFO ThreadId(11) pipeline{execution_id=9a9bb348-902c-499e-ac01-dc4c1f6f6492 chain_id=1 from_address=0xfea6645D31443cF7Cf96eF1dB7823EB9365f98bf}: cortex::pipeline: nonce reserved elapsed_ms=239 nonce=12
2026-04-05T14:00:00.889734Z  INFO ThreadId(11) pipeline{execution_id=9163b5d5-6520-4438-8e1f-8b5908989949 chain_id=42161 from_address=0xfea6645D31443cF7Cf96eF1dB7823EB9365f98bf}: cortex::pipeline: transaction signed elapsed_ms=240
2026-04-05T14:00:00.889839Z  INFO ThreadId(07) pipeline{execution_id=08424f8d-6742-4778-8be5-28936a536d35 chain_id=42161 from_address=0x8b172F820629b14cEAF859A6e159d1BcD3291Fe1}: cortex::pipeline: transaction broadcasted: elapsed_ms=240 tx_hash=0x97e8c5162cb9ae17dcb6c63fc725bc10b350a38e8dc8034e62ffc44e0a0a9518
2026-04-05T14:00:00.889901Z  INFO ThreadId(08) pipeline{execution_id=53fe6c6b-1fe0-4960-af31-0ece92aec629 chain_id=1 from_address=0xCFA80F1f22b0AD533F7d8e2CcC0A783aa4BCaFF3}: cortex::pipeline: nonce reserved elapsed_ms=240 nonce=8
2026-04-05T14:00:00.889918Z  INFO ThreadId(11) pipeline{execution_id=30533c31-d0e4-49d0-b1a1-d2552c10da61 chain_id=137 from_address=0x8b172F820629b14cEAF859A6e159d1BcD3291Fe1}: cortex::pipeline: transaction broadcasted: elapsed_ms=240 tx_hash=0x3a3c20aac1740e70c33b0d524055c64adc4364bed3b22feb26342e605dc1bedd
2026-04-05T14:00:00.890443Z  INFO ThreadId(13) pipeline{execution_id=9a9bb348-902c-499e-ac01-dc4c1f6f6492 chain_id=1 from_address=0xfea6645D31443cF7Cf96eF1dB7823EB9365f98bf}: cortex::pipeline: transaction signed elapsed_ms=240
2026-04-05T14:00:00.891474Z  INFO ThreadId(10) pipeline{execution_id=c9293839-4e63-4d25-8f21-fab2d170d193 chain_id=42161 from_address=0x8b172F820629b14cEAF859A6e159d1BcD3291Fe1}: cortex::pipeline: transaction broadcasted: elapsed_ms=242 tx_hash=0x0cb0d9e656020e6a94543afab3387e730c22fd3b21ea72a28514d0c00756a4c5
2026-04-05T14:00:00.891482Z  INFO ThreadId(13) pipeline{execution_id=c1a3a798-2d37-4924-8655-c2c323106aba chain_id=137 from_address=0x8b172F820629b14cEAF859A6e159d1BcD3291Fe1}: cortex::pipeline: nonce reserved elapsed_ms=241 nonce=17
2026-04-05T14:00:00.891821Z  INFO ThreadId(07) pipeline{execution_id=53fe6c6b-1fe0-4960-af31-0ece92aec629 chain_id=1 from_address=0xCFA80F1f22b0AD533F7d8e2CcC0A783aa4BCaFF3}: cortex::pipeline: transaction signed elapsed_ms=242
2026-04-05T14:00:00.892513Z  INFO ThreadId(10) pipeline{execution_id=0493dddb-cc3d-4b97-b3a0-2f2b9335a4a6 chain_id=137 from_address=0x2EAC739a1e05F4a05a5B8fD93D332c4353E5A7cD}: cortex::pipeline: nonce reserved elapsed_ms=243 nonce=12
2026-04-05T14:00:00.892561Z  INFO ThreadId(16) pipeline{execution_id=1bedd8a2-2fa1-4a8d-9151-0280b5256d46 chain_id=42161 from_address=0xfea6645D31443cF7Cf96eF1dB7823EB9365f98bf}: cortex::pipeline: nonce reserved elapsed_ms=242 nonce=7
2026-04-05T14:00:00.892621Z  INFO ThreadId(11) pipeline{execution_id=9a9bb348-902c-499e-ac01-dc4c1f6f6492 chain_id=1 from_address=0xfea6645D31443cF7Cf96eF1dB7823EB9365f98bf}: cortex::pipeline: transaction broadcasted: elapsed_ms=242 tx_hash=0x6fc0b554d23127c85f2af698b35a0c2199e7fea592b4332f8f76dc207ba5682c
2026-04-05T14:00:00.892898Z  INFO ThreadId(16) pipeline{execution_id=c1a3a798-2d37-4924-8655-c2c323106aba chain_id=137 from_address=0x8b172F820629b14cEAF859A6e159d1BcD3291Fe1}: cortex::pipeline: transaction signed elapsed_ms=243
2026-04-05T14:00:00.892925Z  INFO ThreadId(11) pipeline{execution_id=6227e274-b57b-480f-823f-169c5212b8b8 chain_id=137 from_address=0x8AfE43fF49EBd5c4B8Cd1497ee77b437dd1711fc}: cortex::pipeline: transaction broadcasted: elapsed_ms=243 tx_hash=0x6e161ba0f4b2cafe478e004ca1742770927a9c7a655bd456350528dea42d150a
2026-04-05T14:00:00.893472Z  INFO ThreadId(11) pipeline{execution_id=a2c1b91d-fb0f-4270-8166-58dfaa9e8658 chain_id=42161 from_address=0x8AfE43fF49EBd5c4B8Cd1497ee77b437dd1711fc}: cortex::pipeline: nonce reserved elapsed_ms=243 nonce=8
2026-04-05T14:00:00.893715Z  INFO ThreadId(09) pipeline{execution_id=1bedd8a2-2fa1-4a8d-9151-0280b5256d46 chain_id=42161 from_address=0xfea6645D31443cF7Cf96eF1dB7823EB9365f98bf}: cortex::pipeline: transaction signed elapsed_ms=244
2026-04-05T14:00:00.893885Z  INFO ThreadId(09) pipeline{execution_id=9163b5d5-6520-4438-8e1f-8b5908989949 chain_id=42161 from_address=0xfea6645D31443cF7Cf96eF1dB7823EB9365f98bf}: cortex::pipeline: transaction broadcasted: elapsed_ms=244 tx_hash=0x651b00e1e4a1a48205eb3f08c2b4d0f5d66acf77e1cb326138c006c630b7d531
2026-04-05T14:00:00.894069Z  INFO ThreadId(09) pipeline{execution_id=0b07ad8e-54e8-4bd4-a9b3-b026bef009a4 chain_id=137 from_address=0xCFA80F1f22b0AD533F7d8e2CcC0A783aa4BCaFF3}: cortex::pipeline: nonce reserved elapsed_ms=243 nonce=14
2026-04-05T14:00:00.894189Z  INFO ThreadId(11) pipeline{execution_id=0493dddb-cc3d-4b97-b3a0-2f2b9335a4a6 chain_id=137 from_address=0x2EAC739a1e05F4a05a5B8fD93D332c4353E5A7cD}: cortex::pipeline: transaction signed elapsed_ms=245
2026-04-05T14:00:00.894415Z  INFO ThreadId(09) pipeline{execution_id=c1a3a798-2d37-4924-8655-c2c323106aba chain_id=137 from_address=0x8b172F820629b14cEAF859A6e159d1BcD3291Fe1}: cortex::pipeline: transaction broadcasted: elapsed_ms=244 tx_hash=0xe96974540000d31eb8b49050202185fde077ba17142aa3029c8daf5fe852c130
2026-04-05T14:00:00.894546Z  INFO ThreadId(09) pipeline{execution_id=53fe6c6b-1fe0-4960-af31-0ece92aec629 chain_id=1 from_address=0xCFA80F1f22b0AD533F7d8e2CcC0A783aa4BCaFF3}: cortex::pipeline: transaction broadcasted: elapsed_ms=244 tx_hash=0x0b90f86064280f61c24815d5ca9ef06ae3e86a621c0fb2d4473a86623b6cf730
2026-04-05T14:00:00.894722Z  INFO ThreadId(09) pipeline{execution_id=a2c1b91d-fb0f-4270-8166-58dfaa9e8658 chain_id=42161 from_address=0x8AfE43fF49EBd5c4B8Cd1497ee77b437dd1711fc}: cortex::pipeline: transaction signed elapsed_ms=244
2026-04-05T14:00:00.894946Z  INFO ThreadId(09) pipeline{execution_id=41349d0c-ffc0-46d8-aa84-f8c3bffba91c chain_id=42161 from_address=0x8b172F820629b14cEAF859A6e159d1BcD3291Fe1}: cortex::pipeline: nonce reserved elapsed_ms=244 nonce=10
2026-04-05T14:00:00.895169Z  INFO ThreadId(09) pipeline{execution_id=0b07ad8e-54e8-4bd4-a9b3-b026bef009a4 chain_id=137 from_address=0xCFA80F1f22b0AD533F7d8e2CcC0A783aa4BCaFF3}: cortex::pipeline: transaction signed elapsed_ms=244
2026-04-05T14:00:00.895423Z  INFO ThreadId(09) pipeline{execution_id=1bedd8a2-2fa1-4a8d-9151-0280b5256d46 chain_id=42161 from_address=0xfea6645D31443cF7Cf96eF1dB7823EB9365f98bf}: cortex::pipeline: transaction broadcasted: elapsed_ms=245 tx_hash=0xa4345af1584e85cc1d5bd8f7229f71a7ac33d1368adf217d5a1562ea599a2dda
2026-04-05T14:00:00.895981Z  INFO ThreadId(09) pipeline{execution_id=63c0a83a-e525-44ed-8a1d-0dfb628df52e chain_id=1 from_address=0xCFA80F1f22b0AD533F7d8e2CcC0A783aa4BCaFF3}: cortex::pipeline: nonce reserved elapsed_ms=246 nonce=9
2026-04-05T14:00:00.896272Z  INFO ThreadId(09) pipeline{execution_id=41349d0c-ffc0-46d8-aa84-f8c3bffba91c chain_id=42161 from_address=0x8b172F820629b14cEAF859A6e159d1BcD3291Fe1}: cortex::pipeline: transaction signed elapsed_ms=245
2026-04-05T14:00:00.896393Z  INFO ThreadId(09) pipeline{execution_id=0493dddb-cc3d-4b97-b3a0-2f2b9335a4a6 chain_id=137 from_address=0x2EAC739a1e05F4a05a5B8fD93D332c4353E5A7cD}: cortex::pipeline: transaction broadcasted: elapsed_ms=247 tx_hash=0x95af4f098d3efb8cad78bf42b2c86a6a3296622af5be8d3f93d73197cba8d6ed
2026-04-05T14:00:00.897186Z  INFO ThreadId(11) pipeline{execution_id=a2c1b91d-fb0f-4270-8166-58dfaa9e8658 chain_id=42161 from_address=0x8AfE43fF49EBd5c4B8Cd1497ee77b437dd1711fc}: cortex::pipeline: transaction broadcasted: elapsed_ms=247 tx_hash=0xbc7514cd97861369960627249f16fa603f6e7473cc379269f78cf1de08cb5be1
2026-04-05T14:00:00.897773Z  INFO ThreadId(07) pipeline{execution_id=63c0a83a-e525-44ed-8a1d-0dfb628df52e chain_id=1 from_address=0xCFA80F1f22b0AD533F7d8e2CcC0A783aa4BCaFF3}: cortex::pipeline: transaction signed elapsed_ms=247
2026-04-05T14:00:00.898117Z  INFO ThreadId(13) pipeline{execution_id=f748451f-b0ba-40d2-8198-b4ef395dee29 chain_id=42161 from_address=0x8AfE43fF49EBd5c4B8Cd1497ee77b437dd1711fc}: cortex::pipeline: nonce reserved elapsed_ms=247 nonce=9
2026-04-05T14:00:00.898134Z  INFO ThreadId(16) pipeline{execution_id=0b07ad8e-54e8-4bd4-a9b3-b026bef009a4 chain_id=137 from_address=0xCFA80F1f22b0AD533F7d8e2CcC0A783aa4BCaFF3}: cortex::pipeline: transaction broadcasted: elapsed_ms=247 tx_hash=0x9df8fc0491e4833f9a11bf524adcd65d5d2d21312f2e23d84e21b3cd6fb542e0
2026-04-05T14:00:00.898954Z  INFO ThreadId(11) pipeline{execution_id=06bede68-ce75-4f8d-a4b4-7b1127ea0437 chain_id=1 from_address=0x8AfE43fF49EBd5c4B8Cd1497ee77b437dd1711fc}: cortex::pipeline: nonce reserved elapsed_ms=248 nonce=9
2026-04-05T14:00:00.899426Z  INFO ThreadId(10) pipeline{execution_id=f748451f-b0ba-40d2-8198-b4ef395dee29 chain_id=42161 from_address=0x8AfE43fF49EBd5c4B8Cd1497ee77b437dd1711fc}: cortex::pipeline: transaction signed elapsed_ms=248
2026-04-05T14:00:00.899426Z  INFO ThreadId(11) pipeline{execution_id=41349d0c-ffc0-46d8-aa84-f8c3bffba91c chain_id=42161 from_address=0x8b172F820629b14cEAF859A6e159d1BcD3291Fe1}: cortex::pipeline: transaction broadcasted: elapsed_ms=248 tx_hash=0xf247b0cf127472ef6edaa25ae40ad47e6abf32f1d92fe01098e3a507eeb33b21
2026-04-05T14:00:00.899666Z  INFO ThreadId(13) pipeline{execution_id=63c0a83a-e525-44ed-8a1d-0dfb628df52e chain_id=1 from_address=0xCFA80F1f22b0AD533F7d8e2CcC0A783aa4BCaFF3}: cortex::pipeline: transaction broadcasted: elapsed_ms=249 tx_hash=0xb0172dca34decca5c46c193f0dfca5aa482dc6ecc85e8c10bb243c63474164d3
2026-04-05T14:00:00.899667Z  INFO ThreadId(11) pipeline{execution_id=b33a1071-26bc-4b59-9d45-f188a9388880 chain_id=1 from_address=0x8b172F820629b14cEAF859A6e159d1BcD3291Fe1}: cortex::pipeline: nonce reserved elapsed_ms=248 nonce=12
2026-04-05T14:00:00.900574Z  INFO ThreadId(10) pipeline{execution_id=06bede68-ce75-4f8d-a4b4-7b1127ea0437 chain_id=1 from_address=0x8AfE43fF49EBd5c4B8Cd1497ee77b437dd1711fc}: cortex::pipeline: transaction signed elapsed_ms=249
2026-04-05T14:00:00.900803Z  INFO ThreadId(13) pipeline{execution_id=d42a4853-bb04-452a-b05d-4f80cd70a943 chain_id=137 from_address=0xfea6645D31443cF7Cf96eF1dB7823EB9365f98bf}: cortex::pipeline: nonce reserved elapsed_ms=250 nonce=10
2026-04-05T14:00:00.901080Z  INFO ThreadId(09) pipeline{execution_id=b33a1071-26bc-4b59-9d45-f188a9388880 chain_id=1 from_address=0x8b172F820629b14cEAF859A6e159d1BcD3291Fe1}: cortex::pipeline: transaction signed elapsed_ms=250
2026-04-05T14:00:00.901398Z  INFO ThreadId(13) pipeline{execution_id=f748451f-b0ba-40d2-8198-b4ef395dee29 chain_id=42161 from_address=0x8AfE43fF49EBd5c4B8Cd1497ee77b437dd1711fc}: cortex::pipeline: transaction broadcasted: elapsed_ms=250 tx_hash=0x5e6e51ab3198d68977294f73026699205ad2dbf2f84353a647bd5dd6440b5d97
2026-04-05T14:00:00.901582Z  INFO ThreadId(11) pipeline{execution_id=56420be7-99fd-40e8-823b-1c2f82bd8580 chain_id=1 from_address=0x8b172F820629b14cEAF859A6e159d1BcD3291Fe1}: cortex::pipeline: nonce reserved elapsed_ms=250 nonce=13
2026-04-05T14:00:00.901929Z  INFO ThreadId(10) pipeline{execution_id=d42a4853-bb04-452a-b05d-4f80cd70a943 chain_id=137 from_address=0xfea6645D31443cF7Cf96eF1dB7823EB9365f98bf}: cortex::pipeline: transaction signed elapsed_ms=251
2026-04-05T14:00:00.901988Z  INFO ThreadId(13) pipeline{execution_id=06bede68-ce75-4f8d-a4b4-7b1127ea0437 chain_id=1 from_address=0x8AfE43fF49EBd5c4B8Cd1497ee77b437dd1711fc}: cortex::pipeline: transaction broadcasted: elapsed_ms=251 tx_hash=0xb3549ac3292bfa0b7d58f37ac75f2d0702835af3a5e543613ebcc75ab5eeca90
2026-04-05T14:00:00.902209Z  INFO ThreadId(10) pipeline{execution_id=76fc9033-e139-4f4c-a1cc-f496ad77acb4 chain_id=137 from_address=0x8AfE43fF49EBd5c4B8Cd1497ee77b437dd1711fc}: cortex::pipeline: nonce reserved elapsed_ms=251 nonce=7
2026-04-05T14:00:00.902639Z  INFO ThreadId(09) pipeline{execution_id=56420be7-99fd-40e8-823b-1c2f82bd8580 chain_id=1 from_address=0x8b172F820629b14cEAF859A6e159d1BcD3291Fe1}: cortex::pipeline: transaction signed elapsed_ms=251
2026-04-05T14:00:00.902982Z  INFO ThreadId(09) pipeline{execution_id=4bb025fe-e2bd-4a42-961a-1495cf415287 chain_id=1 from_address=0x8b172F820629b14cEAF859A6e159d1BcD3291Fe1}: cortex::pipeline: nonce reserved elapsed_ms=252 nonce=14
2026-04-05T14:00:00.903581Z  INFO ThreadId(09) pipeline{execution_id=76fc9033-e139-4f4c-a1cc-f496ad77acb4 chain_id=137 from_address=0x8AfE43fF49EBd5c4B8Cd1497ee77b437dd1711fc}: cortex::pipeline: transaction signed elapsed_ms=252
2026-04-05T14:00:00.903756Z  INFO ThreadId(09) pipeline{execution_id=d42a4853-bb04-452a-b05d-4f80cd70a943 chain_id=137 from_address=0xfea6645D31443cF7Cf96eF1dB7823EB9365f98bf}: cortex::pipeline: transaction broadcasted: elapsed_ms=252 tx_hash=0x9205bb68433bc96b3394371d13de419479046304f90af97e08d441b6121420dc
2026-04-05T14:00:00.903781Z  INFO ThreadId(07) pipeline{execution_id=b33a1071-26bc-4b59-9d45-f188a9388880 chain_id=1 from_address=0x8b172F820629b14cEAF859A6e159d1BcD3291Fe1}: cortex::pipeline: transaction broadcasted: elapsed_ms=252 tx_hash=0x4da8a779a669712b6960a6395a61b1d768ca825e788f7edd0513b66aede26606
2026-04-05T14:00:00.904069Z  INFO ThreadId(07) pipeline{execution_id=9f8b3b3c-f855-48f8-a5f6-59dbd6bb11f4 chain_id=42161 from_address=0xfea6645D31443cF7Cf96eF1dB7823EB9365f98bf}: cortex::pipeline: nonce reserved elapsed_ms=253 nonce=8
2026-04-05T14:00:00.904161Z  INFO ThreadId(07) pipeline{execution_id=4bb025fe-e2bd-4a42-961a-1495cf415287 chain_id=1 from_address=0x8b172F820629b14cEAF859A6e159d1BcD3291Fe1}: cortex::pipeline: transaction signed elapsed_ms=253
2026-04-05T14:00:00.904601Z  INFO ThreadId(13) pipeline{execution_id=8b0eb414-4273-4a86-ad6b-9d4ffb2a120b chain_id=42161 from_address=0xCFA80F1f22b0AD533F7d8e2CcC0A783aa4BCaFF3}: cortex::pipeline: nonce reserved elapsed_ms=253 nonce=9
2026-04-05T14:00:00.905115Z  INFO ThreadId(07) pipeline{execution_id=76fc9033-e139-4f4c-a1cc-f496ad77acb4 chain_id=137 from_address=0x8AfE43fF49EBd5c4B8Cd1497ee77b437dd1711fc}: cortex::pipeline: transaction broadcasted: elapsed_ms=254 tx_hash=0x4ad4e955c44255be4aa90564c3bc82ca8fc8924806f1d56b00e1679317f0349b
2026-04-05T14:00:00.905116Z  INFO ThreadId(10) pipeline{execution_id=56420be7-99fd-40e8-823b-1c2f82bd8580 chain_id=1 from_address=0x8b172F820629b14cEAF859A6e159d1BcD3291Fe1}: cortex::pipeline: transaction broadcasted: elapsed_ms=254 tx_hash=0x234c0023f8758dca210166f6e44737f8d16dfae55de10ac27f4f2d43a3a7eea3
2026-04-05T14:00:00.905125Z  INFO ThreadId(03) pipeline{execution_id=9f8b3b3c-f855-48f8-a5f6-59dbd6bb11f4 chain_id=42161 from_address=0xfea6645D31443cF7Cf96eF1dB7823EB9365f98bf}: cortex::pipeline: transaction signed elapsed_ms=254
2026-04-05T14:00:00.905204Z  INFO ThreadId(11) pipeline{execution_id=d7ae76df-f90d-45b6-bb4f-4df0b20c55d5 chain_id=1 from_address=0x2EAC739a1e05F4a05a5B8fD93D332c4353E5A7cD}: cortex::pipeline: nonce reserved elapsed_ms=254 nonce=6
2026-04-05T14:00:00.905842Z  INFO ThreadId(03) pipeline{execution_id=8b0eb414-4273-4a86-ad6b-9d4ffb2a120b chain_id=42161 from_address=0xCFA80F1f22b0AD533F7d8e2CcC0A783aa4BCaFF3}: cortex::pipeline: transaction signed elapsed_ms=254
2026-04-05T14:00:00.905890Z  INFO ThreadId(09) pipeline{execution_id=b1e73ecb-2fd0-45e4-b9ee-5c1d01d72d9d chain_id=42161 from_address=0x2EAC739a1e05F4a05a5B8fD93D332c4353E5A7cD}: cortex::pipeline: nonce reserved elapsed_ms=254 nonce=12
2026-04-05T14:00:00.906122Z  INFO ThreadId(07) pipeline{execution_id=d7ae76df-f90d-45b6-bb4f-4df0b20c55d5 chain_id=1 from_address=0x2EAC739a1e05F4a05a5B8fD93D332c4353E5A7cD}: cortex::pipeline: transaction signed elapsed_ms=255
2026-04-05T14:00:00.906504Z  INFO ThreadId(09) pipeline{execution_id=9f8b3b3c-f855-48f8-a5f6-59dbd6bb11f4 chain_id=42161 from_address=0xfea6645D31443cF7Cf96eF1dB7823EB9365f98bf}: cortex::pipeline: transaction broadcasted: elapsed_ms=255 tx_hash=0xc570e1bc617e7e5206e7ff133fa69c1bde6ba3381a7421cab730fcf5c11e745a
2026-04-05T14:00:00.906508Z  INFO ThreadId(13) pipeline{execution_id=1e2f4ab8-a7ef-45c5-8e41-ea9018d78a0c chain_id=137 from_address=0x8AfE43fF49EBd5c4B8Cd1497ee77b437dd1711fc}: cortex::pipeline: nonce reserved elapsed_ms=255 nonce=8
2026-04-05T14:00:00.906597Z  INFO ThreadId(10) pipeline{execution_id=4bb025fe-e2bd-4a42-961a-1495cf415287 chain_id=1 from_address=0x8b172F820629b14cEAF859A6e159d1BcD3291Fe1}: cortex::pipeline: transaction broadcasted: elapsed_ms=255 tx_hash=0x1b20e51a824c2182464ddadbfcb82b42d090dd7f154cb6cd32871db01ebc8b2e
2026-04-05T14:00:00.906763Z  INFO ThreadId(13) pipeline{execution_id=b1e73ecb-2fd0-45e4-b9ee-5c1d01d72d9d chain_id=42161 from_address=0x2EAC739a1e05F4a05a5B8fD93D332c4353E5A7cD}: cortex::pipeline: transaction signed elapsed_ms=255
2026-04-05T14:00:00.907127Z  INFO ThreadId(13) pipeline{execution_id=e119d3cc-0578-4659-aaef-6314b66c2a56 chain_id=42161 from_address=0x8AfE43fF49EBd5c4B8Cd1497ee77b437dd1711fc}: cortex::pipeline: nonce reserved elapsed_ms=257 nonce=10
2026-04-05T14:00:00.907573Z  INFO ThreadId(10) pipeline{execution_id=1e2f4ab8-a7ef-45c5-8e41-ea9018d78a0c chain_id=137 from_address=0x8AfE43fF49EBd5c4B8Cd1497ee77b437dd1711fc}: cortex::pipeline: transaction signed elapsed_ms=256
2026-04-05T14:00:00.907934Z  INFO ThreadId(09) pipeline{execution_id=8b0eb414-4273-4a86-ad6b-9d4ffb2a120b chain_id=42161 from_address=0xCFA80F1f22b0AD533F7d8e2CcC0A783aa4BCaFF3}: cortex::pipeline: transaction broadcasted: elapsed_ms=256 tx_hash=0x6e06187cc3dcace4c62c1bc2e92f1518d1f393c62ad0080b7581898742574667
2026-04-05T14:00:00.907961Z  INFO ThreadId(16) pipeline{execution_id=d7ae76df-f90d-45b6-bb4f-4df0b20c55d5 chain_id=1 from_address=0x2EAC739a1e05F4a05a5B8fD93D332c4353E5A7cD}: cortex::pipeline: transaction broadcasted: elapsed_ms=256 tx_hash=0x13403dacab2a3344efe26ae6c2abc79dde0ca189a33f614055720ee8686e46a4
2026-04-05T14:00:00.908057Z  INFO ThreadId(16) pipeline{execution_id=e119d3cc-0578-4659-aaef-6314b66c2a56 chain_id=42161 from_address=0x8AfE43fF49EBd5c4B8Cd1497ee77b437dd1711fc}: cortex::pipeline: transaction signed elapsed_ms=258
2026-04-05T14:00:00.908395Z  INFO ThreadId(16) pipeline{execution_id=41e84126-ad48-45c7-8db4-a7230d8f7b8f chain_id=1 from_address=0x8b172F820629b14cEAF859A6e159d1BcD3291Fe1}: cortex::pipeline: nonce reserved elapsed_ms=257 nonce=15
2026-04-05T14:00:00.908594Z  INFO ThreadId(09) pipeline{execution_id=ae450d6c-ff16-42e5-9315-8cf9b67f62d9 chain_id=137 from_address=0xCFA80F1f22b0AD533F7d8e2CcC0A783aa4BCaFF3}: cortex::pipeline: nonce reserved elapsed_ms=257 nonce=15
2026-04-05T14:00:00.908904Z  INFO ThreadId(07) pipeline{execution_id=1e2f4ab8-a7ef-45c5-8e41-ea9018d78a0c chain_id=137 from_address=0x8AfE43fF49EBd5c4B8Cd1497ee77b437dd1711fc}: cortex::pipeline: transaction broadcasted: elapsed_ms=257 tx_hash=0x8311c02bd2aba21c5126c9609d226ac14852376ce24b27146c8347b5efcf4622
2026-04-05T14:00:00.908949Z  INFO ThreadId(03) pipeline{execution_id=8431dc7d-dffe-4fdd-8b81-f6aa075d614d chain_id=42161 from_address=0x8AfE43fF49EBd5c4B8Cd1497ee77b437dd1711fc}: cortex::pipeline: nonce reserved elapsed_ms=257 nonce=11
2026-04-05T14:00:00.909126Z  INFO ThreadId(11) pipeline{execution_id=b1e73ecb-2fd0-45e4-b9ee-5c1d01d72d9d chain_id=42161 from_address=0x2EAC739a1e05F4a05a5B8fD93D332c4353E5A7cD}: cortex::pipeline: transaction broadcasted: elapsed_ms=258 tx_hash=0x1061f63dc2331381f3a86ae0a75469b05870769904bc0813eb7d4f5230a99163
2026-04-05T14:00:00.909411Z  INFO ThreadId(13) pipeline{execution_id=41e84126-ad48-45c7-8db4-a7230d8f7b8f chain_id=1 from_address=0x8b172F820629b14cEAF859A6e159d1BcD3291Fe1}: cortex::pipeline: transaction signed elapsed_ms=258
2026-04-05T14:00:00.909494Z  INFO ThreadId(03) pipeline{execution_id=ae450d6c-ff16-42e5-9315-8cf9b67f62d9 chain_id=137 from_address=0xCFA80F1f22b0AD533F7d8e2CcC0A783aa4BCaFF3}: cortex::pipeline: transaction signed elapsed_ms=258
2026-04-05T14:00:00.909549Z  INFO ThreadId(10) pipeline{execution_id=782623ee-dac9-4a73-9804-3dccc0a3bce5 chain_id=42161 from_address=0x8b172F820629b14cEAF859A6e159d1BcD3291Fe1}: cortex::pipeline: nonce reserved elapsed_ms=258 nonce=11
2026-04-05T14:00:00.909941Z  INFO ThreadId(10) pipeline{execution_id=8431dc7d-dffe-4fdd-8b81-f6aa075d614d chain_id=42161 from_address=0x8AfE43fF49EBd5c4B8Cd1497ee77b437dd1711fc}: cortex::pipeline: transaction signed elapsed_ms=258
2026-04-05T14:00:00.910540Z  INFO ThreadId(11) pipeline{execution_id=e119d3cc-0578-4659-aaef-6314b66c2a56 chain_id=42161 from_address=0x8AfE43fF49EBd5c4B8Cd1497ee77b437dd1711fc}: cortex::pipeline: transaction broadcasted: elapsed_ms=260 tx_hash=0x216f82af5609ddb2950b4f39775cd039b0f33f2a502d73e1b9c1841526fecd3b
2026-04-05T14:00:00.910600Z  INFO ThreadId(09) pipeline{execution_id=782623ee-dac9-4a73-9804-3dccc0a3bce5 chain_id=42161 from_address=0x8b172F820629b14cEAF859A6e159d1BcD3291Fe1}: cortex::pipeline: transaction signed elapsed_ms=259
2026-04-05T14:00:00.910769Z  INFO ThreadId(09) pipeline{execution_id=41e84126-ad48-45c7-8db4-a7230d8f7b8f chain_id=1 from_address=0x8b172F820629b14cEAF859A6e159d1BcD3291Fe1}: cortex::pipeline: transaction broadcasted: elapsed_ms=259 tx_hash=0x6e5058bf7d146286fb92045f7cb56de7c36786b99def41fbe1c836b8bce1daca
2026-04-05T14:00:00.910846Z  INFO ThreadId(03) pipeline{execution_id=094a0bad-4d2d-4fa9-a6ce-4359f74a1e75 chain_id=137 from_address=0xfea6645D31443cF7Cf96eF1dB7823EB9365f98bf}: cortex::pipeline: nonce reserved elapsed_ms=259 nonce=11
2026-04-05T14:00:00.910983Z  INFO ThreadId(09) pipeline{execution_id=ae450d6c-ff16-42e5-9315-8cf9b67f62d9 chain_id=137 from_address=0xCFA80F1f22b0AD533F7d8e2CcC0A783aa4BCaFF3}: cortex::pipeline: transaction broadcasted: elapsed_ms=259 tx_hash=0x7b8410eb47166c951a50dd1c9a35747a09d1d7cf0d4cf8c8dcd5a590b58dc971
2026-04-05T14:00:00.911044Z  INFO ThreadId(09) pipeline{execution_id=4e507f0f-6c40-4208-9e1d-a620302b4324 chain_id=42161 from_address=0x2EAC739a1e05F4a05a5B8fD93D332c4353E5A7cD}: cortex::pipeline: nonce reserved elapsed_ms=259 nonce=13
2026-04-05T14:00:00.911644Z  INFO ThreadId(03) pipeline{execution_id=566acfb5-fbcd-4267-b14b-1f1d3fc3c25c chain_id=42161 from_address=0xCFA80F1f22b0AD533F7d8e2CcC0A783aa4BCaFF3}: cortex::pipeline: nonce reserved elapsed_ms=260 nonce=10
2026-04-05T14:00:00.911899Z  INFO ThreadId(11) pipeline{execution_id=8431dc7d-dffe-4fdd-8b81-f6aa075d614d chain_id=42161 from_address=0x8AfE43fF49EBd5c4B8Cd1497ee77b437dd1711fc}: cortex::pipeline: transaction broadcasted: elapsed_ms=260 tx_hash=0x79f45b7688ef2da80d9436f599dd6d087d9d07ed0f7b70ea30b12f115fa0fc50
2026-04-05T14:00:00.912123Z  INFO ThreadId(11) pipeline{execution_id=4e507f0f-6c40-4208-9e1d-a620302b4324 chain_id=42161 from_address=0x2EAC739a1e05F4a05a5B8fD93D332c4353E5A7cD}: cortex::pipeline: transaction signed elapsed_ms=260
2026-04-05T14:00:00.912132Z  INFO ThreadId(09) pipeline{execution_id=094a0bad-4d2d-4fa9-a6ce-4359f74a1e75 chain_id=137 from_address=0xfea6645D31443cF7Cf96eF1dB7823EB9365f98bf}: cortex::pipeline: transaction signed elapsed_ms=260
2026-04-05T14:00:00.912476Z  INFO ThreadId(09) pipeline{execution_id=c25113ae-6569-4aea-be33-6d1cb560dee3 chain_id=137 from_address=0x8AfE43fF49EBd5c4B8Cd1497ee77b437dd1711fc}: cortex::pipeline: nonce reserved elapsed_ms=261 nonce=9
2026-04-05T14:00:00.912722Z  INFO ThreadId(09) pipeline{execution_id=566acfb5-fbcd-4267-b14b-1f1d3fc3c25c chain_id=42161 from_address=0xCFA80F1f22b0AD533F7d8e2CcC0A783aa4BCaFF3}: cortex::pipeline: transaction signed elapsed_ms=261
2026-04-05T14:00:00.913207Z  INFO ThreadId(10) pipeline{execution_id=1e3a044a-2cd1-44a6-9029-a5584b8a8540 chain_id=42161 from_address=0x8b172F820629b14cEAF859A6e159d1BcD3291Fe1}: cortex::pipeline: nonce reserved elapsed_ms=261 nonce=12
2026-04-05T14:00:00.913268Z  INFO ThreadId(11) pipeline{execution_id=782623ee-dac9-4a73-9804-3dccc0a3bce5 chain_id=42161 from_address=0x8b172F820629b14cEAF859A6e159d1BcD3291Fe1}: cortex::pipeline: transaction broadcasted: elapsed_ms=262 tx_hash=0x2d6721e4d9bee58411e3878b75d246f0dd16e7d2be0594a679afed7becfc06ca
2026-04-05T14:00:00.913539Z  INFO ThreadId(16) pipeline{execution_id=c25113ae-6569-4aea-be33-6d1cb560dee3 chain_id=137 from_address=0x8AfE43fF49EBd5c4B8Cd1497ee77b437dd1711fc}: cortex::pipeline: transaction signed elapsed_ms=262
2026-04-05T14:00:00.913612Z  INFO ThreadId(10) pipeline{execution_id=094a0bad-4d2d-4fa9-a6ce-4359f74a1e75 chain_id=137 from_address=0xfea6645D31443cF7Cf96eF1dB7823EB9365f98bf}: cortex::pipeline: transaction broadcasted: elapsed_ms=262 tx_hash=0xe4dcf86e725d62e7e91c56c33a30fceefd46556932f2d9ccce9c955f0facf218
2026-04-05T14:00:00.913900Z  INFO ThreadId(10) pipeline{execution_id=6af34f4c-06fe-4c12-9348-0667b00b3759 chain_id=1 from_address=0x8b172F820629b14cEAF859A6e159d1BcD3291Fe1}: cortex::pipeline: nonce reserved elapsed_ms=263 nonce=16
2026-04-05T14:00:00.914625Z  INFO ThreadId(07) pipeline{execution_id=1e3a044a-2cd1-44a6-9029-a5584b8a8540 chain_id=42161 from_address=0x8b172F820629b14cEAF859A6e159d1BcD3291Fe1}: cortex::pipeline: transaction signed elapsed_ms=263
2026-04-05T14:00:00.914631Z  INFO ThreadId(10) pipeline{execution_id=4e507f0f-6c40-4208-9e1d-a620302b4324 chain_id=42161 from_address=0x2EAC739a1e05F4a05a5B8fD93D332c4353E5A7cD}: cortex::pipeline: transaction broadcasted: elapsed_ms=263 tx_hash=0x8acabe0ab90c4d196086561214e97cf7e1e0007704ca54e8df2090410908d459
2026-04-05T14:00:00.914904Z  INFO ThreadId(11) pipeline{execution_id=6af34f4c-06fe-4c12-9348-0667b00b3759 chain_id=1 from_address=0x8b172F820629b14cEAF859A6e159d1BcD3291Fe1}: cortex::pipeline: transaction signed elapsed_ms=264
2026-04-05T14:00:00.915012Z  INFO ThreadId(07) pipeline{execution_id=c25113ae-6569-4aea-be33-6d1cb560dee3 chain_id=137 from_address=0x8AfE43fF49EBd5c4B8Cd1497ee77b437dd1711fc}: cortex::pipeline: transaction broadcasted: elapsed_ms=263 tx_hash=0x6928500dfc2b17c35641b216f47885d22592e910eb88be3da33069ed9b1d6f05
2026-04-05T14:00:00.915715Z  INFO ThreadId(07) pipeline{execution_id=29516432-9758-4af1-b967-ca585bec4ed0 chain_id=137 from_address=0x2EAC739a1e05F4a05a5B8fD93D332c4353E5A7cD}: cortex::pipeline: nonce reserved elapsed_ms=264 nonce=13
2026-04-05T14:00:00.915783Z  INFO ThreadId(07) pipeline{execution_id=b3774b47-0fd4-4523-8903-0facb17cf471 chain_id=42161 from_address=0xCFA80F1f22b0AD533F7d8e2CcC0A783aa4BCaFF3}: cortex::pipeline: nonce reserved elapsed_ms=264 nonce=11
2026-04-05T14:00:00.916051Z  INFO ThreadId(07) pipeline{execution_id=566acfb5-fbcd-4267-b14b-1f1d3fc3c25c chain_id=42161 from_address=0xCFA80F1f22b0AD533F7d8e2CcC0A783aa4BCaFF3}: cortex::pipeline: transaction broadcasted: elapsed_ms=264 tx_hash=0x91bda50aa2d1567d1d7ab838e6bdd9088d638c3b393f190c57b49187f574a4e2
2026-04-05T14:00:00.916241Z  INFO ThreadId(07) pipeline{execution_id=6af34f4c-06fe-4c12-9348-0667b00b3759 chain_id=1 from_address=0x8b172F820629b14cEAF859A6e159d1BcD3291Fe1}: cortex::pipeline: transaction broadcasted: elapsed_ms=265 tx_hash=0x4d441025549ff232598b3b19e8bc12fe4fdec66581937ef62b683ea3c719dac5
2026-04-05T14:00:00.916457Z  INFO ThreadId(10) pipeline{execution_id=3ae13e1b-e276-454a-ac64-8aa298f59b1d chain_id=137 from_address=0x8b172F820629b14cEAF859A6e159d1BcD3291Fe1}: cortex::pipeline: nonce reserved elapsed_ms=265 nonce=18
2026-04-05T14:00:00.916919Z  INFO ThreadId(03) pipeline{execution_id=29516432-9758-4af1-b967-ca585bec4ed0 chain_id=137 from_address=0x2EAC739a1e05F4a05a5B8fD93D332c4353E5A7cD}: cortex::pipeline: transaction signed elapsed_ms=265
2026-04-05T14:00:00.916929Z  INFO ThreadId(07) pipeline{execution_id=b3774b47-0fd4-4523-8903-0facb17cf471 chain_id=42161 from_address=0xCFA80F1f22b0AD533F7d8e2CcC0A783aa4BCaFF3}: cortex::pipeline: transaction signed elapsed_ms=265
2026-04-05T14:00:00.917247Z  INFO ThreadId(10) pipeline{execution_id=00f0c742-bf47-453d-aa37-4e4b1112d896 chain_id=137 from_address=0x8b172F820629b14cEAF859A6e159d1BcD3291Fe1}: cortex::pipeline: nonce reserved elapsed_ms=266 nonce=19
2026-04-05T14:00:00.917565Z  INFO ThreadId(03) pipeline{execution_id=3ae13e1b-e276-454a-ac64-8aa298f59b1d chain_id=137 from_address=0x8b172F820629b14cEAF859A6e159d1BcD3291Fe1}: cortex::pipeline: transaction signed elapsed_ms=266
2026-04-05T14:00:00.917585Z  INFO ThreadId(07) pipeline{execution_id=1e3a044a-2cd1-44a6-9029-a5584b8a8540 chain_id=42161 from_address=0x8b172F820629b14cEAF859A6e159d1BcD3291Fe1}: cortex::pipeline: transaction broadcasted: elapsed_ms=266 tx_hash=0x04cb5905a088151f7568f33848d3b2c9970263ec711cb284bb68904c6ab4dbd4
2026-04-05T14:00:00.918004Z  INFO ThreadId(09) pipeline{execution_id=885b2700-7042-40a4-b8cb-b694e1a2d418 chain_id=137 from_address=0x8AfE43fF49EBd5c4B8Cd1497ee77b437dd1711fc}: cortex::pipeline: nonce reserved elapsed_ms=266 nonce=10
2026-04-05T14:00:00.918435Z  INFO ThreadId(08) pipeline{execution_id=00f0c742-bf47-453d-aa37-4e4b1112d896 chain_id=137 from_address=0x8b172F820629b14cEAF859A6e159d1BcD3291Fe1}: cortex::pipeline: transaction signed elapsed_ms=267
2026-04-05T14:00:00.918695Z  INFO ThreadId(08) pipeline{execution_id=2f185023-1a44-4069-b548-34a36edcd457 chain_id=1 from_address=0x2EAC739a1e05F4a05a5B8fD93D332c4353E5A7cD}: cortex::pipeline: nonce reserved elapsed_ms=267 nonce=7
2026-04-05T14:00:00.918730Z  INFO ThreadId(09) pipeline{execution_id=29516432-9758-4af1-b967-ca585bec4ed0 chain_id=137 from_address=0x2EAC739a1e05F4a05a5B8fD93D332c4353E5A7cD}: cortex::pipeline: transaction broadcasted: elapsed_ms=267 tx_hash=0xe45b31cf7ed2dcca8952163b9da1343d671067a3aa49c1635c7f47c6510c98d2
2026-04-05T14:00:00.919058Z  INFO ThreadId(09) pipeline{execution_id=b3774b47-0fd4-4523-8903-0facb17cf471 chain_id=42161 from_address=0xCFA80F1f22b0AD533F7d8e2CcC0A783aa4BCaFF3}: cortex::pipeline: transaction broadcasted: elapsed_ms=267 tx_hash=0x890bf23e9caa04fff4456630407a05d437560a0eb4e74c7d38c9b4ea239ad90f
2026-04-05T14:00:00.919098Z  INFO ThreadId(16) pipeline{execution_id=885b2700-7042-40a4-b8cb-b694e1a2d418 chain_id=137 from_address=0x8AfE43fF49EBd5c4B8Cd1497ee77b437dd1711fc}: cortex::pipeline: transaction signed elapsed_ms=267
2026-04-05T14:00:00.919483Z  INFO ThreadId(10) pipeline{execution_id=611fff16-51ce-4fad-8fb1-9b38cf4a21fd chain_id=1 from_address=0x8AfE43fF49EBd5c4B8Cd1497ee77b437dd1711fc}: cortex::pipeline: nonce reserved elapsed_ms=269 nonce=10
2026-04-05T14:00:00.919614Z  INFO ThreadId(07) pipeline{execution_id=2f185023-1a44-4069-b548-34a36edcd457 chain_id=1 from_address=0x2EAC739a1e05F4a05a5B8fD93D332c4353E5A7cD}: cortex::pipeline: transaction signed elapsed_ms=268
2026-04-05T14:00:00.920043Z  INFO ThreadId(10) pipeline{execution_id=93a63e31-ae43-46ea-bc46-b42da2a6ece1 chain_id=42161 from_address=0x8AfE43fF49EBd5c4B8Cd1497ee77b437dd1711fc}: cortex::pipeline: nonce reserved elapsed_ms=268 nonce=12
2026-04-05T14:00:00.920068Z  INFO ThreadId(08) pipeline{execution_id=3ae13e1b-e276-454a-ac64-8aa298f59b1d chain_id=137 from_address=0x8b172F820629b14cEAF859A6e159d1BcD3291Fe1}: cortex::pipeline: transaction broadcasted: elapsed_ms=268 tx_hash=0x1d7a868970c73a50166c9d221e140ba84802572e8470bdb5b1ad9ef88e37d916
2026-04-05T14:00:00.920588Z  INFO ThreadId(16) pipeline{execution_id=c53374c0-813a-414b-9845-448253bae0f3 chain_id=42161 from_address=0x8b172F820629b14cEAF859A6e159d1BcD3291Fe1}: cortex::pipeline: nonce reserved elapsed_ms=269 nonce=13
2026-04-05T14:00:00.920799Z  INFO ThreadId(09) pipeline{execution_id=611fff16-51ce-4fad-8fb1-9b38cf4a21fd chain_id=1 from_address=0x8AfE43fF49EBd5c4B8Cd1497ee77b437dd1711fc}: cortex::pipeline: transaction signed elapsed_ms=271
2026-04-05T14:00:00.921049Z  INFO ThreadId(10) pipeline{execution_id=2f185023-1a44-4069-b548-34a36edcd457 chain_id=1 from_address=0x2EAC739a1e05F4a05a5B8fD93D332c4353E5A7cD}: cortex::pipeline: transaction broadcasted: elapsed_ms=270 tx_hash=0x169bec41a71f5adeb5cff13d454c66b88eb57679f45e4ccb01332a15d58f4666
2026-04-05T14:00:00.921281Z  INFO ThreadId(09) pipeline{execution_id=f0875230-c88a-4789-9bae-f25f782ce9a0 chain_id=42161 from_address=0xfea6645D31443cF7Cf96eF1dB7823EB9365f98bf}: cortex::pipeline: nonce reserved elapsed_ms=269 nonce=9
2026-04-05T14:00:00.921515Z  INFO ThreadId(10) pipeline{execution_id=93a63e31-ae43-46ea-bc46-b42da2a6ece1 chain_id=42161 from_address=0x8AfE43fF49EBd5c4B8Cd1497ee77b437dd1711fc}: cortex::pipeline: transaction signed elapsed_ms=270
2026-04-05T14:00:00.921514Z  INFO ThreadId(08) pipeline{execution_id=00f0c742-bf47-453d-aa37-4e4b1112d896 chain_id=137 from_address=0x8b172F820629b14cEAF859A6e159d1BcD3291Fe1}: cortex::pipeline: transaction broadcasted: elapsed_ms=270 tx_hash=0xbeedaaa090f88ef6414b97ac9130e727c0044f341ae0caac353151651311e94a
2026-04-05T14:00:00.922152Z  INFO ThreadId(13) pipeline{execution_id=c53374c0-813a-414b-9845-448253bae0f3 chain_id=42161 from_address=0x8b172F820629b14cEAF859A6e159d1BcD3291Fe1}: cortex::pipeline: transaction signed elapsed_ms=270
2026-04-05T14:00:00.922389Z  INFO ThreadId(13) pipeline{execution_id=f1af0057-293d-48c2-b198-942e0d787006 chain_id=42161 from_address=0xfea6645D31443cF7Cf96eF1dB7823EB9365f98bf}: cortex::pipeline: nonce reserved elapsed_ms=270 nonce=10
2026-04-05T14:00:00.923053Z  INFO ThreadId(13) pipeline{execution_id=f0875230-c88a-4789-9bae-f25f782ce9a0 chain_id=42161 from_address=0xfea6645D31443cF7Cf96eF1dB7823EB9365f98bf}: cortex::pipeline: transaction signed elapsed_ms=271
2026-04-05T14:00:00.923197Z  INFO ThreadId(13) pipeline{execution_id=611fff16-51ce-4fad-8fb1-9b38cf4a21fd chain_id=1 from_address=0x8AfE43fF49EBd5c4B8Cd1497ee77b437dd1711fc}: cortex::pipeline: transaction broadcasted: elapsed_ms=273 tx_hash=0xb6298682e76fee7b964a71d8ae18800e307acab5d3932a18ba9f534dca947c3a
2026-04-05T14:00:00.923443Z  INFO ThreadId(13) pipeline{execution_id=ff2e6e97-c300-4ead-a71d-ff524a8969e1 chain_id=1 from_address=0xfea6645D31443cF7Cf96eF1dB7823EB9365f98bf}: cortex::pipeline: nonce reserved elapsed_ms=271 nonce=13
2026-04-05T14:00:00.924030Z  INFO ThreadId(13) pipeline{execution_id=885b2700-7042-40a4-b8cb-b694e1a2d418 chain_id=137 from_address=0x8AfE43fF49EBd5c4B8Cd1497ee77b437dd1711fc}: cortex::pipeline: transaction broadcasted: elapsed_ms=272 tx_hash=0x2ca10d4328792849d71755daf149f69d3695b2d3968e3283310956ec258588a9
2026-04-05T14:00:00.924235Z  INFO ThreadId(16) pipeline{execution_id=f1af0057-293d-48c2-b198-942e0d787006 chain_id=42161 from_address=0xfea6645D31443cF7Cf96eF1dB7823EB9365f98bf}: cortex::pipeline: transaction signed elapsed_ms=272
2026-04-05T14:00:00.924382Z  INFO ThreadId(09) pipeline{execution_id=93a63e31-ae43-46ea-bc46-b42da2a6ece1 chain_id=42161 from_address=0x8AfE43fF49EBd5c4B8Cd1497ee77b437dd1711fc}: cortex::pipeline: transaction broadcasted: elapsed_ms=272 tx_hash=0x82d3a5e93ee9ae54f7a104054198036105b8345c8c327889bf4e384658bf0a72
2026-04-05T14:00:00.924892Z  INFO ThreadId(09) pipeline{execution_id=ff2e6e97-c300-4ead-a71d-ff524a8969e1 chain_id=1 from_address=0xfea6645D31443cF7Cf96eF1dB7823EB9365f98bf}: cortex::pipeline: transaction signed elapsed_ms=273
2026-04-05T14:00:00.925010Z  INFO ThreadId(09) pipeline{execution_id=a24600a6-281f-4536-9fd3-693fb8f15f11 chain_id=1 from_address=0xCFA80F1f22b0AD533F7d8e2CcC0A783aa4BCaFF3}: cortex::pipeline: nonce reserved elapsed_ms=273 nonce=10
2026-04-05T14:00:00.925556Z  INFO ThreadId(09) pipeline{execution_id=3c8aeaa0-c8a2-49cc-bc61-6ac9083c7337 chain_id=137 from_address=0x8b172F820629b14cEAF859A6e159d1BcD3291Fe1}: cortex::pipeline: nonce reserved elapsed_ms=273 nonce=20
2026-04-05T14:00:00.925770Z  INFO ThreadId(09) pipeline{execution_id=c53374c0-813a-414b-9845-448253bae0f3 chain_id=42161 from_address=0x8b172F820629b14cEAF859A6e159d1BcD3291Fe1}: cortex::pipeline: transaction broadcasted: elapsed_ms=274 tx_hash=0x8dcee7679ecb604cdf293f9d9e48f4a35e60d70e621bea3e0c129823db340630
2026-04-05T14:00:00.926062Z  INFO ThreadId(07) pipeline{execution_id=a24600a6-281f-4536-9fd3-693fb8f15f11 chain_id=1 from_address=0xCFA80F1f22b0AD533F7d8e2CcC0A783aa4BCaFF3}: cortex::pipeline: transaction signed elapsed_ms=274
2026-04-05T14:00:00.926322Z  INFO ThreadId(13) pipeline{execution_id=ff2e6e97-c300-4ead-a71d-ff524a8969e1 chain_id=1 from_address=0xfea6645D31443cF7Cf96eF1dB7823EB9365f98bf}: cortex::pipeline: transaction broadcasted: elapsed_ms=274 tx_hash=0x9f983469b4f2a4a90d21e97f5665fa3d61950caa655fdba2771fd1cd1859aa06
2026-04-05T14:00:00.926328Z  INFO ThreadId(09) pipeline{execution_id=387bde28-fd09-4a6b-9bc0-038aa14dab91 chain_id=1 from_address=0x8b172F820629b14cEAF859A6e159d1BcD3291Fe1}: cortex::pipeline: nonce reserved elapsed_ms=274 nonce=17
2026-04-05T14:00:00.926685Z  INFO ThreadId(07) pipeline{execution_id=3c8aeaa0-c8a2-49cc-bc61-6ac9083c7337 chain_id=137 from_address=0x8b172F820629b14cEAF859A6e159d1BcD3291Fe1}: cortex::pipeline: transaction signed elapsed_ms=275
2026-04-05T14:00:00.927172Z  INFO ThreadId(11) pipeline{execution_id=8baecf9b-4304-4407-9afb-a3e06e2a3324 chain_id=137 from_address=0xfea6645D31443cF7Cf96eF1dB7823EB9365f98bf}: cortex::pipeline: nonce reserved elapsed_ms=275 nonce=12
2026-04-05T14:00:00.927453Z  INFO ThreadId(11) pipeline{execution_id=f0875230-c88a-4789-9bae-f25f782ce9a0 chain_id=42161 from_address=0xfea6645D31443cF7Cf96eF1dB7823EB9365f98bf}: cortex::pipeline: transaction broadcasted: elapsed_ms=275 tx_hash=0x9d466a62e331927920a5103c1777e359d68a154b1057877890b865ede6f0dd66
2026-04-05T14:00:00.927668Z  INFO ThreadId(11) pipeline{execution_id=387bde28-fd09-4a6b-9bc0-038aa14dab91 chain_id=1 from_address=0x8b172F820629b14cEAF859A6e159d1BcD3291Fe1}: cortex::pipeline: transaction signed elapsed_ms=276
2026-04-05T14:00:00.928091Z  INFO ThreadId(11) pipeline{execution_id=895bee0e-fe09-46f8-85fa-7319e9a4041e chain_id=137 from_address=0x8AfE43fF49EBd5c4B8Cd1497ee77b437dd1711fc}: cortex::pipeline: nonce reserved elapsed_ms=276 nonce=11
2026-04-05T14:00:00.928510Z  INFO ThreadId(13) pipeline{execution_id=a24600a6-281f-4536-9fd3-693fb8f15f11 chain_id=1 from_address=0xCFA80F1f22b0AD533F7d8e2CcC0A783aa4BCaFF3}: cortex::pipeline: transaction broadcasted: elapsed_ms=277 tx_hash=0x8476e0cdba17a1a542ab97729961dacd1bf8f74f08dfe26e20093a87c2812ad1
2026-04-05T14:00:00.928588Z  INFO ThreadId(10) pipeline{execution_id=f1af0057-293d-48c2-b198-942e0d787006 chain_id=42161 from_address=0xfea6645D31443cF7Cf96eF1dB7823EB9365f98bf}: cortex::pipeline: transaction broadcasted: elapsed_ms=276 tx_hash=0xd489da4a7dc9d33bbe28fc63c5e8bd27e19924a420a7585484fec661405cefc6
2026-04-05T14:00:00.928614Z  INFO ThreadId(13) pipeline{execution_id=8baecf9b-4304-4407-9afb-a3e06e2a3324 chain_id=137 from_address=0xfea6645D31443cF7Cf96eF1dB7823EB9365f98bf}: cortex::pipeline: transaction signed elapsed_ms=276
2026-04-05T14:00:00.928717Z  INFO ThreadId(10) pipeline{execution_id=3c8aeaa0-c8a2-49cc-bc61-6ac9083c7337 chain_id=137 from_address=0x8b172F820629b14cEAF859A6e159d1BcD3291Fe1}: cortex::pipeline: transaction broadcasted: elapsed_ms=277 tx_hash=0x1bb1c4f2667bae9a8993faf2ef1321b2b16ef111a16a77ed965170b0bcff8f46
2026-04-05T14:00:00.929115Z  INFO ThreadId(09) pipeline{execution_id=895bee0e-fe09-46f8-85fa-7319e9a4041e chain_id=137 from_address=0x8AfE43fF49EBd5c4B8Cd1497ee77b437dd1711fc}: cortex::pipeline: transaction signed elapsed_ms=277
2026-04-05T14:00:00.929202Z  INFO ThreadId(08) pipeline{execution_id=587b0a0b-4015-43f1-b6a9-c82d4f269cc8 chain_id=1 from_address=0xfea6645D31443cF7Cf96eF1dB7823EB9365f98bf}: cortex::pipeline: nonce reserved elapsed_ms=277 nonce=14
2026-04-05T14:00:00.929793Z  INFO ThreadId(08) pipeline{execution_id=387bde28-fd09-4a6b-9bc0-038aa14dab91 chain_id=1 from_address=0x8b172F820629b14cEAF859A6e159d1BcD3291Fe1}: cortex::pipeline: transaction broadcasted: elapsed_ms=278 tx_hash=0xe9bbfa51c9ad1846f91c2c5534ba502ca5de1f8f2834e03ee353d39bb39cd3a9
2026-04-05T14:00:00.929824Z  INFO ThreadId(10) pipeline{execution_id=70aaf510-6a4a-433b-8af7-1033fad9a989 chain_id=1 from_address=0x8b172F820629b14cEAF859A6e159d1BcD3291Fe1}: cortex::pipeline: nonce reserved elapsed_ms=278 nonce=18
2026-04-05T14:00:00.929830Z  INFO ThreadId(07) pipeline{execution_id=8baecf9b-4304-4407-9afb-a3e06e2a3324 chain_id=137 from_address=0xfea6645D31443cF7Cf96eF1dB7823EB9365f98bf}: cortex::pipeline: transaction broadcasted: elapsed_ms=278 tx_hash=0x3aafe167692ed44de8f3ce76b6112c77863760894d10cb11b8cfe06cd7c18c5c
2026-04-05T14:00:00.930119Z  INFO ThreadId(08) pipeline{execution_id=587b0a0b-4015-43f1-b6a9-c82d4f269cc8 chain_id=1 from_address=0xfea6645D31443cF7Cf96eF1dB7823EB9365f98bf}: cortex::pipeline: transaction signed elapsed_ms=278
2026-04-05T14:00:00.930456Z  INFO ThreadId(16) pipeline{execution_id=7d5b7347-7254-45ae-88e0-05d6d0122d82 chain_id=42161 from_address=0x2EAC739a1e05F4a05a5B8fD93D332c4353E5A7cD}: cortex::pipeline: nonce reserved elapsed_ms=243 nonce=14
2026-04-05T14:00:00.931029Z  INFO ThreadId(07) pipeline{execution_id=70aaf510-6a4a-433b-8af7-1033fad9a989 chain_id=1 from_address=0x8b172F820629b14cEAF859A6e159d1BcD3291Fe1}: cortex::pipeline: transaction signed elapsed_ms=279
2026-04-05T14:00:00.931053Z  INFO ThreadId(16) pipeline{execution_id=4e5b4483-deb6-4930-821c-23fd1446ddcf chain_id=137 from_address=0xfea6645D31443cF7Cf96eF1dB7823EB9365f98bf}: cortex::pipeline: nonce reserved elapsed_ms=244 nonce=13
2026-04-05T14:00:00.931067Z  INFO ThreadId(09) pipeline{execution_id=895bee0e-fe09-46f8-85fa-7319e9a4041e chain_id=137 from_address=0x8AfE43fF49EBd5c4B8Cd1497ee77b437dd1711fc}: cortex::pipeline: transaction broadcasted: elapsed_ms=279 tx_hash=0x13452b1b0a7d7e144455692c8e0aade7a997d8cb9000979f685cd26cb4a58e7c
2026-04-05T14:00:00.931466Z  INFO ThreadId(08) pipeline{execution_id=587b0a0b-4015-43f1-b6a9-c82d4f269cc8 chain_id=1 from_address=0xfea6645D31443cF7Cf96eF1dB7823EB9365f98bf}: cortex::pipeline: transaction broadcasted: elapsed_ms=279 tx_hash=0xba1555d5824edb6c03845cb30c5ef079ec5cf6bc2eaedea11feb3e8a391d3593
2026-04-05T14:00:00.931597Z  INFO ThreadId(11) pipeline{execution_id=7d5b7347-7254-45ae-88e0-05d6d0122d82 chain_id=42161 from_address=0x2EAC739a1e05F4a05a5B8fD93D332c4353E5A7cD}: cortex::pipeline: transaction signed elapsed_ms=244
2026-04-05T14:00:00.931623Z  INFO ThreadId(08) pipeline{execution_id=4cc8b74f-8abc-4287-ae8b-64e1feb5daf2 chain_id=42161 from_address=0xfea6645D31443cF7Cf96eF1dB7823EB9365f98bf}: cortex::pipeline: nonce reserved elapsed_ms=244 nonce=11
2026-04-05T14:00:00.932237Z  INFO ThreadId(03) pipeline{execution_id=4e5b4483-deb6-4930-821c-23fd1446ddcf chain_id=137 from_address=0xfea6645D31443cF7Cf96eF1dB7823EB9365f98bf}: cortex::pipeline: transaction signed elapsed_ms=245
2026-04-05T14:00:00.932434Z  INFO ThreadId(16) pipeline{execution_id=70917f59-0420-4e0e-9248-f1ee814036b0 chain_id=1 from_address=0x2EAC739a1e05F4a05a5B8fD93D332c4353E5A7cD}: cortex::pipeline: nonce reserved elapsed_ms=245 nonce=8
2026-04-05T14:00:00.932734Z  INFO ThreadId(03) pipeline{execution_id=4cc8b74f-8abc-4287-ae8b-64e1feb5daf2 chain_id=42161 from_address=0xfea6645D31443cF7Cf96eF1dB7823EB9365f98bf}: cortex::pipeline: transaction signed elapsed_ms=245
2026-04-05T14:00:00.932835Z  INFO ThreadId(07) pipeline{execution_id=3015f0bd-bed2-49f4-8048-1d64c0eb857b chain_id=137 from_address=0x8b172F820629b14cEAF859A6e159d1BcD3291Fe1}: cortex::pipeline: nonce reserved elapsed_ms=245 nonce=21
2026-04-05T14:00:00.933162Z  INFO ThreadId(13) pipeline{execution_id=70aaf510-6a4a-433b-8af7-1033fad9a989 chain_id=1 from_address=0x8b172F820629b14cEAF859A6e159d1BcD3291Fe1}: cortex::pipeline: transaction broadcasted: elapsed_ms=281 tx_hash=0xb681fbb23ad8d844d8ad25e43eba3fa5e0db57f0b130a0c413c35c0021371e5e
2026-04-05T14:00:00.933184Z  INFO ThreadId(07) pipeline{execution_id=7d5b7347-7254-45ae-88e0-05d6d0122d82 chain_id=42161 from_address=0x2EAC739a1e05F4a05a5B8fD93D332c4353E5A7cD}: cortex::pipeline: transaction broadcasted: elapsed_ms=246 tx_hash=0x2ae9e121f756a2e6a46fab2834ba084b42400dd93ca7e6bf438010c670a292f5
2026-04-05T14:00:00.933462Z  INFO ThreadId(03) pipeline{execution_id=bb804287-1085-43f2-a01a-7209518aa466 chain_id=1 from_address=0xfea6645D31443cF7Cf96eF1dB7823EB9365f98bf}: cortex::pipeline: nonce reserved elapsed_ms=246 nonce=15
2026-04-05T14:00:00.933499Z  INFO ThreadId(13) pipeline{execution_id=70917f59-0420-4e0e-9248-f1ee814036b0 chain_id=1 from_address=0x2EAC739a1e05F4a05a5B8fD93D332c4353E5A7cD}: cortex::pipeline: transaction signed elapsed_ms=246
2026-04-05T14:00:00.933688Z  INFO ThreadId(07) pipeline{execution_id=4e5b4483-deb6-4930-821c-23fd1446ddcf chain_id=137 from_address=0xfea6645D31443cF7Cf96eF1dB7823EB9365f98bf}: cortex::pipeline: transaction broadcasted: elapsed_ms=246 tx_hash=0x1d1b45f2edbc3b9d3a87a74d27ede36c6305579e0e9604f9eff67e1706e2cd97
2026-04-05T14:00:00.934003Z  INFO ThreadId(13) pipeline{execution_id=3015f0bd-bed2-49f4-8048-1d64c0eb857b chain_id=137 from_address=0x8b172F820629b14cEAF859A6e159d1BcD3291Fe1}: cortex::pipeline: transaction signed elapsed_ms=246
2026-04-05T14:00:00.934204Z  INFO ThreadId(07) pipeline{execution_id=34cb1d54-2c84-4c9f-a022-6670cdcc9db0 chain_id=137 from_address=0x8b172F820629b14cEAF859A6e159d1BcD3291Fe1}: cortex::pipeline: nonce reserved elapsed_ms=247 nonce=22
2026-04-05T14:00:00.934530Z  INFO ThreadId(10) pipeline{execution_id=bb804287-1085-43f2-a01a-7209518aa466 chain_id=1 from_address=0xfea6645D31443cF7Cf96eF1dB7823EB9365f98bf}: cortex::pipeline: transaction signed elapsed_ms=247
2026-04-05T14:00:00.934597Z  INFO ThreadId(08) pipeline{execution_id=4cc8b74f-8abc-4287-ae8b-64e1feb5daf2 chain_id=42161 from_address=0xfea6645D31443cF7Cf96eF1dB7823EB9365f98bf}: cortex::pipeline: transaction broadcasted: elapsed_ms=247 tx_hash=0x60f7a8e09045a6320595e2db03da1cec70d8f4775c4f8f54997437ac853d87b3
2026-04-05T14:00:00.934794Z  INFO ThreadId(10) pipeline{execution_id=825fbba0-bc27-427c-a75f-fc15409d079a chain_id=42161 from_address=0x2EAC739a1e05F4a05a5B8fD93D332c4353E5A7cD}: cortex::pipeline: nonce reserved elapsed_ms=247 nonce=15
2026-04-05T14:00:00.935051Z  INFO ThreadId(08) pipeline{execution_id=70917f59-0420-4e0e-9248-f1ee814036b0 chain_id=1 from_address=0x2EAC739a1e05F4a05a5B8fD93D332c4353E5A7cD}: cortex::pipeline: transaction broadcasted: elapsed_ms=248 tx_hash=0x91fe72918332c7c3c0425784cea944352e9292dae9765bca9cff8ed6c464bba7
2026-04-05T14:00:00.935130Z  INFO ThreadId(09) pipeline{execution_id=34cb1d54-2c84-4c9f-a022-6670cdcc9db0 chain_id=137 from_address=0x8b172F820629b14cEAF859A6e159d1BcD3291Fe1}: cortex::pipeline: transaction signed elapsed_ms=248
2026-04-05T14:00:00.935559Z  INFO ThreadId(10) pipeline{execution_id=3015f0bd-bed2-49f4-8048-1d64c0eb857b chain_id=137 from_address=0x8b172F820629b14cEAF859A6e159d1BcD3291Fe1}: cortex::pipeline: transaction broadcasted: elapsed_ms=248 tx_hash=0xa3785948286c5df1aab24875cad86dd761e49cfeacbd6fd70355d4d5c137e16f
2026-04-05T14:00:00.935624Z  INFO ThreadId(10) pipeline{execution_id=312c0672-bb96-4cb2-aed7-b0bd3582ed0f chain_id=1 from_address=0x8AfE43fF49EBd5c4B8Cd1497ee77b437dd1711fc}: cortex::pipeline: nonce reserved elapsed_ms=284 nonce=11
2026-04-05T14:00:00.936144Z  INFO ThreadId(10) pipeline{execution_id=825fbba0-bc27-427c-a75f-fc15409d079a chain_id=42161 from_address=0x2EAC739a1e05F4a05a5B8fD93D332c4353E5A7cD}: cortex::pipeline: transaction signed elapsed_ms=249
2026-04-05T14:00:00.936358Z  INFO ThreadId(10) pipeline{execution_id=bb804287-1085-43f2-a01a-7209518aa466 chain_id=1 from_address=0xfea6645D31443cF7Cf96eF1dB7823EB9365f98bf}: cortex::pipeline: transaction broadcasted: elapsed_ms=249 tx_hash=0x03d7673829dbebd9e3cee36a98642fa8e86f960dddf52cc624aa6b3f936adc16
2026-04-05T14:00:00.936940Z  INFO ThreadId(10) pipeline{execution_id=d5a29b7f-165b-4586-995a-c63e72fa90a6 chain_id=1 from_address=0xfea6645D31443cF7Cf96eF1dB7823EB9365f98bf}: cortex::pipeline: nonce reserved elapsed_ms=249 nonce=16
2026-04-05T14:00:00.937129Z  INFO ThreadId(13) pipeline{execution_id=312c0672-bb96-4cb2-aed7-b0bd3582ed0f chain_id=1 from_address=0x8AfE43fF49EBd5c4B8Cd1497ee77b437dd1711fc}: cortex::pipeline: transaction signed elapsed_ms=285
2026-04-05T14:00:00.937353Z  INFO ThreadId(10) pipeline{execution_id=34cb1d54-2c84-4c9f-a022-6670cdcc9db0 chain_id=137 from_address=0x8b172F820629b14cEAF859A6e159d1BcD3291Fe1}: cortex::pipeline: transaction broadcasted: elapsed_ms=250 tx_hash=0x6f97eea627e78d385cc379685a59485c44e065f2d9d39b8df12cb733ab3845d8
2026-04-05T14:00:00.937569Z  INFO ThreadId(07) pipeline{execution_id=1ed83437-f2fb-45f2-aee0-4891e1893fea chain_id=42161 from_address=0x8AfE43fF49EBd5c4B8Cd1497ee77b437dd1711fc}: cortex::pipeline: nonce reserved elapsed_ms=250 nonce=13
2026-04-05T14:00:00.937659Z  INFO ThreadId(03) pipeline{execution_id=825fbba0-bc27-427c-a75f-fc15409d079a chain_id=42161 from_address=0x2EAC739a1e05F4a05a5B8fD93D332c4353E5A7cD}: cortex::pipeline: transaction broadcasted: elapsed_ms=250 tx_hash=0x60d1c1f358b3e3de82f02d5066bcd5de106488899c8b55afa38fde679aca0e7d
2026-04-05T14:00:00.937909Z  INFO ThreadId(10) pipeline{execution_id=d5a29b7f-165b-4586-995a-c63e72fa90a6 chain_id=1 from_address=0xfea6645D31443cF7Cf96eF1dB7823EB9365f98bf}: cortex::pipeline: transaction signed elapsed_ms=250
2026-04-05T14:00:00.938314Z  INFO ThreadId(07) pipeline{execution_id=3859280f-5f03-4599-96fd-eba9f34b6fee chain_id=1 from_address=0xCFA80F1f22b0AD533F7d8e2CcC0A783aa4BCaFF3}: cortex::pipeline: nonce reserved elapsed_ms=250 nonce=11
2026-04-05T14:00:00.938517Z  INFO ThreadId(10) pipeline{execution_id=312c0672-bb96-4cb2-aed7-b0bd3582ed0f chain_id=1 from_address=0x8AfE43fF49EBd5c4B8Cd1497ee77b437dd1711fc}: cortex::pipeline: transaction broadcasted: elapsed_ms=287 tx_hash=0xe3898cd2bf70047be7537a147b174df9d081cdcd1f4ba56a1b6d6cb1691f9504
2026-04-05T14:00:00.938552Z  INFO ThreadId(03) pipeline{execution_id=1ed83437-f2fb-45f2-aee0-4891e1893fea chain_id=42161 from_address=0x8AfE43fF49EBd5c4B8Cd1497ee77b437dd1711fc}: cortex::pipeline: transaction signed elapsed_ms=251
2026-04-05T14:00:00.939005Z  INFO ThreadId(03) pipeline{execution_id=36c376af-1822-4488-9ea1-8c96d3479550 chain_id=1 from_address=0x2EAC739a1e05F4a05a5B8fD93D332c4353E5A7cD}: cortex::pipeline: nonce reserved elapsed_ms=251 nonce=9
2026-04-05T14:00:00.939279Z  INFO ThreadId(09) pipeline{execution_id=3859280f-5f03-4599-96fd-eba9f34b6fee chain_id=1 from_address=0xCFA80F1f22b0AD533F7d8e2CcC0A783aa4BCaFF3}: cortex::pipeline: transaction signed elapsed_ms=251
2026-04-05T14:00:00.939849Z  INFO ThreadId(03) pipeline{execution_id=28ea10f0-5cbf-40ff-ae9a-46f7f9790bbc chain_id=137 from_address=0xCFA80F1f22b0AD533F7d8e2CcC0A783aa4BCaFF3}: cortex::pipeline: nonce reserved elapsed_ms=252 nonce=16
2026-04-05T14:00:00.940021Z  INFO ThreadId(09) pipeline{execution_id=36c376af-1822-4488-9ea1-8c96d3479550 chain_id=1 from_address=0x2EAC739a1e05F4a05a5B8fD93D332c4353E5A7cD}: cortex::pipeline: transaction signed elapsed_ms=252
2026-04-05T14:00:00.940091Z  INFO ThreadId(09) pipeline{execution_id=1ed83437-f2fb-45f2-aee0-4891e1893fea chain_id=42161 from_address=0x8AfE43fF49EBd5c4B8Cd1497ee77b437dd1711fc}: cortex::pipeline: transaction broadcasted: elapsed_ms=252 tx_hash=0x0cd9063adfe148b9de191e428e630c99a4be6ebe7bd2ccd1ac29a07995feae73
2026-04-05T14:00:00.940139Z  INFO ThreadId(07) pipeline{execution_id=d5a29b7f-165b-4586-995a-c63e72fa90a6 chain_id=1 from_address=0xfea6645D31443cF7Cf96eF1dB7823EB9365f98bf}: cortex::pipeline: transaction broadcasted: elapsed_ms=252 tx_hash=0x7aabbf1739fec9ad1f0a1d67bdcbcc0e3354f15b3e5777d7057023cd866a48a0
2026-04-05T14:00:00.940474Z  INFO ThreadId(07) pipeline{execution_id=b8ae9c86-ea96-427e-bdbf-0465616f497c chain_id=1 from_address=0x8b172F820629b14cEAF859A6e159d1BcD3291Fe1}: cortex::pipeline: nonce reserved elapsed_ms=253 nonce=19
2026-04-05T14:00:00.940843Z  INFO ThreadId(08) pipeline{execution_id=28ea10f0-5cbf-40ff-ae9a-46f7f9790bbc chain_id=137 from_address=0xCFA80F1f22b0AD533F7d8e2CcC0A783aa4BCaFF3}: cortex::pipeline: transaction signed elapsed_ms=253
2026-04-05T14:00:00.941154Z  INFO ThreadId(03) pipeline{execution_id=c64c1eee-0a9a-4d3a-ac82-2d48b0c9b0de chain_id=42161 from_address=0xfea6645D31443cF7Cf96eF1dB7823EB9365f98bf}: cortex::pipeline: nonce reserved elapsed_ms=253 nonce=12
2026-04-05T14:00:00.941577Z  INFO ThreadId(13) pipeline{execution_id=b8ae9c86-ea96-427e-bdbf-0465616f497c chain_id=1 from_address=0x8b172F820629b14cEAF859A6e159d1BcD3291Fe1}: cortex::pipeline: transaction signed elapsed_ms=254
2026-04-05T14:00:00.941570Z  INFO ThreadId(09) pipeline{execution_id=3859280f-5f03-4599-96fd-eba9f34b6fee chain_id=1 from_address=0xCFA80F1f22b0AD533F7d8e2CcC0A783aa4BCaFF3}: cortex::pipeline: transaction broadcasted: elapsed_ms=254 tx_hash=0xeba84dff957d4443ecf694f2ab6670cd9652e03d53ebcb44e5c66c415be4a421
2026-04-05T14:00:00.941998Z  INFO ThreadId(10) pipeline{execution_id=a8a24b1e-b8ef-4ff7-a9c4-b405a39b7c93 chain_id=42161 from_address=0xCFA80F1f22b0AD533F7d8e2CcC0A783aa4BCaFF3}: cortex::pipeline: nonce reserved elapsed_ms=254 nonce=12
2026-04-05T14:00:00.942277Z  INFO ThreadId(13) pipeline{execution_id=c64c1eee-0a9a-4d3a-ac82-2d48b0c9b0de chain_id=42161 from_address=0xfea6645D31443cF7Cf96eF1dB7823EB9365f98bf}: cortex::pipeline: transaction signed elapsed_ms=254
2026-04-05T14:00:00.942390Z  INFO ThreadId(13) pipeline{execution_id=28ea10f0-5cbf-40ff-ae9a-46f7f9790bbc chain_id=137 from_address=0xCFA80F1f22b0AD533F7d8e2CcC0A783aa4BCaFF3}: cortex::pipeline: transaction broadcasted: elapsed_ms=255 tx_hash=0x5a33e08e0230343c701803d8e9db6f698be44ec76260f91c393bc3c605bc5134
2026-04-05T14:00:00.942851Z  INFO ThreadId(10) pipeline{execution_id=36c376af-1822-4488-9ea1-8c96d3479550 chain_id=1 from_address=0x2EAC739a1e05F4a05a5B8fD93D332c4353E5A7cD}: cortex::pipeline: transaction broadcasted: elapsed_ms=255 tx_hash=0x716d672c9ecb563a082849e23106505019852e8b0becb50730b925ee594ec2c3
2026-04-05T14:00:00.942857Z  INFO ThreadId(13) pipeline{execution_id=db5b4de8-fe18-4374-8155-a9e1cc83d8ec chain_id=137 from_address=0xfea6645D31443cF7Cf96eF1dB7823EB9365f98bf}: cortex::pipeline: nonce reserved elapsed_ms=255 nonce=14
2026-04-05T14:00:00.942890Z  INFO ThreadId(08) pipeline{execution_id=a8a24b1e-b8ef-4ff7-a9c4-b405a39b7c93 chain_id=42161 from_address=0xCFA80F1f22b0AD533F7d8e2CcC0A783aa4BCaFF3}: cortex::pipeline: transaction signed elapsed_ms=255
2026-04-05T14:00:00.943541Z  INFO ThreadId(13) pipeline{execution_id=ddbc5374-e080-4513-99aa-36d67ba5f4a1 chain_id=1 from_address=0xfea6645D31443cF7Cf96eF1dB7823EB9365f98bf}: cortex::pipeline: nonce reserved elapsed_ms=256 nonce=17
2026-04-05T14:00:00.943585Z  INFO ThreadId(03) pipeline{execution_id=c64c1eee-0a9a-4d3a-ac82-2d48b0c9b0de chain_id=42161 from_address=0xfea6645D31443cF7Cf96eF1dB7823EB9365f98bf}: cortex::pipeline: transaction broadcasted: elapsed_ms=256 tx_hash=0xeae7b50e8a3d9f39dd086e41190f5105c57495b43cd28ce15cf3bcbc7c76563b
2026-04-05T14:00:00.943795Z  INFO ThreadId(10) pipeline{execution_id=db5b4de8-fe18-4374-8155-a9e1cc83d8ec chain_id=137 from_address=0xfea6645D31443cF7Cf96eF1dB7823EB9365f98bf}: cortex::pipeline: transaction signed elapsed_ms=256
2026-04-05T14:00:00.944037Z  INFO ThreadId(11) pipeline{execution_id=80530157-d822-42bd-ae5d-4447ecd63158 chain_id=137 from_address=0x2EAC739a1e05F4a05a5B8fD93D332c4353E5A7cD}: cortex::pipeline: nonce reserved elapsed_ms=256 nonce=14
2026-04-05T14:00:00.944091Z  INFO ThreadId(16) pipeline{execution_id=b8ae9c86-ea96-427e-bdbf-0465616f497c chain_id=1 from_address=0x8b172F820629b14cEAF859A6e159d1BcD3291Fe1}: cortex::pipeline: transaction broadcasted: elapsed_ms=256 tx_hash=0x40f48cd130efcf562f69644ff9add7d0110d7f80ebd85f887cffcd52c92e718d
2026-04-05T14:00:00.944668Z  INFO ThreadId(10) pipeline{execution_id=ddbc5374-e080-4513-99aa-36d67ba5f4a1 chain_id=1 from_address=0xfea6645D31443cF7Cf96eF1dB7823EB9365f98bf}: cortex::pipeline: transaction signed elapsed_ms=257
2026-04-05T14:00:00.944796Z  INFO ThreadId(07) pipeline{execution_id=b8541bbb-6b5a-4b15-9638-ccc40cedc8f4 chain_id=42161 from_address=0x8b172F820629b14cEAF859A6e159d1BcD3291Fe1}: cortex::pipeline: nonce reserved elapsed_ms=257 nonce=14
2026-04-05T14:00:00.945317Z  INFO ThreadId(08) pipeline{execution_id=db5b4de8-fe18-4374-8155-a9e1cc83d8ec chain_id=137 from_address=0xfea6645D31443cF7Cf96eF1dB7823EB9365f98bf}: cortex::pipeline: transaction broadcasted: elapsed_ms=257 tx_hash=0x87b22ccb1f09a43a3c248240311ef8a19b2f0b6df80883dcc2c34a410ed1ceb7
2026-04-05T14:00:00.945418Z  INFO ThreadId(08) pipeline{execution_id=a8a24b1e-b8ef-4ff7-a9c4-b405a39b7c93 chain_id=42161 from_address=0xCFA80F1f22b0AD533F7d8e2CcC0A783aa4BCaFF3}: cortex::pipeline: transaction broadcasted: elapsed_ms=257 tx_hash=0xba3319451d16c0bd8a8d776d6f6be84d0ddae5530d7654ec32425eb8fc09df5c
2026-04-05T14:00:00.947522Z  INFO ThreadId(08) pipeline{execution_id=80530157-d822-42bd-ae5d-4447ecd63158 chain_id=137 from_address=0x2EAC739a1e05F4a05a5B8fD93D332c4353E5A7cD}: cortex::pipeline: transaction signed elapsed_ms=259
2026-04-05T14:00:00.947806Z  INFO ThreadId(08) pipeline{execution_id=9a6e9a04-a65b-4228-9d43-eb74f3515140 chain_id=1 from_address=0xCFA80F1f22b0AD533F7d8e2CcC0A783aa4BCaFF3}: cortex::pipeline: nonce reserved elapsed_ms=260 nonce=12
2026-04-05T14:00:00.948276Z  INFO ThreadId(10) pipeline{execution_id=ddbc5374-e080-4513-99aa-36d67ba5f4a1 chain_id=1 from_address=0xfea6645D31443cF7Cf96eF1dB7823EB9365f98bf}: cortex::pipeline: transaction broadcasted: elapsed_ms=260 tx_hash=0x95f89ef98c0e0a47e2af865978fc67f5e77a6c4d86fd61e305348e64e5375d8e
2026-04-05T14:00:00.948313Z  INFO ThreadId(08) pipeline{execution_id=b8541bbb-6b5a-4b15-9638-ccc40cedc8f4 chain_id=42161 from_address=0x8b172F820629b14cEAF859A6e159d1BcD3291Fe1}: cortex::pipeline: transaction signed elapsed_ms=260
2026-04-05T14:00:00.949141Z  INFO ThreadId(10) pipeline{execution_id=9a6e9a04-a65b-4228-9d43-eb74f3515140 chain_id=1 from_address=0xCFA80F1f22b0AD533F7d8e2CcC0A783aa4BCaFF3}: cortex::pipeline: transaction signed elapsed_ms=261
2026-04-05T14:00:00.949264Z  INFO ThreadId(10) pipeline{execution_id=39f23930-4d2a-45b9-bd28-e472627dbc3c chain_id=137 from_address=0x8AfE43fF49EBd5c4B8Cd1497ee77b437dd1711fc}: cortex::pipeline: nonce reserved elapsed_ms=261 nonce=12
2026-04-05T14:00:00.950139Z  INFO ThreadId(10) pipeline{execution_id=80530157-d822-42bd-ae5d-4447ecd63158 chain_id=137 from_address=0x2EAC739a1e05F4a05a5B8fD93D332c4353E5A7cD}: cortex::pipeline: transaction broadcasted: elapsed_ms=262 tx_hash=0xf926499ee1878b2c0247b7d0756a2a987ebc1b52d13e883ca30dc50005b1ed6b
2026-04-05T14:00:00.950918Z  INFO ThreadId(10) pipeline{execution_id=ac0702ab-086d-41e5-828d-78238ec557cd chain_id=1 from_address=0x8AfE43fF49EBd5c4B8Cd1497ee77b437dd1711fc}: cortex::pipeline: nonce reserved elapsed_ms=263 nonce=12
2026-04-05T14:00:00.951238Z  INFO ThreadId(10) pipeline{execution_id=b8541bbb-6b5a-4b15-9638-ccc40cedc8f4 chain_id=42161 from_address=0x8b172F820629b14cEAF859A6e159d1BcD3291Fe1}: cortex::pipeline: transaction broadcasted: elapsed_ms=263 tx_hash=0xfb09a79809b868a1c13dff7729bd7d1661977976bc3a268f7762612485a268e5
2026-04-05T14:00:00.951917Z  INFO ThreadId(16) pipeline{execution_id=39f23930-4d2a-45b9-bd28-e472627dbc3c chain_id=137 from_address=0x8AfE43fF49EBd5c4B8Cd1497ee77b437dd1711fc}: cortex::pipeline: transaction signed elapsed_ms=264
2026-04-05T14:00:00.952237Z  INFO ThreadId(07) pipeline{execution_id=54b980c7-851a-4ea1-a639-50157527ab65 chain_id=137 from_address=0x8AfE43fF49EBd5c4B8Cd1497ee77b437dd1711fc}: cortex::pipeline: nonce reserved elapsed_ms=264 nonce=13
2026-04-05T14:00:00.953028Z  INFO ThreadId(07) pipeline{execution_id=57a7f72d-d0f9-425d-ba2b-05ebe8265739 chain_id=1 from_address=0x8b172F820629b14cEAF859A6e159d1BcD3291Fe1}: cortex::pipeline: nonce reserved elapsed_ms=265 nonce=20
2026-04-05T14:00:00.953241Z  INFO ThreadId(07) pipeline{execution_id=9a6e9a04-a65b-4228-9d43-eb74f3515140 chain_id=1 from_address=0xCFA80F1f22b0AD533F7d8e2CcC0A783aa4BCaFF3}: cortex::pipeline: transaction broadcasted: elapsed_ms=265 tx_hash=0x1b1322774d8b97ceed9bddfd17e67fa618d5af92193902095ffb4350ba26b1ba
2026-04-05T14:00:00.953879Z  INFO ThreadId(11) pipeline{execution_id=ac0702ab-086d-41e5-828d-78238ec557cd chain_id=1 from_address=0x8AfE43fF49EBd5c4B8Cd1497ee77b437dd1711fc}: cortex::pipeline: transaction signed elapsed_ms=266
2026-04-05T14:00:00.954476Z  INFO ThreadId(11) pipeline{execution_id=54b980c7-851a-4ea1-a639-50157527ab65 chain_id=137 from_address=0x8AfE43fF49EBd5c4B8Cd1497ee77b437dd1711fc}: cortex::pipeline: transaction signed elapsed_ms=266
2026-04-05T14:00:00.954808Z  INFO ThreadId(07) pipeline{execution_id=39f23930-4d2a-45b9-bd28-e472627dbc3c chain_id=137 from_address=0x8AfE43fF49EBd5c4B8Cd1497ee77b437dd1711fc}: cortex::pipeline: transaction broadcasted: elapsed_ms=267 tx_hash=0xef8c7217c5aa734312c07f6da3234c4b488aceded81655ef8d49d0fa2fa9d8a1
2026-04-05T14:00:00.955114Z  INFO ThreadId(11) pipeline{execution_id=2044a8d3-cf05-4b53-b18e-f0c3c1ba54f7 chain_id=1 from_address=0xfea6645D31443cF7Cf96eF1dB7823EB9365f98bf}: cortex::pipeline: nonce reserved elapsed_ms=267 nonce=18
2026-04-05T14:00:00.955295Z  INFO ThreadId(10) pipeline{execution_id=57a7f72d-d0f9-425d-ba2b-05ebe8265739 chain_id=1 from_address=0x8b172F820629b14cEAF859A6e159d1BcD3291Fe1}: cortex::pipeline: transaction signed elapsed_ms=267
2026-04-05T14:00:00.956008Z  INFO ThreadId(13) pipeline{execution_id=ae102608-4cb8-404b-840a-b940eee78f8b chain_id=1 from_address=0x8AfE43fF49EBd5c4B8Cd1497ee77b437dd1711fc}: cortex::pipeline: nonce reserved elapsed_ms=268 nonce=13
2026-04-05T14:00:00.957362Z  INFO ThreadId(07) pipeline{execution_id=ac0702ab-086d-41e5-828d-78238ec557cd chain_id=1 from_address=0x8AfE43fF49EBd5c4B8Cd1497ee77b437dd1711fc}: cortex::pipeline: transaction broadcasted: elapsed_ms=269 tx_hash=0x04e33279001d1280208870b2fa4e20dc520bce4d1a844097641461e6adb2618e
2026-04-05T14:00:00.957385Z  INFO ThreadId(11) pipeline{execution_id=2044a8d3-cf05-4b53-b18e-f0c3c1ba54f7 chain_id=1 from_address=0xfea6645D31443cF7Cf96eF1dB7823EB9365f98bf}: cortex::pipeline: transaction signed elapsed_ms=269
2026-04-05T14:00:00.957545Z  INFO ThreadId(10) pipeline{execution_id=f9a6c115-5d7d-4ce1-95bd-6a8e1bf5cd11 chain_id=137 from_address=0x2EAC739a1e05F4a05a5B8fD93D332c4353E5A7cD}: cortex::pipeline: nonce reserved elapsed_ms=269 nonce=15
2026-04-05T14:00:00.957828Z  INFO ThreadId(11) pipeline{execution_id=54b980c7-851a-4ea1-a639-50157527ab65 chain_id=137 from_address=0x8AfE43fF49EBd5c4B8Cd1497ee77b437dd1711fc}: cortex::pipeline: transaction broadcasted: elapsed_ms=270 tx_hash=0xd3cb40df7edec7ae28b8b72153b8712c26737cc1bf5e454303454fa51739c570
2026-04-05T14:00:00.957920Z  INFO ThreadId(08) pipeline{execution_id=ae102608-4cb8-404b-840a-b940eee78f8b chain_id=1 from_address=0x8AfE43fF49EBd5c4B8Cd1497ee77b437dd1711fc}: cortex::pipeline: transaction signed elapsed_ms=270
2026-04-05T14:00:00.958388Z  INFO ThreadId(10) pipeline{execution_id=6b72da58-c522-4ad0-8eda-ce0d35b863df chain_id=42161 from_address=0xfea6645D31443cF7Cf96eF1dB7823EB9365f98bf}: cortex::pipeline: nonce reserved elapsed_ms=270 nonce=13
2026-04-05T14:00:00.958865Z  INFO ThreadId(08) pipeline{execution_id=f9a6c115-5d7d-4ce1-95bd-6a8e1bf5cd11 chain_id=137 from_address=0x2EAC739a1e05F4a05a5B8fD93D332c4353E5A7cD}: cortex::pipeline: transaction signed elapsed_ms=271
2026-04-05T14:00:00.959503Z  INFO ThreadId(10) pipeline{execution_id=7a51220f-fce5-4885-8a4e-941f43fb53cf chain_id=42161 from_address=0x8b172F820629b14cEAF859A6e159d1BcD3291Fe1}: cortex::pipeline: nonce reserved elapsed_ms=271 nonce=15
2026-04-05T14:00:00.959789Z  INFO ThreadId(07) pipeline{execution_id=6b72da58-c522-4ad0-8eda-ce0d35b863df chain_id=42161 from_address=0xfea6645D31443cF7Cf96eF1dB7823EB9365f98bf}: cortex::pipeline: transaction signed elapsed_ms=272
2026-04-05T14:00:00.960536Z  INFO ThreadId(16) pipeline{execution_id=f9a6c115-5d7d-4ce1-95bd-6a8e1bf5cd11 chain_id=137 from_address=0x2EAC739a1e05F4a05a5B8fD93D332c4353E5A7cD}: cortex::pipeline: transaction broadcasted: elapsed_ms=272 tx_hash=0xf68f12fd6aa258681a501baf0a9c8a1d7e6e1c6c081fb6a9cee8d82c21727088
2026-04-05T14:00:00.960890Z  INFO ThreadId(08) pipeline{execution_id=65c59b8d-44bb-4188-9b90-9608d13b0b2f chain_id=137 from_address=0x8b172F820629b14cEAF859A6e159d1BcD3291Fe1}: cortex::pipeline: nonce reserved elapsed_ms=273 nonce=23
2026-04-05T14:00:00.961135Z  INFO ThreadId(16) pipeline{execution_id=57a7f72d-d0f9-425d-ba2b-05ebe8265739 chain_id=1 from_address=0x8b172F820629b14cEAF859A6e159d1BcD3291Fe1}: cortex::pipeline: transaction broadcasted: elapsed_ms=273 tx_hash=0x2374a27c7ca4a7ae27999f928c21f6a3330c8a58b1d596fc6db57a0d3ae0d971
2026-04-05T14:00:00.961494Z  INFO ThreadId(07) pipeline{execution_id=7a51220f-fce5-4885-8a4e-941f43fb53cf chain_id=42161 from_address=0x8b172F820629b14cEAF859A6e159d1BcD3291Fe1}: cortex::pipeline: transaction signed elapsed_ms=273
2026-04-05T14:00:00.961997Z  INFO ThreadId(13) pipeline{execution_id=33a60981-13a3-46a3-82da-11a8f1b4320d chain_id=1 from_address=0x8AfE43fF49EBd5c4B8Cd1497ee77b437dd1711fc}: cortex::pipeline: nonce reserved elapsed_ms=274 nonce=14
2026-04-05T14:00:00.962519Z  INFO ThreadId(03) pipeline{execution_id=6b72da58-c522-4ad0-8eda-ce0d35b863df chain_id=42161 from_address=0xfea6645D31443cF7Cf96eF1dB7823EB9365f98bf}: cortex::pipeline: transaction broadcasted: elapsed_ms=274 tx_hash=0x4da5ec8c2a8622d71e0fcb06aa6fc885b74e40bc09ecb4bbfc3a6e53035e27cc
2026-04-05T14:00:00.962774Z  INFO ThreadId(13) pipeline{execution_id=65c59b8d-44bb-4188-9b90-9608d13b0b2f chain_id=137 from_address=0x8b172F820629b14cEAF859A6e159d1BcD3291Fe1}: cortex::pipeline: transaction signed elapsed_ms=274
2026-04-05T14:00:00.963253Z  INFO ThreadId(03) pipeline{execution_id=301eee6d-577a-475d-8f3a-d8f28d78dd02 chain_id=1 from_address=0xCFA80F1f22b0AD533F7d8e2CcC0A783aa4BCaFF3}: cortex::pipeline: nonce reserved elapsed_ms=275 nonce=13
2026-04-05T14:00:00.963443Z  INFO ThreadId(08) pipeline{execution_id=2044a8d3-cf05-4b53-b18e-f0c3c1ba54f7 chain_id=1 from_address=0xfea6645D31443cF7Cf96eF1dB7823EB9365f98bf}: cortex::pipeline: transaction broadcasted: elapsed_ms=275 tx_hash=0x3b1a96be79e56d21eab24e9b29c753f9ebf95c1b03b752cc3c31fbea54d8215f
2026-04-05T14:00:00.963865Z  INFO ThreadId(03) pipeline{execution_id=33a60981-13a3-46a3-82da-11a8f1b4320d chain_id=1 from_address=0x8AfE43fF49EBd5c4B8Cd1497ee77b437dd1711fc}: cortex::pipeline: transaction signed elapsed_ms=276
2026-04-05T14:00:00.964579Z  INFO ThreadId(13) pipeline{execution_id=65c59b8d-44bb-4188-9b90-9608d13b0b2f chain_id=137 from_address=0x8b172F820629b14cEAF859A6e159d1BcD3291Fe1}: cortex::pipeline: transaction broadcasted: elapsed_ms=276 tx_hash=0xa150997756edd91996f2bf8573fd142d88285e21221069cb00e4b99a874295ca
2026-04-05T14:00:00.964797Z  INFO ThreadId(03) pipeline{execution_id=7a51220f-fce5-4885-8a4e-941f43fb53cf chain_id=42161 from_address=0x8b172F820629b14cEAF859A6e159d1BcD3291Fe1}: cortex::pipeline: transaction broadcasted: elapsed_ms=276 tx_hash=0x42829a95374122b9faab47bfd2130d2de8d3dc8965c66039b5ac492f47cfb0e9
2026-04-05T14:00:00.965208Z  INFO ThreadId(03) pipeline{execution_id=b8a54934-4c8e-439b-9886-ca5dc98f9bfe chain_id=1 from_address=0x8b172F820629b14cEAF859A6e159d1BcD3291Fe1}: cortex::pipeline: nonce reserved elapsed_ms=277 nonce=21
2026-04-05T14:00:00.965838Z  INFO ThreadId(16) pipeline{execution_id=301eee6d-577a-475d-8f3a-d8f28d78dd02 chain_id=1 from_address=0xCFA80F1f22b0AD533F7d8e2CcC0A783aa4BCaFF3}: cortex::pipeline: transaction signed elapsed_ms=278
2026-04-05T14:00:00.965873Z  INFO ThreadId(13) pipeline{execution_id=ae102608-4cb8-404b-840a-b940eee78f8b chain_id=1 from_address=0x8AfE43fF49EBd5c4B8Cd1497ee77b437dd1711fc}: cortex::pipeline: transaction broadcasted: elapsed_ms=278 tx_hash=0xd25f788e7f3b2d10f4845227ab2a9127bb9ed98e8f7344184d926569120c6524
2026-04-05T14:00:00.966665Z  INFO ThreadId(13) pipeline{execution_id=b8a54934-4c8e-439b-9886-ca5dc98f9bfe chain_id=1 from_address=0x8b172F820629b14cEAF859A6e159d1BcD3291Fe1}: cortex::pipeline: transaction signed elapsed_ms=278
2026-04-05T14:00:00.967115Z  INFO ThreadId(11) pipeline{execution_id=0beaed81-766b-412d-aa5b-2a5d5ad4e180 chain_id=42161 from_address=0xfea6645D31443cF7Cf96eF1dB7823EB9365f98bf}: cortex::pipeline: nonce reserved elapsed_ms=278 nonce=14
2026-04-05T14:00:00.968707Z  INFO ThreadId(11) pipeline{execution_id=33a60981-13a3-46a3-82da-11a8f1b4320d chain_id=1 from_address=0x8AfE43fF49EBd5c4B8Cd1497ee77b437dd1711fc}: cortex::pipeline: transaction broadcasted: elapsed_ms=281 tx_hash=0x347fb24d412d2b85e060fc355b984ae726f971326b7f4fc8ece0a1da088027a5
2026-04-05T14:00:00.968714Z  INFO ThreadId(16) pipeline{execution_id=2f48c43c-6093-4737-91ca-9d14623fbd52 chain_id=42161 from_address=0xfea6645D31443cF7Cf96eF1dB7823EB9365f98bf}: cortex::pipeline: nonce reserved elapsed_ms=280 nonce=15
2026-04-05T14:00:00.969183Z  INFO ThreadId(13) pipeline{execution_id=0beaed81-766b-412d-aa5b-2a5d5ad4e180 chain_id=42161 from_address=0xfea6645D31443cF7Cf96eF1dB7823EB9365f98bf}: cortex::pipeline: transaction signed elapsed_ms=280
2026-04-05T14:00:00.970236Z  INFO ThreadId(07) pipeline{execution_id=e11badae-a020-423d-9f7c-d397bbff6a2e chain_id=42161 from_address=0x2EAC739a1e05F4a05a5B8fD93D332c4353E5A7cD}: cortex::pipeline: nonce reserved elapsed_ms=282 nonce=16
2026-04-05T14:00:00.970362Z  INFO ThreadId(16) pipeline{execution_id=301eee6d-577a-475d-8f3a-d8f28d78dd02 chain_id=1 from_address=0xCFA80F1f22b0AD533F7d8e2CcC0A783aa4BCaFF3}: cortex::pipeline: transaction broadcasted: elapsed_ms=282 tx_hash=0xdb36e862300b3bd881189344888ad63797c52bb6664594af768215f51d36f439
2026-04-05T14:00:00.970565Z  INFO ThreadId(07) pipeline{execution_id=2f48c43c-6093-4737-91ca-9d14623fbd52 chain_id=42161 from_address=0xfea6645D31443cF7Cf96eF1dB7823EB9365f98bf}: cortex::pipeline: transaction signed elapsed_ms=282
2026-04-05T14:00:00.971007Z  INFO ThreadId(11) pipeline{execution_id=11f81e8e-1c2f-4422-9444-d0eb6e0e9c68 chain_id=42161 from_address=0xfea6645D31443cF7Cf96eF1dB7823EB9365f98bf}: cortex::pipeline: nonce reserved elapsed_ms=282 nonce=16
2026-04-05T14:00:00.972341Z  INFO ThreadId(11) pipeline{execution_id=11f81e8e-1c2f-4422-9444-d0eb6e0e9c68 chain_id=42161 from_address=0xfea6645D31443cF7Cf96eF1dB7823EB9365f98bf}: cortex::pipeline: transaction signed elapsed_ms=284
2026-04-05T14:00:00.972709Z  INFO ThreadId(07) pipeline{execution_id=0beaed81-766b-412d-aa5b-2a5d5ad4e180 chain_id=42161 from_address=0xfea6645D31443cF7Cf96eF1dB7823EB9365f98bf}: cortex::pipeline: transaction broadcasted: elapsed_ms=284 tx_hash=0x47589e47c899372ec8aa2012255864db6aba74c44fa9c8a9a77617e826286b1f
2026-04-05T14:00:00.972819Z  INFO ThreadId(08) pipeline{execution_id=d69bfa67-7bed-42e0-9217-8c35a5f0a676 chain_id=1 from_address=0xfea6645D31443cF7Cf96eF1dB7823EB9365f98bf}: cortex::pipeline: nonce reserved elapsed_ms=284 nonce=19
2026-04-05T14:00:00.973138Z  INFO ThreadId(11) pipeline{execution_id=e11badae-a020-423d-9f7c-d397bbff6a2e chain_id=42161 from_address=0x2EAC739a1e05F4a05a5B8fD93D332c4353E5A7cD}: cortex::pipeline: transaction signed elapsed_ms=285
2026-04-05T14:00:00.973197Z  INFO ThreadId(11) pipeline{execution_id=b8a54934-4c8e-439b-9886-ca5dc98f9bfe chain_id=1 from_address=0x8b172F820629b14cEAF859A6e159d1BcD3291Fe1}: cortex::pipeline: transaction broadcasted: elapsed_ms=285 tx_hash=0x9e9c9d48c6bf9f8c4adae77a991e54728498aa32e4a692c8570e7224deecf337
2026-04-05T14:00:00.973415Z  INFO ThreadId(11) pipeline{execution_id=7e0301cc-15b8-4202-b91c-c339f4b50cf6 chain_id=1 from_address=0x8AfE43fF49EBd5c4B8Cd1497ee77b437dd1711fc}: cortex::pipeline: nonce reserved elapsed_ms=286 nonce=15
2026-04-05T14:00:00.974467Z  INFO ThreadId(16) pipeline{execution_id=d69bfa67-7bed-42e0-9217-8c35a5f0a676 chain_id=1 from_address=0xfea6645D31443cF7Cf96eF1dB7823EB9365f98bf}: cortex::pipeline: transaction signed elapsed_ms=286
2026-04-05T14:00:00.974634Z  INFO ThreadId(16) pipeline{execution_id=7e0301cc-15b8-4202-b91c-c339f4b50cf6 chain_id=1 from_address=0x8AfE43fF49EBd5c4B8Cd1497ee77b437dd1711fc}: cortex::pipeline: transaction signed elapsed_ms=287
2026-04-05T14:00:00.974724Z  INFO ThreadId(13) pipeline{execution_id=a92de872-ba64-4229-8296-31b0a0e2bdd4 chain_id=1 from_address=0xfea6645D31443cF7Cf96eF1dB7823EB9365f98bf}: cortex::pipeline: nonce reserved elapsed_ms=287 nonce=20
2026-04-05T14:00:00.975267Z  INFO ThreadId(08) pipeline{execution_id=2f48c43c-6093-4737-91ca-9d14623fbd52 chain_id=42161 from_address=0xfea6645D31443cF7Cf96eF1dB7823EB9365f98bf}: cortex::pipeline: transaction broadcasted: elapsed_ms=287 tx_hash=0xa43792395594c93fe17f486ea9cbf850c205aca8148ba118c63d2d510676d4cd
2026-04-05T14:00:00.976013Z  INFO ThreadId(08) pipeline{execution_id=1c80fd56-a4dd-44ac-ac86-9db883d0a65f chain_id=1 from_address=0xfea6645D31443cF7Cf96eF1dB7823EB9365f98bf}: cortex::pipeline: nonce reserved elapsed_ms=287 nonce=21
2026-04-05T14:00:00.977217Z  INFO ThreadId(08) pipeline{execution_id=a92de872-ba64-4229-8296-31b0a0e2bdd4 chain_id=1 from_address=0xfea6645D31443cF7Cf96eF1dB7823EB9365f98bf}: cortex::pipeline: transaction signed elapsed_ms=289
2026-04-05T14:00:00.977250Z  INFO ThreadId(11) pipeline{execution_id=d69bfa67-7bed-42e0-9217-8c35a5f0a676 chain_id=1 from_address=0xfea6645D31443cF7Cf96eF1dB7823EB9365f98bf}: cortex::pipeline: transaction broadcasted: elapsed_ms=288 tx_hash=0x9235ed68ac0df1414ec23744eb0f58da7c2d486b6bd4dcd1ee830ab4be141d74
2026-04-05T14:00:00.977616Z  INFO ThreadId(08) pipeline{execution_id=1c80fd56-a4dd-44ac-ac86-9db883d0a65f chain_id=1 from_address=0xfea6645D31443cF7Cf96eF1dB7823EB9365f98bf}: cortex::pipeline: transaction signed elapsed_ms=289
2026-04-05T14:00:00.977853Z  INFO ThreadId(03) pipeline{execution_id=11f81e8e-1c2f-4422-9444-d0eb6e0e9c68 chain_id=42161 from_address=0xfea6645D31443cF7Cf96eF1dB7823EB9365f98bf}: cortex::pipeline: transaction broadcasted: elapsed_ms=289 tx_hash=0x6210752c43a6c2e132d394a7a4bc695e3a634f7fc5200d4d48515f998f7e7833
2026-04-05T14:00:00.978136Z  INFO ThreadId(08) pipeline{execution_id=7587030c-4d42-450e-8606-9f0096ff5b51 chain_id=1 from_address=0x2EAC739a1e05F4a05a5B8fD93D332c4353E5A7cD}: cortex::pipeline: nonce reserved elapsed_ms=289 nonce=10
2026-04-05T14:00:00.978990Z  INFO ThreadId(11) pipeline{execution_id=66487daa-5e90-4bb1-be88-3f194ff740af chain_id=42161 from_address=0x8b172F820629b14cEAF859A6e159d1BcD3291Fe1}: cortex::pipeline: nonce reserved elapsed_ms=290 nonce=16
2026-04-05T14:00:00.980371Z  INFO ThreadId(08) pipeline{execution_id=7e0301cc-15b8-4202-b91c-c339f4b50cf6 chain_id=1 from_address=0x8AfE43fF49EBd5c4B8Cd1497ee77b437dd1711fc}: cortex::pipeline: transaction broadcasted: elapsed_ms=293 tx_hash=0xd75e164e04a5880c70dc6e2e0088e71914127b43fc508b7ad88bd5e4eadcd498
2026-04-05T14:00:00.981128Z  INFO ThreadId(13) pipeline{execution_id=7587030c-4d42-450e-8606-9f0096ff5b51 chain_id=1 from_address=0x2EAC739a1e05F4a05a5B8fD93D332c4353E5A7cD}: cortex::pipeline: transaction signed elapsed_ms=292
2026-04-05T14:00:00.981137Z  INFO ThreadId(10) pipeline{execution_id=e11badae-a020-423d-9f7c-d397bbff6a2e chain_id=42161 from_address=0x2EAC739a1e05F4a05a5B8fD93D332c4353E5A7cD}: cortex::pipeline: transaction broadcasted: elapsed_ms=293 tx_hash=0x4e9399d3b0ed7f1180e913bdcdf40caa4dd767f298c58a0cd034ea73dd08c7ce
2026-04-05T14:00:00.981214Z  INFO ThreadId(03) pipeline{execution_id=0a8e87ed-06e4-4f0d-b3d6-6b472462936b chain_id=42161 from_address=0x2EAC739a1e05F4a05a5B8fD93D332c4353E5A7cD}: cortex::pipeline: nonce reserved elapsed_ms=292 nonce=17
2026-04-05T14:00:00.982470Z  INFO ThreadId(16) pipeline{execution_id=66487daa-5e90-4bb1-be88-3f194ff740af chain_id=42161 from_address=0x8b172F820629b14cEAF859A6e159d1BcD3291Fe1}: cortex::pipeline: transaction signed elapsed_ms=293
2026-04-05T14:00:00.983917Z  INFO ThreadId(11) pipeline{execution_id=a92de872-ba64-4229-8296-31b0a0e2bdd4 chain_id=1 from_address=0xfea6645D31443cF7Cf96eF1dB7823EB9365f98bf}: cortex::pipeline: transaction broadcasted: elapsed_ms=296 tx_hash=0xae186de6e4971f7d43a446f7f731bc76a65e11789f3b2049cc11677d57916d64
2026-04-05T14:00:00.983923Z  INFO ThreadId(03) pipeline{execution_id=0a8e87ed-06e4-4f0d-b3d6-6b472462936b chain_id=42161 from_address=0x2EAC739a1e05F4a05a5B8fD93D332c4353E5A7cD}: cortex::pipeline: transaction signed elapsed_ms=294
2026-04-05T14:00:00.983927Z  INFO ThreadId(13) pipeline{execution_id=9d6eb08d-581e-4e1d-8539-507d93efca57 chain_id=42161 from_address=0x8b172F820629b14cEAF859A6e159d1BcD3291Fe1}: cortex::pipeline: nonce reserved elapsed_ms=294 nonce=17
2026-04-05T14:00:00.984637Z  INFO ThreadId(10) pipeline{execution_id=66487daa-5e90-4bb1-be88-3f194ff740af chain_id=42161 from_address=0x8b172F820629b14cEAF859A6e159d1BcD3291Fe1}: cortex::pipeline: transaction broadcasted: elapsed_ms=295 tx_hash=0xd2dd7adcd409ddf5ca3fd397a64c8b7693b069dd47d0aaec6c552c19365150b0
2026-04-05T14:00:00.985205Z  INFO ThreadId(11) pipeline{execution_id=a86f28b7-f328-42f4-89a5-377cf9c2bde5 chain_id=1 from_address=0x2EAC739a1e05F4a05a5B8fD93D332c4353E5A7cD}: cortex::pipeline: nonce reserved elapsed_ms=296 nonce=11
2026-04-05T14:00:00.985599Z  INFO ThreadId(11) pipeline{execution_id=1c80fd56-a4dd-44ac-ac86-9db883d0a65f chain_id=1 from_address=0xfea6645D31443cF7Cf96eF1dB7823EB9365f98bf}: cortex::pipeline: transaction broadcasted: elapsed_ms=297 tx_hash=0xbe8dfca16aca31794f1514259e2f310598deda6c1162867488daa3cabc9e66bb
2026-04-05T14:00:00.985806Z  INFO ThreadId(11) pipeline{execution_id=9d6eb08d-581e-4e1d-8539-507d93efca57 chain_id=42161 from_address=0x8b172F820629b14cEAF859A6e159d1BcD3291Fe1}: cortex::pipeline: transaction signed elapsed_ms=296
2026-04-05T14:00:00.986146Z  INFO ThreadId(16) pipeline{execution_id=0e80f78c-a63c-4db8-97c2-713639fb1958 chain_id=1 from_address=0x8AfE43fF49EBd5c4B8Cd1497ee77b437dd1711fc}: cortex::pipeline: nonce reserved elapsed_ms=297 nonce=16
2026-04-05T14:00:00.986364Z  INFO ThreadId(03) pipeline{execution_id=0a8e87ed-06e4-4f0d-b3d6-6b472462936b chain_id=42161 from_address=0x2EAC739a1e05F4a05a5B8fD93D332c4353E5A7cD}: cortex::pipeline: transaction broadcasted: elapsed_ms=297 tx_hash=0x18b107793b29034a9dc4a238aa1790478bc296d8ef4dfbccf9a441067c21fe96
2026-04-05T14:00:00.987830Z  INFO ThreadId(03) pipeline{execution_id=a86f28b7-f328-42f4-89a5-377cf9c2bde5 chain_id=1 from_address=0x2EAC739a1e05F4a05a5B8fD93D332c4353E5A7cD}: cortex::pipeline: transaction signed elapsed_ms=298
2026-04-05T14:00:00.988787Z  INFO ThreadId(11) pipeline{execution_id=7587030c-4d42-450e-8606-9f0096ff5b51 chain_id=1 from_address=0x2EAC739a1e05F4a05a5B8fD93D332c4353E5A7cD}: cortex::pipeline: transaction broadcasted: elapsed_ms=299 tx_hash=0x8ededdff39b8b0a35faf1b636f7b20f6c4fc1bcd855e0095a183ab3b717ccc89
2026-04-05T14:00:00.988786Z  INFO ThreadId(07) pipeline{execution_id=07a7d90c-dced-4cbf-9f96-4819837e73dd chain_id=1 from_address=0x8AfE43fF49EBd5c4B8Cd1497ee77b437dd1711fc}: cortex::pipeline: nonce reserved elapsed_ms=299 nonce=17
2026-04-05T14:00:00.989686Z  INFO ThreadId(13) pipeline{execution_id=0e80f78c-a63c-4db8-97c2-713639fb1958 chain_id=1 from_address=0x8AfE43fF49EBd5c4B8Cd1497ee77b437dd1711fc}: cortex::pipeline: transaction signed elapsed_ms=300
2026-04-05T14:00:00.990104Z  INFO ThreadId(13) pipeline{execution_id=9d6eb08d-581e-4e1d-8539-507d93efca57 chain_id=42161 from_address=0x8b172F820629b14cEAF859A6e159d1BcD3291Fe1}: cortex::pipeline: transaction broadcasted: elapsed_ms=301 tx_hash=0x4159a24a6f727577f504162877f002d09208bbc1b6155c125e02afdb28186c76
2026-04-05T14:00:00.990742Z  INFO ThreadId(13) pipeline{execution_id=07a7d90c-dced-4cbf-9f96-4819837e73dd chain_id=1 from_address=0x8AfE43fF49EBd5c4B8Cd1497ee77b437dd1711fc}: cortex::pipeline: transaction signed elapsed_ms=301
2026-04-05T14:00:00.990959Z  INFO ThreadId(13) pipeline{execution_id=28f07d27-891e-4937-90dc-9e5494ed7300 chain_id=1 from_address=0x2EAC739a1e05F4a05a5B8fD93D332c4353E5A7cD}: cortex::pipeline: nonce reserved elapsed_ms=301 nonce=12
2026-04-05T14:00:00.991188Z  INFO ThreadId(13) pipeline{execution_id=a86f28b7-f328-42f4-89a5-377cf9c2bde5 chain_id=1 from_address=0x2EAC739a1e05F4a05a5B8fD93D332c4353E5A7cD}: cortex::pipeline: transaction broadcasted: elapsed_ms=302 tx_hash=0x0270ec1e2aac7193445e7275f3391846a79db724bd2098d9accba584b52ec1dd
2026-04-05T14:00:00.992404Z  INFO ThreadId(16) pipeline{execution_id=28f07d27-891e-4937-90dc-9e5494ed7300 chain_id=1 from_address=0x2EAC739a1e05F4a05a5B8fD93D332c4353E5A7cD}: cortex::pipeline: transaction signed elapsed_ms=303
2026-04-05T14:00:00.992401Z  INFO ThreadId(08) pipeline{execution_id=d3c7681d-9222-45a9-84eb-84086c477cd8 chain_id=137 from_address=0x8b172F820629b14cEAF859A6e159d1BcD3291Fe1}: cortex::pipeline: nonce reserved elapsed_ms=304 nonce=24
2026-04-05T14:00:00.992602Z  INFO ThreadId(16) pipeline{execution_id=0e80f78c-a63c-4db8-97c2-713639fb1958 chain_id=1 from_address=0x8AfE43fF49EBd5c4B8Cd1497ee77b437dd1711fc}: cortex::pipeline: transaction broadcasted: elapsed_ms=303 tx_hash=0x7e3566d5624dc8a77a036e38cfc1ae6fc57fa1106dc7efb29a7577e73ae4db5e
2026-04-05T14:00:00.993166Z  INFO ThreadId(08) pipeline{execution_id=516eff3b-09d6-4cab-a45a-380e1438e2fd chain_id=1 from_address=0x8b172F820629b14cEAF859A6e159d1BcD3291Fe1}: cortex::pipeline: nonce reserved elapsed_ms=304 nonce=22
2026-04-05T14:00:00.993577Z  INFO ThreadId(16) pipeline{execution_id=d3c7681d-9222-45a9-84eb-84086c477cd8 chain_id=137 from_address=0x8b172F820629b14cEAF859A6e159d1BcD3291Fe1}: cortex::pipeline: transaction signed elapsed_ms=305
2026-04-05T14:00:00.993910Z  INFO ThreadId(16) pipeline{execution_id=b35babbf-3091-4dc1-b038-749beb7dcbff chain_id=42161 from_address=0x2EAC739a1e05F4a05a5B8fD93D332c4353E5A7cD}: cortex::pipeline: nonce reserved elapsed_ms=305 nonce=18
2026-04-05T14:00:00.994353Z  INFO ThreadId(13) pipeline{execution_id=07a7d90c-dced-4cbf-9f96-4819837e73dd chain_id=1 from_address=0x8AfE43fF49EBd5c4B8Cd1497ee77b437dd1711fc}: cortex::pipeline: transaction broadcasted: elapsed_ms=305 tx_hash=0x7d55406475b98f6016c7beced858d7d092268b94e5e2609f8969fa1526046776
2026-04-05T14:00:00.994455Z  INFO ThreadId(13) pipeline{execution_id=516eff3b-09d6-4cab-a45a-380e1438e2fd chain_id=1 from_address=0x8b172F820629b14cEAF859A6e159d1BcD3291Fe1}: cortex::pipeline: transaction signed elapsed_ms=306
2026-04-05T14:00:00.994927Z  INFO ThreadId(11) pipeline{execution_id=97acf846-2f32-4867-be34-bc3b3716cca7 chain_id=137 from_address=0x8b172F820629b14cEAF859A6e159d1BcD3291Fe1}: cortex::pipeline: nonce reserved elapsed_ms=305 nonce=25
2026-04-05T14:00:00.995243Z  INFO ThreadId(11) pipeline{execution_id=b35babbf-3091-4dc1-b038-749beb7dcbff chain_id=42161 from_address=0x2EAC739a1e05F4a05a5B8fD93D332c4353E5A7cD}: cortex::pipeline: transaction signed elapsed_ms=306
2026-04-05T14:00:00.995421Z  INFO ThreadId(10) pipeline{execution_id=d3c7681d-9222-45a9-84eb-84086c477cd8 chain_id=137 from_address=0x8b172F820629b14cEAF859A6e159d1BcD3291Fe1}: cortex::pipeline: transaction broadcasted: elapsed_ms=307 tx_hash=0x234441c4b15a9b11aa1f93f480a5dc0edf9cfb4be7ccd9f99dbd66a461f7199f
2026-04-05T14:00:00.995508Z  INFO ThreadId(11) pipeline{execution_id=d5e6c52a-1b81-4076-b506-eb0ea2fde54f chain_id=1 from_address=0x8b172F820629b14cEAF859A6e159d1BcD3291Fe1}: cortex::pipeline: nonce reserved elapsed_ms=306 nonce=23
2026-04-05T14:00:00.996198Z  INFO ThreadId(11) pipeline{execution_id=97acf846-2f32-4867-be34-bc3b3716cca7 chain_id=137 from_address=0x8b172F820629b14cEAF859A6e159d1BcD3291Fe1}: cortex::pipeline: transaction signed elapsed_ms=306
2026-04-05T14:00:00.996213Z  INFO ThreadId(08) pipeline{execution_id=bd59897c-244e-4a91-b099-5c815a5767b4 chain_id=1 from_address=0x8b172F820629b14cEAF859A6e159d1BcD3291Fe1}: cortex::pipeline: nonce reserved elapsed_ms=306 nonce=24
2026-04-05T14:00:00.996575Z  INFO ThreadId(13) pipeline{execution_id=28f07d27-891e-4937-90dc-9e5494ed7300 chain_id=1 from_address=0x2EAC739a1e05F4a05a5B8fD93D332c4353E5A7cD}: cortex::pipeline: transaction broadcasted: elapsed_ms=307 tx_hash=0x792136b60f9405a678a674926b0593223f3d285af57631838fd273026d7db6ec
2026-04-05T14:00:00.996844Z  INFO ThreadId(13) pipeline{execution_id=d5e6c52a-1b81-4076-b506-eb0ea2fde54f chain_id=1 from_address=0x8b172F820629b14cEAF859A6e159d1BcD3291Fe1}: cortex::pipeline: transaction signed elapsed_ms=307
2026-04-05T14:00:00.997381Z  INFO ThreadId(16) pipeline{execution_id=b35babbf-3091-4dc1-b038-749beb7dcbff chain_id=42161 from_address=0x2EAC739a1e05F4a05a5B8fD93D332c4353E5A7cD}: cortex::pipeline: transaction broadcasted: elapsed_ms=308 tx_hash=0x5ea0f31369e8c2e0ef6749c68688b4542a2959fc4c2e3eb9c583f6f7933aceec
2026-04-05T14:00:00.997563Z  INFO ThreadId(07) pipeline{execution_id=bd59897c-244e-4a91-b099-5c815a5767b4 chain_id=1 from_address=0x8b172F820629b14cEAF859A6e159d1BcD3291Fe1}: cortex::pipeline: transaction signed elapsed_ms=308
2026-04-05T14:00:00.997596Z  INFO ThreadId(11) pipeline{execution_id=8eca538a-c55e-4f03-a681-e2c41f74ac90 chain_id=42161 from_address=0xCFA80F1f22b0AD533F7d8e2CcC0A783aa4BCaFF3}: cortex::pipeline: nonce reserved elapsed_ms=308 nonce=13
2026-04-05T14:00:00.997747Z  INFO ThreadId(09) pipeline{execution_id=97acf846-2f32-4867-be34-bc3b3716cca7 chain_id=137 from_address=0x8b172F820629b14cEAF859A6e159d1BcD3291Fe1}: cortex::pipeline: transaction broadcasted: elapsed_ms=308 tx_hash=0x901ed3354cfb1db1199691a65698743025b924cb8e3860660d16b9aad2c4f797
2026-04-05T14:00:00.997930Z  INFO ThreadId(08) pipeline{execution_id=516eff3b-09d6-4cab-a45a-380e1438e2fd chain_id=1 from_address=0x8b172F820629b14cEAF859A6e159d1BcD3291Fe1}: cortex::pipeline: transaction broadcasted: elapsed_ms=309 tx_hash=0x8bf9e224a84f111be71d0b6bff341348a73947979c405907be2fbd5ff233fd25
2026-04-05T14:00:00.998262Z  INFO ThreadId(09) pipeline{execution_id=93138c1c-e415-4b0d-859f-760cb0d44f3f chain_id=137 from_address=0x8AfE43fF49EBd5c4B8Cd1497ee77b437dd1711fc}: cortex::pipeline: nonce reserved elapsed_ms=308 nonce=14
2026-04-05T14:00:00.998589Z  INFO ThreadId(08) pipeline{execution_id=8eca538a-c55e-4f03-a681-e2c41f74ac90 chain_id=42161 from_address=0xCFA80F1f22b0AD533F7d8e2CcC0A783aa4BCaFF3}: cortex::pipeline: transaction signed elapsed_ms=309
2026-04-05T14:00:00.999032Z  INFO ThreadId(07) pipeline{execution_id=eafc8d9b-bb3d-4151-bdb3-c5f4ac51913f chain_id=1 from_address=0x8AfE43fF49EBd5c4B8Cd1497ee77b437dd1711fc}: cortex::pipeline: nonce reserved elapsed_ms=309 nonce=18
2026-04-05T14:00:00.999351Z  INFO ThreadId(16) pipeline{execution_id=93138c1c-e415-4b0d-859f-760cb0d44f3f chain_id=137 from_address=0x8AfE43fF49EBd5c4B8Cd1497ee77b437dd1711fc}: cortex::pipeline: transaction signed elapsed_ms=309
2026-04-05T14:00:00.999562Z  INFO ThreadId(08) pipeline{execution_id=d5e6c52a-1b81-4076-b506-eb0ea2fde54f chain_id=1 from_address=0x8b172F820629b14cEAF859A6e159d1BcD3291Fe1}: cortex::pipeline: transaction broadcasted: elapsed_ms=310 tx_hash=0x0171be3701c3c5b3188806be2e8cd5e4d6085f606c255dbee871bd016f86e61c
2026-04-05T14:00:00.999784Z  INFO ThreadId(11) pipeline{execution_id=8b642ef3-faa8-413e-a8db-3004e6453631 chain_id=137 from_address=0xfea6645D31443cF7Cf96eF1dB7823EB9365f98bf}: cortex::pipeline: nonce reserved elapsed_ms=310 nonce=15
2026-04-05T14:00:01.000447Z  INFO ThreadId(07) pipeline{execution_id=eafc8d9b-bb3d-4151-bdb3-c5f4ac51913f chain_id=1 from_address=0x8AfE43fF49EBd5c4B8Cd1497ee77b437dd1711fc}: cortex::pipeline: transaction signed elapsed_ms=310
2026-04-05T14:00:01.000670Z  INFO ThreadId(10) pipeline{execution_id=8eca538a-c55e-4f03-a681-e2c41f74ac90 chain_id=42161 from_address=0xCFA80F1f22b0AD533F7d8e2CcC0A783aa4BCaFF3}: cortex::pipeline: transaction broadcasted: elapsed_ms=311 tx_hash=0x223666d4dde32e4d27dfc9801e7a61067c0be2a3eb23fc397edc751669620444
2026-04-05T14:00:01.001015Z  INFO ThreadId(10) pipeline{execution_id=baad1194-ca07-4863-b4e1-a2e3f2b449af chain_id=42161 from_address=0xCFA80F1f22b0AD533F7d8e2CcC0A783aa4BCaFF3}: cortex::pipeline: nonce reserved elapsed_ms=311 nonce=14
2026-04-05T14:00:01.001161Z  INFO ThreadId(17) pipeline{execution_id=bd59897c-244e-4a91-b099-5c815a5767b4 chain_id=1 from_address=0x8b172F820629b14cEAF859A6e159d1BcD3291Fe1}: cortex::pipeline: transaction broadcasted: elapsed_ms=311 tx_hash=0x43f6236bc8f63454926856fa4af6bc3e8411107a329d353a9505b3fd71537216
2026-04-05T14:00:01.001172Z  INFO ThreadId(10) pipeline{execution_id=8b642ef3-faa8-413e-a8db-3004e6453631 chain_id=137 from_address=0xfea6645D31443cF7Cf96eF1dB7823EB9365f98bf}: cortex::pipeline: transaction signed elapsed_ms=311
2026-04-05T14:00:01.001445Z  INFO ThreadId(07) pipeline{execution_id=93138c1c-e415-4b0d-859f-760cb0d44f3f chain_id=137 from_address=0x8AfE43fF49EBd5c4B8Cd1497ee77b437dd1711fc}: cortex::pipeline: transaction broadcasted: elapsed_ms=312 tx_hash=0xab195f95a9d1a27b61976dd63f195a7db334eebc78bc5f574835b375d67e2274
2026-04-05T14:00:01.001920Z  INFO ThreadId(10) pipeline{execution_id=ea844934-ea8f-4cdd-83cb-0483b96e0916 chain_id=137 from_address=0x2EAC739a1e05F4a05a5B8fD93D332c4353E5A7cD}: cortex::pipeline: nonce reserved elapsed_ms=312 nonce=16
2026-04-05T14:00:01.002356Z  INFO ThreadId(17) pipeline{execution_id=baad1194-ca07-4863-b4e1-a2e3f2b449af chain_id=42161 from_address=0xCFA80F1f22b0AD533F7d8e2CcC0A783aa4BCaFF3}: cortex::pipeline: transaction signed elapsed_ms=312
2026-04-05T14:00:01.002744Z  INFO ThreadId(16) pipeline{execution_id=f4088bf1-516e-4edd-b42a-c665664002f0 chain_id=137 from_address=0xCFA80F1f22b0AD533F7d8e2CcC0A783aa4BCaFF3}: cortex::pipeline: nonce reserved elapsed_ms=313 nonce=17
2026-04-05T14:00:01.002805Z  INFO ThreadId(08) pipeline{execution_id=eafc8d9b-bb3d-4151-bdb3-c5f4ac51913f chain_id=1 from_address=0x8AfE43fF49EBd5c4B8Cd1497ee77b437dd1711fc}: cortex::pipeline: transaction broadcasted: elapsed_ms=313 tx_hash=0x29cdf1798afeb6ea6d2809be56783f61fb41934b4d814b0d1678dfe912d6c5ea
2026-04-05T14:00:01.003105Z  INFO ThreadId(11) pipeline{execution_id=8b642ef3-faa8-413e-a8db-3004e6453631 chain_id=137 from_address=0xfea6645D31443cF7Cf96eF1dB7823EB9365f98bf}: cortex::pipeline: transaction broadcasted: elapsed_ms=313 tx_hash=0xb308e3bdbfe6d1fa1f8092f650f6ff943bff665ecc8f3cd59d3e6ff1a3727851
2026-04-05T14:00:01.003352Z  INFO ThreadId(16) pipeline{execution_id=ea844934-ea8f-4cdd-83cb-0483b96e0916 chain_id=137 from_address=0x2EAC739a1e05F4a05a5B8fD93D332c4353E5A7cD}: cortex::pipeline: transaction signed elapsed_ms=313
2026-04-05T14:00:01.003564Z  INFO ThreadId(07) pipeline{execution_id=d235f17b-aae8-42d4-ae2b-9c92d3820c37 chain_id=1 from_address=0x2EAC739a1e05F4a05a5B8fD93D332c4353E5A7cD}: cortex::pipeline: nonce reserved elapsed_ms=314 nonce=13
2026-04-05T14:00:01.003886Z  INFO ThreadId(11) pipeline{execution_id=f4088bf1-516e-4edd-b42a-c665664002f0 chain_id=137 from_address=0xCFA80F1f22b0AD533F7d8e2CcC0A783aa4BCaFF3}: cortex::pipeline: transaction signed elapsed_ms=314
2026-04-05T14:00:01.004014Z  INFO ThreadId(07) pipeline{execution_id=baad1194-ca07-4863-b4e1-a2e3f2b449af chain_id=42161 from_address=0xCFA80F1f22b0AD533F7d8e2CcC0A783aa4BCaFF3}: cortex::pipeline: transaction broadcasted: elapsed_ms=314 tx_hash=0xd8aa806b3faea6fb580f4c191fc7e43bb43889d516ac4c743731293a78d6b9b8
2026-04-05T14:00:01.004521Z  INFO ThreadId(07) pipeline{execution_id=7ba09d1b-491d-468d-898e-0af43485039b chain_id=42161 from_address=0x2EAC739a1e05F4a05a5B8fD93D332c4353E5A7cD}: cortex::pipeline: nonce reserved elapsed_ms=314 nonce=19
2026-04-05T14:00:01.004612Z  INFO ThreadId(07) pipeline{execution_id=d235f17b-aae8-42d4-ae2b-9c92d3820c37 chain_id=1 from_address=0x2EAC739a1e05F4a05a5B8fD93D332c4353E5A7cD}: cortex::pipeline: transaction signed elapsed_ms=315
2026-04-05T14:00:01.004871Z  INFO ThreadId(11) pipeline{execution_id=ea844934-ea8f-4cdd-83cb-0483b96e0916 chain_id=137 from_address=0x2EAC739a1e05F4a05a5B8fD93D332c4353E5A7cD}: cortex::pipeline: transaction broadcasted: elapsed_ms=315 tx_hash=0xb59d10f74a7be9ab78c584f58b6de9ee735a607abc5ec6c212fce62f67fbd4e7
2026-04-05T14:00:01.005145Z  INFO ThreadId(07) pipeline{execution_id=598ef62d-1ff9-4b3a-a658-14a028d06929 chain_id=42161 from_address=0x8b172F820629b14cEAF859A6e159d1BcD3291Fe1}: cortex::pipeline: nonce reserved elapsed_ms=315 nonce=18
2026-04-05T14:00:01.005705Z  INFO ThreadId(10) pipeline{execution_id=7ba09d1b-491d-468d-898e-0af43485039b chain_id=42161 from_address=0x2EAC739a1e05F4a05a5B8fD93D332c4353E5A7cD}: cortex::pipeline: transaction signed elapsed_ms=316
2026-04-05T14:00:01.005741Z  INFO ThreadId(08) pipeline{execution_id=eac07881-903b-4fb0-83de-07d0e8fc86d2 chain_id=1 from_address=0xfea6645D31443cF7Cf96eF1dB7823EB9365f98bf}: cortex::pipeline: nonce reserved elapsed_ms=316 nonce=22
2026-04-05T14:00:01.006348Z  INFO ThreadId(10) pipeline{execution_id=d235f17b-aae8-42d4-ae2b-9c92d3820c37 chain_id=1 from_address=0x2EAC739a1e05F4a05a5B8fD93D332c4353E5A7cD}: cortex::pipeline: transaction broadcasted: elapsed_ms=316 tx_hash=0x89a2a00fdd8e79a606054ade19264c8bf1439a9386ea3c6ee0e9ae7af8ee7651
2026-04-05T14:00:01.006369Z  INFO ThreadId(09) pipeline{execution_id=f4088bf1-516e-4edd-b42a-c665664002f0 chain_id=137 from_address=0xCFA80F1f22b0AD533F7d8e2CcC0A783aa4BCaFF3}: cortex::pipeline: transaction broadcasted: elapsed_ms=316 tx_hash=0xb92a586c08efeabff468832368e925ebe80b9c2c0ad64aaa1be848d74c113de3
2026-04-05T14:00:01.006723Z  INFO ThreadId(09) pipeline{execution_id=598ef62d-1ff9-4b3a-a658-14a028d06929 chain_id=42161 from_address=0x8b172F820629b14cEAF859A6e159d1BcD3291Fe1}: cortex::pipeline: transaction signed elapsed_ms=317
2026-04-05T14:00:01.006928Z  INFO ThreadId(09) pipeline{execution_id=eac07881-903b-4fb0-83de-07d0e8fc86d2 chain_id=1 from_address=0xfea6645D31443cF7Cf96eF1dB7823EB9365f98bf}: cortex::pipeline: transaction signed elapsed_ms=317
2026-04-05T14:00:01.007224Z  INFO ThreadId(13) pipeline{execution_id=c565125a-8dfb-4468-8c44-358416169565 chain_id=42161 from_address=0x2EAC739a1e05F4a05a5B8fD93D332c4353E5A7cD}: cortex::pipeline: nonce reserved elapsed_ms=317 nonce=20
2026-04-05T14:00:01.007567Z  INFO ThreadId(07) pipeline{execution_id=7ba09d1b-491d-468d-898e-0af43485039b chain_id=42161 from_address=0x2EAC739a1e05F4a05a5B8fD93D332c4353E5A7cD}: cortex::pipeline: transaction broadcasted: elapsed_ms=317 tx_hash=0xd076ad413598694e53da188a250d78df271ed65f63c61f249b890c52d252b40a
2026-04-05T14:00:01.008181Z  INFO ThreadId(08) pipeline{execution_id=ca18efda-711a-48b4-b506-06592357a1ae chain_id=137 from_address=0x2EAC739a1e05F4a05a5B8fD93D332c4353E5A7cD}: cortex::pipeline: nonce reserved elapsed_ms=318 nonce=17
2026-04-05T14:00:01.008814Z  INFO ThreadId(13) pipeline{execution_id=c565125a-8dfb-4468-8c44-358416169565 chain_id=42161 from_address=0x2EAC739a1e05F4a05a5B8fD93D332c4353E5A7cD}: cortex::pipeline: transaction signed elapsed_ms=319
2026-04-05T14:00:01.009079Z  INFO ThreadId(13) pipeline{execution_id=02ddda04-cf19-42f1-9c17-38973ed6b17d chain_id=137 from_address=0xfea6645D31443cF7Cf96eF1dB7823EB9365f98bf}: cortex::pipeline: nonce reserved elapsed_ms=319 nonce=16
2026-04-05T14:00:01.009304Z  INFO ThreadId(09) pipeline{execution_id=eac07881-903b-4fb0-83de-07d0e8fc86d2 chain_id=1 from_address=0xfea6645D31443cF7Cf96eF1dB7823EB9365f98bf}: cortex::pipeline: transaction broadcasted: elapsed_ms=319 tx_hash=0x14c705ddf0c9b1058db857cb81acee4033ee9603fc38ed715f4e2fdd7c01323d
2026-04-05T14:00:01.009581Z  INFO ThreadId(13) pipeline{execution_id=ca18efda-711a-48b4-b506-06592357a1ae chain_id=137 from_address=0x2EAC739a1e05F4a05a5B8fD93D332c4353E5A7cD}: cortex::pipeline: transaction signed elapsed_ms=319
2026-04-05T14:00:01.009894Z  INFO ThreadId(13) pipeline{execution_id=77659023-ec27-44f0-8a56-ec5f841ffbe1 chain_id=137 from_address=0xCFA80F1f22b0AD533F7d8e2CcC0A783aa4BCaFF3}: cortex::pipeline: nonce reserved elapsed_ms=321 nonce=18
2026-04-05T14:00:01.010174Z  INFO ThreadId(03) pipeline{execution_id=02ddda04-cf19-42f1-9c17-38973ed6b17d chain_id=137 from_address=0xfea6645D31443cF7Cf96eF1dB7823EB9365f98bf}: cortex::pipeline: transaction signed elapsed_ms=320
2026-04-05T14:00:01.010571Z  INFO ThreadId(13) pipeline{execution_id=4c9ff9b1-dfb2-42e1-b454-880d048bbcc1 chain_id=137 from_address=0x8b172F820629b14cEAF859A6e159d1BcD3291Fe1}: cortex::pipeline: nonce reserved elapsed_ms=322 nonce=26
2026-04-05T14:00:01.010896Z  INFO ThreadId(03) pipeline{execution_id=77659023-ec27-44f0-8a56-ec5f841ffbe1 chain_id=137 from_address=0xCFA80F1f22b0AD533F7d8e2CcC0A783aa4BCaFF3}: cortex::pipeline: transaction signed elapsed_ms=322
2026-04-05T14:00:01.011033Z  INFO ThreadId(03) pipeline{execution_id=ca18efda-711a-48b4-b506-06592357a1ae chain_id=137 from_address=0x2EAC739a1e05F4a05a5B8fD93D332c4353E5A7cD}: cortex::pipeline: transaction broadcasted: elapsed_ms=321 tx_hash=0xa585c2182e306e6a10151351f42cc897ee64ef3190259c0978c7dd2459b38f46
2026-04-05T14:00:01.011038Z  INFO ThreadId(16) pipeline{execution_id=598ef62d-1ff9-4b3a-a658-14a028d06929 chain_id=42161 from_address=0x8b172F820629b14cEAF859A6e159d1BcD3291Fe1}: cortex::pipeline: transaction broadcasted: elapsed_ms=321 tx_hash=0xf41fd36b910121b92458c123658f939134124b846d9cc113cd3ee2bf8897c728
2026-04-05T14:00:01.011258Z  INFO ThreadId(16) pipeline{execution_id=43e54bc0-f6f6-40cd-9d62-7f6c97a6bbaa chain_id=1 from_address=0x8b172F820629b14cEAF859A6e159d1BcD3291Fe1}: cortex::pipeline: nonce reserved elapsed_ms=321 nonce=25
2026-04-05T14:00:01.011617Z  INFO ThreadId(09) pipeline{execution_id=4c9ff9b1-dfb2-42e1-b454-880d048bbcc1 chain_id=137 from_address=0x8b172F820629b14cEAF859A6e159d1BcD3291Fe1}: cortex::pipeline: transaction signed elapsed_ms=323
2026-04-05T14:00:01.011802Z  INFO ThreadId(13) pipeline{execution_id=c45f9712-133a-427f-b0cf-4d9c8a95fd97 chain_id=1 from_address=0xfea6645D31443cF7Cf96eF1dB7823EB9365f98bf}: cortex::pipeline: nonce reserved elapsed_ms=322 nonce=23
2026-04-05T14:00:01.012249Z  INFO ThreadId(13) pipeline{execution_id=43e54bc0-f6f6-40cd-9d62-7f6c97a6bbaa chain_id=1 from_address=0x8b172F820629b14cEAF859A6e159d1BcD3291Fe1}: cortex::pipeline: transaction signed elapsed_ms=322
2026-04-05T14:00:01.012385Z  INFO ThreadId(13) pipeline{execution_id=c565125a-8dfb-4468-8c44-358416169565 chain_id=42161 from_address=0x2EAC739a1e05F4a05a5B8fD93D332c4353E5A7cD}: cortex::pipeline: transaction broadcasted: elapsed_ms=322 tx_hash=0x1bfa360c97737bc8c11c853649a5715ad0a42dd5df2bb04b420604ee12b2598b
2026-04-05T14:00:01.012400Z  INFO ThreadId(08) pipeline{execution_id=3082feb4-6b73-4485-9603-99df8280a55a chain_id=1 from_address=0xfea6645D31443cF7Cf96eF1dB7823EB9365f98bf}: cortex::pipeline: nonce reserved elapsed_ms=323 nonce=24
2026-04-05T14:00:01.012809Z  INFO ThreadId(10) pipeline{execution_id=02ddda04-cf19-42f1-9c17-38973ed6b17d chain_id=137 from_address=0xfea6645D31443cF7Cf96eF1dB7823EB9365f98bf}: cortex::pipeline: transaction broadcasted: elapsed_ms=323 tx_hash=0x9f0ba000e46ff3614ede0ce44db818bc8ea10ea6282eba85125abb31fbeb7aa5
2026-04-05T14:00:01.012838Z  INFO ThreadId(09) pipeline{execution_id=c45f9712-133a-427f-b0cf-4d9c8a95fd97 chain_id=1 from_address=0xfea6645D31443cF7Cf96eF1dB7823EB9365f98bf}: cortex::pipeline: transaction signed elapsed_ms=323
2026-04-05T14:00:01.013056Z  INFO ThreadId(08) pipeline{execution_id=52db17f4-f0a3-4037-bf5c-b782aaef8d2d chain_id=137 from_address=0x8AfE43fF49EBd5c4B8Cd1497ee77b437dd1711fc}: cortex::pipeline: nonce reserved elapsed_ms=322 nonce=15
2026-04-05T14:00:01.013384Z  INFO ThreadId(10) pipeline{execution_id=3082feb4-6b73-4485-9603-99df8280a55a chain_id=1 from_address=0xfea6645D31443cF7Cf96eF1dB7823EB9365f98bf}: cortex::pipeline: transaction signed elapsed_ms=324
2026-04-05T14:00:01.013799Z  INFO ThreadId(13) pipeline{execution_id=e9bd6cf3-d8bc-4f37-a17a-f67be81f390b chain_id=1 from_address=0xCFA80F1f22b0AD533F7d8e2CcC0A783aa4BCaFF3}: cortex::pipeline: nonce reserved elapsed_ms=324 nonce=14
2026-04-05T14:00:01.013827Z  INFO ThreadId(16) pipeline{execution_id=43e54bc0-f6f6-40cd-9d62-7f6c97a6bbaa chain_id=1 from_address=0x8b172F820629b14cEAF859A6e159d1BcD3291Fe1}: cortex::pipeline: transaction broadcasted: elapsed_ms=324 tx_hash=0x78a27d4b8f41b3aac34e2f2bc82e29599828922af74f89e39155d84524cde295
2026-04-05T14:00:01.014193Z  INFO ThreadId(08) pipeline{execution_id=52db17f4-f0a3-4037-bf5c-b782aaef8d2d chain_id=137 from_address=0x8AfE43fF49EBd5c4B8Cd1497ee77b437dd1711fc}: cortex::pipeline: transaction signed elapsed_ms=324
2026-04-05T14:00:01.014240Z  INFO ThreadId(03) pipeline{execution_id=77659023-ec27-44f0-8a56-ec5f841ffbe1 chain_id=137 from_address=0xCFA80F1f22b0AD533F7d8e2CcC0A783aa4BCaFF3}: cortex::pipeline: transaction broadcasted: elapsed_ms=325 tx_hash=0x5c4b7f729dbe67d4d83d2f6b236bfaacd72df1f9ae052aa3b42ccb09fe465c81
2026-04-05T14:00:01.014503Z  INFO ThreadId(10) pipeline{execution_id=051ffa6e-fa7d-4411-9302-aed4da5cfe48 chain_id=42161 from_address=0xfea6645D31443cF7Cf96eF1dB7823EB9365f98bf}: cortex::pipeline: nonce reserved elapsed_ms=324 nonce=17
2026-04-05T14:00:01.014895Z  INFO ThreadId(09) pipeline{execution_id=e9bd6cf3-d8bc-4f37-a17a-f67be81f390b chain_id=1 from_address=0xCFA80F1f22b0AD533F7d8e2CcC0A783aa4BCaFF3}: cortex::pipeline: transaction signed elapsed_ms=325
2026-04-05T14:00:01.015172Z  INFO ThreadId(03) pipeline{execution_id=268721b0-b9db-4f9c-a4c6-53a61af002cc chain_id=42161 from_address=0xfea6645D31443cF7Cf96eF1dB7823EB9365f98bf}: cortex::pipeline: nonce reserved elapsed_ms=325 nonce=18
2026-04-05T14:00:01.015231Z  INFO ThreadId(13) pipeline{execution_id=c45f9712-133a-427f-b0cf-4d9c8a95fd97 chain_id=1 from_address=0xfea6645D31443cF7Cf96eF1dB7823EB9365f98bf}: cortex::pipeline: transaction broadcasted: elapsed_ms=325 tx_hash=0x0f0e8b180e9560cfd977efeef96d547f4b9041a5f48aa4d50572e2d51866e471
2026-04-05T14:00:01.015419Z  INFO ThreadId(03) pipeline{execution_id=051ffa6e-fa7d-4411-9302-aed4da5cfe48 chain_id=42161 from_address=0xfea6645D31443cF7Cf96eF1dB7823EB9365f98bf}: cortex::pipeline: transaction signed elapsed_ms=325
2026-04-05T14:00:01.015479Z  INFO ThreadId(10) pipeline{execution_id=4c9ff9b1-dfb2-42e1-b454-880d048bbcc1 chain_id=137 from_address=0x8b172F820629b14cEAF859A6e159d1BcD3291Fe1}: cortex::pipeline: transaction broadcasted: elapsed_ms=326 tx_hash=0x7ba5ba8a511b2176738de6b1cdb2b0840cebaeb225f3fc83af6d981b5158701c
2026-04-05T14:00:01.015829Z  INFO ThreadId(16) pipeline{execution_id=68b8f9d7-1ec9-4c6f-84f7-657d1e232c65 chain_id=42161 from_address=0xCFA80F1f22b0AD533F7d8e2CcC0A783aa4BCaFF3}: cortex::pipeline: nonce reserved elapsed_ms=325 nonce=15
2026-04-05T14:00:01.016202Z  INFO ThreadId(08) pipeline{execution_id=268721b0-b9db-4f9c-a4c6-53a61af002cc chain_id=42161 from_address=0xfea6645D31443cF7Cf96eF1dB7823EB9365f98bf}: cortex::pipeline: transaction signed elapsed_ms=326
2026-04-05T14:00:01.016504Z  INFO ThreadId(13) pipeline{execution_id=5cdbc855-bb29-401d-adf7-72a7e9c865fe chain_id=137 from_address=0x8b172F820629b14cEAF859A6e159d1BcD3291Fe1}: cortex::pipeline: nonce reserved elapsed_ms=326 nonce=27
2026-04-05T14:00:01.016779Z  INFO ThreadId(13) pipeline{execution_id=68b8f9d7-1ec9-4c6f-84f7-657d1e232c65 chain_id=42161 from_address=0xCFA80F1f22b0AD533F7d8e2CcC0A783aa4BCaFF3}: cortex::pipeline: transaction signed elapsed_ms=326
2026-04-05T14:00:01.016801Z  INFO ThreadId(08) pipeline{execution_id=3082feb4-6b73-4485-9603-99df8280a55a chain_id=1 from_address=0xfea6645D31443cF7Cf96eF1dB7823EB9365f98bf}: cortex::pipeline: transaction broadcasted: elapsed_ms=328 tx_hash=0xa5d35bf628950f31aec731c0565f1c08635ce805eb505aa74ab5d04fc6d30a34
2026-04-05T14:00:01.016828Z  INFO ThreadId(16) pipeline{execution_id=051ffa6e-fa7d-4411-9302-aed4da5cfe48 chain_id=42161 from_address=0xfea6645D31443cF7Cf96eF1dB7823EB9365f98bf}: cortex::pipeline: transaction broadcasted: elapsed_ms=326 tx_hash=0x8d3079fbd58d9632f1f825e2839a1b3427981b8b10188cdb2dc5b461cd1114ea
2026-04-05T14:00:01.017064Z  INFO ThreadId(08) pipeline{execution_id=52db17f4-f0a3-4037-bf5c-b782aaef8d2d chain_id=137 from_address=0x8AfE43fF49EBd5c4B8Cd1497ee77b437dd1711fc}: cortex::pipeline: transaction broadcasted: elapsed_ms=326 tx_hash=0xeec5e1f960f61a88297440758578e230598d9e6ad267993673b3cdfa4f800743
2026-04-05T14:00:01.017357Z  INFO ThreadId(10) pipeline{execution_id=f78cc779-31c3-4e92-989e-54fd3ad38693 chain_id=137 from_address=0x2EAC739a1e05F4a05a5B8fD93D332c4353E5A7cD}: cortex::pipeline: nonce reserved elapsed_ms=327 nonce=18
2026-04-05T14:00:01.017734Z  INFO ThreadId(10) pipeline{execution_id=5cdbc855-bb29-401d-adf7-72a7e9c865fe chain_id=137 from_address=0x8b172F820629b14cEAF859A6e159d1BcD3291Fe1}: cortex::pipeline: transaction signed elapsed_ms=327
2026-04-05T14:00:01.018215Z  INFO ThreadId(08) pipeline{execution_id=5bd380fc-e34b-480a-9101-4dab393d22b3 chain_id=42161 from_address=0xfea6645D31443cF7Cf96eF1dB7823EB9365f98bf}: cortex::pipeline: nonce reserved elapsed_ms=327 nonce=19
2026-04-05T14:00:01.018215Z  INFO ThreadId(03) pipeline{execution_id=e9bd6cf3-d8bc-4f37-a17a-f67be81f390b chain_id=1 from_address=0xCFA80F1f22b0AD533F7d8e2CcC0A783aa4BCaFF3}: cortex::pipeline: transaction broadcasted: elapsed_ms=328 tx_hash=0x58ca7b828e4369d877a275a31c1cb2152c093ceb8df878fe81ecf813e1915017
2026-04-05T14:00:01.018272Z  INFO ThreadId(10) pipeline{execution_id=268721b0-b9db-4f9c-a4c6-53a61af002cc chain_id=42161 from_address=0xfea6645D31443cF7Cf96eF1dB7823EB9365f98bf}: cortex::pipeline: transaction broadcasted: elapsed_ms=328 tx_hash=0x48150bd07e621732f7e3a65fce410b02286b5ff98672d5b3f4c640f1db1f435d
2026-04-05T14:00:01.018616Z  INFO ThreadId(09) pipeline{execution_id=f78cc779-31c3-4e92-989e-54fd3ad38693 chain_id=137 from_address=0x2EAC739a1e05F4a05a5B8fD93D332c4353E5A7cD}: cortex::pipeline: transaction signed elapsed_ms=328
2026-04-05T14:00:01.019111Z  INFO ThreadId(13) pipeline{execution_id=c5e6cbc4-d571-4537-a6fe-b434e455bebb chain_id=1 from_address=0xfea6645D31443cF7Cf96eF1dB7823EB9365f98bf}: cortex::pipeline: nonce reserved elapsed_ms=328 nonce=25
2026-04-05T14:00:01.019380Z  INFO ThreadId(10) pipeline{execution_id=5bd380fc-e34b-480a-9101-4dab393d22b3 chain_id=42161 from_address=0xfea6645D31443cF7Cf96eF1dB7823EB9365f98bf}: cortex::pipeline: transaction signed elapsed_ms=328
2026-04-05T14:00:01.019417Z  INFO ThreadId(03) pipeline{execution_id=5cdbc855-bb29-401d-adf7-72a7e9c865fe chain_id=137 from_address=0x8b172F820629b14cEAF859A6e159d1BcD3291Fe1}: cortex::pipeline: transaction broadcasted: elapsed_ms=329 tx_hash=0xf366718ed0adde914b1c00838c39b94ff09f1bc557385539cb454e914832fd1c
2026-04-05T14:00:01.019901Z  INFO ThreadId(03) pipeline{execution_id=68b8f9d7-1ec9-4c6f-84f7-657d1e232c65 chain_id=42161 from_address=0xCFA80F1f22b0AD533F7d8e2CcC0A783aa4BCaFF3}: cortex::pipeline: transaction broadcasted: elapsed_ms=329 tx_hash=0xa2c9795b94f1b7e5f9930d44aa025c78dcde5a510fc04325e15838180f507c0c
2026-04-05T14:00:01.020249Z  INFO ThreadId(13) pipeline{execution_id=7131ae59-83e3-456e-bdfa-ef7f515fa6ce chain_id=42161 from_address=0xfea6645D31443cF7Cf96eF1dB7823EB9365f98bf}: cortex::pipeline: nonce reserved elapsed_ms=329 nonce=20
2026-04-05T14:00:01.020537Z  INFO ThreadId(16) pipeline{execution_id=c5e6cbc4-d571-4537-a6fe-b434e455bebb chain_id=1 from_address=0xfea6645D31443cF7Cf96eF1dB7823EB9365f98bf}: cortex::pipeline: transaction signed elapsed_ms=330
2026-04-05T14:00:01.020856Z  INFO ThreadId(16) pipeline{execution_id=f3bdfdd7-7978-4d06-9bc1-2c28d3fcf943 chain_id=1 from_address=0x8AfE43fF49EBd5c4B8Cd1497ee77b437dd1711fc}: cortex::pipeline: nonce reserved elapsed_ms=330 nonce=19
2026-04-05T14:00:01.022021Z  INFO ThreadId(08) pipeline{execution_id=f78cc779-31c3-4e92-989e-54fd3ad38693 chain_id=137 from_address=0x2EAC739a1e05F4a05a5B8fD93D332c4353E5A7cD}: cortex::pipeline: transaction broadcasted: elapsed_ms=332 tx_hash=0x5a07813cdaa2b214885b3a3b7a17f2109ec331b842647fb3747299f8890ef6a1
2026-04-05T14:00:01.022451Z  INFO ThreadId(08) pipeline{execution_id=7131ae59-83e3-456e-bdfa-ef7f515fa6ce chain_id=42161 from_address=0xfea6645D31443cF7Cf96eF1dB7823EB9365f98bf}: cortex::pipeline: transaction signed elapsed_ms=331
2026-04-05T14:00:01.022482Z  INFO ThreadId(10) pipeline{execution_id=5bd380fc-e34b-480a-9101-4dab393d22b3 chain_id=42161 from_address=0xfea6645D31443cF7Cf96eF1dB7823EB9365f98bf}: cortex::pipeline: transaction broadcasted: elapsed_ms=332 tx_hash=0x9c7ecb20e49cd6927b181a951fa206a01047ba7ef5c430c115e6457ead87f48d
2026-04-05T14:00:01.022656Z  INFO ThreadId(10) pipeline{execution_id=c5e6cbc4-d571-4537-a6fe-b434e455bebb chain_id=1 from_address=0xfea6645D31443cF7Cf96eF1dB7823EB9365f98bf}: cortex::pipeline: transaction broadcasted: elapsed_ms=332 tx_hash=0xdef5218616f9e61d18aacedf83a94e4ed3c389d07fc613d7057218c02c83ae11
2026-04-05T14:00:01.022846Z  INFO ThreadId(09) pipeline{execution_id=f3bdfdd7-7978-4d06-9bc1-2c28d3fcf943 chain_id=1 from_address=0x8AfE43fF49EBd5c4B8Cd1497ee77b437dd1711fc}: cortex::pipeline: transaction signed elapsed_ms=332
2026-04-05T14:00:01.024015Z  INFO ThreadId(10) pipeline{execution_id=32df217d-c71a-44c0-a3cb-192db9b19400 chain_id=1 from_address=0xfea6645D31443cF7Cf96eF1dB7823EB9365f98bf}: cortex::pipeline: nonce reserved elapsed_ms=333 nonce=26
2026-04-05T14:00:01.024823Z  INFO ThreadId(03) pipeline{execution_id=7131ae59-83e3-456e-bdfa-ef7f515fa6ce chain_id=42161 from_address=0xfea6645D31443cF7Cf96eF1dB7823EB9365f98bf}: cortex::pipeline: transaction broadcasted: elapsed_ms=334 tx_hash=0x481d63513bf6a8b418e9b34edb6ea9dfae766281f3d693815aed04a23b50186e
2026-04-05T14:00:01.024891Z  INFO ThreadId(10) pipeline{execution_id=f58783e0-d03b-40ef-877d-0ca047104a0a chain_id=42161 from_address=0xfea6645D31443cF7Cf96eF1dB7823EB9365f98bf}: cortex::pipeline: nonce reserved elapsed_ms=334 nonce=21
2026-04-05T14:00:01.025561Z  INFO ThreadId(09) pipeline{execution_id=f3bdfdd7-7978-4d06-9bc1-2c28d3fcf943 chain_id=1 from_address=0x8AfE43fF49EBd5c4B8Cd1497ee77b437dd1711fc}: cortex::pipeline: transaction broadcasted: elapsed_ms=335 tx_hash=0xc10d41cbefb1bb6e7014ea6f5f64d3b5ce3c4267cfee4fb6b71ba53c0f71d61c
2026-04-05T14:00:01.025589Z  INFO ThreadId(11) pipeline{execution_id=32df217d-c71a-44c0-a3cb-192db9b19400 chain_id=1 from_address=0xfea6645D31443cF7Cf96eF1dB7823EB9365f98bf}: cortex::pipeline: transaction signed elapsed_ms=335
2026-04-05T14:00:01.026002Z  INFO ThreadId(10) pipeline{execution_id=a93c1737-d3ed-42c1-b089-0d1d9cc4103b chain_id=137 from_address=0xfea6645D31443cF7Cf96eF1dB7823EB9365f98bf}: cortex::pipeline: nonce reserved elapsed_ms=335 nonce=17
2026-04-05T14:00:01.026532Z  INFO ThreadId(10) pipeline{execution_id=f58783e0-d03b-40ef-877d-0ca047104a0a chain_id=42161 from_address=0xfea6645D31443cF7Cf96eF1dB7823EB9365f98bf}: cortex::pipeline: transaction signed elapsed_ms=335
2026-04-05T14:00:01.027425Z  INFO ThreadId(10) pipeline{execution_id=a0e35bd9-8284-46dd-86ef-9a0f119a6bc6 chain_id=1 from_address=0x2EAC739a1e05F4a05a5B8fD93D332c4353E5A7cD}: cortex::pipeline: nonce reserved elapsed_ms=337 nonce=14
2026-04-05T14:00:01.027745Z  INFO ThreadId(11) pipeline{execution_id=a93c1737-d3ed-42c1-b089-0d1d9cc4103b chain_id=137 from_address=0xfea6645D31443cF7Cf96eF1dB7823EB9365f98bf}: cortex::pipeline: transaction signed elapsed_ms=337
2026-04-05T14:00:01.027768Z  INFO ThreadId(09) pipeline{execution_id=32df217d-c71a-44c0-a3cb-192db9b19400 chain_id=1 from_address=0xfea6645D31443cF7Cf96eF1dB7823EB9365f98bf}: cortex::pipeline: transaction broadcasted: elapsed_ms=337 tx_hash=0x4ab3cc660aa4a869eea158b7dd373e265455ef8251c9b7018e0de7168ccc2443
2026-04-05T14:00:01.028921Z  INFO ThreadId(13) pipeline{execution_id=1e3e8228-40a8-4d49-83ce-7ee3832ec807 chain_id=42161 from_address=0x8AfE43fF49EBd5c4B8Cd1497ee77b437dd1711fc}: cortex::pipeline: nonce reserved elapsed_ms=338 nonce=14
2026-04-05T14:00:01.029225Z  INFO ThreadId(10) pipeline{execution_id=a0e35bd9-8284-46dd-86ef-9a0f119a6bc6 chain_id=1 from_address=0x2EAC739a1e05F4a05a5B8fD93D332c4353E5A7cD}: cortex::pipeline: transaction signed elapsed_ms=339
2026-04-05T14:00:01.029647Z  INFO ThreadId(08) pipeline{execution_id=f58783e0-d03b-40ef-877d-0ca047104a0a chain_id=42161 from_address=0xfea6645D31443cF7Cf96eF1dB7823EB9365f98bf}: cortex::pipeline: transaction broadcasted: elapsed_ms=339 tx_hash=0xf3737bde95d2d7a399ee7a00850c774784eb2d4302432f6dac6fea55b7f74c84
2026-04-05T14:00:01.031213Z  INFO ThreadId(10) pipeline{execution_id=a93c1737-d3ed-42c1-b089-0d1d9cc4103b chain_id=137 from_address=0xfea6645D31443cF7Cf96eF1dB7823EB9365f98bf}: cortex::pipeline: transaction broadcasted: elapsed_ms=340 tx_hash=0xf88a4ca75c33750dfd828bada5a766f0f8cdb0139a4277a43ea5ab3696e95361
2026-04-05T14:00:01.032003Z  INFO ThreadId(13) pipeline{execution_id=fd979ed2-98d6-47a8-9c1a-abd6f375fdeb chain_id=137 from_address=0xCFA80F1f22b0AD533F7d8e2CcC0A783aa4BCaFF3}: cortex::pipeline: nonce reserved elapsed_ms=341 nonce=19
2026-04-05T14:00:01.032387Z  INFO ThreadId(10) pipeline{execution_id=1e3e8228-40a8-4d49-83ce-7ee3832ec807 chain_id=42161 from_address=0x8AfE43fF49EBd5c4B8Cd1497ee77b437dd1711fc}: cortex::pipeline: transaction signed elapsed_ms=342
2026-04-05T14:00:01.032637Z  INFO ThreadId(10) pipeline{execution_id=a0e35bd9-8284-46dd-86ef-9a0f119a6bc6 chain_id=1 from_address=0x2EAC739a1e05F4a05a5B8fD93D332c4353E5A7cD}: cortex::pipeline: transaction broadcasted: elapsed_ms=342 tx_hash=0x42ad4ca20285a2d5c23f793c2c158f1df47b375b998ea59e11644d4b394d2db6
2026-04-05T14:00:01.033207Z  INFO ThreadId(16) pipeline{execution_id=fd979ed2-98d6-47a8-9c1a-abd6f375fdeb chain_id=137 from_address=0xCFA80F1f22b0AD533F7d8e2CcC0A783aa4BCaFF3}: cortex::pipeline: transaction signed elapsed_ms=342
2026-04-05T14:00:01.033760Z  INFO ThreadId(16) pipeline{execution_id=b7067e91-c1c2-406e-8bff-33e886dee8ec chain_id=42161 from_address=0x2EAC739a1e05F4a05a5B8fD93D332c4353E5A7cD}: cortex::pipeline: nonce reserved elapsed_ms=343 nonce=21
2026-04-05T14:00:01.034220Z  INFO ThreadId(09) pipeline{execution_id=1e3e8228-40a8-4d49-83ce-7ee3832ec807 chain_id=42161 from_address=0x8AfE43fF49EBd5c4B8Cd1497ee77b437dd1711fc}: cortex::pipeline: transaction broadcasted: elapsed_ms=343 tx_hash=0x6370175db75ee794661554ca2ef451179d3b49c7e9be8a993f951457887fdc54
2026-04-05T14:00:01.034485Z  INFO ThreadId(03) pipeline{execution_id=b5691c15-128f-4622-91c5-49a9e0cc6a9a chain_id=1 from_address=0xfea6645D31443cF7Cf96eF1dB7823EB9365f98bf}: cortex::pipeline: nonce reserved elapsed_ms=343 nonce=27
2026-04-05T14:00:01.034948Z  INFO ThreadId(13) pipeline{execution_id=b7067e91-c1c2-406e-8bff-33e886dee8ec chain_id=42161 from_address=0x2EAC739a1e05F4a05a5B8fD93D332c4353E5A7cD}: cortex::pipeline: transaction signed elapsed_ms=344
2026-04-05T14:00:01.035295Z  INFO ThreadId(16) pipeline{execution_id=4d630a90-e788-4878-b857-250a1264d1c0 chain_id=1 from_address=0x8AfE43fF49EBd5c4B8Cd1497ee77b437dd1711fc}: cortex::pipeline: nonce reserved elapsed_ms=344 nonce=20
2026-04-05T14:00:01.035475Z  INFO ThreadId(16) pipeline{execution_id=fd979ed2-98d6-47a8-9c1a-abd6f375fdeb chain_id=137 from_address=0xCFA80F1f22b0AD533F7d8e2CcC0A783aa4BCaFF3}: cortex::pipeline: transaction broadcasted: elapsed_ms=344 tx_hash=0xc0f1081cdc329371bdc7a1a9d732918ff357644e14e32ba56156e385113d4ad5
2026-04-05T14:00:01.035713Z  INFO ThreadId(16) pipeline{execution_id=b5691c15-128f-4622-91c5-49a9e0cc6a9a chain_id=1 from_address=0xfea6645D31443cF7Cf96eF1dB7823EB9365f98bf}: cortex::pipeline: transaction signed elapsed_ms=344
2026-04-05T14:00:01.036538Z  INFO ThreadId(16) pipeline{execution_id=4d630a90-e788-4878-b857-250a1264d1c0 chain_id=1 from_address=0x8AfE43fF49EBd5c4B8Cd1497ee77b437dd1711fc}: cortex::pipeline: transaction signed elapsed_ms=346
2026-04-05T14:00:01.037019Z  INFO ThreadId(16) pipeline{execution_id=b7067e91-c1c2-406e-8bff-33e886dee8ec chain_id=42161 from_address=0x2EAC739a1e05F4a05a5B8fD93D332c4353E5A7cD}: cortex::pipeline: transaction broadcasted: elapsed_ms=346 tx_hash=0xda7c052e0ba654ac9ab989d94c887d721d718497abd9117ee995c5beecd5e4c6
2026-04-05T14:00:01.037475Z  INFO ThreadId(16) pipeline{execution_id=b5691c15-128f-4622-91c5-49a9e0cc6a9a chain_id=1 from_address=0xfea6645D31443cF7Cf96eF1dB7823EB9365f98bf}: cortex::pipeline: transaction broadcasted: elapsed_ms=346 tx_hash=0x77dd26ea0ebb875627fb6466308beda55fec4c69c94f77fee38530326e9d6472
2026-04-05T14:00:01.038920Z  INFO ThreadId(16) pipeline{execution_id=4d630a90-e788-4878-b857-250a1264d1c0 chain_id=1 from_address=0x8AfE43fF49EBd5c4B8Cd1497ee77b437dd1711fc}: cortex::pipeline: transaction broadcasted: elapsed_ms=348 tx_hash=0x63b1bb9e741baa530bf3c84761972a6a5263adbca9ca5828bcc5900b7115e589
2026-04-05T14:00:02.835480Z  INFO ThreadId(14) pipeline{execution_id=a256ed82-48f5-405a-a06f-7b6be5ddf0fa chain_id=137 from_address=0x8b172F820629b14cEAF859A6e159d1BcD3291Fe1}: cortex::pipeline: transaction confirmed on-chain elapsed_ms=2198 block_number=85138788 confirmations=1
2026-04-05T14:00:02.835533Z  INFO ThreadId(14) pipeline{execution_id=a256ed82-48f5-405a-a06f-7b6be5ddf0fa chain_id=137 from_address=0x8b172F820629b14cEAF859A6e159d1BcD3291Fe1}: cortex::pipeline: pipeline completed elapsed_ms=2199
2026-04-05T14:00:02.835541Z  INFO ThreadId(13) pipeline{execution_id=0bee0750-9789-462e-a28d-b99cf07656eb chain_id=1 from_address=0x8AfE43fF49EBd5c4B8Cd1497ee77b437dd1711fc}: cortex::pipeline: transaction confirmed on-chain elapsed_ms=2198 block_number=24813932 confirmations=1
2026-04-05T14:00:02.835567Z  INFO ThreadId(13) pipeline{execution_id=0bee0750-9789-462e-a28d-b99cf07656eb chain_id=1 from_address=0x8AfE43fF49EBd5c4B8Cd1497ee77b437dd1711fc}: cortex::pipeline: pipeline completed elapsed_ms=2198
2026-04-05T14:00:02.837702Z  INFO ThreadId(08) pipeline{execution_id=afb341a0-1466-4f9f-b369-ff86011ba681 chain_id=42161 from_address=0x8AfE43fF49EBd5c4B8Cd1497ee77b437dd1711fc}: cortex::pipeline: transaction confirmed on-chain elapsed_ms=2200 block_number=449318197 confirmations=1
2026-04-05T14:00:02.837748Z  INFO ThreadId(08) pipeline{execution_id=afb341a0-1466-4f9f-b369-ff86011ba681 chain_id=42161 from_address=0x8AfE43fF49EBd5c4B8Cd1497ee77b437dd1711fc}: cortex::pipeline: pipeline completed elapsed_ms=2201
2026-04-05T14:00:02.838449Z  INFO ThreadId(07) pipeline{execution_id=c1aa4016-f00d-4d7a-a943-9b3e7af4d4fd chain_id=137 from_address=0x8b172F820629b14cEAF859A6e159d1BcD3291Fe1}: cortex::pipeline: transaction confirmed on-chain elapsed_ms=2202 block_number=85138788 confirmations=1
2026-04-05T14:00:02.838492Z  INFO ThreadId(07) pipeline{execution_id=c1aa4016-f00d-4d7a-a943-9b3e7af4d4fd chain_id=137 from_address=0x8b172F820629b14cEAF859A6e159d1BcD3291Fe1}: cortex::pipeline: pipeline completed elapsed_ms=2202
2026-04-05T14:00:02.838613Z  INFO ThreadId(03) pipeline{execution_id=d7511690-dc4f-4770-a727-43f1d84f74de chain_id=1 from_address=0xfea6645D31443cF7Cf96eF1dB7823EB9365f98bf}: cortex::pipeline: transaction confirmed on-chain elapsed_ms=2202 block_number=24813932 confirmations=1
2026-04-05T14:00:02.838644Z  INFO ThreadId(03) pipeline{execution_id=d7511690-dc4f-4770-a727-43f1d84f74de chain_id=1 from_address=0xfea6645D31443cF7Cf96eF1dB7823EB9365f98bf}: cortex::pipeline: pipeline completed elapsed_ms=2202
2026-04-05T14:00:02.840114Z  INFO ThreadId(13) pipeline{execution_id=823bb773-4e7e-4078-9b3d-e2e8ddb8ecb7 chain_id=42161 from_address=0x8AfE43fF49EBd5c4B8Cd1497ee77b437dd1711fc}: cortex::pipeline: transaction confirmed on-chain elapsed_ms=2202 block_number=449318197 confirmations=1
2026-04-05T14:00:02.840154Z  INFO ThreadId(13) pipeline{execution_id=823bb773-4e7e-4078-9b3d-e2e8ddb8ecb7 chain_id=42161 from_address=0x8AfE43fF49EBd5c4B8Cd1497ee77b437dd1711fc}: cortex::pipeline: pipeline completed elapsed_ms=2202
2026-04-05T14:00:02.841433Z  INFO ThreadId(14) pipeline{execution_id=2a70e17d-be33-4f5d-bd15-31ca30a40299 chain_id=137 from_address=0x8b172F820629b14cEAF859A6e159d1BcD3291Fe1}: cortex::pipeline: transaction confirmed on-chain elapsed_ms=2203 block_number=85138788 confirmations=1
2026-04-05T14:00:02.841471Z  INFO ThreadId(14) pipeline{execution_id=2a70e17d-be33-4f5d-bd15-31ca30a40299 chain_id=137 from_address=0x8b172F820629b14cEAF859A6e159d1BcD3291Fe1}: cortex::pipeline: pipeline completed elapsed_ms=2203
2026-04-05T14:00:02.841521Z  INFO ThreadId(08) pipeline{execution_id=5907b717-5807-422a-aca2-9add896ab0fd chain_id=1 from_address=0x2EAC739a1e05F4a05a5B8fD93D332c4353E5A7cD}: cortex::pipeline: transaction confirmed on-chain elapsed_ms=2204 block_number=24813932 confirmations=1
2026-04-05T14:00:02.841545Z  INFO ThreadId(08) pipeline{execution_id=5907b717-5807-422a-aca2-9add896ab0fd chain_id=1 from_address=0x2EAC739a1e05F4a05a5B8fD93D332c4353E5A7cD}: cortex::pipeline: pipeline completed elapsed_ms=2204
2026-04-05T14:00:02.842994Z  INFO ThreadId(07) pipeline{execution_id=b3836f9c-a4cf-484d-959d-e1729eda50d2 chain_id=42161 from_address=0xCFA80F1f22b0AD533F7d8e2CcC0A783aa4BCaFF3}: cortex::pipeline: transaction confirmed on-chain elapsed_ms=2206 block_number=449318197 confirmations=1
2026-04-05T14:00:02.843032Z  INFO ThreadId(07) pipeline{execution_id=b3836f9c-a4cf-484d-959d-e1729eda50d2 chain_id=42161 from_address=0xCFA80F1f22b0AD533F7d8e2CcC0A783aa4BCaFF3}: cortex::pipeline: pipeline completed elapsed_ms=2206
2026-04-05T14:00:02.843652Z  INFO ThreadId(07) pipeline{execution_id=3e2db9c5-63ab-4b32-b3d3-35251497e7dd chain_id=42161 from_address=0x8b172F820629b14cEAF859A6e159d1BcD3291Fe1}: cortex::pipeline: transaction confirmed on-chain elapsed_ms=2207 block_number=449318202 confirmations=1
2026-04-05T14:00:02.843683Z  INFO ThreadId(07) pipeline{execution_id=3e2db9c5-63ab-4b32-b3d3-35251497e7dd chain_id=42161 from_address=0x8b172F820629b14cEAF859A6e159d1BcD3291Fe1}: cortex::pipeline: pipeline completed elapsed_ms=2207
2026-04-05T14:00:02.845334Z  INFO ThreadId(14) pipeline{execution_id=ff35ab56-c083-45f1-b73e-619f45b68527 chain_id=1 from_address=0xfea6645D31443cF7Cf96eF1dB7823EB9365f98bf}: cortex::pipeline: transaction confirmed on-chain elapsed_ms=2208 block_number=24813932 confirmations=1
2026-04-05T14:00:02.845384Z  INFO ThreadId(14) pipeline{execution_id=ff35ab56-c083-45f1-b73e-619f45b68527 chain_id=1 from_address=0xfea6645D31443cF7Cf96eF1dB7823EB9365f98bf}: cortex::pipeline: pipeline completed elapsed_ms=2208
2026-04-05T14:00:02.846012Z  INFO ThreadId(03) pipeline{execution_id=0cae7451-ab37-41e3-ae60-ebcd8e93fc5f chain_id=137 from_address=0x8b172F820629b14cEAF859A6e159d1BcD3291Fe1}: cortex::pipeline: transaction confirmed on-chain elapsed_ms=2208 block_number=85138788 confirmations=1
2026-04-05T14:00:02.846047Z  INFO ThreadId(03) pipeline{execution_id=0cae7451-ab37-41e3-ae60-ebcd8e93fc5f chain_id=137 from_address=0x8b172F820629b14cEAF859A6e159d1BcD3291Fe1}: cortex::pipeline: pipeline completed elapsed_ms=2208
2026-04-05T14:00:02.846595Z  INFO ThreadId(16) pipeline{execution_id=fbad8d13-e34b-453a-a70a-bc6e4f7b73c4 chain_id=1 from_address=0x8b172F820629b14cEAF859A6e159d1BcD3291Fe1}: cortex::pipeline: transaction confirmed on-chain elapsed_ms=2209 block_number=24813930 confirmations=1
2026-04-05T14:00:02.846629Z  INFO ThreadId(16) pipeline{execution_id=fbad8d13-e34b-453a-a70a-bc6e4f7b73c4 chain_id=1 from_address=0x8b172F820629b14cEAF859A6e159d1BcD3291Fe1}: cortex::pipeline: pipeline completed elapsed_ms=2209
2026-04-05T14:00:02.847813Z  INFO ThreadId(16) pipeline{execution_id=4039c45b-573c-4976-a253-1695b648fdaf chain_id=137 from_address=0xCFA80F1f22b0AD533F7d8e2CcC0A783aa4BCaFF3}: cortex::pipeline: transaction confirmed on-chain elapsed_ms=2209 block_number=85138789 confirmations=1
2026-04-05T14:00:02.847861Z  INFO ThreadId(16) pipeline{execution_id=4039c45b-573c-4976-a253-1695b648fdaf chain_id=137 from_address=0xCFA80F1f22b0AD533F7d8e2CcC0A783aa4BCaFF3}: cortex::pipeline: pipeline completed elapsed_ms=2209
2026-04-05T14:00:02.848734Z  INFO ThreadId(14) pipeline{execution_id=bfa24982-7d15-46c2-a375-dfedaf5f0810 chain_id=137 from_address=0xfea6645D31443cF7Cf96eF1dB7823EB9365f98bf}: cortex::pipeline: transaction confirmed on-chain elapsed_ms=2210 block_number=85138789 confirmations=1
2026-04-05T14:00:02.848776Z  INFO ThreadId(14) pipeline{execution_id=bfa24982-7d15-46c2-a375-dfedaf5f0810 chain_id=137 from_address=0xfea6645D31443cF7Cf96eF1dB7823EB9365f98bf}: cortex::pipeline: pipeline completed elapsed_ms=2210
2026-04-05T14:00:02.849302Z  INFO ThreadId(16) pipeline{execution_id=0661acc8-d3f3-495a-86d6-2b89ff3a2d39 chain_id=1 from_address=0x8b172F820629b14cEAF859A6e159d1BcD3291Fe1}: cortex::pipeline: transaction confirmed on-chain elapsed_ms=2211 block_number=24813930 confirmations=1
2026-04-05T14:00:02.849353Z  INFO ThreadId(16) pipeline{execution_id=0661acc8-d3f3-495a-86d6-2b89ff3a2d39 chain_id=1 from_address=0x8b172F820629b14cEAF859A6e159d1BcD3291Fe1}: cortex::pipeline: pipeline completed elapsed_ms=2211
2026-04-05T14:00:02.850393Z  INFO ThreadId(07) pipeline{execution_id=bb7d70d7-15ea-47cd-92aa-05df669c8379 chain_id=42161 from_address=0xCFA80F1f22b0AD533F7d8e2CcC0A783aa4BCaFF3}: cortex::pipeline: transaction confirmed on-chain elapsed_ms=2212 block_number=449318197 confirmations=1
2026-04-05T14:00:02.850432Z  INFO ThreadId(07) pipeline{execution_id=bb7d70d7-15ea-47cd-92aa-05df669c8379 chain_id=42161 from_address=0xCFA80F1f22b0AD533F7d8e2CcC0A783aa4BCaFF3}: cortex::pipeline: pipeline completed elapsed_ms=2212
2026-04-05T14:00:02.850516Z  INFO ThreadId(03) pipeline{execution_id=fd251e05-3d9a-4f96-8c57-09ff63ee3a7b chain_id=42161 from_address=0x2EAC739a1e05F4a05a5B8fD93D332c4353E5A7cD}: cortex::pipeline: transaction confirmed on-chain elapsed_ms=2213 block_number=449318197 confirmations=1
2026-04-05T14:00:02.850548Z  INFO ThreadId(03) pipeline{execution_id=fd251e05-3d9a-4f96-8c57-09ff63ee3a7b chain_id=42161 from_address=0x2EAC739a1e05F4a05a5B8fD93D332c4353E5A7cD}: cortex::pipeline: pipeline completed elapsed_ms=2213
2026-04-05T14:00:02.850944Z  INFO ThreadId(08) pipeline{execution_id=080e9f91-1197-4efa-ab0c-ee4f7da00b92 chain_id=1 from_address=0x8b172F820629b14cEAF859A6e159d1BcD3291Fe1}: cortex::pipeline: transaction confirmed on-chain elapsed_ms=2212 block_number=24813930 confirmations=1
2026-04-05T14:00:02.850979Z  INFO ThreadId(08) pipeline{execution_id=080e9f91-1197-4efa-ab0c-ee4f7da00b92 chain_id=1 from_address=0x8b172F820629b14cEAF859A6e159d1BcD3291Fe1}: cortex::pipeline: pipeline completed elapsed_ms=2212
2026-04-05T14:00:02.851071Z  INFO ThreadId(14) pipeline{execution_id=e5a300bc-02b6-4106-b473-605f8885d73e chain_id=137 from_address=0x8AfE43fF49EBd5c4B8Cd1497ee77b437dd1711fc}: cortex::pipeline: transaction confirmed on-chain elapsed_ms=2212 block_number=85138789 confirmations=1
2026-04-05T14:00:02.851099Z  INFO ThreadId(14) pipeline{execution_id=e5a300bc-02b6-4106-b473-605f8885d73e chain_id=137 from_address=0x8AfE43fF49EBd5c4B8Cd1497ee77b437dd1711fc}: cortex::pipeline: pipeline completed elapsed_ms=2212
2026-04-05T14:00:02.852791Z  INFO ThreadId(16) pipeline{execution_id=a8811fef-48ca-472a-9921-82a617f69123 chain_id=42161 from_address=0x2EAC739a1e05F4a05a5B8fD93D332c4353E5A7cD}: cortex::pipeline: transaction confirmed on-chain elapsed_ms=2215 block_number=449318197 confirmations=1
2026-04-05T14:00:02.852839Z  INFO ThreadId(16) pipeline{execution_id=a8811fef-48ca-472a-9921-82a617f69123 chain_id=42161 from_address=0x2EAC739a1e05F4a05a5B8fD93D332c4353E5A7cD}: cortex::pipeline: pipeline completed elapsed_ms=2215
2026-04-05T14:00:02.852846Z  INFO ThreadId(14) pipeline{execution_id=364c5a43-525e-45bf-b12d-1fc02711e46e chain_id=1 from_address=0xfea6645D31443cF7Cf96eF1dB7823EB9365f98bf}: cortex::pipeline: transaction confirmed on-chain elapsed_ms=2214 block_number=24813932 confirmations=1
2026-04-05T14:00:02.852873Z  INFO ThreadId(14) pipeline{execution_id=364c5a43-525e-45bf-b12d-1fc02711e46e chain_id=1 from_address=0xfea6645D31443cF7Cf96eF1dB7823EB9365f98bf}: cortex::pipeline: pipeline completed elapsed_ms=2214
2026-04-05T14:00:02.852879Z  INFO ThreadId(08) pipeline{execution_id=6109b65a-a96d-4a28-b73a-3523f87d96d4 chain_id=137 from_address=0x8AfE43fF49EBd5c4B8Cd1497ee77b437dd1711fc}: cortex::pipeline: transaction confirmed on-chain elapsed_ms=2213 block_number=85138789 confirmations=1
2026-04-05T14:00:02.852899Z  INFO ThreadId(08) pipeline{execution_id=6109b65a-a96d-4a28-b73a-3523f87d96d4 chain_id=137 from_address=0x8AfE43fF49EBd5c4B8Cd1497ee77b437dd1711fc}: cortex::pipeline: pipeline completed elapsed_ms=2213
2026-04-05T14:00:02.855244Z  INFO ThreadId(16) pipeline{execution_id=570c6305-ea96-40af-8ac0-c54d26f2e88c chain_id=1 from_address=0xfea6645D31443cF7Cf96eF1dB7823EB9365f98bf}: cortex::pipeline: transaction confirmed on-chain elapsed_ms=2216 block_number=24813932 confirmations=1
2026-04-05T14:00:02.855294Z  INFO ThreadId(16) pipeline{execution_id=570c6305-ea96-40af-8ac0-c54d26f2e88c chain_id=1 from_address=0xfea6645D31443cF7Cf96eF1dB7823EB9365f98bf}: cortex::pipeline: pipeline completed elapsed_ms=2216
2026-04-05T14:00:02.855749Z  INFO ThreadId(07) pipeline{execution_id=6bf691f7-2f89-43a6-9ce7-ff0cf4860467 chain_id=42161 from_address=0x2EAC739a1e05F4a05a5B8fD93D332c4353E5A7cD}: cortex::pipeline: transaction confirmed on-chain elapsed_ms=2218 block_number=449318197 confirmations=1
2026-04-05T14:00:02.855788Z  INFO ThreadId(07) pipeline{execution_id=6bf691f7-2f89-43a6-9ce7-ff0cf4860467 chain_id=42161 from_address=0x2EAC739a1e05F4a05a5B8fD93D332c4353E5A7cD}: cortex::pipeline: pipeline completed elapsed_ms=2218
2026-04-05T14:00:02.856512Z  INFO ThreadId(16) pipeline{execution_id=545ac1c2-9296-4067-a03f-028a89e2bad6 chain_id=137 from_address=0x2EAC739a1e05F4a05a5B8fD93D332c4353E5A7cD}: cortex::pipeline: transaction confirmed on-chain elapsed_ms=2216 block_number=85138789 confirmations=1
2026-04-05T14:00:02.856550Z  INFO ThreadId(16) pipeline{execution_id=545ac1c2-9296-4067-a03f-028a89e2bad6 chain_id=137 from_address=0x2EAC739a1e05F4a05a5B8fD93D332c4353E5A7cD}: cortex::pipeline: pipeline completed elapsed_ms=2216
2026-04-05T14:00:02.857134Z  INFO ThreadId(07) pipeline{execution_id=6897dd4c-5782-4974-ac43-3aa6da2dc95e chain_id=42161 from_address=0x8b172F820629b14cEAF859A6e159d1BcD3291Fe1}: cortex::pipeline: transaction confirmed on-chain elapsed_ms=2219 block_number=449318202 confirmations=1
2026-04-05T14:00:02.857164Z  INFO ThreadId(07) pipeline{execution_id=6897dd4c-5782-4974-ac43-3aa6da2dc95e chain_id=42161 from_address=0x8b172F820629b14cEAF859A6e159d1BcD3291Fe1}: cortex::pipeline: pipeline completed elapsed_ms=2219
2026-04-05T14:00:02.857242Z  INFO ThreadId(14) pipeline{execution_id=5f905331-99f8-4e52-b45d-926981ed649b chain_id=1 from_address=0xfea6645D31443cF7Cf96eF1dB7823EB9365f98bf}: cortex::pipeline: transaction confirmed on-chain elapsed_ms=2218 block_number=24813932 confirmations=1
2026-04-05T14:00:02.857272Z  INFO ThreadId(14) pipeline{execution_id=5f905331-99f8-4e52-b45d-926981ed649b chain_id=1 from_address=0xfea6645D31443cF7Cf96eF1dB7823EB9365f98bf}: cortex::pipeline: pipeline completed elapsed_ms=2218
2026-04-05T14:00:02.857286Z  INFO ThreadId(08) pipeline{execution_id=0eb23a3f-0440-4d83-9df5-3f5fdd7a5cfc chain_id=42161 from_address=0xCFA80F1f22b0AD533F7d8e2CcC0A783aa4BCaFF3}: cortex::pipeline: transaction confirmed on-chain elapsed_ms=2219 block_number=449318197 confirmations=1
2026-04-05T14:00:02.857317Z  INFO ThreadId(08) pipeline{execution_id=0eb23a3f-0440-4d83-9df5-3f5fdd7a5cfc chain_id=42161 from_address=0xCFA80F1f22b0AD533F7d8e2CcC0A783aa4BCaFF3}: cortex::pipeline: pipeline completed elapsed_ms=2219
2026-04-05T14:00:02.857851Z  INFO ThreadId(14) pipeline{execution_id=bbb9d5fc-cd84-46d5-a016-aa61f1c3f0e2 chain_id=137 from_address=0xCFA80F1f22b0AD533F7d8e2CcC0A783aa4BCaFF3}: cortex::pipeline: transaction confirmed on-chain elapsed_ms=2217 block_number=85138789 confirmations=1
2026-04-05T14:00:02.857881Z  INFO ThreadId(14) pipeline{execution_id=bbb9d5fc-cd84-46d5-a016-aa61f1c3f0e2 chain_id=137 from_address=0xCFA80F1f22b0AD533F7d8e2CcC0A783aa4BCaFF3}: cortex::pipeline: pipeline completed elapsed_ms=2217
2026-04-05T14:00:02.858944Z  INFO ThreadId(14) pipeline{execution_id=c33d18af-e26d-4115-815a-065d0b494b64 chain_id=1 from_address=0x8AfE43fF49EBd5c4B8Cd1497ee77b437dd1711fc}: cortex::pipeline: transaction confirmed on-chain elapsed_ms=2219 block_number=24813932 confirmations=1
2026-04-05T14:00:02.858983Z  INFO ThreadId(14) pipeline{execution_id=c33d18af-e26d-4115-815a-065d0b494b64 chain_id=1 from_address=0x8AfE43fF49EBd5c4B8Cd1497ee77b437dd1711fc}: cortex::pipeline: pipeline completed elapsed_ms=2219
2026-04-05T14:00:02.859362Z  INFO ThreadId(08) pipeline{execution_id=b458f519-9968-4a0c-b586-b682261272a2 chain_id=137 from_address=0x8b172F820629b14cEAF859A6e159d1BcD3291Fe1}: cortex::pipeline: transaction confirmed on-chain elapsed_ms=2219 block_number=85138788 confirmations=1
2026-04-05T14:00:02.859402Z  INFO ThreadId(08) pipeline{execution_id=b458f519-9968-4a0c-b586-b682261272a2 chain_id=137 from_address=0x8b172F820629b14cEAF859A6e159d1BcD3291Fe1}: cortex::pipeline: pipeline completed elapsed_ms=2219
2026-04-05T14:00:02.859569Z  INFO ThreadId(08) pipeline{execution_id=fcc3044b-7fe4-47b2-9755-63ab7fdbcf8d chain_id=42161 from_address=0xCFA80F1f22b0AD533F7d8e2CcC0A783aa4BCaFF3}: cortex::pipeline: transaction confirmed on-chain elapsed_ms=2221 block_number=449318197 confirmations=1
2026-04-05T14:00:02.859591Z  INFO ThreadId(08) pipeline{execution_id=fcc3044b-7fe4-47b2-9755-63ab7fdbcf8d chain_id=42161 from_address=0xCFA80F1f22b0AD533F7d8e2CcC0A783aa4BCaFF3}: cortex::pipeline: pipeline completed elapsed_ms=2221
2026-04-05T14:00:02.861133Z  INFO ThreadId(13) pipeline{execution_id=d6cbe58f-18a3-41f8-b8b4-ae95d43fbb61 chain_id=137 from_address=0xCFA80F1f22b0AD533F7d8e2CcC0A783aa4BCaFF3}: cortex::pipeline: transaction confirmed on-chain elapsed_ms=2220 block_number=85138789 confirmations=1
2026-04-05T14:00:02.861154Z  INFO ThreadId(08) pipeline{execution_id=a1d17a11-6f7c-4722-b13a-c1ce1f4b0e5c chain_id=1 from_address=0x8AfE43fF49EBd5c4B8Cd1497ee77b437dd1711fc}: cortex::pipeline: transaction confirmed on-chain elapsed_ms=2221 block_number=24813932 confirmations=1
2026-04-05T14:00:02.861175Z  INFO ThreadId(13) pipeline{execution_id=d6cbe58f-18a3-41f8-b8b4-ae95d43fbb61 chain_id=137 from_address=0xCFA80F1f22b0AD533F7d8e2CcC0A783aa4BCaFF3}: cortex::pipeline: pipeline completed elapsed_ms=2220
2026-04-05T14:00:02.861184Z  INFO ThreadId(08) pipeline{execution_id=a1d17a11-6f7c-4722-b13a-c1ce1f4b0e5c chain_id=1 from_address=0x8AfE43fF49EBd5c4B8Cd1497ee77b437dd1711fc}: cortex::pipeline: pipeline completed elapsed_ms=2221
2026-04-05T14:00:02.861898Z  INFO ThreadId(16) pipeline{execution_id=384b8043-99c0-41b3-918e-b62881fb7a96 chain_id=42161 from_address=0x2EAC739a1e05F4a05a5B8fD93D332c4353E5A7cD}: cortex::pipeline: transaction confirmed on-chain elapsed_ms=2223 block_number=449318197 confirmations=1
2026-04-05T14:00:02.861937Z  INFO ThreadId(16) pipeline{execution_id=384b8043-99c0-41b3-918e-b62881fb7a96 chain_id=42161 from_address=0x2EAC739a1e05F4a05a5B8fD93D332c4353E5A7cD}: cortex::pipeline: pipeline completed elapsed_ms=2223
2026-04-05T14:00:02.863011Z  INFO ThreadId(16) pipeline{execution_id=925497df-176b-4fec-8168-b8443004561c chain_id=1 from_address=0xfea6645D31443cF7Cf96eF1dB7823EB9365f98bf}: cortex::pipeline: transaction confirmed on-chain elapsed_ms=2222 block_number=24813932 confirmations=1
2026-04-05T14:00:02.863049Z  INFO ThreadId(16) pipeline{execution_id=925497df-176b-4fec-8168-b8443004561c chain_id=1 from_address=0xfea6645D31443cF7Cf96eF1dB7823EB9365f98bf}: cortex::pipeline: pipeline completed elapsed_ms=2222
2026-04-05T14:00:02.863614Z  INFO ThreadId(13) pipeline{execution_id=e840e40a-61e9-41ad-a824-c58a998a2be4 chain_id=137 from_address=0xfea6645D31443cF7Cf96eF1dB7823EB9365f98bf}: cortex::pipeline: transaction confirmed on-chain elapsed_ms=2222 block_number=85138789 confirmations=1
2026-04-05T14:00:02.863660Z  INFO ThreadId(13) pipeline{execution_id=e840e40a-61e9-41ad-a824-c58a998a2be4 chain_id=137 from_address=0xfea6645D31443cF7Cf96eF1dB7823EB9365f98bf}: cortex::pipeline: pipeline completed elapsed_ms=2222
2026-04-05T14:00:02.864009Z  INFO ThreadId(16) pipeline{execution_id=0a870c4e-f97f-4df9-a4b7-99b6cee3d3e9 chain_id=42161 from_address=0x8b172F820629b14cEAF859A6e159d1BcD3291Fe1}: cortex::pipeline: transaction confirmed on-chain elapsed_ms=2225 block_number=449318202 confirmations=1
2026-04-05T14:00:02.864039Z  INFO ThreadId(16) pipeline{execution_id=0a870c4e-f97f-4df9-a4b7-99b6cee3d3e9 chain_id=42161 from_address=0x8b172F820629b14cEAF859A6e159d1BcD3291Fe1}: cortex::pipeline: pipeline completed elapsed_ms=2225
2026-04-05T14:00:02.865174Z  INFO ThreadId(16) pipeline{execution_id=470a4806-c7a7-4a56-b088-d805c29dbd24 chain_id=1 from_address=0xCFA80F1f22b0AD533F7d8e2CcC0A783aa4BCaFF3}: cortex::pipeline: transaction confirmed on-chain elapsed_ms=2224 block_number=24813932 confirmations=1
2026-04-05T14:00:02.865173Z  INFO ThreadId(13) pipeline{execution_id=eb2ad87b-eaa0-4c19-9239-a9d0dfa97368 chain_id=137 from_address=0x2EAC739a1e05F4a05a5B8fD93D332c4353E5A7cD}: cortex::pipeline: transaction confirmed on-chain elapsed_ms=2224 block_number=85138789 confirmations=1
2026-04-05T14:00:02.865215Z  INFO ThreadId(16) pipeline{execution_id=470a4806-c7a7-4a56-b088-d805c29dbd24 chain_id=1 from_address=0xCFA80F1f22b0AD533F7d8e2CcC0A783aa4BCaFF3}: cortex::pipeline: pipeline completed elapsed_ms=2224
2026-04-05T14:00:02.865226Z  INFO ThreadId(13) pipeline{execution_id=eb2ad87b-eaa0-4c19-9239-a9d0dfa97368 chain_id=137 from_address=0x2EAC739a1e05F4a05a5B8fD93D332c4353E5A7cD}: cortex::pipeline: pipeline completed elapsed_ms=2224
2026-04-05T14:00:02.866082Z  INFO ThreadId(03) pipeline{execution_id=eef22f9b-2499-4fab-81b1-fd4f36af20b7 chain_id=42161 from_address=0x8AfE43fF49EBd5c4B8Cd1497ee77b437dd1711fc}: cortex::pipeline: transaction confirmed on-chain elapsed_ms=2227 block_number=449318197 confirmations=1
2026-04-05T14:00:02.866115Z  INFO ThreadId(03) pipeline{execution_id=eef22f9b-2499-4fab-81b1-fd4f36af20b7 chain_id=42161 from_address=0x8AfE43fF49EBd5c4B8Cd1497ee77b437dd1711fc}: cortex::pipeline: pipeline completed elapsed_ms=2227
2026-04-05T14:00:02.867192Z  INFO ThreadId(13) pipeline{execution_id=ae8e8f8e-5532-4e7d-ac7d-db240232cf62 chain_id=1 from_address=0x8b172F820629b14cEAF859A6e159d1BcD3291Fe1}: cortex::pipeline: transaction confirmed on-chain elapsed_ms=2226 block_number=24813930 confirmations=1
2026-04-05T14:00:02.867232Z  INFO ThreadId(13) pipeline{execution_id=ae8e8f8e-5532-4e7d-ac7d-db240232cf62 chain_id=1 from_address=0x8b172F820629b14cEAF859A6e159d1BcD3291Fe1}: cortex::pipeline: pipeline completed elapsed_ms=2226
2026-04-05T14:00:02.867858Z  INFO ThreadId(07) pipeline{execution_id=f0de2122-8fd5-49c9-87e4-209883f4fe6b chain_id=137 from_address=0x8b172F820629b14cEAF859A6e159d1BcD3291Fe1}: cortex::pipeline: transaction confirmed on-chain elapsed_ms=2226 block_number=85138788 confirmations=1
2026-04-05T14:00:02.867892Z  INFO ThreadId(07) pipeline{execution_id=f0de2122-8fd5-49c9-87e4-209883f4fe6b chain_id=137 from_address=0x8b172F820629b14cEAF859A6e159d1BcD3291Fe1}: cortex::pipeline: pipeline completed elapsed_ms=2226
2026-04-05T14:00:02.869284Z  INFO ThreadId(14) pipeline{execution_id=113aeafe-f359-44ef-b2a9-db3312c9b6f1 chain_id=137 from_address=0xCFA80F1f22b0AD533F7d8e2CcC0A783aa4BCaFF3}: cortex::pipeline: transaction confirmed on-chain elapsed_ms=2227 block_number=85138789 confirmations=1
2026-04-05T14:00:02.869337Z  INFO ThreadId(14) pipeline{execution_id=113aeafe-f359-44ef-b2a9-db3312c9b6f1 chain_id=137 from_address=0xCFA80F1f22b0AD533F7d8e2CcC0A783aa4BCaFF3}: cortex::pipeline: pipeline completed elapsed_ms=2227
2026-04-05T14:00:02.870271Z  INFO ThreadId(03) pipeline{execution_id=0e9f4fd4-f197-4872-956e-a30cb4f81877 chain_id=42161 from_address=0xfea6645D31443cF7Cf96eF1dB7823EB9365f98bf}: cortex::pipeline: transaction confirmed on-chain elapsed_ms=2231 block_number=449318197 confirmations=1
2026-04-05T14:00:02.870322Z  INFO ThreadId(03) pipeline{execution_id=0e9f4fd4-f197-4872-956e-a30cb4f81877 chain_id=42161 from_address=0xfea6645D31443cF7Cf96eF1dB7823EB9365f98bf}: cortex::pipeline: pipeline completed elapsed_ms=2231
2026-04-05T14:00:02.870448Z  INFO ThreadId(08) pipeline{execution_id=ce6ac915-2f21-4829-ba71-16356572aa2f chain_id=42161 from_address=0x8AfE43fF49EBd5c4B8Cd1497ee77b437dd1711fc}: cortex::pipeline: transaction confirmed on-chain elapsed_ms=2231 block_number=449318197 confirmations=1
2026-04-05T14:00:02.870484Z  INFO ThreadId(08) pipeline{execution_id=ce6ac915-2f21-4829-ba71-16356572aa2f chain_id=42161 from_address=0x8AfE43fF49EBd5c4B8Cd1497ee77b437dd1711fc}: cortex::pipeline: pipeline completed elapsed_ms=2231
2026-04-05T14:00:02.870888Z  INFO ThreadId(14) pipeline{execution_id=cab70647-fcc5-4b78-8af1-59b3f78c8dcc chain_id=1 from_address=0xfea6645D31443cF7Cf96eF1dB7823EB9365f98bf}: cortex::pipeline: transaction confirmed on-chain elapsed_ms=2230 block_number=24813932 confirmations=1
2026-04-05T14:00:02.870921Z  INFO ThreadId(14) pipeline{execution_id=cab70647-fcc5-4b78-8af1-59b3f78c8dcc chain_id=1 from_address=0xfea6645D31443cF7Cf96eF1dB7823EB9365f98bf}: cortex::pipeline: pipeline completed elapsed_ms=2230
2026-04-05T14:00:02.871783Z  INFO ThreadId(13) pipeline{execution_id=27f85afd-43ba-4745-87ff-8ebe0947c0f9 chain_id=137 from_address=0xCFA80F1f22b0AD533F7d8e2CcC0A783aa4BCaFF3}: cortex::pipeline: transaction confirmed on-chain elapsed_ms=2230 block_number=85138789 confirmations=1
2026-04-05T14:00:02.871827Z  INFO ThreadId(13) pipeline{execution_id=27f85afd-43ba-4745-87ff-8ebe0947c0f9 chain_id=137 from_address=0xCFA80F1f22b0AD533F7d8e2CcC0A783aa4BCaFF3}: cortex::pipeline: pipeline completed elapsed_ms=2230
2026-04-05T14:00:02.872510Z  INFO ThreadId(14) pipeline{execution_id=25158d26-878b-4162-ace9-89f4632f215e chain_id=1 from_address=0xCFA80F1f22b0AD533F7d8e2CcC0A783aa4BCaFF3}: cortex::pipeline: transaction confirmed on-chain elapsed_ms=2231 block_number=24813932 confirmations=1
2026-04-05T14:00:02.872539Z  INFO ThreadId(14) pipeline{execution_id=25158d26-878b-4162-ace9-89f4632f215e chain_id=1 from_address=0xCFA80F1f22b0AD533F7d8e2CcC0A783aa4BCaFF3}: cortex::pipeline: pipeline completed elapsed_ms=2231
2026-04-05T14:00:02.873082Z  INFO ThreadId(08) pipeline{execution_id=bdc6bbe9-c438-40b7-aad6-b02c0542fd69 chain_id=42161 from_address=0xCFA80F1f22b0AD533F7d8e2CcC0A783aa4BCaFF3}: cortex::pipeline: transaction confirmed on-chain elapsed_ms=2232 block_number=449318197 confirmations=1
2026-04-05T14:00:02.873117Z  INFO ThreadId(08) pipeline{execution_id=bdc6bbe9-c438-40b7-aad6-b02c0542fd69 chain_id=42161 from_address=0xCFA80F1f22b0AD533F7d8e2CcC0A783aa4BCaFF3}: cortex::pipeline: pipeline completed elapsed_ms=2232
2026-04-05T14:00:02.873521Z  INFO ThreadId(07) pipeline{execution_id=acdf358c-b9a5-41ac-8767-f32c67a79030 chain_id=137 from_address=0x8b172F820629b14cEAF859A6e159d1BcD3291Fe1}: cortex::pipeline: transaction confirmed on-chain elapsed_ms=2231 block_number=85138788 confirmations=1
2026-04-05T14:00:02.873556Z  INFO ThreadId(07) pipeline{execution_id=acdf358c-b9a5-41ac-8767-f32c67a79030 chain_id=137 from_address=0x8b172F820629b14cEAF859A6e159d1BcD3291Fe1}: cortex::pipeline: pipeline completed elapsed_ms=2231
2026-04-05T14:00:02.873758Z  INFO ThreadId(13) pipeline{execution_id=524f9c7e-ce2c-4558-aa21-91d721205580 chain_id=1 from_address=0x8AfE43fF49EBd5c4B8Cd1497ee77b437dd1711fc}: cortex::pipeline: transaction confirmed on-chain elapsed_ms=2232 block_number=24813932 confirmations=1
2026-04-05T14:00:02.873790Z  INFO ThreadId(13) pipeline{execution_id=524f9c7e-ce2c-4558-aa21-91d721205580 chain_id=1 from_address=0x8AfE43fF49EBd5c4B8Cd1497ee77b437dd1711fc}: cortex::pipeline: pipeline completed elapsed_ms=2232
2026-04-05T14:00:02.875336Z  INFO ThreadId(08) pipeline{execution_id=6bfa181c-1bc9-4384-9e96-05b543eb2d1d chain_id=42161 from_address=0xCFA80F1f22b0AD533F7d8e2CcC0A783aa4BCaFF3}: cortex::pipeline: transaction confirmed on-chain elapsed_ms=2234 block_number=449318197 confirmations=1
2026-04-05T14:00:02.875391Z  INFO ThreadId(08) pipeline{execution_id=6bfa181c-1bc9-4384-9e96-05b543eb2d1d chain_id=42161 from_address=0xCFA80F1f22b0AD533F7d8e2CcC0A783aa4BCaFF3}: cortex::pipeline: pipeline completed elapsed_ms=2234
2026-04-05T14:00:02.876167Z  INFO ThreadId(16) pipeline{execution_id=20e18744-a8a0-4d64-8c68-c8c3aba93507 chain_id=1 from_address=0x8b172F820629b14cEAF859A6e159d1BcD3291Fe1}: cortex::pipeline: transaction confirmed on-chain elapsed_ms=2234 block_number=24813930 confirmations=1
2026-04-05T14:00:02.876350Z  INFO ThreadId(16) pipeline{execution_id=20e18744-a8a0-4d64-8c68-c8c3aba93507 chain_id=1 from_address=0x8b172F820629b14cEAF859A6e159d1BcD3291Fe1}: cortex::pipeline: pipeline completed elapsed_ms=2234
2026-04-05T14:00:02.876570Z  INFO ThreadId(14) pipeline{execution_id=edc3ff46-14b0-4c46-8832-748cf35e8b3a chain_id=137 from_address=0xCFA80F1f22b0AD533F7d8e2CcC0A783aa4BCaFF3}: cortex::pipeline: transaction confirmed on-chain elapsed_ms=2234 block_number=85138789 confirmations=1
2026-04-05T14:00:02.876597Z  INFO ThreadId(14) pipeline{execution_id=edc3ff46-14b0-4c46-8832-748cf35e8b3a chain_id=137 from_address=0xCFA80F1f22b0AD533F7d8e2CcC0A783aa4BCaFF3}: cortex::pipeline: pipeline completed elapsed_ms=2234
2026-04-05T14:00:02.877532Z  INFO ThreadId(14) pipeline{execution_id=fc5bc975-9653-49fa-aa16-9a797a6ad400 chain_id=42161 from_address=0x2EAC739a1e05F4a05a5B8fD93D332c4353E5A7cD}: cortex::pipeline: transaction confirmed on-chain elapsed_ms=2236 block_number=449318197 confirmations=1
2026-04-05T14:00:02.877566Z  INFO ThreadId(14) pipeline{execution_id=fc5bc975-9653-49fa-aa16-9a797a6ad400 chain_id=42161 from_address=0x2EAC739a1e05F4a05a5B8fD93D332c4353E5A7cD}: cortex::pipeline: pipeline completed elapsed_ms=2236
2026-04-05T14:00:02.878124Z  INFO ThreadId(07) pipeline{execution_id=4b71e339-66b1-4762-8d89-01e697f8c8ce chain_id=1 from_address=0x8AfE43fF49EBd5c4B8Cd1497ee77b437dd1711fc}: cortex::pipeline: transaction confirmed on-chain elapsed_ms=2236 block_number=24813932 confirmations=1
2026-04-05T14:00:02.878156Z  INFO ThreadId(07) pipeline{execution_id=4b71e339-66b1-4762-8d89-01e697f8c8ce chain_id=1 from_address=0x8AfE43fF49EBd5c4B8Cd1497ee77b437dd1711fc}: cortex::pipeline: pipeline completed elapsed_ms=2236
2026-04-05T14:00:02.878685Z  INFO ThreadId(07) pipeline{execution_id=296d52e8-3ac5-4999-9aa0-582d55b5a50a chain_id=137 from_address=0xCFA80F1f22b0AD533F7d8e2CcC0A783aa4BCaFF3}: cortex::pipeline: transaction confirmed on-chain elapsed_ms=2236 block_number=85138789 confirmations=1
2026-04-05T14:00:02.878713Z  INFO ThreadId(07) pipeline{execution_id=296d52e8-3ac5-4999-9aa0-582d55b5a50a chain_id=137 from_address=0xCFA80F1f22b0AD533F7d8e2CcC0A783aa4BCaFF3}: cortex::pipeline: pipeline completed elapsed_ms=2236
2026-04-05T14:00:02.878931Z  INFO ThreadId(14) pipeline{execution_id=b5f11482-dbc3-4bb9-9ae7-164a30fc0ee7 chain_id=42161 from_address=0x2EAC739a1e05F4a05a5B8fD93D332c4353E5A7cD}: cortex::pipeline: transaction confirmed on-chain elapsed_ms=2237 block_number=449318197 confirmations=1
2026-04-05T14:00:02.878958Z  INFO ThreadId(14) pipeline{execution_id=b5f11482-dbc3-4bb9-9ae7-164a30fc0ee7 chain_id=42161 from_address=0x2EAC739a1e05F4a05a5B8fD93D332c4353E5A7cD}: cortex::pipeline: pipeline completed elapsed_ms=2237
2026-04-05T14:00:02.879852Z  INFO ThreadId(13) pipeline{execution_id=881451e8-3560-4d3c-80aa-30e20395bc37 chain_id=1 from_address=0xCFA80F1f22b0AD533F7d8e2CcC0A783aa4BCaFF3}: cortex::pipeline: transaction confirmed on-chain elapsed_ms=2237 block_number=24813932 confirmations=1
2026-04-05T14:00:02.879889Z  INFO ThreadId(13) pipeline{execution_id=881451e8-3560-4d3c-80aa-30e20395bc37 chain_id=1 from_address=0xCFA80F1f22b0AD533F7d8e2CcC0A783aa4BCaFF3}: cortex::pipeline: pipeline completed elapsed_ms=2237
2026-04-05T14:00:02.880431Z  INFO ThreadId(07) pipeline{execution_id=699193c9-32f0-4e66-97bd-91a1be1e5cc5 chain_id=137 from_address=0xCFA80F1f22b0AD533F7d8e2CcC0A783aa4BCaFF3}: cortex::pipeline: transaction confirmed on-chain elapsed_ms=2237 block_number=85138789 confirmations=1
2026-04-05T14:00:02.880475Z  INFO ThreadId(07) pipeline{execution_id=699193c9-32f0-4e66-97bd-91a1be1e5cc5 chain_id=137 from_address=0xCFA80F1f22b0AD533F7d8e2CcC0A783aa4BCaFF3}: cortex::pipeline: pipeline completed elapsed_ms=2237
2026-04-05T14:00:02.880861Z  INFO ThreadId(07) pipeline{execution_id=99aae2d5-f502-4e10-b178-8896b4030136 chain_id=42161 from_address=0x2EAC739a1e05F4a05a5B8fD93D332c4353E5A7cD}: cortex::pipeline: transaction confirmed on-chain elapsed_ms=2239 block_number=449318197 confirmations=1
2026-04-05T14:00:02.880897Z  INFO ThreadId(07) pipeline{execution_id=99aae2d5-f502-4e10-b178-8896b4030136 chain_id=42161 from_address=0x2EAC739a1e05F4a05a5B8fD93D332c4353E5A7cD}: cortex::pipeline: pipeline completed elapsed_ms=2239
2026-04-05T14:00:02.881903Z  INFO ThreadId(13) pipeline{execution_id=7dad0dee-5e33-49ae-93e1-36b23195f2e5 chain_id=137 from_address=0x8b172F820629b14cEAF859A6e159d1BcD3291Fe1}: cortex::pipeline: transaction confirmed on-chain elapsed_ms=2239 block_number=85138788 confirmations=1
2026-04-05T14:00:02.881942Z  INFO ThreadId(13) pipeline{execution_id=7dad0dee-5e33-49ae-93e1-36b23195f2e5 chain_id=137 from_address=0x8b172F820629b14cEAF859A6e159d1BcD3291Fe1}: cortex::pipeline: pipeline completed elapsed_ms=2239
2026-04-05T14:00:02.882706Z  INFO ThreadId(08) pipeline{execution_id=8f327055-b70e-41cd-884f-7bd57dcc2d30 chain_id=1 from_address=0x8b172F820629b14cEAF859A6e159d1BcD3291Fe1}: cortex::pipeline: transaction confirmed on-chain elapsed_ms=2240 block_number=24813930 confirmations=1
2026-04-05T14:00:02.882750Z  INFO ThreadId(08) pipeline{execution_id=8f327055-b70e-41cd-884f-7bd57dcc2d30 chain_id=1 from_address=0x8b172F820629b14cEAF859A6e159d1BcD3291Fe1}: cortex::pipeline: pipeline completed elapsed_ms=2240
2026-04-05T14:00:02.883498Z  INFO ThreadId(13) pipeline{execution_id=e8335467-dc56-4245-8f14-cea2c32ea2a6 chain_id=42161 from_address=0x8b172F820629b14cEAF859A6e159d1BcD3291Fe1}: cortex::pipeline: transaction confirmed on-chain elapsed_ms=2241 block_number=449318202 confirmations=1
2026-04-05T14:00:02.883530Z  INFO ThreadId(13) pipeline{execution_id=e8335467-dc56-4245-8f14-cea2c32ea2a6 chain_id=42161 from_address=0x8b172F820629b14cEAF859A6e159d1BcD3291Fe1}: cortex::pipeline: pipeline completed elapsed_ms=2241
2026-04-05T14:00:02.884243Z  INFO ThreadId(14) pipeline{execution_id=370349d6-7f06-4ba0-b073-cdb3837b2531 chain_id=137 from_address=0x8b172F820629b14cEAF859A6e159d1BcD3291Fe1}: cortex::pipeline: transaction confirmed on-chain elapsed_ms=2241 block_number=85138788 confirmations=1
2026-04-05T14:00:02.884289Z  INFO ThreadId(14) pipeline{execution_id=370349d6-7f06-4ba0-b073-cdb3837b2531 chain_id=137 from_address=0x8b172F820629b14cEAF859A6e159d1BcD3291Fe1}: cortex::pipeline: pipeline completed elapsed_ms=2241
2026-04-05T14:00:02.884726Z  INFO ThreadId(03) pipeline{execution_id=d98a9f75-a451-43e1-8856-5e608c8a78e8 chain_id=1 from_address=0x8b172F820629b14cEAF859A6e159d1BcD3291Fe1}: cortex::pipeline: transaction confirmed on-chain elapsed_ms=2242 block_number=24813930 confirmations=1
2026-04-05T14:00:02.884758Z  INFO ThreadId(03) pipeline{execution_id=d98a9f75-a451-43e1-8856-5e608c8a78e8 chain_id=1 from_address=0x8b172F820629b14cEAF859A6e159d1BcD3291Fe1}: cortex::pipeline: pipeline completed elapsed_ms=2242
2026-04-05T14:00:02.885080Z  INFO ThreadId(03) pipeline{execution_id=0de261e6-e19e-4394-aaf5-5ba0d3335afc chain_id=42161 from_address=0x2EAC739a1e05F4a05a5B8fD93D332c4353E5A7cD}: cortex::pipeline: transaction confirmed on-chain elapsed_ms=2242 block_number=449318197 confirmations=1
2026-04-05T14:00:02.885105Z  INFO ThreadId(03) pipeline{execution_id=0de261e6-e19e-4394-aaf5-5ba0d3335afc chain_id=42161 from_address=0x2EAC739a1e05F4a05a5B8fD93D332c4353E5A7cD}: cortex::pipeline: pipeline completed elapsed_ms=2242
2026-04-05T14:00:02.886236Z  INFO ThreadId(16) pipeline{execution_id=7c1bc2b7-f1d4-46b5-b100-e41b00be6dc4 chain_id=1 from_address=0xfea6645D31443cF7Cf96eF1dB7823EB9365f98bf}: cortex::pipeline: transaction confirmed on-chain elapsed_ms=2243 block_number=24813932 confirmations=1
2026-04-05T14:00:02.886254Z  INFO ThreadId(13) pipeline{execution_id=242af9ad-fb7a-44c5-8325-020ea3b74243 chain_id=137 from_address=0x8b172F820629b14cEAF859A6e159d1BcD3291Fe1}: cortex::pipeline: transaction confirmed on-chain elapsed_ms=2242 block_number=85138788 confirmations=1
2026-04-05T14:00:02.886274Z  INFO ThreadId(16) pipeline{execution_id=7c1bc2b7-f1d4-46b5-b100-e41b00be6dc4 chain_id=1 from_address=0xfea6645D31443cF7Cf96eF1dB7823EB9365f98bf}: cortex::pipeline: pipeline completed elapsed_ms=2243
2026-04-05T14:00:02.886282Z  INFO ThreadId(13) pipeline{execution_id=242af9ad-fb7a-44c5-8325-020ea3b74243 chain_id=137 from_address=0x8b172F820629b14cEAF859A6e159d1BcD3291Fe1}: cortex::pipeline: pipeline completed elapsed_ms=2242
2026-04-05T14:00:02.886780Z  INFO ThreadId(13) pipeline{execution_id=c5527b25-c23f-4602-a05b-fcb6c303be6f chain_id=42161 from_address=0xfea6645D31443cF7Cf96eF1dB7823EB9365f98bf}: cortex::pipeline: transaction confirmed on-chain elapsed_ms=2244 block_number=449318197 confirmations=1
2026-04-05T14:00:02.886807Z  INFO ThreadId(13) pipeline{execution_id=c5527b25-c23f-4602-a05b-fcb6c303be6f chain_id=42161 from_address=0xfea6645D31443cF7Cf96eF1dB7823EB9365f98bf}: cortex::pipeline: pipeline completed elapsed_ms=2244
2026-04-05T14:00:02.887921Z  INFO ThreadId(14) pipeline{execution_id=03693919-cf04-4b1b-aa33-83f954c33374 chain_id=137 from_address=0xCFA80F1f22b0AD533F7d8e2CcC0A783aa4BCaFF3}: cortex::pipeline: transaction confirmed on-chain elapsed_ms=2243 block_number=85138789 confirmations=1
2026-04-05T14:00:02.887948Z  INFO ThreadId(14) pipeline{execution_id=03693919-cf04-4b1b-aa33-83f954c33374 chain_id=137 from_address=0xCFA80F1f22b0AD533F7d8e2CcC0A783aa4BCaFF3}: cortex::pipeline: pipeline completed elapsed_ms=2243
2026-04-05T14:00:02.887960Z  INFO ThreadId(13) pipeline{execution_id=83594fe4-a37c-4858-b899-502072862e4e chain_id=1 from_address=0x8AfE43fF49EBd5c4B8Cd1497ee77b437dd1711fc}: cortex::pipeline: transaction confirmed on-chain elapsed_ms=2244 block_number=24813932 confirmations=1
2026-04-05T14:00:02.887984Z  INFO ThreadId(13) pipeline{execution_id=83594fe4-a37c-4858-b899-502072862e4e chain_id=1 from_address=0x8AfE43fF49EBd5c4B8Cd1497ee77b437dd1711fc}: cortex::pipeline: pipeline completed elapsed_ms=2244
2026-04-05T14:00:02.888688Z  INFO ThreadId(14) pipeline{execution_id=3b616605-c38c-4166-a809-dd39fe4985d9 chain_id=42161 from_address=0x8AfE43fF49EBd5c4B8Cd1497ee77b437dd1711fc}: cortex::pipeline: transaction confirmed on-chain elapsed_ms=2245 block_number=449318197 confirmations=1
2026-04-05T14:00:02.888719Z  INFO ThreadId(14) pipeline{execution_id=3b616605-c38c-4166-a809-dd39fe4985d9 chain_id=42161 from_address=0x8AfE43fF49EBd5c4B8Cd1497ee77b437dd1711fc}: cortex::pipeline: pipeline completed elapsed_ms=2245
2026-04-05T14:00:02.889682Z  INFO ThreadId(07) pipeline{execution_id=281daa5b-1b80-4e1e-a639-a379a5fa0cc2 chain_id=1 from_address=0xfea6645D31443cF7Cf96eF1dB7823EB9365f98bf}: cortex::pipeline: transaction confirmed on-chain elapsed_ms=2246 block_number=24813932 confirmations=1
2026-04-05T14:00:02.889721Z  INFO ThreadId(07) pipeline{execution_id=281daa5b-1b80-4e1e-a639-a379a5fa0cc2 chain_id=1 from_address=0xfea6645D31443cF7Cf96eF1dB7823EB9365f98bf}: cortex::pipeline: pipeline completed elapsed_ms=2246
2026-04-05T14:00:02.890372Z  INFO ThreadId(06) pipeline{execution_id=acf84436-9802-4539-8d0d-c2b0c3716170 chain_id=137 from_address=0x2EAC739a1e05F4a05a5B8fD93D332c4353E5A7cD}: cortex::pipeline: transaction confirmed on-chain elapsed_ms=2245 block_number=85138789 confirmations=1
2026-04-05T14:00:02.890406Z  INFO ThreadId(06) pipeline{execution_id=acf84436-9802-4539-8d0d-c2b0c3716170 chain_id=137 from_address=0x2EAC739a1e05F4a05a5B8fD93D332c4353E5A7cD}: cortex::pipeline: pipeline completed elapsed_ms=2245
2026-04-05T14:00:02.891009Z  INFO ThreadId(14) pipeline{execution_id=a2958468-d7eb-4a7b-811d-17b81c2aa2f1 chain_id=42161 from_address=0x2EAC739a1e05F4a05a5B8fD93D332c4353E5A7cD}: cortex::pipeline: transaction confirmed on-chain elapsed_ms=2247 block_number=449318197 confirmations=1
2026-04-05T14:00:02.891057Z  INFO ThreadId(14) pipeline{execution_id=a2958468-d7eb-4a7b-811d-17b81c2aa2f1 chain_id=42161 from_address=0x2EAC739a1e05F4a05a5B8fD93D332c4353E5A7cD}: cortex::pipeline: pipeline completed elapsed_ms=2247
2026-04-05T14:00:02.892099Z  INFO ThreadId(03) pipeline{execution_id=22a3c94b-20cc-4187-a0cd-fde7a5870818 chain_id=1 from_address=0x8b172F820629b14cEAF859A6e159d1BcD3291Fe1}: cortex::pipeline: transaction confirmed on-chain elapsed_ms=2248 block_number=24813930 confirmations=1
2026-04-05T14:00:02.892144Z  INFO ThreadId(03) pipeline{execution_id=22a3c94b-20cc-4187-a0cd-fde7a5870818 chain_id=1 from_address=0x8b172F820629b14cEAF859A6e159d1BcD3291Fe1}: cortex::pipeline: pipeline completed elapsed_ms=2248
2026-04-05T14:00:02.892466Z  INFO ThreadId(03) pipeline{execution_id=a0fdb9ec-b9c9-4e04-b970-a218f96a8cf6 chain_id=42161 from_address=0xCFA80F1f22b0AD533F7d8e2CcC0A783aa4BCaFF3}: cortex::pipeline: transaction confirmed on-chain elapsed_ms=2249 block_number=449318197 confirmations=1
2026-04-05T14:00:02.892498Z  INFO ThreadId(03) pipeline{execution_id=a0fdb9ec-b9c9-4e04-b970-a218f96a8cf6 chain_id=42161 from_address=0xCFA80F1f22b0AD533F7d8e2CcC0A783aa4BCaFF3}: cortex::pipeline: pipeline completed elapsed_ms=2249
2026-04-05T14:00:02.892590Z  INFO ThreadId(16) pipeline{execution_id=00d0ac33-ed5a-49b3-a744-8e3613b15b46 chain_id=137 from_address=0xfea6645D31443cF7Cf96eF1dB7823EB9365f98bf}: cortex::pipeline: transaction confirmed on-chain elapsed_ms=2248 block_number=85138789 confirmations=1
2026-04-05T14:00:02.892620Z  INFO ThreadId(16) pipeline{execution_id=00d0ac33-ed5a-49b3-a744-8e3613b15b46 chain_id=137 from_address=0xfea6645D31443cF7Cf96eF1dB7823EB9365f98bf}: cortex::pipeline: pipeline completed elapsed_ms=2248
2026-04-05T14:00:02.894487Z  INFO ThreadId(16) pipeline{execution_id=b4417837-cd09-4297-b12f-22cb95bdc869 chain_id=1 from_address=0x8AfE43fF49EBd5c4B8Cd1497ee77b437dd1711fc}: cortex::pipeline: transaction confirmed on-chain elapsed_ms=2250 block_number=24813932 confirmations=1
2026-04-05T14:00:02.894532Z  INFO ThreadId(16) pipeline{execution_id=b4417837-cd09-4297-b12f-22cb95bdc869 chain_id=1 from_address=0x8AfE43fF49EBd5c4B8Cd1497ee77b437dd1711fc}: cortex::pipeline: pipeline completed elapsed_ms=2250
2026-04-05T14:00:02.894939Z  INFO ThreadId(07) pipeline{execution_id=4b058abf-bf0a-4ac5-b1f5-fca590f6c0b6 chain_id=137 from_address=0xfea6645D31443cF7Cf96eF1dB7823EB9365f98bf}: cortex::pipeline: transaction confirmed on-chain elapsed_ms=2250 block_number=85138789 confirmations=1
2026-04-05T14:00:02.894972Z  INFO ThreadId(07) pipeline{execution_id=4b058abf-bf0a-4ac5-b1f5-fca590f6c0b6 chain_id=137 from_address=0xfea6645D31443cF7Cf96eF1dB7823EB9365f98bf}: cortex::pipeline: pipeline completed elapsed_ms=2250
2026-04-05T14:00:02.895133Z  INFO ThreadId(14) pipeline{execution_id=25213abc-be4c-4ba3-8ecb-3e21c9eab361 chain_id=42161 from_address=0x8AfE43fF49EBd5c4B8Cd1497ee77b437dd1711fc}: cortex::pipeline: transaction confirmed on-chain elapsed_ms=2251 block_number=449318197 confirmations=1
2026-04-05T14:00:02.895156Z  INFO ThreadId(14) pipeline{execution_id=25213abc-be4c-4ba3-8ecb-3e21c9eab361 chain_id=42161 from_address=0x8AfE43fF49EBd5c4B8Cd1497ee77b437dd1711fc}: cortex::pipeline: pipeline completed elapsed_ms=2251
2026-04-05T14:00:02.896145Z  INFO ThreadId(03) pipeline{execution_id=aea50515-804e-44ec-9f74-20a4a4e58bbd chain_id=42161 from_address=0xfea6645D31443cF7Cf96eF1dB7823EB9365f98bf}: cortex::pipeline: transaction confirmed on-chain elapsed_ms=2252 block_number=449318197 confirmations=1
2026-04-05T14:00:02.896188Z  INFO ThreadId(03) pipeline{execution_id=aea50515-804e-44ec-9f74-20a4a4e58bbd chain_id=42161 from_address=0xfea6645D31443cF7Cf96eF1dB7823EB9365f98bf}: cortex::pipeline: pipeline completed elapsed_ms=2252
2026-04-05T14:00:02.896256Z  INFO ThreadId(16) pipeline{execution_id=f4afa56a-173a-44ce-838d-ac033f664c25 chain_id=1 from_address=0x8AfE43fF49EBd5c4B8Cd1497ee77b437dd1711fc}: cortex::pipeline: transaction confirmed on-chain elapsed_ms=2251 block_number=24813932 confirmations=1
2026-04-05T14:00:02.896289Z  INFO ThreadId(16) pipeline{execution_id=f4afa56a-173a-44ce-838d-ac033f664c25 chain_id=1 from_address=0x8AfE43fF49EBd5c4B8Cd1497ee77b437dd1711fc}: cortex::pipeline: pipeline completed elapsed_ms=2251
2026-04-05T14:00:02.897329Z  INFO ThreadId(03) pipeline{execution_id=6ac91fc3-47e1-4c25-a8ac-ea845799ce62 chain_id=137 from_address=0xCFA80F1f22b0AD533F7d8e2CcC0A783aa4BCaFF3}: cortex::pipeline: transaction confirmed on-chain elapsed_ms=2252 block_number=85138789 confirmations=1
2026-04-05T14:00:02.897384Z  INFO ThreadId(03) pipeline{execution_id=6ac91fc3-47e1-4c25-a8ac-ea845799ce62 chain_id=137 from_address=0xCFA80F1f22b0AD533F7d8e2CcC0A783aa4BCaFF3}: cortex::pipeline: pipeline completed elapsed_ms=2252
2026-04-05T14:00:02.898433Z  INFO ThreadId(03) pipeline{execution_id=7763de71-1ba8-4c68-b377-1eab2cbe3551 chain_id=42161 from_address=0xfea6645D31443cF7Cf96eF1dB7823EB9365f98bf}: cortex::pipeline: transaction confirmed on-chain elapsed_ms=2254 block_number=449318197 confirmations=1
2026-04-05T14:00:02.898481Z  INFO ThreadId(03) pipeline{execution_id=7763de71-1ba8-4c68-b377-1eab2cbe3551 chain_id=42161 from_address=0xfea6645D31443cF7Cf96eF1dB7823EB9365f98bf}: cortex::pipeline: pipeline completed elapsed_ms=2254
2026-04-05T14:00:02.898590Z  INFO ThreadId(03) pipeline{execution_id=a5a8f36e-9cd1-4d0c-835d-aaa8bf5d4916 chain_id=1 from_address=0x2EAC739a1e05F4a05a5B8fD93D332c4353E5A7cD}: cortex::pipeline: transaction confirmed on-chain elapsed_ms=2251 block_number=24813932 confirmations=1
2026-04-05T14:00:02.898618Z  INFO ThreadId(16) pipeline{execution_id=c8595ab4-6ebb-4b20-8cfa-6f42a4870cdf chain_id=137 from_address=0xCFA80F1f22b0AD533F7d8e2CcC0A783aa4BCaFF3}: cortex::pipeline: transaction confirmed on-chain elapsed_ms=2251 block_number=85138789 confirmations=1
2026-04-05T14:00:02.898623Z  INFO ThreadId(03) pipeline{execution_id=a5a8f36e-9cd1-4d0c-835d-aaa8bf5d4916 chain_id=1 from_address=0x2EAC739a1e05F4a05a5B8fD93D332c4353E5A7cD}: cortex::pipeline: pipeline completed elapsed_ms=2251
2026-04-05T14:00:02.898641Z  INFO ThreadId(16) pipeline{execution_id=c8595ab4-6ebb-4b20-8cfa-6f42a4870cdf chain_id=137 from_address=0xCFA80F1f22b0AD533F7d8e2CcC0A783aa4BCaFF3}: cortex::pipeline: pipeline completed elapsed_ms=2251
2026-04-05T14:00:02.900884Z  INFO ThreadId(07) pipeline{execution_id=6b4060ef-4460-418b-b766-a3eff34f0dd9 chain_id=1 from_address=0x8AfE43fF49EBd5c4B8Cd1497ee77b437dd1711fc}: cortex::pipeline: transaction confirmed on-chain elapsed_ms=2253 block_number=24813932 confirmations=1
2026-04-05T14:00:02.900937Z  INFO ThreadId(07) pipeline{execution_id=6b4060ef-4460-418b-b766-a3eff34f0dd9 chain_id=1 from_address=0x8AfE43fF49EBd5c4B8Cd1497ee77b437dd1711fc}: cortex::pipeline: pipeline completed elapsed_ms=2253
2026-04-05T14:00:02.900976Z  INFO ThreadId(16) pipeline{execution_id=0addbb8f-0ee2-4ab1-aef6-9f5084e4b1e2 chain_id=42161 from_address=0xCFA80F1f22b0AD533F7d8e2CcC0A783aa4BCaFF3}: cortex::pipeline: transaction confirmed on-chain elapsed_ms=2256 block_number=449318197 confirmations=1
2026-04-05T14:00:02.900999Z  INFO ThreadId(16) pipeline{execution_id=0addbb8f-0ee2-4ab1-aef6-9f5084e4b1e2 chain_id=42161 from_address=0xCFA80F1f22b0AD533F7d8e2CcC0A783aa4BCaFF3}: cortex::pipeline: pipeline completed elapsed_ms=2256
2026-04-05T14:00:02.901425Z  INFO ThreadId(06) pipeline{execution_id=ecff7d5a-0f67-4d5f-91b0-2523b9f7f3cd chain_id=137 from_address=0xfea6645D31443cF7Cf96eF1dB7823EB9365f98bf}: cortex::pipeline: transaction confirmed on-chain elapsed_ms=2254 block_number=85138789 confirmations=1
2026-04-05T14:00:02.901466Z  INFO ThreadId(06) pipeline{execution_id=ecff7d5a-0f67-4d5f-91b0-2523b9f7f3cd chain_id=137 from_address=0xfea6645D31443cF7Cf96eF1dB7823EB9365f98bf}: cortex::pipeline: pipeline completed elapsed_ms=2254
2026-04-05T14:00:02.903180Z  INFO ThreadId(07) pipeline{execution_id=991d5b4e-e0ae-4a20-ab77-863258b6bf99 chain_id=42161 from_address=0x2EAC739a1e05F4a05a5B8fD93D332c4353E5A7cD}: cortex::pipeline: transaction confirmed on-chain elapsed_ms=2255 block_number=449318197 confirmations=1
2026-04-05T14:00:02.903180Z  INFO ThreadId(13) pipeline{execution_id=8e824ddf-65d2-4530-a098-06e16fd302b9 chain_id=1 from_address=0x8b172F820629b14cEAF859A6e159d1BcD3291Fe1}: cortex::pipeline: transaction confirmed on-chain elapsed_ms=2255 block_number=24813930 confirmations=1
2026-04-05T14:00:02.903232Z  INFO ThreadId(07) pipeline{execution_id=991d5b4e-e0ae-4a20-ab77-863258b6bf99 chain_id=42161 from_address=0x2EAC739a1e05F4a05a5B8fD93D332c4353E5A7cD}: cortex::pipeline: pipeline completed elapsed_ms=2255
2026-04-05T14:00:02.903245Z  INFO ThreadId(13) pipeline{execution_id=8e824ddf-65d2-4530-a098-06e16fd302b9 chain_id=1 from_address=0x8b172F820629b14cEAF859A6e159d1BcD3291Fe1}: cortex::pipeline: pipeline completed elapsed_ms=2255
2026-04-05T14:00:02.903948Z  INFO ThreadId(13) pipeline{execution_id=f27b78a1-0a20-4375-a6b9-1b8f1f615376 chain_id=137 from_address=0x8b172F820629b14cEAF859A6e159d1BcD3291Fe1}: cortex::pipeline: transaction confirmed on-chain elapsed_ms=2256 block_number=85138788 confirmations=1
2026-04-05T14:00:02.903994Z  INFO ThreadId(13) pipeline{execution_id=f27b78a1-0a20-4375-a6b9-1b8f1f615376 chain_id=137 from_address=0x8b172F820629b14cEAF859A6e159d1BcD3291Fe1}: cortex::pipeline: pipeline completed elapsed_ms=2256
2026-04-05T14:00:02.904975Z  INFO ThreadId(03) pipeline{execution_id=4330afb7-0ab8-4552-af44-ebc18808e93f chain_id=1 from_address=0x2EAC739a1e05F4a05a5B8fD93D332c4353E5A7cD}: cortex::pipeline: transaction confirmed on-chain elapsed_ms=2257 block_number=24813932 confirmations=1
2026-04-05T14:00:02.905005Z  INFO ThreadId(03) pipeline{execution_id=4330afb7-0ab8-4552-af44-ebc18808e93f chain_id=1 from_address=0x2EAC739a1e05F4a05a5B8fD93D332c4353E5A7cD}: cortex::pipeline: pipeline completed elapsed_ms=2257
2026-04-05T14:00:02.905228Z  INFO ThreadId(03) pipeline{execution_id=cfd9c5e9-a933-4a50-864b-bd855a94eb57 chain_id=42161 from_address=0x8b172F820629b14cEAF859A6e159d1BcD3291Fe1}: cortex::pipeline: transaction confirmed on-chain elapsed_ms=2260 block_number=449318202 confirmations=1
2026-04-05T14:00:02.905248Z  INFO ThreadId(03) pipeline{execution_id=cfd9c5e9-a933-4a50-864b-bd855a94eb57 chain_id=42161 from_address=0x8b172F820629b14cEAF859A6e159d1BcD3291Fe1}: cortex::pipeline: pipeline completed elapsed_ms=2260
2026-04-05T14:00:02.905972Z  INFO ThreadId(03) pipeline{execution_id=757904b1-a7a6-457e-8d04-7a72c59df699 chain_id=137 from_address=0x2EAC739a1e05F4a05a5B8fD93D332c4353E5A7cD}: cortex::pipeline: transaction confirmed on-chain elapsed_ms=2261 block_number=85138789 confirmations=1
2026-04-05T14:00:02.906006Z  INFO ThreadId(03) pipeline{execution_id=757904b1-a7a6-457e-8d04-7a72c59df699 chain_id=137 from_address=0x2EAC739a1e05F4a05a5B8fD93D332c4353E5A7cD}: cortex::pipeline: pipeline completed elapsed_ms=2261
2026-04-05T14:00:02.906454Z  INFO ThreadId(03) pipeline{execution_id=c7aebe3a-52bb-4496-9d70-5461e0c1d38d chain_id=42161 from_address=0x8AfE43fF49EBd5c4B8Cd1497ee77b437dd1711fc}: cortex::pipeline: transaction confirmed on-chain elapsed_ms=2258 block_number=449318197 confirmations=1
2026-04-05T14:00:02.906485Z  INFO ThreadId(03) pipeline{execution_id=c7aebe3a-52bb-4496-9d70-5461e0c1d38d chain_id=42161 from_address=0x8AfE43fF49EBd5c4B8Cd1497ee77b437dd1711fc}: cortex::pipeline: pipeline completed elapsed_ms=2258
2026-04-05T14:00:02.906685Z  INFO ThreadId(03) pipeline{execution_id=89e33fec-dc98-490a-94f4-ce565f24ad35 chain_id=1 from_address=0xCFA80F1f22b0AD533F7d8e2CcC0A783aa4BCaFF3}: cortex::pipeline: transaction confirmed on-chain elapsed_ms=2258 block_number=24813932 confirmations=1
2026-04-05T14:00:02.906714Z  INFO ThreadId(03) pipeline{execution_id=89e33fec-dc98-490a-94f4-ce565f24ad35 chain_id=1 from_address=0xCFA80F1f22b0AD533F7d8e2CcC0A783aa4BCaFF3}: cortex::pipeline: pipeline completed elapsed_ms=2258
2026-04-05T14:00:02.907429Z  INFO ThreadId(16) pipeline{execution_id=7d896583-b298-43a3-9edf-1391325feb5b chain_id=137 from_address=0xfea6645D31443cF7Cf96eF1dB7823EB9365f98bf}: cortex::pipeline: transaction confirmed on-chain elapsed_ms=2262 block_number=85138789 confirmations=1
2026-04-05T14:00:02.907458Z  INFO ThreadId(16) pipeline{execution_id=7d896583-b298-43a3-9edf-1391325feb5b chain_id=137 from_address=0xfea6645D31443cF7Cf96eF1dB7823EB9365f98bf}: cortex::pipeline: pipeline completed elapsed_ms=2262
2026-04-05T14:00:02.908383Z  INFO ThreadId(03) pipeline{execution_id=893a49b5-55ef-415e-8823-a46ddf2e23e0 chain_id=1 from_address=0x8b172F820629b14cEAF859A6e159d1BcD3291Fe1}: cortex::pipeline: transaction confirmed on-chain elapsed_ms=2260 block_number=24813930 confirmations=1
2026-04-05T14:00:02.908383Z  INFO ThreadId(07) pipeline{execution_id=2c024907-3638-45f6-9e1a-2947dca79946 chain_id=42161 from_address=0xfea6645D31443cF7Cf96eF1dB7823EB9365f98bf}: cortex::pipeline: transaction confirmed on-chain elapsed_ms=2260 block_number=449318197 confirmations=1
2026-04-05T14:00:02.908415Z  INFO ThreadId(03) pipeline{execution_id=893a49b5-55ef-415e-8823-a46ddf2e23e0 chain_id=1 from_address=0x8b172F820629b14cEAF859A6e159d1BcD3291Fe1}: cortex::pipeline: pipeline completed elapsed_ms=2260
2026-04-05T14:00:02.908426Z  INFO ThreadId(07) pipeline{execution_id=2c024907-3638-45f6-9e1a-2947dca79946 chain_id=42161 from_address=0xfea6645D31443cF7Cf96eF1dB7823EB9365f98bf}: cortex::pipeline: pipeline completed elapsed_ms=2260
2026-04-05T14:00:02.909333Z  INFO ThreadId(08) pipeline{execution_id=bf2631b1-0b2c-4efb-af93-f009782f1bd4 chain_id=137 from_address=0x2EAC739a1e05F4a05a5B8fD93D332c4353E5A7cD}: cortex::pipeline: transaction confirmed on-chain elapsed_ms=2261 block_number=85138789 confirmations=1
2026-04-05T14:00:02.909385Z  INFO ThreadId(08) pipeline{execution_id=bf2631b1-0b2c-4efb-af93-f009782f1bd4 chain_id=137 from_address=0x2EAC739a1e05F4a05a5B8fD93D332c4353E5A7cD}: cortex::pipeline: pipeline completed elapsed_ms=2261
2026-04-05T14:00:02.909970Z  INFO ThreadId(16) pipeline{execution_id=a567d7fb-f5ac-41ad-a1f4-e19ebc06e14b chain_id=1 from_address=0x8b172F820629b14cEAF859A6e159d1BcD3291Fe1}: cortex::pipeline: transaction confirmed on-chain elapsed_ms=2261 block_number=24813930 confirmations=1
2026-04-05T14:00:02.910001Z  INFO ThreadId(16) pipeline{execution_id=a567d7fb-f5ac-41ad-a1f4-e19ebc06e14b chain_id=1 from_address=0x8b172F820629b14cEAF859A6e159d1BcD3291Fe1}: cortex::pipeline: pipeline completed elapsed_ms=2262
2026-04-05T14:00:02.910418Z  INFO ThreadId(07) pipeline{execution_id=41ccfc58-7913-43f2-ade9-0120d505e992 chain_id=42161 from_address=0x2EAC739a1e05F4a05a5B8fD93D332c4353E5A7cD}: cortex::pipeline: transaction confirmed on-chain elapsed_ms=2265 block_number=449318197 confirmations=1
2026-04-05T14:00:02.910460Z  INFO ThreadId(07) pipeline{execution_id=41ccfc58-7913-43f2-ade9-0120d505e992 chain_id=42161 from_address=0x2EAC739a1e05F4a05a5B8fD93D332c4353E5A7cD}: cortex::pipeline: pipeline completed elapsed_ms=2265
2026-04-05T14:00:02.913614Z  INFO ThreadId(16) pipeline{execution_id=d63570b0-f9ca-4522-bbc8-683ff09c93d4 chain_id=137 from_address=0xfea6645D31443cF7Cf96eF1dB7823EB9365f98bf}: cortex::pipeline: transaction confirmed on-chain elapsed_ms=2265 block_number=85138789 confirmations=1
2026-04-05T14:00:02.913695Z  INFO ThreadId(16) pipeline{execution_id=d63570b0-f9ca-4522-bbc8-683ff09c93d4 chain_id=137 from_address=0xfea6645D31443cF7Cf96eF1dB7823EB9365f98bf}: cortex::pipeline: pipeline completed elapsed_ms=2266
2026-04-05T14:00:02.914824Z  INFO ThreadId(03) pipeline{execution_id=17326646-cb85-44ae-bc67-47b2e18c9063 chain_id=1 from_address=0xfea6645D31443cF7Cf96eF1dB7823EB9365f98bf}: cortex::pipeline: transaction confirmed on-chain elapsed_ms=2266 block_number=24813932 confirmations=1
2026-04-05T14:00:02.914882Z  INFO ThreadId(03) pipeline{execution_id=17326646-cb85-44ae-bc67-47b2e18c9063 chain_id=1 from_address=0xfea6645D31443cF7Cf96eF1dB7823EB9365f98bf}: cortex::pipeline: pipeline completed elapsed_ms=2266
2026-04-05T14:00:02.915372Z  INFO ThreadId(07) pipeline{execution_id=38f8e5a1-af90-4e20-b98f-6a8f5d814035 chain_id=42161 from_address=0xfea6645D31443cF7Cf96eF1dB7823EB9365f98bf}: cortex::pipeline: transaction confirmed on-chain elapsed_ms=2267 block_number=449318197 confirmations=1
2026-04-05T14:00:02.915417Z  INFO ThreadId(07) pipeline{execution_id=38f8e5a1-af90-4e20-b98f-6a8f5d814035 chain_id=42161 from_address=0xfea6645D31443cF7Cf96eF1dB7823EB9365f98bf}: cortex::pipeline: pipeline completed elapsed_ms=2267
2026-04-05T14:00:02.916087Z  INFO ThreadId(08) pipeline{execution_id=b2d12bbe-468b-40aa-8e5c-124b1a4583b6 chain_id=137 from_address=0x2EAC739a1e05F4a05a5B8fD93D332c4353E5A7cD}: cortex::pipeline: transaction confirmed on-chain elapsed_ms=2268 block_number=85138789 confirmations=1
2026-04-05T14:00:02.916098Z  INFO ThreadId(07) pipeline{execution_id=bf25aff9-0ce7-4da2-9fd9-cda611937e9f chain_id=1 from_address=0xfea6645D31443cF7Cf96eF1dB7823EB9365f98bf}: cortex::pipeline: transaction confirmed on-chain elapsed_ms=2267 block_number=24813932 confirmations=1
2026-04-05T14:00:02.916131Z  INFO ThreadId(08) pipeline{execution_id=b2d12bbe-468b-40aa-8e5c-124b1a4583b6 chain_id=137 from_address=0x2EAC739a1e05F4a05a5B8fD93D332c4353E5A7cD}: cortex::pipeline: pipeline completed elapsed_ms=2268
2026-04-05T14:00:02.916147Z  INFO ThreadId(07) pipeline{execution_id=bf25aff9-0ce7-4da2-9fd9-cda611937e9f chain_id=1 from_address=0xfea6645D31443cF7Cf96eF1dB7823EB9365f98bf}: cortex::pipeline: pipeline completed elapsed_ms=2267
2026-04-05T14:00:02.916518Z  INFO ThreadId(06) pipeline{execution_id=9be6882b-9ab6-4d47-b1db-f37ad7a59a5c chain_id=42161 from_address=0x8b172F820629b14cEAF859A6e159d1BcD3291Fe1}: cortex::pipeline: transaction confirmed on-chain elapsed_ms=2268 block_number=449318202 confirmations=1
2026-04-05T14:00:02.916554Z  INFO ThreadId(06) pipeline{execution_id=9be6882b-9ab6-4d47-b1db-f37ad7a59a5c chain_id=42161 from_address=0x8b172F820629b14cEAF859A6e159d1BcD3291Fe1}: cortex::pipeline: pipeline completed elapsed_ms=2268
2026-04-05T14:00:02.917537Z  INFO ThreadId(03) pipeline{execution_id=39d0f965-6b11-49f2-89d0-ba9cb65e2cd5 chain_id=1 from_address=0xfea6645D31443cF7Cf96eF1dB7823EB9365f98bf}: cortex::pipeline: transaction confirmed on-chain elapsed_ms=2269 block_number=24813932 confirmations=1
2026-04-05T14:00:02.917581Z  INFO ThreadId(03) pipeline{execution_id=39d0f965-6b11-49f2-89d0-ba9cb65e2cd5 chain_id=1 from_address=0xfea6645D31443cF7Cf96eF1dB7823EB9365f98bf}: cortex::pipeline: pipeline completed elapsed_ms=2269
2026-04-05T14:00:02.917985Z  INFO ThreadId(04) pipeline{execution_id=d7beadcb-c84a-4fac-935c-859a7f429c34 chain_id=137 from_address=0xfea6645D31443cF7Cf96eF1dB7823EB9365f98bf}: cortex::pipeline: transaction confirmed on-chain elapsed_ms=2269 block_number=85138789 confirmations=1
2026-04-05T14:00:02.918023Z  INFO ThreadId(04) pipeline{execution_id=d7beadcb-c84a-4fac-935c-859a7f429c34 chain_id=137 from_address=0xfea6645D31443cF7Cf96eF1dB7823EB9365f98bf}: cortex::pipeline: pipeline completed elapsed_ms=2270
2026-04-05T14:00:02.918406Z  INFO ThreadId(03) pipeline{execution_id=76853e07-4c7c-485a-bf65-05409e0af3e3 chain_id=42161 from_address=0x8AfE43fF49EBd5c4B8Cd1497ee77b437dd1711fc}: cortex::pipeline: transaction confirmed on-chain elapsed_ms=2270 block_number=449318197 confirmations=1
2026-04-05T14:00:02.918441Z  INFO ThreadId(03) pipeline{execution_id=76853e07-4c7c-485a-bf65-05409e0af3e3 chain_id=42161 from_address=0x8AfE43fF49EBd5c4B8Cd1497ee77b437dd1711fc}: cortex::pipeline: pipeline completed elapsed_ms=2270
2026-04-05T14:00:02.919207Z  INFO ThreadId(04) pipeline{execution_id=a7a03346-d8c2-4c1f-a137-1243d6113112 chain_id=1 from_address=0xCFA80F1f22b0AD533F7d8e2CcC0A783aa4BCaFF3}: cortex::pipeline: transaction confirmed on-chain elapsed_ms=2270 block_number=24813932 confirmations=1
2026-04-05T14:00:02.919241Z  INFO ThreadId(04) pipeline{execution_id=a7a03346-d8c2-4c1f-a137-1243d6113112 chain_id=1 from_address=0xCFA80F1f22b0AD533F7d8e2CcC0A783aa4BCaFF3}: cortex::pipeline: pipeline completed elapsed_ms=2270
2026-04-05T14:00:02.919507Z  INFO ThreadId(04) pipeline{execution_id=9c35f5c6-3609-45a3-9330-000395188125 chain_id=137 from_address=0xfea6645D31443cF7Cf96eF1dB7823EB9365f98bf}: cortex::pipeline: transaction confirmed on-chain elapsed_ms=2271 block_number=85138789 confirmations=1
2026-04-05T14:00:02.919539Z  INFO ThreadId(04) pipeline{execution_id=9c35f5c6-3609-45a3-9330-000395188125 chain_id=137 from_address=0xfea6645D31443cF7Cf96eF1dB7823EB9365f98bf}: cortex::pipeline: pipeline completed elapsed_ms=2271
2026-04-05T14:00:02.919757Z  INFO ThreadId(06) pipeline{execution_id=2af7d1d4-6c31-48f3-abbb-014d7f99633e chain_id=42161 from_address=0x2EAC739a1e05F4a05a5B8fD93D332c4353E5A7cD}: cortex::pipeline: transaction confirmed on-chain elapsed_ms=2271 block_number=449318197 confirmations=1
2026-04-05T14:00:02.919788Z  INFO ThreadId(06) pipeline{execution_id=2af7d1d4-6c31-48f3-abbb-014d7f99633e chain_id=42161 from_address=0x2EAC739a1e05F4a05a5B8fD93D332c4353E5A7cD}: cortex::pipeline: pipeline completed elapsed_ms=2271
2026-04-05T14:00:02.921125Z  INFO ThreadId(13) pipeline{execution_id=dfcbcc16-7cf9-4db7-9819-093e0c045283 chain_id=42161 from_address=0x8b172F820629b14cEAF859A6e159d1BcD3291Fe1}: cortex::pipeline: transaction confirmed on-chain elapsed_ms=2272 block_number=449318202 confirmations=1
2026-04-05T14:00:02.921168Z  INFO ThreadId(13) pipeline{execution_id=dfcbcc16-7cf9-4db7-9819-093e0c045283 chain_id=42161 from_address=0x8b172F820629b14cEAF859A6e159d1BcD3291Fe1}: cortex::pipeline: pipeline completed elapsed_ms=2272
2026-04-05T14:00:02.921373Z  INFO ThreadId(13) pipeline{execution_id=6f7f1a5c-8598-4dd7-afc1-538412e3ef2c chain_id=137 from_address=0x2EAC739a1e05F4a05a5B8fD93D332c4353E5A7cD}: cortex::pipeline: transaction confirmed on-chain elapsed_ms=2273 block_number=85138789 confirmations=1
2026-04-05T14:00:02.921400Z  INFO ThreadId(13) pipeline{execution_id=6f7f1a5c-8598-4dd7-afc1-538412e3ef2c chain_id=137 from_address=0x2EAC739a1e05F4a05a5B8fD93D332c4353E5A7cD}: cortex::pipeline: pipeline completed elapsed_ms=2273
2026-04-05T14:00:02.921804Z  INFO ThreadId(04) pipeline{execution_id=1eff5db1-e9e0-42f4-8ed0-3b0131fd8c33 chain_id=1 from_address=0x2EAC739a1e05F4a05a5B8fD93D332c4353E5A7cD}: cortex::pipeline: transaction confirmed on-chain elapsed_ms=2273 block_number=24813932 confirmations=1
2026-04-05T14:00:02.921834Z  INFO ThreadId(04) pipeline{execution_id=1eff5db1-e9e0-42f4-8ed0-3b0131fd8c33 chain_id=1 from_address=0x2EAC739a1e05F4a05a5B8fD93D332c4353E5A7cD}: cortex::pipeline: pipeline completed elapsed_ms=2273
2026-04-05T14:00:02.922511Z  INFO ThreadId(13) pipeline{execution_id=5b27e0fa-ad1e-4517-bb8f-73605f75fc83 chain_id=42161 from_address=0xCFA80F1f22b0AD533F7d8e2CcC0A783aa4BCaFF3}: cortex::pipeline: transaction confirmed on-chain elapsed_ms=2273 block_number=449318197 confirmations=1
2026-04-05T14:00:02.922548Z  INFO ThreadId(13) pipeline{execution_id=5b27e0fa-ad1e-4517-bb8f-73605f75fc83 chain_id=42161 from_address=0xCFA80F1f22b0AD533F7d8e2CcC0A783aa4BCaFF3}: cortex::pipeline: pipeline completed elapsed_ms=2273
2026-04-05T14:00:02.923912Z  INFO ThreadId(07) pipeline{execution_id=33d03793-053b-42a4-be39-cdf358c1abf7 chain_id=137 from_address=0xCFA80F1f22b0AD533F7d8e2CcC0A783aa4BCaFF3}: cortex::pipeline: transaction confirmed on-chain elapsed_ms=2275 block_number=85138789 confirmations=1
2026-04-05T14:00:02.923963Z  INFO ThreadId(07) pipeline{execution_id=33d03793-053b-42a4-be39-cdf358c1abf7 chain_id=137 from_address=0xCFA80F1f22b0AD533F7d8e2CcC0A783aa4BCaFF3}: cortex::pipeline: pipeline completed elapsed_ms=2275
2026-04-05T14:00:02.924349Z  INFO ThreadId(06) pipeline{execution_id=b2dea0e1-18da-46d8-b14a-12cd899b3ef1 chain_id=42161 from_address=0x8b172F820629b14cEAF859A6e159d1BcD3291Fe1}: cortex::pipeline: transaction confirmed on-chain elapsed_ms=2275 block_number=449318202 confirmations=1
2026-04-05T14:00:02.924357Z  INFO ThreadId(04) pipeline{execution_id=35abee23-acab-4639-af9b-aa78d9dce9b1 chain_id=1 from_address=0x2EAC739a1e05F4a05a5B8fD93D332c4353E5A7cD}: cortex::pipeline: transaction confirmed on-chain elapsed_ms=2276 block_number=24813932 confirmations=1
2026-04-05T14:00:02.924390Z  INFO ThreadId(06) pipeline{execution_id=b2dea0e1-18da-46d8-b14a-12cd899b3ef1 chain_id=42161 from_address=0x8b172F820629b14cEAF859A6e159d1BcD3291Fe1}: cortex::pipeline: pipeline completed elapsed_ms=2275
2026-04-05T14:00:02.924427Z  INFO ThreadId(04) pipeline{execution_id=35abee23-acab-4639-af9b-aa78d9dce9b1 chain_id=1 from_address=0x2EAC739a1e05F4a05a5B8fD93D332c4353E5A7cD}: cortex::pipeline: pipeline completed elapsed_ms=2276
2026-04-05T14:00:02.924425Z  INFO ThreadId(14) pipeline{execution_id=a9c9d71a-31a5-43ac-b930-781768362f81 chain_id=1 from_address=0xCFA80F1f22b0AD533F7d8e2CcC0A783aa4BCaFF3}: cortex::pipeline: transaction confirmed on-chain elapsed_ms=2275 block_number=24813932 confirmations=1
2026-04-05T14:00:02.924455Z  INFO ThreadId(14) pipeline{execution_id=a9c9d71a-31a5-43ac-b930-781768362f81 chain_id=1 from_address=0xCFA80F1f22b0AD533F7d8e2CcC0A783aa4BCaFF3}: cortex::pipeline: pipeline completed elapsed_ms=2275
2026-04-05T14:00:02.924847Z  INFO ThreadId(03) pipeline{execution_id=8eb7c512-b698-4214-9253-4ee2b3378cc3 chain_id=137 from_address=0x2EAC739a1e05F4a05a5B8fD93D332c4353E5A7cD}: cortex::pipeline: transaction confirmed on-chain elapsed_ms=2277 block_number=85138789 confirmations=1
2026-04-05T14:00:02.924901Z  INFO ThreadId(03) pipeline{execution_id=8eb7c512-b698-4214-9253-4ee2b3378cc3 chain_id=137 from_address=0x2EAC739a1e05F4a05a5B8fD93D332c4353E5A7cD}: cortex::pipeline: pipeline completed elapsed_ms=2277
2026-04-05T14:00:02.926008Z  INFO ThreadId(04) pipeline{execution_id=acd49d58-4531-497a-83f4-ae0aaae7103b chain_id=137 from_address=0x8AfE43fF49EBd5c4B8Cd1497ee77b437dd1711fc}: cortex::pipeline: transaction confirmed on-chain elapsed_ms=2277 block_number=85138789 confirmations=1
2026-04-05T14:00:02.926186Z  INFO ThreadId(04) pipeline{execution_id=acd49d58-4531-497a-83f4-ae0aaae7103b chain_id=137 from_address=0x8AfE43fF49EBd5c4B8Cd1497ee77b437dd1711fc}: cortex::pipeline: pipeline completed elapsed_ms=2277
2026-04-05T14:00:02.926406Z  INFO ThreadId(14) pipeline{execution_id=8c39c0a8-62a3-4d11-b199-0102d67ccdfd chain_id=1 from_address=0x2EAC739a1e05F4a05a5B8fD93D332c4353E5A7cD}: cortex::pipeline: transaction confirmed on-chain elapsed_ms=2277 block_number=24813932 confirmations=1
2026-04-05T14:00:02.926441Z  INFO ThreadId(14) pipeline{execution_id=8c39c0a8-62a3-4d11-b199-0102d67ccdfd chain_id=1 from_address=0x2EAC739a1e05F4a05a5B8fD93D332c4353E5A7cD}: cortex::pipeline: pipeline completed elapsed_ms=2277
2026-04-05T14:00:02.926575Z  INFO ThreadId(03) pipeline{execution_id=08424f8d-6742-4778-8be5-28936a536d35 chain_id=42161 from_address=0x8b172F820629b14cEAF859A6e159d1BcD3291Fe1}: cortex::pipeline: transaction confirmed on-chain elapsed_ms=2277 block_number=449318202 confirmations=1
2026-04-05T14:00:02.926602Z  INFO ThreadId(03) pipeline{execution_id=08424f8d-6742-4778-8be5-28936a536d35 chain_id=42161 from_address=0x8b172F820629b14cEAF859A6e159d1BcD3291Fe1}: cortex::pipeline: pipeline completed elapsed_ms=2277
2026-04-05T14:00:02.927661Z  INFO ThreadId(04) pipeline{execution_id=901a3ab7-f82f-4b3f-90f9-1a49ce7127e0 chain_id=137 from_address=0x8b172F820629b14cEAF859A6e159d1BcD3291Fe1}: cortex::pipeline: transaction confirmed on-chain elapsed_ms=2279 block_number=85138788 confirmations=1
2026-04-05T14:00:02.927691Z  INFO ThreadId(04) pipeline{execution_id=901a3ab7-f82f-4b3f-90f9-1a49ce7127e0 chain_id=137 from_address=0x8b172F820629b14cEAF859A6e159d1BcD3291Fe1}: cortex::pipeline: pipeline completed elapsed_ms=2279
2026-04-05T14:00:02.928129Z  INFO ThreadId(04) pipeline{execution_id=eaaf71de-d0db-4701-a1cf-d7acb84b1997 chain_id=1 from_address=0x8b172F820629b14cEAF859A6e159d1BcD3291Fe1}: cortex::pipeline: transaction confirmed on-chain elapsed_ms=2279 block_number=24813930 confirmations=1
2026-04-05T14:00:02.928158Z  INFO ThreadId(04) pipeline{execution_id=eaaf71de-d0db-4701-a1cf-d7acb84b1997 chain_id=1 from_address=0x8b172F820629b14cEAF859A6e159d1BcD3291Fe1}: cortex::pipeline: pipeline completed elapsed_ms=2279
2026-04-05T14:00:02.928496Z  INFO ThreadId(03) pipeline{execution_id=c9293839-4e63-4d25-8f21-fab2d170d193 chain_id=42161 from_address=0x8b172F820629b14cEAF859A6e159d1BcD3291Fe1}: cortex::pipeline: transaction confirmed on-chain elapsed_ms=2279 block_number=449318202 confirmations=1
2026-04-05T14:00:02.928518Z  INFO ThreadId(03) pipeline{execution_id=c9293839-4e63-4d25-8f21-fab2d170d193 chain_id=42161 from_address=0x8b172F820629b14cEAF859A6e159d1BcD3291Fe1}: cortex::pipeline: pipeline completed elapsed_ms=2279
2026-04-05T14:00:02.928927Z  INFO ThreadId(06) pipeline{execution_id=185aabfe-77b3-4263-bac0-0fbf48000ce1 chain_id=1 from_address=0xCFA80F1f22b0AD533F7d8e2CcC0A783aa4BCaFF3}: cortex::pipeline: transaction confirmed on-chain elapsed_ms=2280 block_number=24813932 confirmations=1
2026-04-05T14:00:02.928958Z  INFO ThreadId(06) pipeline{execution_id=185aabfe-77b3-4263-bac0-0fbf48000ce1 chain_id=1 from_address=0xCFA80F1f22b0AD533F7d8e2CcC0A783aa4BCaFF3}: cortex::pipeline: pipeline completed elapsed_ms=2280
2026-04-05T14:00:02.928956Z  INFO ThreadId(03) pipeline{execution_id=a8a4f9de-27bc-4fbf-b210-aea4489cfd92 chain_id=137 from_address=0x8AfE43fF49EBd5c4B8Cd1497ee77b437dd1711fc}: cortex::pipeline: transaction confirmed on-chain elapsed_ms=2280 block_number=85138789 confirmations=1
2026-04-05T14:00:02.928996Z  INFO ThreadId(03) pipeline{execution_id=a8a4f9de-27bc-4fbf-b210-aea4489cfd92 chain_id=137 from_address=0x8AfE43fF49EBd5c4B8Cd1497ee77b437dd1711fc}: cortex::pipeline: pipeline completed elapsed_ms=2280
2026-04-05T14:00:02.929457Z  INFO ThreadId(13) pipeline{execution_id=9163b5d5-6520-4438-8e1f-8b5908989949 chain_id=42161 from_address=0xfea6645D31443cF7Cf96eF1dB7823EB9365f98bf}: cortex::pipeline: transaction confirmed on-chain elapsed_ms=2280 block_number=449318197 confirmations=1
2026-04-05T14:00:02.929484Z  INFO ThreadId(13) pipeline{execution_id=9163b5d5-6520-4438-8e1f-8b5908989949 chain_id=42161 from_address=0xfea6645D31443cF7Cf96eF1dB7823EB9365f98bf}: cortex::pipeline: pipeline completed elapsed_ms=2280
2026-04-05T14:00:02.930622Z  INFO ThreadId(03) pipeline{execution_id=172ff9d4-3997-40bd-9ba0-8527bc515c0e chain_id=1 from_address=0xCFA80F1f22b0AD533F7d8e2CcC0A783aa4BCaFF3}: cortex::pipeline: transaction confirmed on-chain elapsed_ms=2281 block_number=24813932 confirmations=1
2026-04-05T14:00:02.930668Z  INFO ThreadId(03) pipeline{execution_id=172ff9d4-3997-40bd-9ba0-8527bc515c0e chain_id=1 from_address=0xCFA80F1f22b0AD533F7d8e2CcC0A783aa4BCaFF3}: cortex::pipeline: pipeline completed elapsed_ms=2281
2026-04-05T14:00:02.930828Z  INFO ThreadId(06) pipeline{execution_id=1bedd8a2-2fa1-4a8d-9151-0280b5256d46 chain_id=42161 from_address=0xfea6645D31443cF7Cf96eF1dB7823EB9365f98bf}: cortex::pipeline: transaction confirmed on-chain elapsed_ms=2281 block_number=449318197 confirmations=1
2026-04-05T14:00:02.930861Z  INFO ThreadId(06) pipeline{execution_id=1bedd8a2-2fa1-4a8d-9151-0280b5256d46 chain_id=42161 from_address=0xfea6645D31443cF7Cf96eF1dB7823EB9365f98bf}: cortex::pipeline: pipeline completed elapsed_ms=2281
2026-04-05T14:00:02.931194Z  INFO ThreadId(06) pipeline{execution_id=f894c851-76f5-42c3-9514-e9f46b4c0548 chain_id=137 from_address=0xCFA80F1f22b0AD533F7d8e2CcC0A783aa4BCaFF3}: cortex::pipeline: transaction confirmed on-chain elapsed_ms=2282 block_number=85138789 confirmations=1
2026-04-05T14:00:02.931225Z  INFO ThreadId(06) pipeline{execution_id=f894c851-76f5-42c3-9514-e9f46b4c0548 chain_id=137 from_address=0xCFA80F1f22b0AD533F7d8e2CcC0A783aa4BCaFF3}: cortex::pipeline: pipeline completed elapsed_ms=2282
2026-04-05T14:00:02.932133Z  INFO ThreadId(06) pipeline{execution_id=0759dfd0-d1dc-4fe2-9dde-d5ec79791544 chain_id=137 from_address=0x8AfE43fF49EBd5c4B8Cd1497ee77b437dd1711fc}: cortex::pipeline: transaction confirmed on-chain elapsed_ms=2283 block_number=85138789 confirmations=1
2026-04-05T14:00:02.932171Z  INFO ThreadId(06) pipeline{execution_id=0759dfd0-d1dc-4fe2-9dde-d5ec79791544 chain_id=137 from_address=0x8AfE43fF49EBd5c4B8Cd1497ee77b437dd1711fc}: cortex::pipeline: pipeline completed elapsed_ms=2283
2026-04-05T14:00:02.932323Z  INFO ThreadId(06) pipeline{execution_id=9a9bb348-902c-499e-ac01-dc4c1f6f6492 chain_id=1 from_address=0xfea6645D31443cF7Cf96eF1dB7823EB9365f98bf}: cortex::pipeline: transaction confirmed on-chain elapsed_ms=2282 block_number=24813932 confirmations=1
2026-04-05T14:00:02.932351Z  INFO ThreadId(06) pipeline{execution_id=9a9bb348-902c-499e-ac01-dc4c1f6f6492 chain_id=1 from_address=0xfea6645D31443cF7Cf96eF1dB7823EB9365f98bf}: cortex::pipeline: pipeline completed elapsed_ms=2282
2026-04-05T14:00:02.932588Z  INFO ThreadId(06) pipeline{execution_id=a2c1b91d-fb0f-4270-8166-58dfaa9e8658 chain_id=42161 from_address=0x8AfE43fF49EBd5c4B8Cd1497ee77b437dd1711fc}: cortex::pipeline: transaction confirmed on-chain elapsed_ms=2282 block_number=449318197 confirmations=1
2026-04-05T14:00:02.932614Z  INFO ThreadId(06) pipeline{execution_id=a2c1b91d-fb0f-4270-8166-58dfaa9e8658 chain_id=42161 from_address=0x8AfE43fF49EBd5c4B8Cd1497ee77b437dd1711fc}: cortex::pipeline: pipeline completed elapsed_ms=2282
2026-04-05T14:00:02.933627Z  INFO ThreadId(04) pipeline{execution_id=39ccc9e0-42ee-42b6-9c7e-18daa8651181 chain_id=137 from_address=0x2EAC739a1e05F4a05a5B8fD93D332c4353E5A7cD}: cortex::pipeline: transaction confirmed on-chain elapsed_ms=2285 block_number=85138789 confirmations=1
2026-04-05T14:00:02.933682Z  INFO ThreadId(04) pipeline{execution_id=39ccc9e0-42ee-42b6-9c7e-18daa8651181 chain_id=137 from_address=0x2EAC739a1e05F4a05a5B8fD93D332c4353E5A7cD}: cortex::pipeline: pipeline completed elapsed_ms=2285
2026-04-05T14:00:02.934038Z  INFO ThreadId(03) pipeline{execution_id=53fe6c6b-1fe0-4960-af31-0ece92aec629 chain_id=1 from_address=0xCFA80F1f22b0AD533F7d8e2CcC0A783aa4BCaFF3}: cortex::pipeline: transaction confirmed on-chain elapsed_ms=2284 block_number=24813932 confirmations=1
2026-04-05T14:00:02.934079Z  INFO ThreadId(03) pipeline{execution_id=53fe6c6b-1fe0-4960-af31-0ece92aec629 chain_id=1 from_address=0xCFA80F1f22b0AD533F7d8e2CcC0A783aa4BCaFF3}: cortex::pipeline: pipeline completed elapsed_ms=2284
2026-04-05T14:00:02.934281Z  INFO ThreadId(04) pipeline{execution_id=41349d0c-ffc0-46d8-aa84-f8c3bffba91c chain_id=42161 from_address=0x8b172F820629b14cEAF859A6e159d1BcD3291Fe1}: cortex::pipeline: transaction confirmed on-chain elapsed_ms=2283 block_number=449318202 confirmations=1
2026-04-05T14:00:02.934318Z  INFO ThreadId(04) pipeline{execution_id=41349d0c-ffc0-46d8-aa84-f8c3bffba91c chain_id=42161 from_address=0x8b172F820629b14cEAF859A6e159d1BcD3291Fe1}: cortex::pipeline: pipeline completed elapsed_ms=2283
2026-04-05T14:00:02.935231Z  INFO ThreadId(07) pipeline{execution_id=81b7bcb4-78f0-419c-a96b-8f07e533922c chain_id=137 from_address=0x2EAC739a1e05F4a05a5B8fD93D332c4353E5A7cD}: cortex::pipeline: transaction confirmed on-chain elapsed_ms=2286 block_number=85138789 confirmations=1
2026-04-05T14:00:02.935258Z  INFO ThreadId(07) pipeline{execution_id=81b7bcb4-78f0-419c-a96b-8f07e533922c chain_id=137 from_address=0x2EAC739a1e05F4a05a5B8fD93D332c4353E5A7cD}: cortex::pipeline: pipeline completed elapsed_ms=2286
2026-04-05T14:00:02.935439Z  INFO ThreadId(13) pipeline{execution_id=f748451f-b0ba-40d2-8198-b4ef395dee29 chain_id=42161 from_address=0x8AfE43fF49EBd5c4B8Cd1497ee77b437dd1711fc}: cortex::pipeline: transaction confirmed on-chain elapsed_ms=2284 block_number=449318197 confirmations=1
2026-04-05T14:00:02.935463Z  INFO ThreadId(13) pipeline{execution_id=f748451f-b0ba-40d2-8198-b4ef395dee29 chain_id=42161 from_address=0x8AfE43fF49EBd5c4B8Cd1497ee77b437dd1711fc}: cortex::pipeline: pipeline completed elapsed_ms=2284
2026-04-05T14:00:02.935602Z  INFO ThreadId(03) pipeline{execution_id=63c0a83a-e525-44ed-8a1d-0dfb628df52e chain_id=1 from_address=0xCFA80F1f22b0AD533F7d8e2CcC0A783aa4BCaFF3}: cortex::pipeline: transaction confirmed on-chain elapsed_ms=2285 block_number=24813932 confirmations=1
2026-04-05T14:00:02.935627Z  INFO ThreadId(03) pipeline{execution_id=63c0a83a-e525-44ed-8a1d-0dfb628df52e chain_id=1 from_address=0xCFA80F1f22b0AD533F7d8e2CcC0A783aa4BCaFF3}: cortex::pipeline: pipeline completed elapsed_ms=2285
2026-04-05T14:00:02.936761Z  INFO ThreadId(13) pipeline{execution_id=7f5b72d5-c3d0-4fd0-aae9-210a0b49cd09 chain_id=137 from_address=0x8b172F820629b14cEAF859A6e159d1BcD3291Fe1}: cortex::pipeline: transaction confirmed on-chain elapsed_ms=2288 block_number=85138788 confirmations=1
2026-04-05T14:00:02.936795Z  INFO ThreadId(13) pipeline{execution_id=7f5b72d5-c3d0-4fd0-aae9-210a0b49cd09 chain_id=137 from_address=0x8b172F820629b14cEAF859A6e159d1BcD3291Fe1}: cortex::pipeline: pipeline completed elapsed_ms=2288
2026-04-05T14:00:02.936936Z  INFO ThreadId(03) pipeline{execution_id=06bede68-ce75-4f8d-a4b4-7b1127ea0437 chain_id=1 from_address=0x8AfE43fF49EBd5c4B8Cd1497ee77b437dd1711fc}: cortex::pipeline: transaction confirmed on-chain elapsed_ms=2286 block_number=24813932 confirmations=1
2026-04-05T14:00:02.936976Z  INFO ThreadId(03) pipeline{execution_id=06bede68-ce75-4f8d-a4b4-7b1127ea0437 chain_id=1 from_address=0x8AfE43fF49EBd5c4B8Cd1497ee77b437dd1711fc}: cortex::pipeline: pipeline completed elapsed_ms=2286
2026-04-05T14:00:02.937456Z  INFO ThreadId(06) pipeline{execution_id=9f8b3b3c-f855-48f8-a5f6-59dbd6bb11f4 chain_id=42161 from_address=0xfea6645D31443cF7Cf96eF1dB7823EB9365f98bf}: cortex::pipeline: transaction confirmed on-chain elapsed_ms=2286 block_number=449318197 confirmations=1
2026-04-05T14:00:02.937506Z  INFO ThreadId(06) pipeline{execution_id=9f8b3b3c-f855-48f8-a5f6-59dbd6bb11f4 chain_id=42161 from_address=0xfea6645D31443cF7Cf96eF1dB7823EB9365f98bf}: cortex::pipeline: pipeline completed elapsed_ms=2286
2026-04-05T14:00:02.938820Z  INFO ThreadId(13) pipeline{execution_id=b33a1071-26bc-4b59-9d45-f188a9388880 chain_id=1 from_address=0x8b172F820629b14cEAF859A6e159d1BcD3291Fe1}: cortex::pipeline: transaction confirmed on-chain elapsed_ms=2287 block_number=24813930 confirmations=1
2026-04-05T14:00:02.938864Z  INFO ThreadId(13) pipeline{execution_id=b33a1071-26bc-4b59-9d45-f188a9388880 chain_id=1 from_address=0x8b172F820629b14cEAF859A6e159d1BcD3291Fe1}: cortex::pipeline: pipeline completed elapsed_ms=2287
2026-04-05T14:00:02.939337Z  INFO ThreadId(13) pipeline{execution_id=8b0eb414-4273-4a86-ad6b-9d4ffb2a120b chain_id=42161 from_address=0xCFA80F1f22b0AD533F7d8e2CcC0A783aa4BCaFF3}: cortex::pipeline: transaction confirmed on-chain elapsed_ms=2288 block_number=449318197 confirmations=1
2026-04-05T14:00:02.939343Z  INFO ThreadId(14) pipeline{execution_id=e5ab3e6b-ca16-4b31-aa38-f37a9beed140 chain_id=137 from_address=0x8b172F820629b14cEAF859A6e159d1BcD3291Fe1}: cortex::pipeline: transaction confirmed on-chain elapsed_ms=2290 block_number=85138788 confirmations=1
2026-04-05T14:00:02.939376Z  INFO ThreadId(13) pipeline{execution_id=8b0eb414-4273-4a86-ad6b-9d4ffb2a120b chain_id=42161 from_address=0xCFA80F1f22b0AD533F7d8e2CcC0A783aa4BCaFF3}: cortex::pipeline: pipeline completed elapsed_ms=2288
2026-04-05T14:00:02.939384Z  INFO ThreadId(14) pipeline{execution_id=e5ab3e6b-ca16-4b31-aa38-f37a9beed140 chain_id=137 from_address=0x8b172F820629b14cEAF859A6e159d1BcD3291Fe1}: cortex::pipeline: pipeline completed elapsed_ms=2290
2026-04-05T14:00:02.940441Z  INFO ThreadId(04) pipeline{execution_id=56420be7-99fd-40e8-823b-1c2f82bd8580 chain_id=1 from_address=0x8b172F820629b14cEAF859A6e159d1BcD3291Fe1}: cortex::pipeline: transaction confirmed on-chain elapsed_ms=2289 block_number=24813930 confirmations=1
2026-04-05T14:00:02.940481Z  INFO ThreadId(04) pipeline{execution_id=56420be7-99fd-40e8-823b-1c2f82bd8580 chain_id=1 from_address=0x8b172F820629b14cEAF859A6e159d1BcD3291Fe1}: cortex::pipeline: pipeline completed elapsed_ms=2289
2026-04-05T14:00:02.940792Z  INFO ThreadId(04) pipeline{execution_id=b1e73ecb-2fd0-45e4-b9ee-5c1d01d72d9d chain_id=42161 from_address=0x2EAC739a1e05F4a05a5B8fD93D332c4353E5A7cD}: cortex::pipeline: transaction confirmed on-chain elapsed_ms=2289 block_number=449318197 confirmations=1
2026-04-05T14:00:02.940820Z  INFO ThreadId(04) pipeline{execution_id=b1e73ecb-2fd0-45e4-b9ee-5c1d01d72d9d chain_id=42161 from_address=0x2EAC739a1e05F4a05a5B8fD93D332c4353E5A7cD}: cortex::pipeline: pipeline completed elapsed_ms=2289
2026-04-05T14:00:02.940826Z  INFO ThreadId(06) pipeline{execution_id=3c1cd374-9903-40ff-8052-418fe0281b4b chain_id=137 from_address=0x8b172F820629b14cEAF859A6e159d1BcD3291Fe1}: cortex::pipeline: transaction confirmed on-chain elapsed_ms=2292 block_number=85138788 confirmations=1
2026-04-05T14:00:02.940850Z  INFO ThreadId(06) pipeline{execution_id=3c1cd374-9903-40ff-8052-418fe0281b4b chain_id=137 from_address=0x8b172F820629b14cEAF859A6e159d1BcD3291Fe1}: cortex::pipeline: pipeline completed elapsed_ms=2292
2026-04-05T14:00:02.942033Z  INFO ThreadId(14) pipeline{execution_id=e119d3cc-0578-4659-aaef-6314b66c2a56 chain_id=42161 from_address=0x8AfE43fF49EBd5c4B8Cd1497ee77b437dd1711fc}: cortex::pipeline: transaction confirmed on-chain elapsed_ms=2292 block_number=449318197 confirmations=1
2026-04-05T14:00:02.942033Z  INFO ThreadId(13) pipeline{execution_id=4bb025fe-e2bd-4a42-961a-1495cf415287 chain_id=1 from_address=0x8b172F820629b14cEAF859A6e159d1BcD3291Fe1}: cortex::pipeline: transaction confirmed on-chain elapsed_ms=2291 block_number=24813930 confirmations=1
2026-04-05T14:00:02.942068Z  INFO ThreadId(14) pipeline{execution_id=e119d3cc-0578-4659-aaef-6314b66c2a56 chain_id=42161 from_address=0x8AfE43fF49EBd5c4B8Cd1497ee77b437dd1711fc}: cortex::pipeline: pipeline completed elapsed_ms=2292
2026-04-05T14:00:02.942075Z  INFO ThreadId(13) pipeline{execution_id=4bb025fe-e2bd-4a42-961a-1495cf415287 chain_id=1 from_address=0x8b172F820629b14cEAF859A6e159d1BcD3291Fe1}: cortex::pipeline: pipeline completed elapsed_ms=2291
2026-04-05T14:00:02.942723Z  INFO ThreadId(04) pipeline{execution_id=5032a1e2-2af7-4778-8b39-6fb14ae2ae6c chain_id=137 from_address=0x8AfE43fF49EBd5c4B8Cd1497ee77b437dd1711fc}: cortex::pipeline: transaction confirmed on-chain elapsed_ms=2294 block_number=85138789 confirmations=1
2026-04-05T14:00:02.942758Z  INFO ThreadId(04) pipeline{execution_id=5032a1e2-2af7-4778-8b39-6fb14ae2ae6c chain_id=137 from_address=0x8AfE43fF49EBd5c4B8Cd1497ee77b437dd1711fc}: cortex::pipeline: pipeline completed elapsed_ms=2294
2026-04-05T14:00:02.943363Z  INFO ThreadId(03) pipeline{execution_id=d7ae76df-f90d-45b6-bb4f-4df0b20c55d5 chain_id=1 from_address=0x2EAC739a1e05F4a05a5B8fD93D332c4353E5A7cD}: cortex::pipeline: transaction confirmed on-chain elapsed_ms=2292 block_number=24813932 confirmations=1
2026-04-05T14:00:02.943385Z  INFO ThreadId(06) pipeline{execution_id=9187b5ac-75d0-458e-b598-a659e23c7bfa chain_id=137 from_address=0xCFA80F1f22b0AD533F7d8e2CcC0A783aa4BCaFF3}: cortex::pipeline: transaction confirmed on-chain elapsed_ms=2294 block_number=85138789 confirmations=1
2026-04-05T14:00:02.943394Z  INFO ThreadId(03) pipeline{execution_id=d7ae76df-f90d-45b6-bb4f-4df0b20c55d5 chain_id=1 from_address=0x2EAC739a1e05F4a05a5B8fD93D332c4353E5A7cD}: cortex::pipeline: pipeline completed elapsed_ms=2292
2026-04-05T14:00:02.943403Z  INFO ThreadId(06) pipeline{execution_id=9187b5ac-75d0-458e-b598-a659e23c7bfa chain_id=137 from_address=0xCFA80F1f22b0AD533F7d8e2CcC0A783aa4BCaFF3}: cortex::pipeline: pipeline completed elapsed_ms=2294
2026-04-05T14:00:02.943466Z  INFO ThreadId(04) pipeline{execution_id=8431dc7d-dffe-4fdd-8b81-f6aa075d614d chain_id=42161 from_address=0x8AfE43fF49EBd5c4B8Cd1497ee77b437dd1711fc}: cortex::pipeline: transaction confirmed on-chain elapsed_ms=2292 block_number=449318197 confirmations=1
2026-04-05T14:00:02.943496Z  INFO ThreadId(04) pipeline{execution_id=8431dc7d-dffe-4fdd-8b81-f6aa075d614d chain_id=42161 from_address=0x8AfE43fF49EBd5c4B8Cd1497ee77b437dd1711fc}: cortex::pipeline: pipeline completed elapsed_ms=2292
2026-04-05T14:00:02.944777Z  INFO ThreadId(16) pipeline{execution_id=41e84126-ad48-45c7-8db4-a7230d8f7b8f chain_id=1 from_address=0x8b172F820629b14cEAF859A6e159d1BcD3291Fe1}: cortex::pipeline: transaction confirmed on-chain elapsed_ms=2293 block_number=24813930 confirmations=1
2026-04-05T14:00:02.944789Z  INFO ThreadId(13) pipeline{execution_id=0e9faeb8-3483-4355-9c33-db36c35623ad chain_id=137 from_address=0x2EAC739a1e05F4a05a5B8fD93D332c4353E5A7cD}: cortex::pipeline: transaction confirmed on-chain elapsed_ms=2296 block_number=85138789 confirmations=1
2026-04-05T14:00:02.944825Z  INFO ThreadId(16) pipeline{execution_id=41e84126-ad48-45c7-8db4-a7230d8f7b8f chain_id=1 from_address=0x8b172F820629b14cEAF859A6e159d1BcD3291Fe1}: cortex::pipeline: pipeline completed elapsed_ms=2293
2026-04-05T14:00:02.944841Z  INFO ThreadId(13) pipeline{execution_id=0e9faeb8-3483-4355-9c33-db36c35623ad chain_id=137 from_address=0x2EAC739a1e05F4a05a5B8fD93D332c4353E5A7cD}: cortex::pipeline: pipeline completed elapsed_ms=2296
2026-04-05T14:00:02.945214Z  INFO ThreadId(03) pipeline{execution_id=782623ee-dac9-4a73-9804-3dccc0a3bce5 chain_id=42161 from_address=0x8b172F820629b14cEAF859A6e159d1BcD3291Fe1}: cortex::pipeline: transaction confirmed on-chain elapsed_ms=2294 block_number=449318202 confirmations=1
2026-04-05T14:00:02.945243Z  INFO ThreadId(03) pipeline{execution_id=782623ee-dac9-4a73-9804-3dccc0a3bce5 chain_id=42161 from_address=0x8b172F820629b14cEAF859A6e159d1BcD3291Fe1}: cortex::pipeline: pipeline completed elapsed_ms=2294
2026-04-05T14:00:02.946293Z  INFO ThreadId(16) pipeline{execution_id=4e507f0f-6c40-4208-9e1d-a620302b4324 chain_id=42161 from_address=0x2EAC739a1e05F4a05a5B8fD93D332c4353E5A7cD}: cortex::pipeline: transaction confirmed on-chain elapsed_ms=2295 block_number=449318197 confirmations=1
2026-04-05T14:00:02.946335Z  INFO ThreadId(13) pipeline{execution_id=6af34f4c-06fe-4c12-9348-0667b00b3759 chain_id=1 from_address=0x8b172F820629b14cEAF859A6e159d1BcD3291Fe1}: cortex::pipeline: transaction confirmed on-chain elapsed_ms=2295 block_number=24813930 confirmations=1
2026-04-05T14:00:02.946334Z  INFO ThreadId(06) pipeline{execution_id=f97127df-73bb-4d36-817a-e8193f0eb281 chain_id=137 from_address=0xfea6645D31443cF7Cf96eF1dB7823EB9365f98bf}: cortex::pipeline: transaction confirmed on-chain elapsed_ms=2297 block_number=85138789 confirmations=1
2026-04-05T14:00:02.946349Z  INFO ThreadId(16) pipeline{execution_id=4e507f0f-6c40-4208-9e1d-a620302b4324 chain_id=42161 from_address=0x2EAC739a1e05F4a05a5B8fD93D332c4353E5A7cD}: cortex::pipeline: pipeline completed elapsed_ms=2295
2026-04-05T14:00:02.946358Z  INFO ThreadId(13) pipeline{execution_id=6af34f4c-06fe-4c12-9348-0667b00b3759 chain_id=1 from_address=0x8b172F820629b14cEAF859A6e159d1BcD3291Fe1}: cortex::pipeline: pipeline completed elapsed_ms=2295
2026-04-05T14:00:02.946383Z  INFO ThreadId(06) pipeline{execution_id=f97127df-73bb-4d36-817a-e8193f0eb281 chain_id=137 from_address=0xfea6645D31443cF7Cf96eF1dB7823EB9365f98bf}: cortex::pipeline: pipeline completed elapsed_ms=2297
2026-04-05T14:00:02.947655Z  INFO ThreadId(16) pipeline{execution_id=566acfb5-fbcd-4267-b14b-1f1d3fc3c25c chain_id=42161 from_address=0xCFA80F1f22b0AD533F7d8e2CcC0A783aa4BCaFF3}: cortex::pipeline: transaction confirmed on-chain elapsed_ms=2296 block_number=449318197 confirmations=1
2026-04-05T14:00:02.947688Z  INFO ThreadId(16) pipeline{execution_id=566acfb5-fbcd-4267-b14b-1f1d3fc3c25c chain_id=42161 from_address=0xCFA80F1f22b0AD533F7d8e2CcC0A783aa4BCaFF3}: cortex::pipeline: pipeline completed elapsed_ms=2296
2026-04-05T14:00:02.947785Z  INFO ThreadId(16) pipeline{execution_id=02cfaf8e-fc52-4e16-8baa-51417fb81e9d chain_id=137 from_address=0x2EAC739a1e05F4a05a5B8fD93D332c4353E5A7cD}: cortex::pipeline: transaction confirmed on-chain elapsed_ms=2298 block_number=85138789 confirmations=1
2026-04-05T14:00:02.947810Z  INFO ThreadId(16) pipeline{execution_id=02cfaf8e-fc52-4e16-8baa-51417fb81e9d chain_id=137 from_address=0x2EAC739a1e05F4a05a5B8fD93D332c4353E5A7cD}: cortex::pipeline: pipeline completed elapsed_ms=2298
2026-04-05T14:00:02.948241Z  INFO ThreadId(16) pipeline{execution_id=2f185023-1a44-4069-b548-34a36edcd457 chain_id=1 from_address=0x2EAC739a1e05F4a05a5B8fD93D332c4353E5A7cD}: cortex::pipeline: transaction confirmed on-chain elapsed_ms=2297 block_number=24813932 confirmations=1
2026-04-05T14:00:02.948268Z  INFO ThreadId(16) pipeline{execution_id=2f185023-1a44-4069-b548-34a36edcd457 chain_id=1 from_address=0x2EAC739a1e05F4a05a5B8fD93D332c4353E5A7cD}: cortex::pipeline: pipeline completed elapsed_ms=2297
2026-04-05T14:00:02.949021Z  INFO ThreadId(06) pipeline{execution_id=611fff16-51ce-4fad-8fb1-9b38cf4a21fd chain_id=1 from_address=0x8AfE43fF49EBd5c4B8Cd1497ee77b437dd1711fc}: cortex::pipeline: transaction confirmed on-chain elapsed_ms=2299 block_number=24813932 confirmations=1
2026-04-05T14:00:02.949052Z  INFO ThreadId(06) pipeline{execution_id=611fff16-51ce-4fad-8fb1-9b38cf4a21fd chain_id=1 from_address=0x8AfE43fF49EBd5c4B8Cd1497ee77b437dd1711fc}: cortex::pipeline: pipeline completed elapsed_ms=2299
2026-04-05T14:00:02.949093Z  INFO ThreadId(04) pipeline{execution_id=96a236d2-245a-40e0-be70-b37875131ff0 chain_id=137 from_address=0x8b172F820629b14cEAF859A6e159d1BcD3291Fe1}: cortex::pipeline: transaction confirmed on-chain elapsed_ms=2300 block_number=85138788 confirmations=1
2026-04-05T14:00:02.949124Z  INFO ThreadId(04) pipeline{execution_id=96a236d2-245a-40e0-be70-b37875131ff0 chain_id=137 from_address=0x8b172F820629b14cEAF859A6e159d1BcD3291Fe1}: cortex::pipeline: pipeline completed elapsed_ms=2300
2026-04-05T14:00:02.949569Z  INFO ThreadId(03) pipeline{execution_id=1e3a044a-2cd1-44a6-9029-a5584b8a8540 chain_id=42161 from_address=0x8b172F820629b14cEAF859A6e159d1BcD3291Fe1}: cortex::pipeline: transaction confirmed on-chain elapsed_ms=2298 block_number=449318202 confirmations=1
2026-04-05T14:00:02.949612Z  INFO ThreadId(03) pipeline{execution_id=1e3a044a-2cd1-44a6-9029-a5584b8a8540 chain_id=42161 from_address=0x8b172F820629b14cEAF859A6e159d1BcD3291Fe1}: cortex::pipeline: pipeline completed elapsed_ms=2298
2026-04-05T14:00:02.950556Z  INFO ThreadId(04) pipeline{execution_id=30533c31-d0e4-49d0-b1a1-d2552c10da61 chain_id=137 from_address=0x8b172F820629b14cEAF859A6e159d1BcD3291Fe1}: cortex::pipeline: transaction confirmed on-chain elapsed_ms=2301 block_number=85138788 confirmations=1
2026-04-05T14:00:02.950556Z  INFO ThreadId(16) pipeline{execution_id=ff2e6e97-c300-4ead-a71d-ff524a8969e1 chain_id=1 from_address=0xfea6645D31443cF7Cf96eF1dB7823EB9365f98bf}: cortex::pipeline: transaction confirmed on-chain elapsed_ms=2298 block_number=24813932 confirmations=1
2026-04-05T14:00:02.950578Z  INFO ThreadId(13) pipeline{execution_id=b3774b47-0fd4-4523-8903-0facb17cf471 chain_id=42161 from_address=0xCFA80F1f22b0AD533F7d8e2CcC0A783aa4BCaFF3}: cortex::pipeline: transaction confirmed on-chain elapsed_ms=2299 block_number=449318197 confirmations=1
2026-04-05T14:00:02.950599Z  INFO ThreadId(04) pipeline{execution_id=30533c31-d0e4-49d0-b1a1-d2552c10da61 chain_id=137 from_address=0x8b172F820629b14cEAF859A6e159d1BcD3291Fe1}: cortex::pipeline: pipeline completed elapsed_ms=2301
2026-04-05T14:00:02.950607Z  INFO ThreadId(16) pipeline{execution_id=ff2e6e97-c300-4ead-a71d-ff524a8969e1 chain_id=1 from_address=0xfea6645D31443cF7Cf96eF1dB7823EB9365f98bf}: cortex::pipeline: pipeline completed elapsed_ms=2298
2026-04-05T14:00:02.950619Z  INFO ThreadId(13) pipeline{execution_id=b3774b47-0fd4-4523-8903-0facb17cf471 chain_id=42161 from_address=0xCFA80F1f22b0AD533F7d8e2CcC0A783aa4BCaFF3}: cortex::pipeline: pipeline completed elapsed_ms=2299
2026-04-05T14:00:02.952192Z  INFO ThreadId(06) pipeline{execution_id=a24600a6-281f-4536-9fd3-693fb8f15f11 chain_id=1 from_address=0xCFA80F1f22b0AD533F7d8e2CcC0A783aa4BCaFF3}: cortex::pipeline: transaction confirmed on-chain elapsed_ms=2300 block_number=24813932 confirmations=1
2026-04-05T14:00:02.952190Z  INFO ThreadId(13) pipeline{execution_id=6227e274-b57b-480f-823f-169c5212b8b8 chain_id=137 from_address=0x8AfE43fF49EBd5c4B8Cd1497ee77b437dd1711fc}: cortex::pipeline: transaction confirmed on-chain elapsed_ms=2303 block_number=85138789 confirmations=1
2026-04-05T14:00:02.952240Z  INFO ThreadId(06) pipeline{execution_id=a24600a6-281f-4536-9fd3-693fb8f15f11 chain_id=1 from_address=0xCFA80F1f22b0AD533F7d8e2CcC0A783aa4BCaFF3}: cortex::pipeline: pipeline completed elapsed_ms=2300
2026-04-05T14:00:02.952255Z  INFO ThreadId(13) pipeline{execution_id=6227e274-b57b-480f-823f-169c5212b8b8 chain_id=137 from_address=0x8AfE43fF49EBd5c4B8Cd1497ee77b437dd1711fc}: cortex::pipeline: pipeline completed elapsed_ms=2303
2026-04-05T14:00:02.952781Z  INFO ThreadId(06) pipeline{execution_id=93a63e31-ae43-46ea-bc46-b42da2a6ece1 chain_id=42161 from_address=0x8AfE43fF49EBd5c4B8Cd1497ee77b437dd1711fc}: cortex::pipeline: transaction confirmed on-chain elapsed_ms=2301 block_number=449318197 confirmations=1
2026-04-05T14:00:02.952824Z  INFO ThreadId(06) pipeline{execution_id=93a63e31-ae43-46ea-bc46-b42da2a6ece1 chain_id=42161 from_address=0x8AfE43fF49EBd5c4B8Cd1497ee77b437dd1711fc}: cortex::pipeline: pipeline completed elapsed_ms=2301
2026-04-05T14:00:02.953718Z  INFO ThreadId(07) pipeline{execution_id=c53374c0-813a-414b-9845-448253bae0f3 chain_id=42161 from_address=0x8b172F820629b14cEAF859A6e159d1BcD3291Fe1}: cortex::pipeline: transaction confirmed on-chain elapsed_ms=2302 block_number=449318202 confirmations=1
2026-04-05T14:00:02.953764Z  INFO ThreadId(07) pipeline{execution_id=c53374c0-813a-414b-9845-448253bae0f3 chain_id=42161 from_address=0x8b172F820629b14cEAF859A6e159d1BcD3291Fe1}: cortex::pipeline: pipeline completed elapsed_ms=2302
2026-04-05T14:00:02.954299Z  INFO ThreadId(06) pipeline{execution_id=387bde28-fd09-4a6b-9bc0-038aa14dab91 chain_id=1 from_address=0x8b172F820629b14cEAF859A6e159d1BcD3291Fe1}: cortex::pipeline: transaction confirmed on-chain elapsed_ms=2302 block_number=24813930 confirmations=1
2026-04-05T14:00:02.954358Z  INFO ThreadId(06) pipeline{execution_id=387bde28-fd09-4a6b-9bc0-038aa14dab91 chain_id=1 from_address=0x8b172F820629b14cEAF859A6e159d1BcD3291Fe1}: cortex::pipeline: pipeline completed elapsed_ms=2302
2026-04-05T14:00:02.954719Z  INFO ThreadId(13) pipeline{execution_id=c1a3a798-2d37-4924-8655-c2c323106aba chain_id=137 from_address=0x8b172F820629b14cEAF859A6e159d1BcD3291Fe1}: cortex::pipeline: transaction confirmed on-chain elapsed_ms=2304 block_number=85138788 confirmations=1
2026-04-05T14:00:02.954741Z  INFO ThreadId(13) pipeline{execution_id=c1a3a798-2d37-4924-8655-c2c323106aba chain_id=137 from_address=0x8b172F820629b14cEAF859A6e159d1BcD3291Fe1}: cortex::pipeline: pipeline completed elapsed_ms=2304
2026-04-05T14:00:02.955173Z  INFO ThreadId(03) pipeline{execution_id=f0875230-c88a-4789-9bae-f25f782ce9a0 chain_id=42161 from_address=0xfea6645D31443cF7Cf96eF1dB7823EB9365f98bf}: cortex::pipeline: transaction confirmed on-chain elapsed_ms=2303 block_number=449318197 confirmations=1
2026-04-05T14:00:02.955204Z  INFO ThreadId(03) pipeline{execution_id=f0875230-c88a-4789-9bae-f25f782ce9a0 chain_id=42161 from_address=0xfea6645D31443cF7Cf96eF1dB7823EB9365f98bf}: cortex::pipeline: pipeline completed elapsed_ms=2303
2026-04-05T14:00:02.955201Z  INFO ThreadId(06) pipeline{execution_id=0493dddb-cc3d-4b97-b3a0-2f2b9335a4a6 chain_id=137 from_address=0x2EAC739a1e05F4a05a5B8fD93D332c4353E5A7cD}: cortex::pipeline: transaction confirmed on-chain elapsed_ms=2306 block_number=85138789 confirmations=1
2026-04-05T14:00:02.955222Z  INFO ThreadId(06) pipeline{execution_id=0493dddb-cc3d-4b97-b3a0-2f2b9335a4a6 chain_id=137 from_address=0x2EAC739a1e05F4a05a5B8fD93D332c4353E5A7cD}: cortex::pipeline: pipeline completed elapsed_ms=2306
2026-04-05T14:00:02.955545Z  INFO ThreadId(13) pipeline{execution_id=587b0a0b-4015-43f1-b6a9-c82d4f269cc8 chain_id=1 from_address=0xfea6645D31443cF7Cf96eF1dB7823EB9365f98bf}: cortex::pipeline: transaction confirmed on-chain elapsed_ms=2303 block_number=24813932 confirmations=1
2026-04-05T14:00:02.955569Z  INFO ThreadId(13) pipeline{execution_id=587b0a0b-4015-43f1-b6a9-c82d4f269cc8 chain_id=1 from_address=0xfea6645D31443cF7Cf96eF1dB7823EB9365f98bf}: cortex::pipeline: pipeline completed elapsed_ms=2303
2026-04-05T14:00:02.956596Z  INFO ThreadId(14) pipeline{execution_id=f1af0057-293d-48c2-b198-942e0d787006 chain_id=42161 from_address=0xfea6645D31443cF7Cf96eF1dB7823EB9365f98bf}: cortex::pipeline: transaction confirmed on-chain elapsed_ms=2304 block_number=449318197 confirmations=1
2026-04-05T14:00:02.956627Z  INFO ThreadId(16) pipeline{execution_id=0b07ad8e-54e8-4bd4-a9b3-b026bef009a4 chain_id=137 from_address=0xCFA80F1f22b0AD533F7d8e2CcC0A783aa4BCaFF3}: cortex::pipeline: transaction confirmed on-chain elapsed_ms=2305 block_number=85138789 confirmations=1
2026-04-05T14:00:02.956626Z  INFO ThreadId(06) pipeline{execution_id=70aaf510-6a4a-433b-8af7-1033fad9a989 chain_id=1 from_address=0x8b172F820629b14cEAF859A6e159d1BcD3291Fe1}: cortex::pipeline: transaction confirmed on-chain elapsed_ms=2304 block_number=24813930 confirmations=1
2026-04-05T14:00:02.956638Z  INFO ThreadId(14) pipeline{execution_id=f1af0057-293d-48c2-b198-942e0d787006 chain_id=42161 from_address=0xfea6645D31443cF7Cf96eF1dB7823EB9365f98bf}: cortex::pipeline: pipeline completed elapsed_ms=2305
2026-04-05T14:00:02.956644Z  INFO ThreadId(16) pipeline{execution_id=0b07ad8e-54e8-4bd4-a9b3-b026bef009a4 chain_id=137 from_address=0xCFA80F1f22b0AD533F7d8e2CcC0A783aa4BCaFF3}: cortex::pipeline: pipeline completed elapsed_ms=2305
2026-04-05T14:00:02.956653Z  INFO ThreadId(06) pipeline{execution_id=70aaf510-6a4a-433b-8af7-1033fad9a989 chain_id=1 from_address=0x8b172F820629b14cEAF859A6e159d1BcD3291Fe1}: cortex::pipeline: pipeline completed elapsed_ms=2304
2026-04-05T14:00:02.958150Z  INFO ThreadId(03) pipeline{execution_id=d42a4853-bb04-452a-b05d-4f80cd70a943 chain_id=137 from_address=0xfea6645D31443cF7Cf96eF1dB7823EB9365f98bf}: cortex::pipeline: transaction confirmed on-chain elapsed_ms=2307 block_number=85138789 confirmations=1
2026-04-05T14:00:02.958199Z  INFO ThreadId(03) pipeline{execution_id=d42a4853-bb04-452a-b05d-4f80cd70a943 chain_id=137 from_address=0xfea6645D31443cF7Cf96eF1dB7823EB9365f98bf}: cortex::pipeline: pipeline completed elapsed_ms=2307
2026-04-05T14:00:02.958202Z  INFO ThreadId(07) pipeline{execution_id=70917f59-0420-4e0e-9248-f1ee814036b0 chain_id=1 from_address=0x2EAC739a1e05F4a05a5B8fD93D332c4353E5A7cD}: cortex::pipeline: transaction confirmed on-chain elapsed_ms=2271 block_number=24813932 confirmations=1
2026-04-05T14:00:02.958225Z  INFO ThreadId(07) pipeline{execution_id=70917f59-0420-4e0e-9248-f1ee814036b0 chain_id=1 from_address=0x2EAC739a1e05F4a05a5B8fD93D332c4353E5A7cD}: cortex::pipeline: pipeline completed elapsed_ms=2271
2026-04-05T14:00:02.958708Z  INFO ThreadId(16) pipeline{execution_id=7d5b7347-7254-45ae-88e0-05d6d0122d82 chain_id=42161 from_address=0x2EAC739a1e05F4a05a5B8fD93D332c4353E5A7cD}: cortex::pipeline: transaction confirmed on-chain elapsed_ms=2271 block_number=449318197 confirmations=1
2026-04-05T14:00:02.958741Z  INFO ThreadId(16) pipeline{execution_id=7d5b7347-7254-45ae-88e0-05d6d0122d82 chain_id=42161 from_address=0x2EAC739a1e05F4a05a5B8fD93D332c4353E5A7cD}: cortex::pipeline: pipeline completed elapsed_ms=2271
2026-04-05T14:00:02.959696Z  INFO ThreadId(14) pipeline{execution_id=76fc9033-e139-4f4c-a1cc-f496ad77acb4 chain_id=137 from_address=0x8AfE43fF49EBd5c4B8Cd1497ee77b437dd1711fc}: cortex::pipeline: transaction confirmed on-chain elapsed_ms=2308 block_number=85138789 confirmations=1
2026-04-05T14:00:02.959710Z  INFO ThreadId(04) pipeline{execution_id=4cc8b74f-8abc-4287-ae8b-64e1feb5daf2 chain_id=42161 from_address=0xfea6645D31443cF7Cf96eF1dB7823EB9365f98bf}: cortex::pipeline: transaction confirmed on-chain elapsed_ms=2272 block_number=449318197 confirmations=1
2026-04-05T14:00:02.959744Z  INFO ThreadId(14) pipeline{execution_id=76fc9033-e139-4f4c-a1cc-f496ad77acb4 chain_id=137 from_address=0x8AfE43fF49EBd5c4B8Cd1497ee77b437dd1711fc}: cortex::pipeline: pipeline completed elapsed_ms=2308
2026-04-05T14:00:02.959752Z  INFO ThreadId(04) pipeline{execution_id=4cc8b74f-8abc-4287-ae8b-64e1feb5daf2 chain_id=42161 from_address=0xfea6645D31443cF7Cf96eF1dB7823EB9365f98bf}: cortex::pipeline: pipeline completed elapsed_ms=2272
2026-04-05T14:00:02.960178Z  INFO ThreadId(03) pipeline{execution_id=bb804287-1085-43f2-a01a-7209518aa466 chain_id=1 from_address=0xfea6645D31443cF7Cf96eF1dB7823EB9365f98bf}: cortex::pipeline: transaction confirmed on-chain elapsed_ms=2273 block_number=24813932 confirmations=1
2026-04-05T14:00:02.960214Z  INFO ThreadId(03) pipeline{execution_id=bb804287-1085-43f2-a01a-7209518aa466 chain_id=1 from_address=0xfea6645D31443cF7Cf96eF1dB7823EB9365f98bf}: cortex::pipeline: pipeline completed elapsed_ms=2273
2026-04-05T14:00:02.961369Z  INFO ThreadId(13) pipeline{execution_id=825fbba0-bc27-427c-a75f-fc15409d079a chain_id=42161 from_address=0x2EAC739a1e05F4a05a5B8fD93D332c4353E5A7cD}: cortex::pipeline: transaction confirmed on-chain elapsed_ms=2274 block_number=449318197 confirmations=1
2026-04-05T14:00:02.961393Z  INFO ThreadId(06) pipeline{execution_id=1e2f4ab8-a7ef-45c5-8e41-ea9018d78a0c chain_id=137 from_address=0x8AfE43fF49EBd5c4B8Cd1497ee77b437dd1711fc}: cortex::pipeline: transaction confirmed on-chain elapsed_ms=2310 block_number=85138789 confirmations=1
2026-04-05T14:00:02.961416Z  INFO ThreadId(13) pipeline{execution_id=825fbba0-bc27-427c-a75f-fc15409d079a chain_id=42161 from_address=0x2EAC739a1e05F4a05a5B8fD93D332c4353E5A7cD}: cortex::pipeline: pipeline completed elapsed_ms=2274
2026-04-05T14:00:02.961430Z  INFO ThreadId(06) pipeline{execution_id=1e2f4ab8-a7ef-45c5-8e41-ea9018d78a0c chain_id=137 from_address=0x8AfE43fF49EBd5c4B8Cd1497ee77b437dd1711fc}: cortex::pipeline: pipeline completed elapsed_ms=2310
2026-04-05T14:00:02.961898Z  INFO ThreadId(07) pipeline{execution_id=312c0672-bb96-4cb2-aed7-b0bd3582ed0f chain_id=1 from_address=0x8AfE43fF49EBd5c4B8Cd1497ee77b437dd1711fc}: cortex::pipeline: transaction confirmed on-chain elapsed_ms=2310 block_number=24813932 confirmations=1
2026-04-05T14:00:02.961943Z  INFO ThreadId(07) pipeline{execution_id=312c0672-bb96-4cb2-aed7-b0bd3582ed0f chain_id=1 from_address=0x8AfE43fF49EBd5c4B8Cd1497ee77b437dd1711fc}: cortex::pipeline: pipeline completed elapsed_ms=2310
2026-04-05T14:00:02.962836Z  INFO ThreadId(16) pipeline{execution_id=ae450d6c-ff16-42e5-9315-8cf9b67f62d9 chain_id=137 from_address=0xCFA80F1f22b0AD533F7d8e2CcC0A783aa4BCaFF3}: cortex::pipeline: transaction confirmed on-chain elapsed_ms=2311 block_number=85138789 confirmations=1
2026-04-05T14:00:02.962868Z  INFO ThreadId(16) pipeline{execution_id=ae450d6c-ff16-42e5-9315-8cf9b67f62d9 chain_id=137 from_address=0xCFA80F1f22b0AD533F7d8e2CcC0A783aa4BCaFF3}: cortex::pipeline: pipeline completed elapsed_ms=2311
2026-04-05T14:00:02.962865Z  INFO ThreadId(06) pipeline{execution_id=d5a29b7f-165b-4586-995a-c63e72fa90a6 chain_id=1 from_address=0xfea6645D31443cF7Cf96eF1dB7823EB9365f98bf}: cortex::pipeline: transaction confirmed on-chain elapsed_ms=2275 block_number=24813932 confirmations=1
2026-04-05T14:00:02.962866Z  INFO ThreadId(04) pipeline{execution_id=1ed83437-f2fb-45f2-aee0-4891e1893fea chain_id=42161 from_address=0x8AfE43fF49EBd5c4B8Cd1497ee77b437dd1711fc}: cortex::pipeline: transaction confirmed on-chain elapsed_ms=2275 block_number=449318197 confirmations=1
2026-04-05T14:00:02.962887Z  INFO ThreadId(06) pipeline{execution_id=d5a29b7f-165b-4586-995a-c63e72fa90a6 chain_id=1 from_address=0xfea6645D31443cF7Cf96eF1dB7823EB9365f98bf}: cortex::pipeline: pipeline completed elapsed_ms=2275
2026-04-05T14:00:02.962890Z  INFO ThreadId(04) pipeline{execution_id=1ed83437-f2fb-45f2-aee0-4891e1893fea chain_id=42161 from_address=0x8AfE43fF49EBd5c4B8Cd1497ee77b437dd1711fc}: cortex::pipeline: pipeline completed elapsed_ms=2275
2026-04-05T14:00:02.964295Z  INFO ThreadId(14) pipeline{execution_id=3859280f-5f03-4599-96fd-eba9f34b6fee chain_id=1 from_address=0xCFA80F1f22b0AD533F7d8e2CcC0A783aa4BCaFF3}: cortex::pipeline: transaction confirmed on-chain elapsed_ms=2276 block_number=24813932 confirmations=1
2026-04-05T14:00:02.964343Z  INFO ThreadId(14) pipeline{execution_id=3859280f-5f03-4599-96fd-eba9f34b6fee chain_id=1 from_address=0xCFA80F1f22b0AD533F7d8e2CcC0A783aa4BCaFF3}: cortex::pipeline: pipeline completed elapsed_ms=2276
2026-04-05T14:00:02.964362Z  INFO ThreadId(16) pipeline{execution_id=094a0bad-4d2d-4fa9-a6ce-4359f74a1e75 chain_id=137 from_address=0xfea6645D31443cF7Cf96eF1dB7823EB9365f98bf}: cortex::pipeline: transaction confirmed on-chain elapsed_ms=2313 block_number=85138789 confirmations=1
2026-04-05T14:00:02.964386Z  INFO ThreadId(16) pipeline{execution_id=094a0bad-4d2d-4fa9-a6ce-4359f74a1e75 chain_id=137 from_address=0xfea6645D31443cF7Cf96eF1dB7823EB9365f98bf}: cortex::pipeline: pipeline completed elapsed_ms=2313
2026-04-05T14:00:02.964777Z  INFO ThreadId(16) pipeline{execution_id=c64c1eee-0a9a-4d3a-ac82-2d48b0c9b0de chain_id=42161 from_address=0xfea6645D31443cF7Cf96eF1dB7823EB9365f98bf}: cortex::pipeline: transaction confirmed on-chain elapsed_ms=2277 block_number=449318197 confirmations=1
2026-04-05T14:00:02.964810Z  INFO ThreadId(16) pipeline{execution_id=c64c1eee-0a9a-4d3a-ac82-2d48b0c9b0de chain_id=42161 from_address=0xfea6645D31443cF7Cf96eF1dB7823EB9365f98bf}: cortex::pipeline: pipeline completed elapsed_ms=2277
2026-04-05T14:00:02.965955Z  INFO ThreadId(04) pipeline{execution_id=a8a24b1e-b8ef-4ff7-a9c4-b405a39b7c93 chain_id=42161 from_address=0xCFA80F1f22b0AD533F7d8e2CcC0A783aa4BCaFF3}: cortex::pipeline: transaction confirmed on-chain elapsed_ms=2278 block_number=449318197 confirmations=1
2026-04-05T14:00:02.965987Z  INFO ThreadId(16) pipeline{execution_id=c25113ae-6569-4aea-be33-6d1cb560dee3 chain_id=137 from_address=0x8AfE43fF49EBd5c4B8Cd1497ee77b437dd1711fc}: cortex::pipeline: transaction confirmed on-chain elapsed_ms=2314 block_number=85138789 confirmations=1
2026-04-05T14:00:02.966038Z  INFO ThreadId(04) pipeline{execution_id=a8a24b1e-b8ef-4ff7-a9c4-b405a39b7c93 chain_id=42161 from_address=0xCFA80F1f22b0AD533F7d8e2CcC0A783aa4BCaFF3}: cortex::pipeline: pipeline completed elapsed_ms=2278
2026-04-05T14:00:02.966155Z  INFO ThreadId(16) pipeline{execution_id=c25113ae-6569-4aea-be33-6d1cb560dee3 chain_id=137 from_address=0x8AfE43fF49EBd5c4B8Cd1497ee77b437dd1711fc}: cortex::pipeline: pipeline completed elapsed_ms=2314
2026-04-05T14:00:02.966165Z  INFO ThreadId(14) pipeline{execution_id=36c376af-1822-4488-9ea1-8c96d3479550 chain_id=1 from_address=0x2EAC739a1e05F4a05a5B8fD93D332c4353E5A7cD}: cortex::pipeline: transaction confirmed on-chain elapsed_ms=2278 block_number=24813932 confirmations=1
2026-04-05T14:00:02.966186Z  INFO ThreadId(14) pipeline{execution_id=36c376af-1822-4488-9ea1-8c96d3479550 chain_id=1 from_address=0x2EAC739a1e05F4a05a5B8fD93D332c4353E5A7cD}: cortex::pipeline: pipeline completed elapsed_ms=2278
2026-04-05T14:00:02.968014Z  INFO ThreadId(13) pipeline{execution_id=29516432-9758-4af1-b967-ca585bec4ed0 chain_id=137 from_address=0x2EAC739a1e05F4a05a5B8fD93D332c4353E5A7cD}: cortex::pipeline: transaction confirmed on-chain elapsed_ms=2316 block_number=85138789 confirmations=1
2026-04-05T14:00:02.968040Z  INFO ThreadId(06) pipeline{execution_id=b8541bbb-6b5a-4b15-9638-ccc40cedc8f4 chain_id=42161 from_address=0x8b172F820629b14cEAF859A6e159d1BcD3291Fe1}: cortex::pipeline: transaction confirmed on-chain elapsed_ms=2280 block_number=449318202 confirmations=1
2026-04-05T14:00:02.968070Z  INFO ThreadId(13) pipeline{execution_id=29516432-9758-4af1-b967-ca585bec4ed0 chain_id=137 from_address=0x2EAC739a1e05F4a05a5B8fD93D332c4353E5A7cD}: cortex::pipeline: pipeline completed elapsed_ms=2317
2026-04-05T14:00:02.968084Z  INFO ThreadId(06) pipeline{execution_id=b8541bbb-6b5a-4b15-9638-ccc40cedc8f4 chain_id=42161 from_address=0x8b172F820629b14cEAF859A6e159d1BcD3291Fe1}: cortex::pipeline: pipeline completed elapsed_ms=2280
2026-04-05T14:00:02.968606Z  INFO ThreadId(13) pipeline{execution_id=b8ae9c86-ea96-427e-bdbf-0465616f497c chain_id=1 from_address=0x8b172F820629b14cEAF859A6e159d1BcD3291Fe1}: cortex::pipeline: transaction confirmed on-chain elapsed_ms=2281 block_number=24813930 confirmations=1
2026-04-05T14:00:02.968636Z  INFO ThreadId(13) pipeline{execution_id=b8ae9c86-ea96-427e-bdbf-0465616f497c chain_id=1 from_address=0x8b172F820629b14cEAF859A6e159d1BcD3291Fe1}: cortex::pipeline: pipeline completed elapsed_ms=2281
2026-04-05T14:00:02.969496Z  INFO ThreadId(03) pipeline{execution_id=3ae13e1b-e276-454a-ac64-8aa298f59b1d chain_id=137 from_address=0x8b172F820629b14cEAF859A6e159d1BcD3291Fe1}: cortex::pipeline: transaction confirmed on-chain elapsed_ms=2318 block_number=85138788 confirmations=1
2026-04-05T14:00:02.969496Z  INFO ThreadId(07) pipeline{execution_id=6b72da58-c522-4ad0-8eda-ce0d35b863df chain_id=42161 from_address=0xfea6645D31443cF7Cf96eF1dB7823EB9365f98bf}: cortex::pipeline: transaction confirmed on-chain elapsed_ms=2281 block_number=449318197 confirmations=1
2026-04-05T14:00:02.969542Z  INFO ThreadId(03) pipeline{execution_id=3ae13e1b-e276-454a-ac64-8aa298f59b1d chain_id=137 from_address=0x8b172F820629b14cEAF859A6e159d1BcD3291Fe1}: cortex::pipeline: pipeline completed elapsed_ms=2318
2026-04-05T14:00:02.969551Z  INFO ThreadId(07) pipeline{execution_id=6b72da58-c522-4ad0-8eda-ce0d35b863df chain_id=42161 from_address=0xfea6645D31443cF7Cf96eF1dB7823EB9365f98bf}: cortex::pipeline: pipeline completed elapsed_ms=2281
2026-04-05T14:00:02.969939Z  INFO ThreadId(06) pipeline{execution_id=ddbc5374-e080-4513-99aa-36d67ba5f4a1 chain_id=1 from_address=0xfea6645D31443cF7Cf96eF1dB7823EB9365f98bf}: cortex::pipeline: transaction confirmed on-chain elapsed_ms=2282 block_number=24813932 confirmations=1
2026-04-05T14:00:02.969979Z  INFO ThreadId(06) pipeline{execution_id=ddbc5374-e080-4513-99aa-36d67ba5f4a1 chain_id=1 from_address=0xfea6645D31443cF7Cf96eF1dB7823EB9365f98bf}: cortex::pipeline: pipeline completed elapsed_ms=2282
2026-04-05T14:00:02.971168Z  INFO ThreadId(13) pipeline{execution_id=7a51220f-fce5-4885-8a4e-941f43fb53cf chain_id=42161 from_address=0x8b172F820629b14cEAF859A6e159d1BcD3291Fe1}: cortex::pipeline: transaction confirmed on-chain elapsed_ms=2283 block_number=449318202 confirmations=1
2026-04-05T14:00:02.971176Z  INFO ThreadId(06) pipeline{execution_id=9a6e9a04-a65b-4228-9d43-eb74f3515140 chain_id=1 from_address=0xCFA80F1f22b0AD533F7d8e2CcC0A783aa4BCaFF3}: cortex::pipeline: transaction confirmed on-chain elapsed_ms=2283 block_number=24813932 confirmations=1
2026-04-05T14:00:02.971221Z  INFO ThreadId(13) pipeline{execution_id=7a51220f-fce5-4885-8a4e-941f43fb53cf chain_id=42161 from_address=0x8b172F820629b14cEAF859A6e159d1BcD3291Fe1}: cortex::pipeline: pipeline completed elapsed_ms=2283
2026-04-05T14:00:02.971237Z  INFO ThreadId(06) pipeline{execution_id=9a6e9a04-a65b-4228-9d43-eb74f3515140 chain_id=1 from_address=0xCFA80F1f22b0AD533F7d8e2CcC0A783aa4BCaFF3}: cortex::pipeline: pipeline completed elapsed_ms=2283
2026-04-05T14:00:02.971733Z  INFO ThreadId(13) pipeline{execution_id=00f0c742-bf47-453d-aa37-4e4b1112d896 chain_id=137 from_address=0x8b172F820629b14cEAF859A6e159d1BcD3291Fe1}: cortex::pipeline: transaction confirmed on-chain elapsed_ms=2320 block_number=85138788 confirmations=1
2026-04-05T14:00:02.971760Z  INFO ThreadId(13) pipeline{execution_id=00f0c742-bf47-453d-aa37-4e4b1112d896 chain_id=137 from_address=0x8b172F820629b14cEAF859A6e159d1BcD3291Fe1}: cortex::pipeline: pipeline completed elapsed_ms=2320
2026-04-05T14:00:02.972580Z  INFO ThreadId(13) pipeline{execution_id=885b2700-7042-40a4-b8cb-b694e1a2d418 chain_id=137 from_address=0x8AfE43fF49EBd5c4B8Cd1497ee77b437dd1711fc}: cortex::pipeline: transaction confirmed on-chain elapsed_ms=2321 block_number=85138789 confirmations=1
2026-04-05T14:00:02.972612Z  INFO ThreadId(13) pipeline{execution_id=885b2700-7042-40a4-b8cb-b694e1a2d418 chain_id=137 from_address=0x8AfE43fF49EBd5c4B8Cd1497ee77b437dd1711fc}: cortex::pipeline: pipeline completed elapsed_ms=2321
2026-04-05T14:00:02.972619Z  INFO ThreadId(16) pipeline{execution_id=0beaed81-766b-412d-aa5b-2a5d5ad4e180 chain_id=42161 from_address=0xfea6645D31443cF7Cf96eF1dB7823EB9365f98bf}: cortex::pipeline: transaction confirmed on-chain elapsed_ms=2284 block_number=449318197 confirmations=1
2026-04-05T14:00:02.972642Z  INFO ThreadId(16) pipeline{execution_id=0beaed81-766b-412d-aa5b-2a5d5ad4e180 chain_id=42161 from_address=0xfea6645D31443cF7Cf96eF1dB7823EB9365f98bf}: cortex::pipeline: pipeline completed elapsed_ms=2284
2026-04-05T14:00:02.972933Z  INFO ThreadId(03) pipeline{execution_id=ac0702ab-086d-41e5-828d-78238ec557cd chain_id=1 from_address=0x8AfE43fF49EBd5c4B8Cd1497ee77b437dd1711fc}: cortex::pipeline: transaction confirmed on-chain elapsed_ms=2285 block_number=24813932 confirmations=1
2026-04-05T14:00:02.972965Z  INFO ThreadId(03) pipeline{execution_id=ac0702ab-086d-41e5-828d-78238ec557cd chain_id=1 from_address=0x8AfE43fF49EBd5c4B8Cd1497ee77b437dd1711fc}: cortex::pipeline: pipeline completed elapsed_ms=2285
2026-04-05T14:00:02.974468Z  INFO ThreadId(07) pipeline{execution_id=2f48c43c-6093-4737-91ca-9d14623fbd52 chain_id=42161 from_address=0xfea6645D31443cF7Cf96eF1dB7823EB9365f98bf}: cortex::pipeline: transaction confirmed on-chain elapsed_ms=2286 block_number=449318197 confirmations=1
2026-04-05T14:00:02.974522Z  INFO ThreadId(07) pipeline{execution_id=2f48c43c-6093-4737-91ca-9d14623fbd52 chain_id=42161 from_address=0xfea6645D31443cF7Cf96eF1dB7823EB9365f98bf}: cortex::pipeline: pipeline completed elapsed_ms=2286
2026-04-05T14:00:02.974518Z  INFO ThreadId(06) pipeline{execution_id=57a7f72d-d0f9-425d-ba2b-05ebe8265739 chain_id=1 from_address=0x8b172F820629b14cEAF859A6e159d1BcD3291Fe1}: cortex::pipeline: transaction confirmed on-chain elapsed_ms=2286 block_number=24813930 confirmations=1
2026-04-05T14:00:02.974545Z  INFO ThreadId(06) pipeline{execution_id=57a7f72d-d0f9-425d-ba2b-05ebe8265739 chain_id=1 from_address=0x8b172F820629b14cEAF859A6e159d1BcD3291Fe1}: cortex::pipeline: pipeline completed elapsed_ms=2286
2026-04-05T14:00:02.974995Z  INFO ThreadId(06) pipeline{execution_id=3c8aeaa0-c8a2-49cc-bc61-6ac9083c7337 chain_id=137 from_address=0x8b172F820629b14cEAF859A6e159d1BcD3291Fe1}: cortex::pipeline: transaction confirmed on-chain elapsed_ms=2323 block_number=85138788 confirmations=1
2026-04-05T14:00:02.975043Z  INFO ThreadId(06) pipeline{execution_id=3c8aeaa0-c8a2-49cc-bc61-6ac9083c7337 chain_id=137 from_address=0x8b172F820629b14cEAF859A6e159d1BcD3291Fe1}: cortex::pipeline: pipeline completed elapsed_ms=2323
2026-04-05T14:00:02.976108Z  INFO ThreadId(16) pipeline{execution_id=11f81e8e-1c2f-4422-9444-d0eb6e0e9c68 chain_id=42161 from_address=0xfea6645D31443cF7Cf96eF1dB7823EB9365f98bf}: cortex::pipeline: transaction confirmed on-chain elapsed_ms=2287 block_number=449318197 confirmations=1
2026-04-05T14:00:02.976149Z  INFO ThreadId(16) pipeline{execution_id=11f81e8e-1c2f-4422-9444-d0eb6e0e9c68 chain_id=42161 from_address=0xfea6645D31443cF7Cf96eF1dB7823EB9365f98bf}: cortex::pipeline: pipeline completed elapsed_ms=2287
2026-04-05T14:00:02.976613Z  INFO ThreadId(07) pipeline{execution_id=8baecf9b-4304-4407-9afb-a3e06e2a3324 chain_id=137 from_address=0xfea6645D31443cF7Cf96eF1dB7823EB9365f98bf}: cortex::pipeline: transaction confirmed on-chain elapsed_ms=2324 block_number=85138789 confirmations=1
2026-04-05T14:00:02.976649Z  INFO ThreadId(07) pipeline{execution_id=8baecf9b-4304-4407-9afb-a3e06e2a3324 chain_id=137 from_address=0xfea6645D31443cF7Cf96eF1dB7823EB9365f98bf}: cortex::pipeline: pipeline completed elapsed_ms=2324
2026-04-05T14:00:02.977033Z  INFO ThreadId(07) pipeline{execution_id=2044a8d3-cf05-4b53-b18e-f0c3c1ba54f7 chain_id=1 from_address=0xfea6645D31443cF7Cf96eF1dB7823EB9365f98bf}: cortex::pipeline: transaction confirmed on-chain elapsed_ms=2289 block_number=24813932 confirmations=1
2026-04-05T14:00:02.977066Z  INFO ThreadId(07) pipeline{execution_id=2044a8d3-cf05-4b53-b18e-f0c3c1ba54f7 chain_id=1 from_address=0xfea6645D31443cF7Cf96eF1dB7823EB9365f98bf}: cortex::pipeline: pipeline completed elapsed_ms=2289
2026-04-05T14:00:02.977581Z  INFO ThreadId(03) pipeline{execution_id=e11badae-a020-423d-9f7c-d397bbff6a2e chain_id=42161 from_address=0x2EAC739a1e05F4a05a5B8fD93D332c4353E5A7cD}: cortex::pipeline: transaction confirmed on-chain elapsed_ms=2289 block_number=449318197 confirmations=1
2026-04-05T14:00:02.977610Z  INFO ThreadId(03) pipeline{execution_id=e11badae-a020-423d-9f7c-d397bbff6a2e chain_id=42161 from_address=0x2EAC739a1e05F4a05a5B8fD93D332c4353E5A7cD}: cortex::pipeline: pipeline completed elapsed_ms=2289
2026-04-05T14:00:02.977622Z  INFO ThreadId(16) pipeline{execution_id=ae102608-4cb8-404b-840a-b940eee78f8b chain_id=1 from_address=0x8AfE43fF49EBd5c4B8Cd1497ee77b437dd1711fc}: cortex::pipeline: transaction confirmed on-chain elapsed_ms=2289 block_number=24813932 confirmations=1
2026-04-05T14:00:02.977641Z  INFO ThreadId(16) pipeline{execution_id=ae102608-4cb8-404b-840a-b940eee78f8b chain_id=1 from_address=0x8AfE43fF49EBd5c4B8Cd1497ee77b437dd1711fc}: cortex::pipeline: pipeline completed elapsed_ms=2290
2026-04-05T14:00:02.978207Z  INFO ThreadId(04) pipeline{execution_id=895bee0e-fe09-46f8-85fa-7319e9a4041e chain_id=137 from_address=0x8AfE43fF49EBd5c4B8Cd1497ee77b437dd1711fc}: cortex::pipeline: transaction confirmed on-chain elapsed_ms=2326 block_number=85138789 confirmations=1
2026-04-05T14:00:02.978244Z  INFO ThreadId(04) pipeline{execution_id=895bee0e-fe09-46f8-85fa-7319e9a4041e chain_id=137 from_address=0x8AfE43fF49EBd5c4B8Cd1497ee77b437dd1711fc}: cortex::pipeline: pipeline completed elapsed_ms=2326
2026-04-05T14:00:02.979156Z  INFO ThreadId(04) pipeline{execution_id=66487daa-5e90-4bb1-be88-3f194ff740af chain_id=42161 from_address=0x8b172F820629b14cEAF859A6e159d1BcD3291Fe1}: cortex::pipeline: transaction confirmed on-chain elapsed_ms=2290 block_number=449318202 confirmations=1
2026-04-05T14:00:02.979156Z  INFO ThreadId(13) pipeline{execution_id=4e5b4483-deb6-4930-821c-23fd1446ddcf chain_id=137 from_address=0xfea6645D31443cF7Cf96eF1dB7823EB9365f98bf}: cortex::pipeline: transaction confirmed on-chain elapsed_ms=2292 block_number=85138789 confirmations=1
2026-04-05T14:00:02.979169Z  INFO ThreadId(03) pipeline{execution_id=33a60981-13a3-46a3-82da-11a8f1b4320d chain_id=1 from_address=0x8AfE43fF49EBd5c4B8Cd1497ee77b437dd1711fc}: cortex::pipeline: transaction confirmed on-chain elapsed_ms=2291 block_number=24813932 confirmations=1
2026-04-05T14:00:02.979197Z  INFO ThreadId(04) pipeline{execution_id=66487daa-5e90-4bb1-be88-3f194ff740af chain_id=42161 from_address=0x8b172F820629b14cEAF859A6e159d1BcD3291Fe1}: cortex::pipeline: pipeline completed elapsed_ms=2290
2026-04-05T14:00:02.979206Z  INFO ThreadId(13) pipeline{execution_id=4e5b4483-deb6-4930-821c-23fd1446ddcf chain_id=137 from_address=0xfea6645D31443cF7Cf96eF1dB7823EB9365f98bf}: cortex::pipeline: pipeline completed elapsed_ms=2292
2026-04-05T14:00:02.979214Z  INFO ThreadId(03) pipeline{execution_id=33a60981-13a3-46a3-82da-11a8f1b4320d chain_id=1 from_address=0x8AfE43fF49EBd5c4B8Cd1497ee77b437dd1711fc}: cortex::pipeline: pipeline completed elapsed_ms=2291
2026-04-05T14:00:02.980595Z  INFO ThreadId(03) pipeline{execution_id=301eee6d-577a-475d-8f3a-d8f28d78dd02 chain_id=1 from_address=0xCFA80F1f22b0AD533F7d8e2CcC0A783aa4BCaFF3}: cortex::pipeline: transaction confirmed on-chain elapsed_ms=2293 block_number=24813932 confirmations=1
2026-04-05T14:00:02.980614Z  INFO ThreadId(04) pipeline{execution_id=0a8e87ed-06e4-4f0d-b3d6-6b472462936b chain_id=42161 from_address=0x2EAC739a1e05F4a05a5B8fD93D332c4353E5A7cD}: cortex::pipeline: transaction confirmed on-chain elapsed_ms=2291 block_number=449318197 confirmations=1
2026-04-05T14:00:02.980615Z  INFO ThreadId(16) pipeline{execution_id=3015f0bd-bed2-49f4-8048-1d64c0eb857b chain_id=137 from_address=0x8b172F820629b14cEAF859A6e159d1BcD3291Fe1}: cortex::pipeline: transaction confirmed on-chain elapsed_ms=2293 block_number=85138788 confirmations=1
2026-04-05T14:00:02.980638Z  INFO ThreadId(03) pipeline{execution_id=301eee6d-577a-475d-8f3a-d8f28d78dd02 chain_id=1 from_address=0xCFA80F1f22b0AD533F7d8e2CcC0A783aa4BCaFF3}: cortex::pipeline: pipeline completed elapsed_ms=2293
2026-04-05T14:00:02.980641Z  INFO ThreadId(16) pipeline{execution_id=3015f0bd-bed2-49f4-8048-1d64c0eb857b chain_id=137 from_address=0x8b172F820629b14cEAF859A6e159d1BcD3291Fe1}: cortex::pipeline: pipeline completed elapsed_ms=2293
2026-04-05T14:00:02.980651Z  INFO ThreadId(04) pipeline{execution_id=0a8e87ed-06e4-4f0d-b3d6-6b472462936b chain_id=42161 from_address=0x2EAC739a1e05F4a05a5B8fD93D332c4353E5A7cD}: cortex::pipeline: pipeline completed elapsed_ms=2291
2026-04-05T14:00:02.981909Z  INFO ThreadId(06) pipeline{execution_id=b8a54934-4c8e-439b-9886-ca5dc98f9bfe chain_id=1 from_address=0x8b172F820629b14cEAF859A6e159d1BcD3291Fe1}: cortex::pipeline: transaction confirmed on-chain elapsed_ms=2293 block_number=24813930 confirmations=1
2026-04-05T14:00:02.981938Z  INFO ThreadId(06) pipeline{execution_id=b8a54934-4c8e-439b-9886-ca5dc98f9bfe chain_id=1 from_address=0x8b172F820629b14cEAF859A6e159d1BcD3291Fe1}: cortex::pipeline: pipeline completed elapsed_ms=2294
2026-04-05T14:00:02.982303Z  INFO ThreadId(03) pipeline{execution_id=9d6eb08d-581e-4e1d-8539-507d93efca57 chain_id=42161 from_address=0x8b172F820629b14cEAF859A6e159d1BcD3291Fe1}: cortex::pipeline: transaction confirmed on-chain elapsed_ms=2293 block_number=449318202 confirmations=1
2026-04-05T14:00:02.982340Z  INFO ThreadId(03) pipeline{execution_id=9d6eb08d-581e-4e1d-8539-507d93efca57 chain_id=42161 from_address=0x8b172F820629b14cEAF859A6e159d1BcD3291Fe1}: cortex::pipeline: pipeline completed elapsed_ms=2293
2026-04-05T14:00:02.982673Z  INFO ThreadId(06) pipeline{execution_id=34cb1d54-2c84-4c9f-a022-6670cdcc9db0 chain_id=137 from_address=0x8b172F820629b14cEAF859A6e159d1BcD3291Fe1}: cortex::pipeline: transaction confirmed on-chain elapsed_ms=2295 block_number=85138788 confirmations=1
2026-04-05T14:00:02.982695Z  INFO ThreadId(06) pipeline{execution_id=34cb1d54-2c84-4c9f-a022-6670cdcc9db0 chain_id=137 from_address=0x8b172F820629b14cEAF859A6e159d1BcD3291Fe1}: cortex::pipeline: pipeline completed elapsed_ms=2295
2026-04-05T14:00:02.983118Z  INFO ThreadId(06) pipeline{execution_id=28ea10f0-5cbf-40ff-ae9a-46f7f9790bbc chain_id=137 from_address=0xCFA80F1f22b0AD533F7d8e2CcC0A783aa4BCaFF3}: cortex::pipeline: transaction confirmed on-chain elapsed_ms=2295 block_number=85138789 confirmations=1
2026-04-05T14:00:02.983153Z  INFO ThreadId(03) pipeline{execution_id=d69bfa67-7bed-42e0-9217-8c35a5f0a676 chain_id=1 from_address=0xfea6645D31443cF7Cf96eF1dB7823EB9365f98bf}: cortex::pipeline: transaction confirmed on-chain elapsed_ms=2294 block_number=24813932 confirmations=1
2026-04-05T14:00:02.983159Z  INFO ThreadId(06) pipeline{execution_id=28ea10f0-5cbf-40ff-ae9a-46f7f9790bbc chain_id=137 from_address=0xCFA80F1f22b0AD533F7d8e2CcC0A783aa4BCaFF3}: cortex::pipeline: pipeline completed elapsed_ms=2295
2026-04-05T14:00:02.983174Z  INFO ThreadId(03) pipeline{execution_id=d69bfa67-7bed-42e0-9217-8c35a5f0a676 chain_id=1 from_address=0xfea6645D31443cF7Cf96eF1dB7823EB9365f98bf}: cortex::pipeline: pipeline completed elapsed_ms=2294
2026-04-05T14:00:02.983183Z  INFO ThreadId(16) pipeline{execution_id=b35babbf-3091-4dc1-b038-749beb7dcbff chain_id=42161 from_address=0x2EAC739a1e05F4a05a5B8fD93D332c4353E5A7cD}: cortex::pipeline: transaction confirmed on-chain elapsed_ms=2294 block_number=449318197 confirmations=1
2026-04-05T14:00:02.983205Z  INFO ThreadId(16) pipeline{execution_id=b35babbf-3091-4dc1-b038-749beb7dcbff chain_id=42161 from_address=0x2EAC739a1e05F4a05a5B8fD93D332c4353E5A7cD}: cortex::pipeline: pipeline completed elapsed_ms=2294
2026-04-05T14:00:02.984443Z  INFO ThreadId(04) pipeline{execution_id=8eca538a-c55e-4f03-a681-e2c41f74ac90 chain_id=42161 from_address=0xCFA80F1f22b0AD533F7d8e2CcC0A783aa4BCaFF3}: cortex::pipeline: transaction confirmed on-chain elapsed_ms=2295 block_number=449318197 confirmations=1
2026-04-05T14:00:02.984443Z  INFO ThreadId(06) pipeline{execution_id=7e0301cc-15b8-4202-b91c-c339f4b50cf6 chain_id=1 from_address=0x8AfE43fF49EBd5c4B8Cd1497ee77b437dd1711fc}: cortex::pipeline: transaction confirmed on-chain elapsed_ms=2297 block_number=24813932 confirmations=1
2026-04-05T14:00:02.984489Z  INFO ThreadId(04) pipeline{execution_id=8eca538a-c55e-4f03-a681-e2c41f74ac90 chain_id=42161 from_address=0xCFA80F1f22b0AD533F7d8e2CcC0A783aa4BCaFF3}: cortex::pipeline: pipeline completed elapsed_ms=2295
2026-04-05T14:00:02.984500Z  INFO ThreadId(06) pipeline{execution_id=7e0301cc-15b8-4202-b91c-c339f4b50cf6 chain_id=1 from_address=0x8AfE43fF49EBd5c4B8Cd1497ee77b437dd1711fc}: cortex::pipeline: pipeline completed elapsed_ms=2297
2026-04-05T14:00:02.984608Z  INFO ThreadId(03) pipeline{execution_id=db5b4de8-fe18-4374-8155-a9e1cc83d8ec chain_id=137 from_address=0xfea6645D31443cF7Cf96eF1dB7823EB9365f98bf}: cortex::pipeline: transaction confirmed on-chain elapsed_ms=2297 block_number=85138789 confirmations=1
2026-04-05T14:00:02.984641Z  INFO ThreadId(03) pipeline{execution_id=db5b4de8-fe18-4374-8155-a9e1cc83d8ec chain_id=137 from_address=0xfea6645D31443cF7Cf96eF1dB7823EB9365f98bf}: cortex::pipeline: pipeline completed elapsed_ms=2297
2026-04-05T14:00:02.986023Z  INFO ThreadId(13) pipeline{execution_id=a92de872-ba64-4229-8296-31b0a0e2bdd4 chain_id=1 from_address=0xfea6645D31443cF7Cf96eF1dB7823EB9365f98bf}: cortex::pipeline: transaction confirmed on-chain elapsed_ms=2298 block_number=24813932 confirmations=1
2026-04-05T14:00:02.986057Z  INFO ThreadId(07) pipeline{execution_id=80530157-d822-42bd-ae5d-4447ecd63158 chain_id=137 from_address=0x2EAC739a1e05F4a05a5B8fD93D332c4353E5A7cD}: cortex::pipeline: transaction confirmed on-chain elapsed_ms=2298 block_number=85138789 confirmations=1
2026-04-05T14:00:02.986072Z  INFO ThreadId(13) pipeline{execution_id=a92de872-ba64-4229-8296-31b0a0e2bdd4 chain_id=1 from_address=0xfea6645D31443cF7Cf96eF1dB7823EB9365f98bf}: cortex::pipeline: pipeline completed elapsed_ms=2298
2026-04-05T14:00:02.986081Z  INFO ThreadId(07) pipeline{execution_id=80530157-d822-42bd-ae5d-4447ecd63158 chain_id=137 from_address=0x2EAC739a1e05F4a05a5B8fD93D332c4353E5A7cD}: cortex::pipeline: pipeline completed elapsed_ms=2298
2026-04-05T14:00:02.986090Z  INFO ThreadId(03) pipeline{execution_id=baad1194-ca07-4863-b4e1-a2e3f2b449af chain_id=42161 from_address=0xCFA80F1f22b0AD533F7d8e2CcC0A783aa4BCaFF3}: cortex::pipeline: transaction confirmed on-chain elapsed_ms=2296 block_number=449318197 confirmations=1
2026-04-05T14:00:02.986127Z  INFO ThreadId(03) pipeline{execution_id=baad1194-ca07-4863-b4e1-a2e3f2b449af chain_id=42161 from_address=0xCFA80F1f22b0AD533F7d8e2CcC0A783aa4BCaFF3}: cortex::pipeline: pipeline completed elapsed_ms=2296
2026-04-05T14:00:02.987597Z  INFO ThreadId(13) pipeline{execution_id=7ba09d1b-491d-468d-898e-0af43485039b chain_id=42161 from_address=0x2EAC739a1e05F4a05a5B8fD93D332c4353E5A7cD}: cortex::pipeline: transaction confirmed on-chain elapsed_ms=2297 block_number=449318197 confirmations=1
2026-04-05T14:00:02.987622Z  INFO ThreadId(03) pipeline{execution_id=39f23930-4d2a-45b9-bd28-e472627dbc3c chain_id=137 from_address=0x8AfE43fF49EBd5c4B8Cd1497ee77b437dd1711fc}: cortex::pipeline: transaction confirmed on-chain elapsed_ms=2299 block_number=85138789 confirmations=1
2026-04-05T14:00:02.987646Z  INFO ThreadId(13) pipeline{execution_id=7ba09d1b-491d-468d-898e-0af43485039b chain_id=42161 from_address=0x2EAC739a1e05F4a05a5B8fD93D332c4353E5A7cD}: cortex::pipeline: pipeline completed elapsed_ms=2298
2026-04-05T14:00:02.987657Z  INFO ThreadId(03) pipeline{execution_id=39f23930-4d2a-45b9-bd28-e472627dbc3c chain_id=137 from_address=0x8AfE43fF49EBd5c4B8Cd1497ee77b437dd1711fc}: cortex::pipeline: pipeline completed elapsed_ms=2300
2026-04-05T14:00:02.987805Z  INFO ThreadId(13) pipeline{execution_id=1c80fd56-a4dd-44ac-ac86-9db883d0a65f chain_id=1 from_address=0xfea6645D31443cF7Cf96eF1dB7823EB9365f98bf}: cortex::pipeline: transaction confirmed on-chain elapsed_ms=2299 block_number=24813932 confirmations=1
2026-04-05T14:00:02.987828Z  INFO ThreadId(13) pipeline{execution_id=1c80fd56-a4dd-44ac-ac86-9db883d0a65f chain_id=1 from_address=0xfea6645D31443cF7Cf96eF1dB7823EB9365f98bf}: cortex::pipeline: pipeline completed elapsed_ms=2299
2026-04-05T14:00:02.988995Z  INFO ThreadId(03) pipeline{execution_id=598ef62d-1ff9-4b3a-a658-14a028d06929 chain_id=42161 from_address=0x8b172F820629b14cEAF859A6e159d1BcD3291Fe1}: cortex::pipeline: transaction confirmed on-chain elapsed_ms=2299 block_number=449318202 confirmations=1
2026-04-05T14:00:02.989026Z  INFO ThreadId(03) pipeline{execution_id=598ef62d-1ff9-4b3a-a658-14a028d06929 chain_id=42161 from_address=0x8b172F820629b14cEAF859A6e159d1BcD3291Fe1}: cortex::pipeline: pipeline completed elapsed_ms=2299
2026-04-05T14:00:02.989038Z  INFO ThreadId(04) pipeline{execution_id=54b980c7-851a-4ea1-a639-50157527ab65 chain_id=137 from_address=0x8AfE43fF49EBd5c4B8Cd1497ee77b437dd1711fc}: cortex::pipeline: transaction confirmed on-chain elapsed_ms=2301 block_number=85138789 confirmations=1
2026-04-05T14:00:02.989057Z  INFO ThreadId(04) pipeline{execution_id=54b980c7-851a-4ea1-a639-50157527ab65 chain_id=137 from_address=0x8AfE43fF49EBd5c4B8Cd1497ee77b437dd1711fc}: cortex::pipeline: pipeline completed elapsed_ms=2301
2026-04-05T14:00:02.989060Z  INFO ThreadId(14) pipeline{execution_id=7587030c-4d42-450e-8606-9f0096ff5b51 chain_id=1 from_address=0x2EAC739a1e05F4a05a5B8fD93D332c4353E5A7cD}: cortex::pipeline: transaction confirmed on-chain elapsed_ms=2300 block_number=24813932 confirmations=1
2026-04-05T14:00:02.989080Z  INFO ThreadId(14) pipeline{execution_id=7587030c-4d42-450e-8606-9f0096ff5b51 chain_id=1 from_address=0x2EAC739a1e05F4a05a5B8fD93D332c4353E5A7cD}: cortex::pipeline: pipeline completed elapsed_ms=2300
2026-04-05T14:00:02.990175Z  INFO ThreadId(07) pipeline{execution_id=c565125a-8dfb-4468-8c44-358416169565 chain_id=42161 from_address=0x2EAC739a1e05F4a05a5B8fD93D332c4353E5A7cD}: cortex::pipeline: transaction confirmed on-chain elapsed_ms=2300 block_number=449318197 confirmations=1
2026-04-05T14:00:02.990214Z  INFO ThreadId(07) pipeline{execution_id=c565125a-8dfb-4468-8c44-358416169565 chain_id=42161 from_address=0x2EAC739a1e05F4a05a5B8fD93D332c4353E5A7cD}: cortex::pipeline: pipeline completed elapsed_ms=2300
2026-04-05T14:00:02.990725Z  INFO ThreadId(04) pipeline{execution_id=f9a6c115-5d7d-4ce1-95bd-6a8e1bf5cd11 chain_id=137 from_address=0x2EAC739a1e05F4a05a5B8fD93D332c4353E5A7cD}: cortex::pipeline: transaction confirmed on-chain elapsed_ms=2302 block_number=85138789 confirmations=1
2026-04-05T14:00:02.990777Z  INFO ThreadId(04) pipeline{execution_id=f9a6c115-5d7d-4ce1-95bd-6a8e1bf5cd11 chain_id=137 from_address=0x2EAC739a1e05F4a05a5B8fD93D332c4353E5A7cD}: cortex::pipeline: pipeline completed elapsed_ms=2303
2026-04-05T14:00:02.991241Z  INFO ThreadId(04) pipeline{execution_id=a86f28b7-f328-42f4-89a5-377cf9c2bde5 chain_id=1 from_address=0x2EAC739a1e05F4a05a5B8fD93D332c4353E5A7cD}: cortex::pipeline: transaction confirmed on-chain elapsed_ms=2302 block_number=24813932 confirmations=1
2026-04-05T14:00:02.991277Z  INFO ThreadId(04) pipeline{execution_id=a86f28b7-f328-42f4-89a5-377cf9c2bde5 chain_id=1 from_address=0x2EAC739a1e05F4a05a5B8fD93D332c4353E5A7cD}: cortex::pipeline: pipeline completed elapsed_ms=2302
2026-04-05T14:00:02.991702Z  INFO ThreadId(03) pipeline{execution_id=0e80f78c-a63c-4db8-97c2-713639fb1958 chain_id=1 from_address=0x8AfE43fF49EBd5c4B8Cd1497ee77b437dd1711fc}: cortex::pipeline: transaction confirmed on-chain elapsed_ms=2302 block_number=24813932 confirmations=1
2026-04-05T14:00:02.991723Z  INFO ThreadId(13) pipeline{execution_id=051ffa6e-fa7d-4411-9302-aed4da5cfe48 chain_id=42161 from_address=0xfea6645D31443cF7Cf96eF1dB7823EB9365f98bf}: cortex::pipeline: transaction confirmed on-chain elapsed_ms=2301 block_number=449318197 confirmations=1
2026-04-05T14:00:02.991754Z  INFO ThreadId(03) pipeline{execution_id=0e80f78c-a63c-4db8-97c2-713639fb1958 chain_id=1 from_address=0x8AfE43fF49EBd5c4B8Cd1497ee77b437dd1711fc}: cortex::pipeline: pipeline completed elapsed_ms=2302
2026-04-05T14:00:02.991769Z  INFO ThreadId(13) pipeline{execution_id=051ffa6e-fa7d-4411-9302-aed4da5cfe48 chain_id=42161 from_address=0xfea6645D31443cF7Cf96eF1dB7823EB9365f98bf}: cortex::pipeline: pipeline completed elapsed_ms=2301
2026-04-05T14:00:02.991809Z  INFO ThreadId(14) pipeline{execution_id=65c59b8d-44bb-4188-9b90-9608d13b0b2f chain_id=137 from_address=0x8b172F820629b14cEAF859A6e159d1BcD3291Fe1}: cortex::pipeline: transaction confirmed on-chain elapsed_ms=2303 block_number=85138788 confirmations=1
2026-04-05T14:00:02.991832Z  INFO ThreadId(14) pipeline{execution_id=65c59b8d-44bb-4188-9b90-9608d13b0b2f chain_id=137 from_address=0x8b172F820629b14cEAF859A6e159d1BcD3291Fe1}: cortex::pipeline: pipeline completed elapsed_ms=2303
2026-04-05T14:00:02.993438Z  INFO ThreadId(04) pipeline{execution_id=268721b0-b9db-4f9c-a4c6-53a61af002cc chain_id=42161 from_address=0xfea6645D31443cF7Cf96eF1dB7823EB9365f98bf}: cortex::pipeline: transaction confirmed on-chain elapsed_ms=2303 block_number=449318197 confirmations=1
2026-04-05T14:00:02.993460Z  INFO ThreadId(03) pipeline{execution_id=d3c7681d-9222-45a9-84eb-84086c477cd8 chain_id=137 from_address=0x8b172F820629b14cEAF859A6e159d1BcD3291Fe1}: cortex::pipeline: transaction confirmed on-chain elapsed_ms=2305 block_number=85138788 confirmations=1
2026-04-05T14:00:02.993464Z  INFO ThreadId(13) pipeline{execution_id=07a7d90c-dced-4cbf-9f96-4819837e73dd chain_id=1 from_address=0x8AfE43fF49EBd5c4B8Cd1497ee77b437dd1711fc}: cortex::pipeline: transaction confirmed on-chain elapsed_ms=2304 block_number=24813932 confirmations=1
2026-04-05T14:00:02.993489Z  INFO ThreadId(04) pipeline{execution_id=268721b0-b9db-4f9c-a4c6-53a61af002cc chain_id=42161 from_address=0xfea6645D31443cF7Cf96eF1dB7823EB9365f98bf}: cortex::pipeline: pipeline completed elapsed_ms=2303
2026-04-05T14:00:02.993501Z  INFO ThreadId(03) pipeline{execution_id=d3c7681d-9222-45a9-84eb-84086c477cd8 chain_id=137 from_address=0x8b172F820629b14cEAF859A6e159d1BcD3291Fe1}: cortex::pipeline: pipeline completed elapsed_ms=2305
2026-04-05T14:00:02.993513Z  INFO ThreadId(13) pipeline{execution_id=07a7d90c-dced-4cbf-9f96-4819837e73dd chain_id=1 from_address=0x8AfE43fF49EBd5c4B8Cd1497ee77b437dd1711fc}: cortex::pipeline: pipeline completed elapsed_ms=2304
2026-04-05T14:00:02.994797Z  INFO ThreadId(13) pipeline{execution_id=68b8f9d7-1ec9-4c6f-84f7-657d1e232c65 chain_id=42161 from_address=0xCFA80F1f22b0AD533F7d8e2CcC0A783aa4BCaFF3}: cortex::pipeline: transaction confirmed on-chain elapsed_ms=2304 block_number=449318197 confirmations=1
2026-04-05T14:00:02.994803Z  INFO ThreadId(07) pipeline{execution_id=28f07d27-891e-4937-90dc-9e5494ed7300 chain_id=1 from_address=0x2EAC739a1e05F4a05a5B8fD93D332c4353E5A7cD}: cortex::pipeline: transaction confirmed on-chain elapsed_ms=2305 block_number=24813932 confirmations=1
2026-04-05T14:00:02.994822Z  INFO ThreadId(03) pipeline{execution_id=97acf846-2f32-4867-be34-bc3b3716cca7 chain_id=137 from_address=0x8b172F820629b14cEAF859A6e159d1BcD3291Fe1}: cortex::pipeline: transaction confirmed on-chain elapsed_ms=2305 block_number=85138788 confirmations=1
2026-04-05T14:00:02.994832Z  INFO ThreadId(13) pipeline{execution_id=68b8f9d7-1ec9-4c6f-84f7-657d1e232c65 chain_id=42161 from_address=0xCFA80F1f22b0AD533F7d8e2CcC0A783aa4BCaFF3}: cortex::pipeline: pipeline completed elapsed_ms=2304
2026-04-05T14:00:02.994844Z  INFO ThreadId(07) pipeline{execution_id=28f07d27-891e-4937-90dc-9e5494ed7300 chain_id=1 from_address=0x2EAC739a1e05F4a05a5B8fD93D332c4353E5A7cD}: cortex::pipeline: pipeline completed elapsed_ms=2305
2026-04-05T14:00:02.994851Z  INFO ThreadId(03) pipeline{execution_id=97acf846-2f32-4867-be34-bc3b3716cca7 chain_id=137 from_address=0x8b172F820629b14cEAF859A6e159d1BcD3291Fe1}: cortex::pipeline: pipeline completed elapsed_ms=2305
2026-04-05T14:00:02.996002Z  INFO ThreadId(03) pipeline{execution_id=516eff3b-09d6-4cab-a45a-380e1438e2fd chain_id=1 from_address=0x8b172F820629b14cEAF859A6e159d1BcD3291Fe1}: cortex::pipeline: transaction confirmed on-chain elapsed_ms=2307 block_number=24813930 confirmations=1
2026-04-05T14:00:02.996024Z  INFO ThreadId(13) pipeline{execution_id=93138c1c-e415-4b0d-859f-760cb0d44f3f chain_id=137 from_address=0x8AfE43fF49EBd5c4B8Cd1497ee77b437dd1711fc}: cortex::pipeline: transaction confirmed on-chain elapsed_ms=2306 block_number=85138789 confirmations=1
2026-04-05T14:00:02.996026Z  INFO ThreadId(06) pipeline{execution_id=5bd380fc-e34b-480a-9101-4dab393d22b3 chain_id=42161 from_address=0xfea6645D31443cF7Cf96eF1dB7823EB9365f98bf}: cortex::pipeline: transaction confirmed on-chain elapsed_ms=2305 block_number=449318197 confirmations=1
2026-04-05T14:00:02.996034Z  INFO ThreadId(03) pipeline{execution_id=516eff3b-09d6-4cab-a45a-380e1438e2fd chain_id=1 from_address=0x8b172F820629b14cEAF859A6e159d1BcD3291Fe1}: cortex::pipeline: pipeline completed elapsed_ms=2307
2026-04-05T14:00:02.996042Z  INFO ThreadId(13) pipeline{execution_id=93138c1c-e415-4b0d-859f-760cb0d44f3f chain_id=137 from_address=0x8AfE43fF49EBd5c4B8Cd1497ee77b437dd1711fc}: cortex::pipeline: pipeline completed elapsed_ms=2306
2026-04-05T14:00:02.996048Z  INFO ThreadId(06) pipeline{execution_id=5bd380fc-e34b-480a-9101-4dab393d22b3 chain_id=42161 from_address=0xfea6645D31443cF7Cf96eF1dB7823EB9365f98bf}: cortex::pipeline: pipeline completed elapsed_ms=2305
2026-04-05T14:00:02.997227Z  INFO ThreadId(03) pipeline{execution_id=d5e6c52a-1b81-4076-b506-eb0ea2fde54f chain_id=1 from_address=0x8b172F820629b14cEAF859A6e159d1BcD3291Fe1}: cortex::pipeline: transaction confirmed on-chain elapsed_ms=2307 block_number=24813930 confirmations=1
2026-04-05T14:00:02.997266Z  INFO ThreadId(03) pipeline{execution_id=d5e6c52a-1b81-4076-b506-eb0ea2fde54f chain_id=1 from_address=0x8b172F820629b14cEAF859A6e159d1BcD3291Fe1}: cortex::pipeline: pipeline completed elapsed_ms=2307
2026-04-05T14:00:02.997275Z  INFO ThreadId(04) pipeline{execution_id=8b642ef3-faa8-413e-a8db-3004e6453631 chain_id=137 from_address=0xfea6645D31443cF7Cf96eF1dB7823EB9365f98bf}: cortex::pipeline: transaction confirmed on-chain elapsed_ms=2307 block_number=85138789 confirmations=1
2026-04-05T14:00:02.997298Z  INFO ThreadId(04) pipeline{execution_id=8b642ef3-faa8-413e-a8db-3004e6453631 chain_id=137 from_address=0xfea6645D31443cF7Cf96eF1dB7823EB9365f98bf}: cortex::pipeline: pipeline completed elapsed_ms=2307
2026-04-05T14:00:02.997736Z  INFO ThreadId(03) pipeline{execution_id=7131ae59-83e3-456e-bdfa-ef7f515fa6ce chain_id=42161 from_address=0xfea6645D31443cF7Cf96eF1dB7823EB9365f98bf}: cortex::pipeline: transaction confirmed on-chain elapsed_ms=2307 block_number=449318197 confirmations=1
2026-04-05T14:00:02.997778Z  INFO ThreadId(03) pipeline{execution_id=7131ae59-83e3-456e-bdfa-ef7f515fa6ce chain_id=42161 from_address=0xfea6645D31443cF7Cf96eF1dB7823EB9365f98bf}: cortex::pipeline: pipeline completed elapsed_ms=2307
2026-04-05T14:00:02.998839Z  INFO ThreadId(13) pipeline{execution_id=bd59897c-244e-4a91-b099-5c815a5767b4 chain_id=1 from_address=0x8b172F820629b14cEAF859A6e159d1BcD3291Fe1}: cortex::pipeline: transaction confirmed on-chain elapsed_ms=2309 block_number=24813930 confirmations=1
2026-04-05T14:00:02.998879Z  INFO ThreadId(13) pipeline{execution_id=bd59897c-244e-4a91-b099-5c815a5767b4 chain_id=1 from_address=0x8b172F820629b14cEAF859A6e159d1BcD3291Fe1}: cortex::pipeline: pipeline completed elapsed_ms=2309
2026-04-05T14:00:02.998900Z  INFO ThreadId(03) pipeline{execution_id=ea844934-ea8f-4cdd-83cb-0483b96e0916 chain_id=137 from_address=0x2EAC739a1e05F4a05a5B8fD93D332c4353E5A7cD}: cortex::pipeline: transaction confirmed on-chain elapsed_ms=2309 block_number=85138789 confirmations=1
2026-04-05T14:00:02.998920Z  INFO ThreadId(03) pipeline{execution_id=ea844934-ea8f-4cdd-83cb-0483b96e0916 chain_id=137 from_address=0x2EAC739a1e05F4a05a5B8fD93D332c4353E5A7cD}: cortex::pipeline: pipeline completed elapsed_ms=2309
2026-04-05T14:00:02.998933Z  INFO ThreadId(14) pipeline{execution_id=f58783e0-d03b-40ef-877d-0ca047104a0a chain_id=42161 from_address=0xfea6645D31443cF7Cf96eF1dB7823EB9365f98bf}: cortex::pipeline: transaction confirmed on-chain elapsed_ms=2308 block_number=449318197 confirmations=1
2026-04-05T14:00:02.998956Z  INFO ThreadId(14) pipeline{execution_id=f58783e0-d03b-40ef-877d-0ca047104a0a chain_id=42161 from_address=0xfea6645D31443cF7Cf96eF1dB7823EB9365f98bf}: cortex::pipeline: pipeline completed elapsed_ms=2308
2026-04-05T14:00:03.000300Z  INFO ThreadId(04) pipeline{execution_id=f4088bf1-516e-4edd-b42a-c665664002f0 chain_id=137 from_address=0xCFA80F1f22b0AD533F7d8e2CcC0A783aa4BCaFF3}: cortex::pipeline: transaction confirmed on-chain elapsed_ms=2310 block_number=85138789 confirmations=1
2026-04-05T14:00:03.000351Z  INFO ThreadId(04) pipeline{execution_id=f4088bf1-516e-4edd-b42a-c665664002f0 chain_id=137 from_address=0xCFA80F1f22b0AD533F7d8e2CcC0A783aa4BCaFF3}: cortex::pipeline: pipeline completed elapsed_ms=2310
2026-04-05T14:00:03.000354Z  INFO ThreadId(06) pipeline{execution_id=eafc8d9b-bb3d-4151-bdb3-c5f4ac51913f chain_id=1 from_address=0x8AfE43fF49EBd5c4B8Cd1497ee77b437dd1711fc}: cortex::pipeline: transaction confirmed on-chain elapsed_ms=2310 block_number=24813932 confirmations=1
2026-04-05T14:00:03.000378Z  INFO ThreadId(06) pipeline{execution_id=eafc8d9b-bb3d-4151-bdb3-c5f4ac51913f chain_id=1 from_address=0x8AfE43fF49EBd5c4B8Cd1497ee77b437dd1711fc}: cortex::pipeline: pipeline completed elapsed_ms=2310
2026-04-05T14:00:03.000790Z  INFO ThreadId(13) pipeline{execution_id=1e3e8228-40a8-4d49-83ce-7ee3832ec807 chain_id=42161 from_address=0x8AfE43fF49EBd5c4B8Cd1497ee77b437dd1711fc}: cortex::pipeline: transaction confirmed on-chain elapsed_ms=2310 block_number=449318197 confirmations=1
2026-04-05T14:00:03.000815Z  INFO ThreadId(13) pipeline{execution_id=1e3e8228-40a8-4d49-83ce-7ee3832ec807 chain_id=42161 from_address=0x8AfE43fF49EBd5c4B8Cd1497ee77b437dd1711fc}: cortex::pipeline: pipeline completed elapsed_ms=2310
2026-04-05T14:00:03.001597Z  INFO ThreadId(04) pipeline{execution_id=b7067e91-c1c2-406e-8bff-33e886dee8ec chain_id=42161 from_address=0x2EAC739a1e05F4a05a5B8fD93D332c4353E5A7cD}: cortex::pipeline: transaction confirmed on-chain elapsed_ms=2311 block_number=449318197 confirmations=1
2026-04-05T14:00:03.001621Z  INFO ThreadId(04) pipeline{execution_id=b7067e91-c1c2-406e-8bff-33e886dee8ec chain_id=42161 from_address=0x2EAC739a1e05F4a05a5B8fD93D332c4353E5A7cD}: cortex::pipeline: pipeline completed elapsed_ms=2311
2026-04-05T14:00:03.001984Z  INFO ThreadId(04) pipeline{execution_id=d235f17b-aae8-42d4-ae2b-9c92d3820c37 chain_id=1 from_address=0x2EAC739a1e05F4a05a5B8fD93D332c4353E5A7cD}: cortex::pipeline: transaction confirmed on-chain elapsed_ms=2312 block_number=24813932 confirmations=1
2026-04-05T14:00:03.002007Z  INFO ThreadId(04) pipeline{execution_id=d235f17b-aae8-42d4-ae2b-9c92d3820c37 chain_id=1 from_address=0x2EAC739a1e05F4a05a5B8fD93D332c4353E5A7cD}: cortex::pipeline: pipeline completed elapsed_ms=2312
2026-04-05T14:00:03.002341Z  INFO ThreadId(07) pipeline{execution_id=ca18efda-711a-48b4-b506-06592357a1ae chain_id=137 from_address=0x2EAC739a1e05F4a05a5B8fD93D332c4353E5A7cD}: cortex::pipeline: transaction confirmed on-chain elapsed_ms=2312 block_number=85138789 confirmations=1
2026-04-05T14:00:03.002363Z  INFO ThreadId(07) pipeline{execution_id=ca18efda-711a-48b4-b506-06592357a1ae chain_id=137 from_address=0x2EAC739a1e05F4a05a5B8fD93D332c4353E5A7cD}: cortex::pipeline: pipeline completed elapsed_ms=2312
2026-04-05T14:00:03.002771Z  INFO ThreadId(04) pipeline{execution_id=eac07881-903b-4fb0-83de-07d0e8fc86d2 chain_id=1 from_address=0xfea6645D31443cF7Cf96eF1dB7823EB9365f98bf}: cortex::pipeline: transaction confirmed on-chain elapsed_ms=2313 block_number=24813932 confirmations=1
2026-04-05T14:00:03.002802Z  INFO ThreadId(04) pipeline{execution_id=eac07881-903b-4fb0-83de-07d0e8fc86d2 chain_id=1 from_address=0xfea6645D31443cF7Cf96eF1dB7823EB9365f98bf}: cortex::pipeline: pipeline completed elapsed_ms=2313
2026-04-05T14:00:03.003200Z  INFO ThreadId(14) pipeline{execution_id=02ddda04-cf19-42f1-9c17-38973ed6b17d chain_id=137 from_address=0xfea6645D31443cF7Cf96eF1dB7823EB9365f98bf}: cortex::pipeline: transaction confirmed on-chain elapsed_ms=2313 block_number=85138789 confirmations=1
2026-04-05T14:00:03.003231Z  INFO ThreadId(14) pipeline{execution_id=02ddda04-cf19-42f1-9c17-38973ed6b17d chain_id=137 from_address=0xfea6645D31443cF7Cf96eF1dB7823EB9365f98bf}: cortex::pipeline: pipeline completed elapsed_ms=2313
2026-04-05T14:00:03.004122Z  INFO ThreadId(14) pipeline{execution_id=43e54bc0-f6f6-40cd-9d62-7f6c97a6bbaa chain_id=1 from_address=0x8b172F820629b14cEAF859A6e159d1BcD3291Fe1}: cortex::pipeline: transaction confirmed on-chain elapsed_ms=2314 block_number=24813930 confirmations=1
2026-04-05T14:00:03.004151Z  INFO ThreadId(07) pipeline{execution_id=77659023-ec27-44f0-8a56-ec5f841ffbe1 chain_id=137 from_address=0xCFA80F1f22b0AD533F7d8e2CcC0A783aa4BCaFF3}: cortex::pipeline: transaction confirmed on-chain elapsed_ms=2315 block_number=85138789 confirmations=1
2026-04-05T14:00:03.004158Z  INFO ThreadId(14) pipeline{execution_id=43e54bc0-f6f6-40cd-9d62-7f6c97a6bbaa chain_id=1 from_address=0x8b172F820629b14cEAF859A6e159d1BcD3291Fe1}: cortex::pipeline: pipeline completed elapsed_ms=2314
2026-04-05T14:00:03.004172Z  INFO ThreadId(07) pipeline{execution_id=77659023-ec27-44f0-8a56-ec5f841ffbe1 chain_id=137 from_address=0xCFA80F1f22b0AD533F7d8e2CcC0A783aa4BCaFF3}: cortex::pipeline: pipeline completed elapsed_ms=2315
2026-04-05T14:00:03.005435Z  INFO ThreadId(14) pipeline{execution_id=4c9ff9b1-dfb2-42e1-b454-880d048bbcc1 chain_id=137 from_address=0x8b172F820629b14cEAF859A6e159d1BcD3291Fe1}: cortex::pipeline: transaction confirmed on-chain elapsed_ms=2316 block_number=85138788 confirmations=1
2026-04-05T14:00:03.005462Z  INFO ThreadId(04) pipeline{execution_id=c45f9712-133a-427f-b0cf-4d9c8a95fd97 chain_id=1 from_address=0xfea6645D31443cF7Cf96eF1dB7823EB9365f98bf}: cortex::pipeline: transaction confirmed on-chain elapsed_ms=2315 block_number=24813932 confirmations=1
2026-04-05T14:00:03.005475Z  INFO ThreadId(14) pipeline{execution_id=4c9ff9b1-dfb2-42e1-b454-880d048bbcc1 chain_id=137 from_address=0x8b172F820629b14cEAF859A6e159d1BcD3291Fe1}: cortex::pipeline: pipeline completed elapsed_ms=2316
2026-04-05T14:00:03.005480Z  INFO ThreadId(04) pipeline{execution_id=c45f9712-133a-427f-b0cf-4d9c8a95fd97 chain_id=1 from_address=0xfea6645D31443cF7Cf96eF1dB7823EB9365f98bf}: cortex::pipeline: pipeline completed elapsed_ms=2315
2026-04-05T14:00:03.006893Z  INFO ThreadId(04) pipeline{execution_id=52db17f4-f0a3-4037-bf5c-b782aaef8d2d chain_id=137 from_address=0x8AfE43fF49EBd5c4B8Cd1497ee77b437dd1711fc}: cortex::pipeline: transaction confirmed on-chain elapsed_ms=2316 block_number=85138789 confirmations=1
2026-04-05T14:00:03.006931Z  INFO ThreadId(04) pipeline{execution_id=52db17f4-f0a3-4037-bf5c-b782aaef8d2d chain_id=137 from_address=0x8AfE43fF49EBd5c4B8Cd1497ee77b437dd1711fc}: cortex::pipeline: pipeline completed elapsed_ms=2316
2026-04-05T14:00:03.006945Z  INFO ThreadId(07) pipeline{execution_id=3082feb4-6b73-4485-9603-99df8280a55a chain_id=1 from_address=0xfea6645D31443cF7Cf96eF1dB7823EB9365f98bf}: cortex::pipeline: transaction confirmed on-chain elapsed_ms=2318 block_number=24813932 confirmations=1
2026-04-05T14:00:03.006969Z  INFO ThreadId(07) pipeline{execution_id=3082feb4-6b73-4485-9603-99df8280a55a chain_id=1 from_address=0xfea6645D31443cF7Cf96eF1dB7823EB9365f98bf}: cortex::pipeline: pipeline completed elapsed_ms=2318
2026-04-05T14:00:03.008108Z  INFO ThreadId(14) pipeline{execution_id=e9bd6cf3-d8bc-4f37-a17a-f67be81f390b chain_id=1 from_address=0xCFA80F1f22b0AD533F7d8e2CcC0A783aa4BCaFF3}: cortex::pipeline: transaction confirmed on-chain elapsed_ms=2318 block_number=24813932 confirmations=1
2026-04-05T14:00:03.008127Z  INFO ThreadId(03) pipeline{execution_id=5cdbc855-bb29-401d-adf7-72a7e9c865fe chain_id=137 from_address=0x8b172F820629b14cEAF859A6e159d1BcD3291Fe1}: cortex::pipeline: transaction confirmed on-chain elapsed_ms=2317 block_number=85138788 confirmations=1
2026-04-05T14:00:03.008135Z  INFO ThreadId(14) pipeline{execution_id=e9bd6cf3-d8bc-4f37-a17a-f67be81f390b chain_id=1 from_address=0xCFA80F1f22b0AD533F7d8e2CcC0A783aa4BCaFF3}: cortex::pipeline: pipeline completed elapsed_ms=2318
2026-04-05T14:00:03.008157Z  INFO ThreadId(03) pipeline{execution_id=5cdbc855-bb29-401d-adf7-72a7e9c865fe chain_id=137 from_address=0x8b172F820629b14cEAF859A6e159d1BcD3291Fe1}: cortex::pipeline: pipeline completed elapsed_ms=2318
2026-04-05T14:00:03.009336Z  INFO ThreadId(06) pipeline{execution_id=f78cc779-31c3-4e92-989e-54fd3ad38693 chain_id=137 from_address=0x2EAC739a1e05F4a05a5B8fD93D332c4353E5A7cD}: cortex::pipeline: transaction confirmed on-chain elapsed_ms=2319 block_number=85138789 confirmations=1
2026-04-05T14:00:03.009334Z  INFO ThreadId(14) pipeline{execution_id=c5e6cbc4-d571-4537-a6fe-b434e455bebb chain_id=1 from_address=0xfea6645D31443cF7Cf96eF1dB7823EB9365f98bf}: cortex::pipeline: transaction confirmed on-chain elapsed_ms=2318 block_number=24813932 confirmations=1
2026-04-05T14:00:03.009374Z  INFO ThreadId(14) pipeline{execution_id=c5e6cbc4-d571-4537-a6fe-b434e455bebb chain_id=1 from_address=0xfea6645D31443cF7Cf96eF1dB7823EB9365f98bf}: cortex::pipeline: pipeline completed elapsed_ms=2318
2026-04-05T14:00:03.009385Z  INFO ThreadId(06) pipeline{execution_id=f78cc779-31c3-4e92-989e-54fd3ad38693 chain_id=137 from_address=0x2EAC739a1e05F4a05a5B8fD93D332c4353E5A7cD}: cortex::pipeline: pipeline completed elapsed_ms=2319
2026-04-05T14:00:03.010750Z  INFO ThreadId(07) pipeline{execution_id=f3bdfdd7-7978-4d06-9bc1-2c28d3fcf943 chain_id=1 from_address=0x8AfE43fF49EBd5c4B8Cd1497ee77b437dd1711fc}: cortex::pipeline: transaction confirmed on-chain elapsed_ms=2320 block_number=24813932 confirmations=1
2026-04-05T14:00:03.010777Z  INFO ThreadId(06) pipeline{execution_id=a93c1737-d3ed-42c1-b089-0d1d9cc4103b chain_id=137 from_address=0xfea6645D31443cF7Cf96eF1dB7823EB9365f98bf}: cortex::pipeline: transaction confirmed on-chain elapsed_ms=2320 block_number=85138789 confirmations=1
2026-04-05T14:00:03.010785Z  INFO ThreadId(07) pipeline{execution_id=f3bdfdd7-7978-4d06-9bc1-2c28d3fcf943 chain_id=1 from_address=0x8AfE43fF49EBd5c4B8Cd1497ee77b437dd1711fc}: cortex::pipeline: pipeline completed elapsed_ms=2320
2026-04-05T14:00:03.010799Z  INFO ThreadId(06) pipeline{execution_id=a93c1737-d3ed-42c1-b089-0d1d9cc4103b chain_id=137 from_address=0xfea6645D31443cF7Cf96eF1dB7823EB9365f98bf}: cortex::pipeline: pipeline completed elapsed_ms=2320
2026-04-05T14:00:03.011871Z  INFO ThreadId(07) pipeline{execution_id=fd979ed2-98d6-47a8-9c1a-abd6f375fdeb chain_id=137 from_address=0xCFA80F1f22b0AD533F7d8e2CcC0A783aa4BCaFF3}: cortex::pipeline: transaction confirmed on-chain elapsed_ms=2321 block_number=85138789 confirmations=1
2026-04-05T14:00:03.011901Z  INFO ThreadId(07) pipeline{execution_id=fd979ed2-98d6-47a8-9c1a-abd6f375fdeb chain_id=137 from_address=0xCFA80F1f22b0AD533F7d8e2CcC0A783aa4BCaFF3}: cortex::pipeline: pipeline completed elapsed_ms=2321
2026-04-05T14:00:03.011931Z  INFO ThreadId(06) pipeline{execution_id=32df217d-c71a-44c0-a3cb-192db9b19400 chain_id=1 from_address=0xfea6645D31443cF7Cf96eF1dB7823EB9365f98bf}: cortex::pipeline: transaction confirmed on-chain elapsed_ms=2321 block_number=24813932 confirmations=1
2026-04-05T14:00:03.011953Z  INFO ThreadId(06) pipeline{execution_id=32df217d-c71a-44c0-a3cb-192db9b19400 chain_id=1 from_address=0xfea6645D31443cF7Cf96eF1dB7823EB9365f98bf}: cortex::pipeline: pipeline completed elapsed_ms=2321
2026-04-05T14:00:03.013200Z  INFO ThreadId(07) pipeline{execution_id=a0e35bd9-8284-46dd-86ef-9a0f119a6bc6 chain_id=1 from_address=0x2EAC739a1e05F4a05a5B8fD93D332c4353E5A7cD}: cortex::pipeline: transaction confirmed on-chain elapsed_ms=2323 block_number=24813932 confirmations=1
2026-04-05T14:00:03.013231Z  INFO ThreadId(07) pipeline{execution_id=a0e35bd9-8284-46dd-86ef-9a0f119a6bc6 chain_id=1 from_address=0x2EAC739a1e05F4a05a5B8fD93D332c4353E5A7cD}: cortex::pipeline: pipeline completed elapsed_ms=2323
2026-04-05T14:00:03.014401Z  INFO ThreadId(04) pipeline{execution_id=b5691c15-128f-4622-91c5-49a9e0cc6a9a chain_id=1 from_address=0xfea6645D31443cF7Cf96eF1dB7823EB9365f98bf}: cortex::pipeline: transaction confirmed on-chain elapsed_ms=2323 block_number=24813932 confirmations=1
2026-04-05T14:00:03.014426Z  INFO ThreadId(04) pipeline{execution_id=b5691c15-128f-4622-91c5-49a9e0cc6a9a chain_id=1 from_address=0xfea6645D31443cF7Cf96eF1dB7823EB9365f98bf}: cortex::pipeline: pipeline completed elapsed_ms=2323
2026-04-05T14:00:03.015631Z  INFO ThreadId(14) pipeline{execution_id=4d630a90-e788-4878-b857-250a1264d1c0 chain_id=1 from_address=0x8AfE43fF49EBd5c4B8Cd1497ee77b437dd1711fc}: cortex::pipeline: transaction confirmed on-chain elapsed_ms=2325 block_number=24813932 confirmations=1
2026-04-05T14:00:03.015664Z  INFO ThreadId(14) pipeline{execution_id=4d630a90-e788-4878-b857-250a1264d1c0 chain_id=1 from_address=0x8AfE43fF49EBd5c4B8Cd1497ee77b437dd1711fc}: cortex::pipeline: pipeline completed elapsed_ms=2325
2026-04-05T14:00:03.226510Z  INFO ThreadId(02) pipeline: ╔══════════════════════════════════════════════════════════════╗
2026-04-05T14:00:03.226546Z  INFO ThreadId(02) pipeline: ║           HEALTHY PATH TEST - RESULTS REPORT                 ║
2026-04-05T14:00:03.226553Z  INFO ThreadId(02) pipeline: ╠══════════════════════════════════════════════════════════════╣
2026-04-05T14:00:03.226559Z  INFO ThreadId(02) pipeline: ║ Total Transactions:                                      300 ║
2026-04-05T14:00:03.226565Z  INFO ThreadId(02) pipeline: ║ Successful:                                              300 ║
2026-04-05T14:00:03.226571Z  INFO ThreadId(02) pipeline: ║ Failed:                                                    0 ║
2026-04-05T14:00:03.226576Z  INFO ThreadId(02) pipeline: ║ Success Rate:                                        100.00% ║
2026-04-05T14:00:03.226583Z  INFO ThreadId(02) pipeline: ╚══════════════════════════════════════════════════════════════╝
2026-04-05T14:00:03.226588Z  INFO ThreadId(02) pipeline: 
 SUCCESS RATE: 100.00%
