2026-04-05T14:34:26.194619Z  INFO ThreadId(02) pipeline: starting pipeline test
2026-04-05T14:34:29.908378Z  INFO ThreadId(02) pipeline::containers: Anvil fork for chain 1 endpoint A on port 8545 online
2026-04-05T14:34:30.952386Z  INFO ThreadId(02) pipeline::containers: Anvil fork for chain 1 endpoint B on port 8546 online
2026-04-05T14:34:32.196247Z  INFO ThreadId(02) pipeline::containers: Anvil fork for chain 1 endpoint C on port 8547 online
2026-04-05T14:34:33.258879Z  INFO ThreadId(02) pipeline::containers: Anvil fork for chain 137 endpoint A on port 8548 online
2026-04-05T14:34:35.531173Z  INFO ThreadId(02) pipeline::containers: Anvil fork for chain 137 endpoint B on port 8549 online
2026-04-05T14:34:36.595997Z  INFO ThreadId(02) pipeline::containers: Anvil fork for chain 137 endpoint C on port 8550 online
2026-04-05T14:34:38.871011Z  INFO ThreadId(02) pipeline::containers: Anvil fork for chain 42161 endpoint A on port 8551 online
2026-04-05T14:34:41.324606Z  INFO ThreadId(02) pipeline::containers: Anvil fork for chain 42161 endpoint B on port 8552 online
2026-04-05T14:34:43.595142Z  INFO ThreadId(02) pipeline::containers: Anvil fork for chain 42161 endpoint C on port 8553 online
2026-04-05T14:34:43.595217Z  INFO ThreadId(02) pipeline: all containers started succesfully
2026-04-05T14:34:55.825129Z  INFO ThreadId(02) pipeline: test accounts funded with 100 eth
2026-04-05T14:34:56.028723Z  INFO ThreadId(02) pipeline::helpers: Created endpoint pool for chain chain_id=1 endpoint_count=3
2026-04-05T14:34:56.222116Z  INFO ThreadId(02) pipeline::helpers: Created endpoint pool for chain chain_id=42161 endpoint_count=3
2026-04-05T14:34:56.417903Z  INFO ThreadId(02) pipeline::helpers: Created endpoint pool for chain chain_id=137 endpoint_count=3
2026-04-05T14:34:56.624366Z  INFO ThreadId(02) cortex::artifacts::state: StatusRegistry loaded artifacts_count=0
2026-04-05T14:34:56.624410Z  INFO ThreadId(02) cortex: cortex online
2026-04-05T14:34:56.624480Z  INFO ThreadId(02) pipeline: lobby app-router installed
2026-04-05T14:34:57.626041Z  INFO ThreadId(02) pipeline: Lobby server running lobby_server_url=http://127.0.0.1:3000
2026-04-05T14:34:57.675629Z  INFO ThreadId(18) lobby::server::handler: transaction submission accepted execution_id=1cb26c68-7692-44da-8daf-424a5b0da776 from=0x2EAC739a1e05F4a05a5B8fD93D332c4353E5A7cD chain_id=42161
2026-04-05T14:34:57.675630Z  INFO ThreadId(11) lobby::server::handler: transaction submission accepted execution_id=863b572b-dc72-4551-bc57-82f422a1a409 from=0xCFA80F1f22b0AD533F7d8e2CcC0A783aa4BCaFF3 chain_id=1
2026-04-05T14:34:57.675629Z  INFO ThreadId(16) lobby::server::handler: transaction submission accepted execution_id=c9f3c959-abea-4164-870e-2777d3f997e4 from=0xCFA80F1f22b0AD533F7d8e2CcC0A783aa4BCaFF3 chain_id=42161
2026-04-05T14:34:57.675671Z  INFO ThreadId(06) lobby::server::handler: transaction submission accepted execution_id=c54b9261-52f0-402d-88f2-50ca1b5b7ec3 from=0xCFA80F1f22b0AD533F7d8e2CcC0A783aa4BCaFF3 chain_id=137
2026-04-05T14:34:57.675707Z  INFO ThreadId(15) lobby::server::handler: transaction submission accepted execution_id=80bb0b26-58c3-44bc-bb93-a9033ff65f9a from=0x2EAC739a1e05F4a05a5B8fD93D332c4353E5A7cD chain_id=137
2026-04-05T14:34:57.675799Z  INFO ThreadId(18) pipeline{execution_id=1cb26c68-7692-44da-8daf-424a5b0da776 chain_id=42161 from_address=0x2EAC739a1e05F4a05a5B8fD93D332c4353E5A7cD}: cortex::pipeline: Pipeline started elapsed_ms=0
2026-04-05T14:34:57.675797Z  INFO ThreadId(11) pipeline{execution_id=863b572b-dc72-4551-bc57-82f422a1a409 chain_id=1 from_address=0xCFA80F1f22b0AD533F7d8e2CcC0A783aa4BCaFF3}: cortex::pipeline: Pipeline started elapsed_ms=0
2026-04-05T14:34:57.675800Z  INFO ThreadId(15) pipeline{execution_id=80bb0b26-58c3-44bc-bb93-a9033ff65f9a chain_id=137 from_address=0x2EAC739a1e05F4a05a5B8fD93D332c4353E5A7cD}: cortex::pipeline: Pipeline started elapsed_ms=0
2026-04-05T14:34:57.675795Z  INFO ThreadId(07) lobby::server::handler: transaction submission accepted execution_id=bb28a153-543f-492f-9d65-13bea08000b6 from=0x8b172F820629b14cEAF859A6e159d1BcD3291Fe1 chain_id=1
2026-04-05T14:34:57.675817Z  INFO ThreadId(16) pipeline{execution_id=c9f3c959-abea-4164-870e-2777d3f997e4 chain_id=42161 from_address=0xCFA80F1f22b0AD533F7d8e2CcC0A783aa4BCaFF3}: cortex::pipeline: Pipeline started elapsed_ms=0
2026-04-05T14:34:57.675813Z  INFO ThreadId(04) lobby::server::handler: transaction submission accepted execution_id=4f69ad43-c813-40f8-ab82-da776e708d0b from=0xCFA80F1f22b0AD533F7d8e2CcC0A783aa4BCaFF3 chain_id=137
2026-04-05T14:34:57.675822Z  INFO ThreadId(05) lobby::server::handler: transaction submission accepted execution_id=e1a0648a-34b9-4025-8e9f-d93b979be554 from=0xCFA80F1f22b0AD533F7d8e2CcC0A783aa4BCaFF3 chain_id=1
2026-04-05T14:34:57.675837Z  INFO ThreadId(06) pipeline{execution_id=c54b9261-52f0-402d-88f2-50ca1b5b7ec3 chain_id=137 from_address=0xCFA80F1f22b0AD533F7d8e2CcC0A783aa4BCaFF3}: cortex::pipeline: Pipeline started elapsed_ms=0
2026-04-05T14:34:57.675918Z  INFO ThreadId(12) lobby::server::handler: transaction submission accepted execution_id=1e82d929-b1f1-42f0-ae53-3dc62bc8d834 from=0xfea6645D31443cF7Cf96eF1dB7823EB9365f98bf chain_id=1
2026-04-05T14:34:57.675931Z  INFO ThreadId(18) lobby::server::handler: transaction submission accepted execution_id=1eb2eaf1-8e8b-4886-b3a1-2be0e802a47d from=0x8AfE43fF49EBd5c4B8Cd1497ee77b437dd1711fc chain_id=137
2026-04-05T14:34:57.675958Z  INFO ThreadId(13) lobby::server::handler: transaction submission accepted execution_id=e58be19f-f014-4e10-a610-c503ec9b6af4 from=0x2EAC739a1e05F4a05a5B8fD93D332c4353E5A7cD chain_id=1
2026-04-05T14:34:57.675985Z  INFO ThreadId(04) pipeline{execution_id=4f69ad43-c813-40f8-ab82-da776e708d0b chain_id=137 from_address=0xCFA80F1f22b0AD533F7d8e2CcC0A783aa4BCaFF3}: cortex::pipeline: Pipeline started elapsed_ms=0
2026-04-05T14:34:57.675995Z  INFO ThreadId(07) pipeline{execution_id=bb28a153-543f-492f-9d65-13bea08000b6 chain_id=1 from_address=0x8b172F820629b14cEAF859A6e159d1BcD3291Fe1}: cortex::pipeline: Pipeline started elapsed_ms=0
2026-04-05T14:34:57.676014Z  INFO ThreadId(11) lobby::server::handler: transaction submission accepted execution_id=436e18b9-8d9c-4f7f-9029-35b7221506b7 from=0x8b172F820629b14cEAF859A6e159d1BcD3291Fe1 chain_id=137
2026-04-05T14:34:57.676018Z  INFO ThreadId(18) pipeline{execution_id=1eb2eaf1-8e8b-4886-b3a1-2be0e802a47d chain_id=137 from_address=0x8AfE43fF49EBd5c4B8Cd1497ee77b437dd1711fc}: cortex::pipeline: Pipeline started elapsed_ms=0
2026-04-05T14:34:57.676017Z  INFO ThreadId(05) pipeline{execution_id=e1a0648a-34b9-4025-8e9f-d93b979be554 chain_id=1 from_address=0xCFA80F1f22b0AD533F7d8e2CcC0A783aa4BCaFF3}: cortex::pipeline: Pipeline started elapsed_ms=0
2026-04-05T14:34:57.676042Z  INFO ThreadId(16) lobby::server::handler: transaction submission accepted execution_id=0a1d0cdf-c3aa-4d8d-9046-8ce26b9ce369 from=0xfea6645D31443cF7Cf96eF1dB7823EB9365f98bf chain_id=42161
2026-04-05T14:34:57.676088Z  INFO ThreadId(04) lobby::server::handler: transaction submission accepted execution_id=49fc9a53-0a73-4124-ac15-8e16e122aab5 from=0x8AfE43fF49EBd5c4B8Cd1497ee77b437dd1711fc chain_id=1
2026-04-05T14:34:57.676088Z  INFO ThreadId(06) lobby::server::handler: transaction submission accepted execution_id=182a4b84-a091-42bf-a590-80bd754be6ff from=0xfea6645D31443cF7Cf96eF1dB7823EB9365f98bf chain_id=42161
2026-04-05T14:34:57.676123Z  INFO ThreadId(07) lobby::server::handler: transaction submission accepted execution_id=6ed12513-4ddd-412b-ac45-a47f6871c611 from=0x8b172F820629b14cEAF859A6e159d1BcD3291Fe1 chain_id=1
2026-04-05T14:34:57.676130Z  INFO ThreadId(10) lobby::server::handler: transaction submission accepted execution_id=6e63eae1-0a95-45aa-8f13-1fcd19fc1639 from=0x8b172F820629b14cEAF859A6e159d1BcD3291Fe1 chain_id=1
2026-04-05T14:34:57.676137Z  INFO ThreadId(12) pipeline{execution_id=1e82d929-b1f1-42f0-ae53-3dc62bc8d834 chain_id=1 from_address=0xfea6645D31443cF7Cf96eF1dB7823EB9365f98bf}: cortex::pipeline: Pipeline started elapsed_ms=0
2026-04-05T14:34:57.676182Z  INFO ThreadId(16) pipeline{execution_id=0a1d0cdf-c3aa-4d8d-9046-8ce26b9ce369 chain_id=42161 from_address=0xfea6645D31443cF7Cf96eF1dB7823EB9365f98bf}: cortex::pipeline: Pipeline started elapsed_ms=0
2026-04-05T14:34:57.676239Z  INFO ThreadId(13) pipeline{execution_id=e58be19f-f014-4e10-a610-c503ec9b6af4 chain_id=1 from_address=0x2EAC739a1e05F4a05a5B8fD93D332c4353E5A7cD}: cortex::pipeline: Pipeline started elapsed_ms=0
2026-04-05T14:34:57.676248Z  INFO ThreadId(10) pipeline{execution_id=6e63eae1-0a95-45aa-8f13-1fcd19fc1639 chain_id=1 from_address=0x8b172F820629b14cEAF859A6e159d1BcD3291Fe1}: cortex::pipeline: Pipeline started elapsed_ms=0
2026-04-05T14:34:57.676254Z  INFO ThreadId(06) pipeline{execution_id=182a4b84-a091-42bf-a590-80bd754be6ff chain_id=42161 from_address=0xfea6645D31443cF7Cf96eF1dB7823EB9365f98bf}: cortex::pipeline: Pipeline started elapsed_ms=0
2026-04-05T14:34:57.676266Z  INFO ThreadId(09) lobby::server::handler: transaction submission accepted execution_id=3c656089-5684-48dc-b724-d0e9fd54a7a7 from=0xCFA80F1f22b0AD533F7d8e2CcC0A783aa4BCaFF3 chain_id=137
2026-04-05T14:34:57.676291Z  INFO ThreadId(04) pipeline{execution_id=49fc9a53-0a73-4124-ac15-8e16e122aab5 chain_id=1 from_address=0x8AfE43fF49EBd5c4B8Cd1497ee77b437dd1711fc}: cortex::pipeline: Pipeline started elapsed_ms=0
2026-04-05T14:34:57.676303Z  INFO ThreadId(11) pipeline{execution_id=436e18b9-8d9c-4f7f-9029-35b7221506b7 chain_id=137 from_address=0x8b172F820629b14cEAF859A6e159d1BcD3291Fe1}: cortex::pipeline: Pipeline started elapsed_ms=0
2026-04-05T14:34:57.676350Z  INFO ThreadId(12) lobby::server::handler: transaction submission accepted execution_id=9476b498-6616-4629-b156-01ec674d8d03 from=0x8b172F820629b14cEAF859A6e159d1BcD3291Fe1 chain_id=137
2026-04-05T14:34:57.676358Z  INFO ThreadId(05) lobby::server::handler: transaction submission accepted execution_id=4cb18162-fa97-4906-b8ff-51cc64ffc472 from=0xfea6645D31443cF7Cf96eF1dB7823EB9365f98bf chain_id=137
2026-04-05T14:34:57.676402Z  INFO ThreadId(06) lobby::server::handler: transaction submission accepted execution_id=f3235736-0175-4252-98ad-3748c7b3865c from=0x8b172F820629b14cEAF859A6e159d1BcD3291Fe1 chain_id=42161
2026-04-05T14:34:57.676401Z  INFO ThreadId(04) lobby::server::handler: transaction submission accepted execution_id=05f370fb-5f52-4c5e-9c68-23d7d9d6e7d6 from=0x2EAC739a1e05F4a05a5B8fD93D332c4353E5A7cD chain_id=1
2026-04-05T14:34:57.676418Z  INFO ThreadId(09) pipeline{execution_id=3c656089-5684-48dc-b724-d0e9fd54a7a7 chain_id=137 from_address=0xCFA80F1f22b0AD533F7d8e2CcC0A783aa4BCaFF3}: cortex::pipeline: Pipeline started elapsed_ms=0
2026-04-05T14:34:57.676433Z  INFO ThreadId(03) lobby::server::handler: transaction submission accepted execution_id=abde9434-2ef0-47ba-aa6b-a67a6dcc4bc2 from=0x8b172F820629b14cEAF859A6e159d1BcD3291Fe1 chain_id=1
2026-04-05T14:34:57.676447Z  INFO ThreadId(07) pipeline{execution_id=6ed12513-4ddd-412b-ac45-a47f6871c611 chain_id=1 from_address=0x8b172F820629b14cEAF859A6e159d1BcD3291Fe1}: cortex::pipeline: Pipeline started elapsed_ms=0
2026-04-05T14:34:57.676465Z  INFO ThreadId(10) lobby::server::handler: transaction submission accepted execution_id=f101e1ed-2ad7-4623-a3e6-b9ba037f7078 from=0xCFA80F1f22b0AD533F7d8e2CcC0A783aa4BCaFF3 chain_id=42161
2026-04-05T14:34:57.676464Z  INFO ThreadId(14) lobby::server::handler: transaction submission accepted execution_id=16cd92e8-d4bd-4446-99b0-dbf828449ed1 from=0x2EAC739a1e05F4a05a5B8fD93D332c4353E5A7cD chain_id=137
2026-04-05T14:34:57.676478Z  INFO ThreadId(06) pipeline{execution_id=f3235736-0175-4252-98ad-3748c7b3865c chain_id=42161 from_address=0x8b172F820629b14cEAF859A6e159d1BcD3291Fe1}: cortex::pipeline: Pipeline started elapsed_ms=0
2026-04-05T14:34:57.676489Z  INFO ThreadId(04) pipeline{execution_id=05f370fb-5f52-4c5e-9c68-23d7d9d6e7d6 chain_id=1 from_address=0x2EAC739a1e05F4a05a5B8fD93D332c4353E5A7cD}: cortex::pipeline: Pipeline started elapsed_ms=0
2026-04-05T14:34:57.676500Z  INFO ThreadId(16) lobby::server::handler: transaction submission accepted execution_id=e29d1508-6553-4189-a4fa-fca797ff6b76 from=0x8b172F820629b14cEAF859A6e159d1BcD3291Fe1 chain_id=1
2026-04-05T14:34:57.676518Z  INFO ThreadId(10) pipeline{execution_id=f101e1ed-2ad7-4623-a3e6-b9ba037f7078 chain_id=42161 from_address=0xCFA80F1f22b0AD533F7d8e2CcC0A783aa4BCaFF3}: cortex::pipeline: Pipeline started elapsed_ms=0
2026-04-05T14:34:57.676520Z  INFO ThreadId(03) pipeline{execution_id=abde9434-2ef0-47ba-aa6b-a67a6dcc4bc2 chain_id=1 from_address=0x8b172F820629b14cEAF859A6e159d1BcD3291Fe1}: cortex::pipeline: Pipeline started elapsed_ms=0
2026-04-05T14:34:57.676533Z  INFO ThreadId(07) lobby::server::handler: transaction submission accepted execution_id=24e779c0-0030-4587-91cf-92b0ba54bd62 from=0x8b172F820629b14cEAF859A6e159d1BcD3291Fe1 chain_id=137
2026-04-05T14:34:57.676541Z  INFO ThreadId(14) pipeline{execution_id=16cd92e8-d4bd-4446-99b0-dbf828449ed1 chain_id=137 from_address=0x2EAC739a1e05F4a05a5B8fD93D332c4353E5A7cD}: cortex::pipeline: Pipeline started elapsed_ms=0
2026-04-05T14:34:57.676550Z  INFO ThreadId(06) lobby::server::handler: transaction submission accepted execution_id=b2c12086-fdba-41d9-9a2e-db6202b5fdbb from=0x8b172F820629b14cEAF859A6e159d1BcD3291Fe1 chain_id=42161
2026-04-05T14:34:57.676561Z  INFO ThreadId(16) pipeline{execution_id=e29d1508-6553-4189-a4fa-fca797ff6b76 chain_id=1 from_address=0x8b172F820629b14cEAF859A6e159d1BcD3291Fe1}: cortex::pipeline: Pipeline started elapsed_ms=0
2026-04-05T14:34:57.676563Z  INFO ThreadId(04) lobby::server::handler: transaction submission accepted execution_id=04fc3d69-2aa3-4c49-bf73-ac897e53b8ec from=0x2EAC739a1e05F4a05a5B8fD93D332c4353E5A7cD chain_id=1
2026-04-05T14:34:57.676570Z  INFO ThreadId(03) lobby::server::handler: transaction submission accepted execution_id=72b1e922-5080-4931-907c-9f40d14c1af8 from=0x2EAC739a1e05F4a05a5B8fD93D332c4353E5A7cD chain_id=137
2026-04-05T14:34:57.676594Z  INFO ThreadId(18) lobby::server::handler: transaction submission accepted execution_id=19c3f07a-70eb-4af7-bae7-30311e3d7077 from=0x8AfE43fF49EBd5c4B8Cd1497ee77b437dd1711fc chain_id=42161
2026-04-05T14:34:57.676597Z  INFO ThreadId(07) pipeline{execution_id=24e779c0-0030-4587-91cf-92b0ba54bd62 chain_id=137 from_address=0x8b172F820629b14cEAF859A6e159d1BcD3291Fe1}: cortex::pipeline: Pipeline started elapsed_ms=0
2026-04-05T14:34:57.676614Z  INFO ThreadId(06) pipeline{execution_id=b2c12086-fdba-41d9-9a2e-db6202b5fdbb chain_id=42161 from_address=0x8b172F820629b14cEAF859A6e159d1BcD3291Fe1}: cortex::pipeline: Pipeline started elapsed_ms=0
2026-04-05T14:34:57.676615Z  INFO ThreadId(08) lobby::server::handler: transaction submission accepted execution_id=9dd55a20-5909-43f8-8acb-7b259c059e99 from=0x8b172F820629b14cEAF859A6e159d1BcD3291Fe1 chain_id=137
2026-04-05T14:34:57.676622Z  INFO ThreadId(04) pipeline{execution_id=04fc3d69-2aa3-4c49-bf73-ac897e53b8ec chain_id=1 from_address=0x2EAC739a1e05F4a05a5B8fD93D332c4353E5A7cD}: cortex::pipeline: Pipeline started elapsed_ms=0
2026-04-05T14:34:57.676624Z  INFO ThreadId(14) lobby::server::handler: transaction submission accepted execution_id=8c309e3a-e3fd-453b-8498-3361a45c87c7 from=0x8AfE43fF49EBd5c4B8Cd1497ee77b437dd1711fc chain_id=42161
2026-04-05T14:34:57.676626Z  INFO ThreadId(03) pipeline{execution_id=72b1e922-5080-4931-907c-9f40d14c1af8 chain_id=137 from_address=0x2EAC739a1e05F4a05a5B8fD93D332c4353E5A7cD}: cortex::pipeline: Pipeline started elapsed_ms=0
2026-04-05T14:34:57.676648Z  INFO ThreadId(13) lobby::server::handler: transaction submission accepted execution_id=fd386471-42e0-4d2f-a06e-ab0c4dc94c49 from=0xCFA80F1f22b0AD533F7d8e2CcC0A783aa4BCaFF3 chain_id=42161
2026-04-05T14:34:57.676658Z  INFO ThreadId(15) lobby::server::handler: transaction submission accepted execution_id=7dab7d92-5827-4dc7-86a9-33b5435ab962 from=0xCFA80F1f22b0AD533F7d8e2CcC0A783aa4BCaFF3 chain_id=1
2026-04-05T14:34:57.676666Z  INFO ThreadId(18) pipeline{execution_id=19c3f07a-70eb-4af7-bae7-30311e3d7077 chain_id=42161 from_address=0x8AfE43fF49EBd5c4B8Cd1497ee77b437dd1711fc}: cortex::pipeline: Pipeline started elapsed_ms=0
2026-04-05T14:34:57.676678Z  INFO ThreadId(03) lobby::server::handler: transaction submission accepted execution_id=de9f7ad3-d56d-48ee-88f5-9ce28b6cc4df from=0xCFA80F1f22b0AD533F7d8e2CcC0A783aa4BCaFF3 chain_id=42161
2026-04-05T14:34:57.676689Z  INFO ThreadId(14) pipeline{execution_id=8c309e3a-e3fd-453b-8498-3361a45c87c7 chain_id=42161 from_address=0x8AfE43fF49EBd5c4B8Cd1497ee77b437dd1711fc}: cortex::pipeline: Pipeline started elapsed_ms=0
2026-04-05T14:34:57.676694Z  INFO ThreadId(08) pipeline{execution_id=9dd55a20-5909-43f8-8acb-7b259c059e99 chain_id=137 from_address=0x8b172F820629b14cEAF859A6e159d1BcD3291Fe1}: cortex::pipeline: Pipeline started elapsed_ms=0
2026-04-05T14:34:57.676697Z  INFO ThreadId(10) lobby::server::handler: transaction submission accepted execution_id=0550ec4c-11c0-49fd-8824-736a379b3a1f from=0x8AfE43fF49EBd5c4B8Cd1497ee77b437dd1711fc chain_id=1
2026-04-05T14:34:57.676700Z  INFO ThreadId(06) lobby::server::handler: transaction submission accepted execution_id=fd1f1c6a-bcfd-4399-bca3-8be947b65380 from=0x2EAC739a1e05F4a05a5B8fD93D332c4353E5A7cD chain_id=1
2026-04-05T14:34:57.676709Z  INFO ThreadId(13) pipeline{execution_id=fd386471-42e0-4d2f-a06e-ab0c4dc94c49 chain_id=42161 from_address=0xCFA80F1f22b0AD533F7d8e2CcC0A783aa4BCaFF3}: cortex::pipeline: Pipeline started elapsed_ms=0
2026-04-05T14:34:57.676729Z  INFO ThreadId(03) pipeline{execution_id=de9f7ad3-d56d-48ee-88f5-9ce28b6cc4df chain_id=42161 from_address=0xCFA80F1f22b0AD533F7d8e2CcC0A783aa4BCaFF3}: cortex::pipeline: Pipeline started elapsed_ms=0
2026-04-05T14:34:57.676740Z  INFO ThreadId(15) pipeline{execution_id=7dab7d92-5827-4dc7-86a9-33b5435ab962 chain_id=1 from_address=0xCFA80F1f22b0AD533F7d8e2CcC0A783aa4BCaFF3}: cortex::pipeline: Pipeline started elapsed_ms=0
2026-04-05T14:34:57.676763Z  INFO ThreadId(10) pipeline{execution_id=0550ec4c-11c0-49fd-8824-736a379b3a1f chain_id=1 from_address=0x8AfE43fF49EBd5c4B8Cd1497ee77b437dd1711fc}: cortex::pipeline: Pipeline started elapsed_ms=0
2026-04-05T14:34:57.676770Z  INFO ThreadId(06) pipeline{execution_id=fd1f1c6a-bcfd-4399-bca3-8be947b65380 chain_id=1 from_address=0x2EAC739a1e05F4a05a5B8fD93D332c4353E5A7cD}: cortex::pipeline: Pipeline started elapsed_ms=0
2026-04-05T14:34:57.676775Z  INFO ThreadId(14) lobby::server::handler: transaction submission accepted execution_id=64e59c5b-ca22-45c3-b8c9-b0b79cafe246 from=0xCFA80F1f22b0AD533F7d8e2CcC0A783aa4BCaFF3 chain_id=42161
2026-04-05T14:34:57.676802Z  INFO ThreadId(16) lobby::server::handler: transaction submission accepted execution_id=ee5aff92-89c0-478a-bafe-484ca75acda5 from=0xfea6645D31443cF7Cf96eF1dB7823EB9365f98bf chain_id=137
2026-04-05T14:34:57.676829Z  INFO ThreadId(06) lobby::server::handler: transaction submission accepted execution_id=86ef76c7-5358-4c1b-b27c-69d7c4ddb148 from=0x2EAC739a1e05F4a05a5B8fD93D332c4353E5A7cD chain_id=1
2026-04-05T14:34:57.676838Z  INFO ThreadId(14) pipeline{execution_id=64e59c5b-ca22-45c3-b8c9-b0b79cafe246 chain_id=42161 from_address=0xCFA80F1f22b0AD533F7d8e2CcC0A783aa4BCaFF3}: cortex::pipeline: Pipeline started elapsed_ms=0
2026-04-05T14:34:57.676840Z  INFO ThreadId(10) lobby::server::handler: transaction submission accepted execution_id=2a6a0394-a8db-434a-a7c4-3f1739a1169c from=0x8AfE43fF49EBd5c4B8Cd1497ee77b437dd1711fc chain_id=137
2026-04-05T14:34:57.676854Z  INFO ThreadId(05) pipeline{execution_id=4cb18162-fa97-4906-b8ff-51cc64ffc472 chain_id=137 from_address=0xfea6645D31443cF7Cf96eF1dB7823EB9365f98bf}: cortex::pipeline: Pipeline started elapsed_ms=0
2026-04-05T14:34:57.676857Z  INFO ThreadId(16) pipeline{execution_id=ee5aff92-89c0-478a-bafe-484ca75acda5 chain_id=137 from_address=0xfea6645D31443cF7Cf96eF1dB7823EB9365f98bf}: cortex::pipeline: Pipeline started elapsed_ms=0
2026-04-05T14:34:57.676866Z  INFO ThreadId(03) lobby::server::handler: transaction submission accepted execution_id=ac359539-b2f8-4756-833f-228bd401c8b9 from=0xfea6645D31443cF7Cf96eF1dB7823EB9365f98bf chain_id=137
2026-04-05T14:34:57.676866Z  INFO ThreadId(18) lobby::server::handler: transaction submission accepted execution_id=f688969c-2d73-4a16-b089-7be65cf9d3d6 from=0x8b172F820629b14cEAF859A6e159d1BcD3291Fe1 chain_id=1
2026-04-05T14:34:57.676871Z  INFO ThreadId(11) lobby::server::handler: transaction submission accepted execution_id=d6ad9453-156a-4132-a2f2-691ddbf75302 from=0x8AfE43fF49EBd5c4B8Cd1497ee77b437dd1711fc chain_id=42161
2026-04-05T14:34:57.676882Z  INFO ThreadId(09) lobby::server::handler: transaction submission accepted execution_id=6bc967bb-7376-44d6-b2f2-9b520cff1a27 from=0x8b172F820629b14cEAF859A6e159d1BcD3291Fe1 chain_id=42161
2026-04-05T14:34:57.676888Z  INFO ThreadId(06) pipeline{execution_id=86ef76c7-5358-4c1b-b27c-69d7c4ddb148 chain_id=1 from_address=0x2EAC739a1e05F4a05a5B8fD93D332c4353E5A7cD}: cortex::pipeline: Pipeline started elapsed_ms=0
2026-04-05T14:34:57.676903Z  INFO ThreadId(10) pipeline{execution_id=2a6a0394-a8db-434a-a7c4-3f1739a1169c chain_id=137 from_address=0x8AfE43fF49EBd5c4B8Cd1497ee77b437dd1711fc}: cortex::pipeline: Pipeline started elapsed_ms=0
2026-04-05T14:34:57.676903Z  INFO ThreadId(15) lobby::server::handler: transaction submission accepted execution_id=a9b75ab4-a36b-4408-890d-f871e52a9efb from=0x8b172F820629b14cEAF859A6e159d1BcD3291Fe1 chain_id=137
2026-04-05T14:34:57.676914Z  INFO ThreadId(03) pipeline{execution_id=ac359539-b2f8-4756-833f-228bd401c8b9 chain_id=137 from_address=0xfea6645D31443cF7Cf96eF1dB7823EB9365f98bf}: cortex::pipeline: Pipeline started elapsed_ms=0
2026-04-05T14:34:57.676916Z  INFO ThreadId(05) lobby::server::handler: transaction submission accepted execution_id=911bd503-b4d3-432f-8b40-620730c935fc from=0xCFA80F1f22b0AD533F7d8e2CcC0A783aa4BCaFF3 chain_id=1
2026-04-05T14:34:57.676916Z  INFO ThreadId(14) lobby::server::handler: transaction submission accepted execution_id=502cf952-3566-441e-8e45-462984535698 from=0xCFA80F1f22b0AD533F7d8e2CcC0A783aa4BCaFF3 chain_id=137
2026-04-05T14:34:57.676928Z  INFO ThreadId(16) lobby::server::handler: transaction submission accepted execution_id=252d7fcf-eb8c-4bf2-b40d-efad2f51bd07 from=0xfea6645D31443cF7Cf96eF1dB7823EB9365f98bf chain_id=1
2026-04-05T14:34:57.676937Z  INFO ThreadId(18) pipeline{execution_id=f688969c-2d73-4a16-b089-7be65cf9d3d6 chain_id=1 from_address=0x8b172F820629b14cEAF859A6e159d1BcD3291Fe1}: cortex::pipeline: Pipeline started elapsed_ms=0
2026-04-05T14:34:57.676952Z  INFO ThreadId(11) pipeline{execution_id=d6ad9453-156a-4132-a2f2-691ddbf75302 chain_id=42161 from_address=0x8AfE43fF49EBd5c4B8Cd1497ee77b437dd1711fc}: cortex::pipeline: Pipeline started elapsed_ms=0
2026-04-05T14:34:57.676958Z  INFO ThreadId(09) pipeline{execution_id=6bc967bb-7376-44d6-b2f2-9b520cff1a27 chain_id=42161 from_address=0x8b172F820629b14cEAF859A6e159d1BcD3291Fe1}: cortex::pipeline: Pipeline started elapsed_ms=0
2026-04-05T14:34:57.676959Z  INFO ThreadId(03) lobby::server::handler: transaction submission accepted execution_id=8c3f9e99-d8b4-449b-bcd0-48c9099de05d from=0xfea6645D31443cF7Cf96eF1dB7823EB9365f98bf chain_id=42161
2026-04-05T14:34:57.676959Z  INFO ThreadId(10) lobby::server::handler: transaction submission accepted execution_id=ca2faee7-13bc-4b89-9c8b-2d4069c0e430 from=0x8AfE43fF49EBd5c4B8Cd1497ee77b437dd1711fc chain_id=1
2026-04-05T14:34:57.676964Z  INFO ThreadId(05) pipeline{execution_id=911bd503-b4d3-432f-8b40-620730c935fc chain_id=1 from_address=0xCFA80F1f22b0AD533F7d8e2CcC0A783aa4BCaFF3}: cortex::pipeline: Pipeline started elapsed_ms=0
2026-04-05T14:34:57.676964Z  INFO ThreadId(15) pipeline{execution_id=a9b75ab4-a36b-4408-890d-f871e52a9efb chain_id=137 from_address=0x8b172F820629b14cEAF859A6e159d1BcD3291Fe1}: cortex::pipeline: Pipeline started elapsed_ms=0
2026-04-05T14:34:57.676976Z  INFO ThreadId(14) pipeline{execution_id=502cf952-3566-441e-8e45-462984535698 chain_id=137 from_address=0xCFA80F1f22b0AD533F7d8e2CcC0A783aa4BCaFF3}: cortex::pipeline: Pipeline started elapsed_ms=0
2026-04-05T14:34:57.676980Z  INFO ThreadId(18) lobby::server::handler: transaction submission accepted execution_id=e770c658-efd0-441d-bcbd-a8ef795e543f from=0xCFA80F1f22b0AD533F7d8e2CcC0A783aa4BCaFF3 chain_id=1
2026-04-05T14:34:57.676990Z  INFO ThreadId(16) pipeline{execution_id=252d7fcf-eb8c-4bf2-b40d-efad2f51bd07 chain_id=1 from_address=0xfea6645D31443cF7Cf96eF1dB7823EB9365f98bf}: cortex::pipeline: Pipeline started elapsed_ms=0
2026-04-05T14:34:57.676989Z  INFO ThreadId(04) lobby::server::handler: transaction submission accepted execution_id=09096b86-891d-42aa-b99a-bcb4db31ca64 from=0xCFA80F1f22b0AD533F7d8e2CcC0A783aa4BCaFF3 chain_id=137
2026-04-05T14:34:57.677029Z  INFO ThreadId(11) lobby::server::handler: transaction submission accepted execution_id=d318fe64-914e-4a32-8474-4c18c192d5de from=0xfea6645D31443cF7Cf96eF1dB7823EB9365f98bf chain_id=42161
2026-04-05T14:34:57.677040Z  INFO ThreadId(12) pipeline{execution_id=9476b498-6616-4629-b156-01ec674d8d03 chain_id=137 from_address=0x8b172F820629b14cEAF859A6e159d1BcD3291Fe1}: cortex::pipeline: Pipeline started elapsed_ms=0
2026-04-05T14:34:57.677051Z  INFO ThreadId(06) lobby::server::handler: transaction submission accepted execution_id=098a8f58-dee4-46fd-9e02-0dd75286a38c from=0x2EAC739a1e05F4a05a5B8fD93D332c4353E5A7cD chain_id=42161
2026-04-05T14:34:57.677055Z  INFO ThreadId(10) pipeline{execution_id=ca2faee7-13bc-4b89-9c8b-2d4069c0e430 chain_id=1 from_address=0x8AfE43fF49EBd5c4B8Cd1497ee77b437dd1711fc}: cortex::pipeline: Pipeline started elapsed_ms=0
2026-04-05T14:34:57.677087Z  INFO ThreadId(05) lobby::server::handler: transaction submission accepted execution_id=c2fec9d7-fd1a-4d88-9613-0b76e90ef21a from=0x8b172F820629b14cEAF859A6e159d1BcD3291Fe1 chain_id=137
2026-04-05T14:34:57.677093Z  INFO ThreadId(11) pipeline{execution_id=d318fe64-914e-4a32-8474-4c18c192d5de chain_id=42161 from_address=0xfea6645D31443cF7Cf96eF1dB7823EB9365f98bf}: cortex::pipeline: Pipeline started elapsed_ms=0
2026-04-05T14:34:57.677105Z  INFO ThreadId(06) pipeline{execution_id=098a8f58-dee4-46fd-9e02-0dd75286a38c chain_id=42161 from_address=0x2EAC739a1e05F4a05a5B8fD93D332c4353E5A7cD}: cortex::pipeline: Pipeline started elapsed_ms=0
2026-04-05T14:34:57.677115Z  INFO ThreadId(16) lobby::server::handler: transaction submission accepted execution_id=b3271309-f366-40cd-a77a-f3b34f31dfae from=0xfea6645D31443cF7Cf96eF1dB7823EB9365f98bf chain_id=42161
2026-04-05T14:34:57.677145Z  INFO ThreadId(05) pipeline{execution_id=c2fec9d7-fd1a-4d88-9613-0b76e90ef21a chain_id=137 from_address=0x8b172F820629b14cEAF859A6e159d1BcD3291Fe1}: cortex::pipeline: Pipeline started elapsed_ms=0
2026-04-05T14:34:57.677160Z  INFO ThreadId(12) lobby::server::handler: transaction submission accepted execution_id=4ac0e4a9-0fe0-40c4-b942-13d41a09e7c1 from=0x2EAC739a1e05F4a05a5B8fD93D332c4353E5A7cD chain_id=1
2026-04-05T14:34:57.677167Z  INFO ThreadId(07) lobby::server::handler: transaction submission accepted execution_id=d3cb766c-35e9-4e9a-8540-4eb5b94dded7 from=0x8b172F820629b14cEAF859A6e159d1BcD3291Fe1 chain_id=1
2026-04-05T14:34:57.677173Z  INFO ThreadId(03) pipeline{execution_id=8c3f9e99-d8b4-449b-bcd0-48c9099de05d chain_id=42161 from_address=0xfea6645D31443cF7Cf96eF1dB7823EB9365f98bf}: cortex::pipeline: Pipeline started elapsed_ms=0
2026-04-05T14:34:57.677176Z  INFO ThreadId(14) lobby::server::handler: transaction submission accepted execution_id=39bc186f-100f-4bdf-a6d0-783eda82aec2 from=0x8b172F820629b14cEAF859A6e159d1BcD3291Fe1 chain_id=1
2026-04-05T14:34:57.677182Z  INFO ThreadId(16) pipeline{execution_id=b3271309-f366-40cd-a77a-f3b34f31dfae chain_id=42161 from_address=0xfea6645D31443cF7Cf96eF1dB7823EB9365f98bf}: cortex::pipeline: Pipeline started elapsed_ms=0
2026-04-05T14:34:57.677193Z  INFO ThreadId(11) lobby::server::handler: transaction submission accepted execution_id=5f87f67c-7a22-49f2-a20d-bf7f15b2654b from=0x2EAC739a1e05F4a05a5B8fD93D332c4353E5A7cD chain_id=42161
2026-04-05T14:34:57.677193Z  INFO ThreadId(04) pipeline{execution_id=09096b86-891d-42aa-b99a-bcb4db31ca64 chain_id=137 from_address=0xCFA80F1f22b0AD533F7d8e2CcC0A783aa4BCaFF3}: cortex::pipeline: Pipeline started elapsed_ms=0
2026-04-05T14:34:57.677197Z  INFO ThreadId(15) lobby::server::handler: transaction submission accepted execution_id=e9436ca4-710e-4036-a7f9-11e219ea890c from=0xfea6645D31443cF7Cf96eF1dB7823EB9365f98bf chain_id=137
2026-04-05T14:34:57.677220Z  INFO ThreadId(09) lobby::server::handler: transaction submission accepted execution_id=778c9503-cd0e-4be3-8e6d-7cde683759b8 from=0xfea6645D31443cF7Cf96eF1dB7823EB9365f98bf chain_id=42161
2026-04-05T14:34:57.677232Z  INFO ThreadId(12) pipeline{execution_id=4ac0e4a9-0fe0-40c4-b942-13d41a09e7c1 chain_id=1 from_address=0x2EAC739a1e05F4a05a5B8fD93D332c4353E5A7cD}: cortex::pipeline: Pipeline started elapsed_ms=0
2026-04-05T14:34:57.677233Z  INFO ThreadId(07) pipeline{execution_id=d3cb766c-35e9-4e9a-8540-4eb5b94dded7 chain_id=1 from_address=0x8b172F820629b14cEAF859A6e159d1BcD3291Fe1}: cortex::pipeline: Pipeline started elapsed_ms=0
2026-04-05T14:34:57.677242Z  INFO ThreadId(11) pipeline{execution_id=5f87f67c-7a22-49f2-a20d-bf7f15b2654b chain_id=42161 from_address=0x2EAC739a1e05F4a05a5B8fD93D332c4353E5A7cD}: cortex::pipeline: Pipeline started elapsed_ms=0
2026-04-05T14:34:57.677241Z  INFO ThreadId(14) pipeline{execution_id=39bc186f-100f-4bdf-a6d0-783eda82aec2 chain_id=1 from_address=0x8b172F820629b14cEAF859A6e159d1BcD3291Fe1}: cortex::pipeline: Pipeline started elapsed_ms=0
2026-04-05T14:34:57.677241Z  INFO ThreadId(10) lobby::server::handler: transaction submission accepted execution_id=73d4e5e3-c667-4b00-afcb-7c216b0231f5 from=0xfea6645D31443cF7Cf96eF1dB7823EB9365f98bf chain_id=137
2026-04-05T14:34:57.677249Z  INFO ThreadId(03) lobby::server::handler: transaction submission accepted execution_id=025d7857-3cb5-4c45-8689-ac335ff35789 from=0x8AfE43fF49EBd5c4B8Cd1497ee77b437dd1711fc chain_id=137
2026-04-05T14:34:57.677255Z  INFO ThreadId(15) pipeline{execution_id=e9436ca4-710e-4036-a7f9-11e219ea890c chain_id=137 from_address=0xfea6645D31443cF7Cf96eF1dB7823EB9365f98bf}: cortex::pipeline: Pipeline started elapsed_ms=0
2026-04-05T14:34:57.677272Z  INFO ThreadId(13) lobby::server::handler: transaction submission accepted execution_id=4c656bd0-f6df-495b-99f5-5d4b6aa11fdb from=0x8b172F820629b14cEAF859A6e159d1BcD3291Fe1 chain_id=1
2026-04-05T14:34:57.677283Z  INFO ThreadId(11) lobby::server::handler: transaction submission accepted execution_id=091e59b4-d033-4346-81e9-77668e5cbfea from=0x8AfE43fF49EBd5c4B8Cd1497ee77b437dd1711fc chain_id=42161
2026-04-05T14:34:57.677289Z  INFO ThreadId(07) lobby::server::handler: transaction submission accepted execution_id=52a59a4c-3ff7-458c-b719-f004d32455ee from=0xfea6645D31443cF7Cf96eF1dB7823EB9365f98bf chain_id=137
2026-04-05T14:34:57.677337Z  INFO ThreadId(10) pipeline{execution_id=73d4e5e3-c667-4b00-afcb-7c216b0231f5 chain_id=137 from_address=0xfea6645D31443cF7Cf96eF1dB7823EB9365f98bf}: cortex::pipeline: Pipeline started elapsed_ms=0
2026-04-05T14:34:57.677343Z  INFO ThreadId(11) pipeline{execution_id=091e59b4-d033-4346-81e9-77668e5cbfea chain_id=42161 from_address=0x8AfE43fF49EBd5c4B8Cd1497ee77b437dd1711fc}: cortex::pipeline: Pipeline started elapsed_ms=0
2026-04-05T14:34:57.677348Z  INFO ThreadId(03) pipeline{execution_id=025d7857-3cb5-4c45-8689-ac335ff35789 chain_id=137 from_address=0x8AfE43fF49EBd5c4B8Cd1497ee77b437dd1711fc}: cortex::pipeline: Pipeline started elapsed_ms=0
2026-04-05T14:34:57.677363Z  INFO ThreadId(07) pipeline{execution_id=52a59a4c-3ff7-458c-b719-f004d32455ee chain_id=137 from_address=0xfea6645D31443cF7Cf96eF1dB7823EB9365f98bf}: cortex::pipeline: Pipeline started elapsed_ms=0
2026-04-05T14:34:57.677363Z  INFO ThreadId(15) lobby::server::handler: transaction submission accepted execution_id=8fd0967b-4ca9-42df-9ecb-9c17c8d596b3 from=0xfea6645D31443cF7Cf96eF1dB7823EB9365f98bf chain_id=137
2026-04-05T14:34:57.677398Z  INFO ThreadId(18) pipeline{execution_id=e770c658-efd0-441d-bcbd-a8ef795e543f chain_id=1 from_address=0xCFA80F1f22b0AD533F7d8e2CcC0A783aa4BCaFF3}: cortex::pipeline: Pipeline started elapsed_ms=0
2026-04-05T14:34:57.677417Z  INFO ThreadId(15) pipeline{execution_id=8fd0967b-4ca9-42df-9ecb-9c17c8d596b3 chain_id=137 from_address=0xfea6645D31443cF7Cf96eF1dB7823EB9365f98bf}: cortex::pipeline: Pipeline started elapsed_ms=0
2026-04-05T14:34:57.677427Z  INFO ThreadId(04) lobby::server::handler: transaction submission accepted execution_id=29f26dee-a773-437f-a08a-909bcee4a9fe from=0x2EAC739a1e05F4a05a5B8fD93D332c4353E5A7cD chain_id=137
2026-04-05T14:34:57.677462Z  INFO ThreadId(15) lobby::server::handler: transaction submission accepted execution_id=c57fae4a-400d-45c4-b381-dd7143e82a5a from=0x2EAC739a1e05F4a05a5B8fD93D332c4353E5A7cD chain_id=137
2026-04-05T14:34:57.677475Z  INFO ThreadId(14) lobby::server::handler: transaction submission accepted execution_id=1efabeb9-4809-4bab-b186-a750498c0046 from=0x8b172F820629b14cEAF859A6e159d1BcD3291Fe1 chain_id=42161
2026-04-05T14:34:57.677478Z  INFO ThreadId(04) pipeline{execution_id=29f26dee-a773-437f-a08a-909bcee4a9fe chain_id=137 from_address=0x2EAC739a1e05F4a05a5B8fD93D332c4353E5A7cD}: cortex::pipeline: Pipeline started elapsed_ms=0
2026-04-05T14:34:57.677495Z  INFO ThreadId(03) lobby::server::handler: transaction submission accepted execution_id=9ede1d89-07b0-4238-a147-9253ada82aa9 from=0x8AfE43fF49EBd5c4B8Cd1497ee77b437dd1711fc chain_id=137
2026-04-05T14:34:57.677508Z  INFO ThreadId(07) lobby::server::handler: transaction submission accepted execution_id=cd562bfc-078e-4b5f-a41f-abbc5e22f8ff from=0xfea6645D31443cF7Cf96eF1dB7823EB9365f98bf chain_id=42161
2026-04-05T14:34:57.677520Z  INFO ThreadId(15) pipeline{execution_id=c57fae4a-400d-45c4-b381-dd7143e82a5a chain_id=137 from_address=0x2EAC739a1e05F4a05a5B8fD93D332c4353E5A7cD}: cortex::pipeline: Pipeline started elapsed_ms=0
2026-04-05T14:34:57.677525Z  INFO ThreadId(04) lobby::server::handler: transaction submission accepted execution_id=c609ca17-061d-48bf-b9a7-b4edfb0ad793 from=0x2EAC739a1e05F4a05a5B8fD93D332c4353E5A7cD chain_id=1
2026-04-05T14:34:57.677535Z  INFO ThreadId(10) lobby::server::handler: transaction submission accepted execution_id=6ce280fa-125b-4f70-9381-5c233367294c from=0xCFA80F1f22b0AD533F7d8e2CcC0A783aa4BCaFF3 chain_id=137
2026-04-05T14:34:57.677540Z  INFO ThreadId(14) pipeline{execution_id=1efabeb9-4809-4bab-b186-a750498c0046 chain_id=42161 from_address=0x8b172F820629b14cEAF859A6e159d1BcD3291Fe1}: cortex::pipeline: Pipeline started elapsed_ms=0
2026-04-05T14:34:57.677556Z  INFO ThreadId(03) pipeline{execution_id=9ede1d89-07b0-4238-a147-9253ada82aa9 chain_id=137 from_address=0x8AfE43fF49EBd5c4B8Cd1497ee77b437dd1711fc}: cortex::pipeline: Pipeline started elapsed_ms=0
2026-04-05T14:34:57.677571Z  INFO ThreadId(07) pipeline{execution_id=cd562bfc-078e-4b5f-a41f-abbc5e22f8ff chain_id=42161 from_address=0xfea6645D31443cF7Cf96eF1dB7823EB9365f98bf}: cortex::pipeline: Pipeline started elapsed_ms=0
2026-04-05T14:34:57.677582Z  INFO ThreadId(04) pipeline{execution_id=c609ca17-061d-48bf-b9a7-b4edfb0ad793 chain_id=1 from_address=0x2EAC739a1e05F4a05a5B8fD93D332c4353E5A7cD}: cortex::pipeline: Pipeline started elapsed_ms=0
2026-04-05T14:34:57.677591Z  INFO ThreadId(05) lobby::server::handler: transaction submission accepted execution_id=c76d8410-a9a5-4a25-9c77-f0d224809b3f from=0x8AfE43fF49EBd5c4B8Cd1497ee77b437dd1711fc chain_id=1
2026-04-05T14:34:57.677593Z  INFO ThreadId(10) pipeline{execution_id=6ce280fa-125b-4f70-9381-5c233367294c chain_id=137 from_address=0xCFA80F1f22b0AD533F7d8e2CcC0A783aa4BCaFF3}: cortex::pipeline: Pipeline started elapsed_ms=0
2026-04-05T14:34:57.677636Z  INFO ThreadId(07) lobby::server::handler: transaction submission accepted execution_id=d4930676-4169-4732-9fbf-05a1cb959b3a from=0x8AfE43fF49EBd5c4B8Cd1497ee77b437dd1711fc chain_id=137
2026-04-05T14:34:57.677670Z  INFO ThreadId(14) lobby::server::handler: transaction submission accepted execution_id=500e6f08-dc41-44f3-8f07-e18bbb0392f8 from=0x8b172F820629b14cEAF859A6e159d1BcD3291Fe1 chain_id=137
2026-04-05T14:34:57.677684Z  INFO ThreadId(15) lobby::server::handler: transaction submission accepted execution_id=8e6fad68-ea5e-4228-83f1-fdd36f00fb01 from=0xCFA80F1f22b0AD533F7d8e2CcC0A783aa4BCaFF3 chain_id=137
2026-04-05T14:34:57.677696Z  INFO ThreadId(04) lobby::server::handler: transaction submission accepted execution_id=17219a99-ebfc-480c-853d-217fe7740c71 from=0xfea6645D31443cF7Cf96eF1dB7823EB9365f98bf chain_id=1
2026-04-05T14:34:57.677707Z  INFO ThreadId(11) lobby::server::handler: transaction submission accepted execution_id=49c3252e-e91b-4173-91b8-fb60e10c719d from=0x8b172F820629b14cEAF859A6e159d1BcD3291Fe1 chain_id=1
2026-04-05T14:34:57.677723Z  INFO ThreadId(14) pipeline{execution_id=500e6f08-dc41-44f3-8f07-e18bbb0392f8 chain_id=137 from_address=0x8b172F820629b14cEAF859A6e159d1BcD3291Fe1}: cortex::pipeline: Pipeline started elapsed_ms=0
2026-04-05T14:34:57.677723Z  INFO ThreadId(05) pipeline{execution_id=c76d8410-a9a5-4a25-9c77-f0d224809b3f chain_id=1 from_address=0x8AfE43fF49EBd5c4B8Cd1497ee77b437dd1711fc}: cortex::pipeline: Pipeline started elapsed_ms=0
2026-04-05T14:34:57.677724Z  INFO ThreadId(10) lobby::server::handler: transaction submission accepted execution_id=8ec1a75f-5d8e-4c5b-95af-e4f85b570853 from=0x8b172F820629b14cEAF859A6e159d1BcD3291Fe1 chain_id=42161
2026-04-05T14:34:57.677736Z  INFO ThreadId(07) pipeline{execution_id=d4930676-4169-4732-9fbf-05a1cb959b3a chain_id=137 from_address=0x8AfE43fF49EBd5c4B8Cd1497ee77b437dd1711fc}: cortex::pipeline: Pipeline started elapsed_ms=0
2026-04-05T14:34:57.677755Z  INFO ThreadId(04) pipeline{execution_id=17219a99-ebfc-480c-853d-217fe7740c71 chain_id=1 from_address=0xfea6645D31443cF7Cf96eF1dB7823EB9365f98bf}: cortex::pipeline: Pipeline started elapsed_ms=0
2026-04-05T14:34:57.677756Z  INFO ThreadId(11) pipeline{execution_id=49c3252e-e91b-4173-91b8-fb60e10c719d chain_id=1 from_address=0x8b172F820629b14cEAF859A6e159d1BcD3291Fe1}: cortex::pipeline: Pipeline started elapsed_ms=0
2026-04-05T14:34:57.677767Z  INFO ThreadId(15) pipeline{execution_id=8e6fad68-ea5e-4228-83f1-fdd36f00fb01 chain_id=137 from_address=0xCFA80F1f22b0AD533F7d8e2CcC0A783aa4BCaFF3}: cortex::pipeline: Pipeline started elapsed_ms=0
2026-04-05T14:34:57.677796Z  INFO ThreadId(10) pipeline{execution_id=8ec1a75f-5d8e-4c5b-95af-e4f85b570853 chain_id=42161 from_address=0x8b172F820629b14cEAF859A6e159d1BcD3291Fe1}: cortex::pipeline: Pipeline started elapsed_ms=0
2026-04-05T14:34:57.677799Z  INFO ThreadId(04) lobby::server::handler: transaction submission accepted execution_id=861bc838-3d78-4363-9cde-e6eeaa9dd255 from=0x8b172F820629b14cEAF859A6e159d1BcD3291Fe1 chain_id=1
2026-04-05T14:34:57.677801Z  INFO ThreadId(13) pipeline{execution_id=4c656bd0-f6df-495b-99f5-5d4b6aa11fdb chain_id=1 from_address=0x8b172F820629b14cEAF859A6e159d1BcD3291Fe1}: cortex::pipeline: Pipeline started elapsed_ms=0
2026-04-05T14:34:57.677818Z  INFO ThreadId(09) pipeline{execution_id=778c9503-cd0e-4be3-8e6d-7cde683759b8 chain_id=42161 from_address=0xfea6645D31443cF7Cf96eF1dB7823EB9365f98bf}: cortex::pipeline: Pipeline started elapsed_ms=0
2026-04-05T14:34:57.677819Z  INFO ThreadId(12) lobby::server::handler: transaction submission accepted execution_id=ecfbd8a9-3144-4728-84c6-1ccf240d180f from=0xCFA80F1f22b0AD533F7d8e2CcC0A783aa4BCaFF3 chain_id=42161
2026-04-05T14:34:57.677832Z  INFO ThreadId(08) lobby::server::handler: transaction submission accepted execution_id=c5fdfdbc-1e78-4177-acfc-b7bd47a5e977 from=0xfea6645D31443cF7Cf96eF1dB7823EB9365f98bf chain_id=42161
2026-04-05T14:34:57.677845Z  INFO ThreadId(18) lobby::server::handler: transaction submission accepted execution_id=58e645c8-7b2c-427d-9745-ba401135d004 from=0x8AfE43fF49EBd5c4B8Cd1497ee77b437dd1711fc chain_id=42161
2026-04-05T14:34:57.677861Z  INFO ThreadId(11) lobby::server::handler: transaction submission accepted execution_id=3eaf9209-4dee-4a0a-9bda-289643d336a7 from=0xCFA80F1f22b0AD533F7d8e2CcC0A783aa4BCaFF3 chain_id=137
2026-04-05T14:34:57.677875Z  INFO ThreadId(09) lobby::server::handler: transaction submission accepted execution_id=2b2ba8e3-9a20-4ef6-a456-49129f133c03 from=0x2EAC739a1e05F4a05a5B8fD93D332c4353E5A7cD chain_id=137
2026-04-05T14:34:57.677894Z  INFO ThreadId(12) pipeline{execution_id=ecfbd8a9-3144-4728-84c6-1ccf240d180f chain_id=42161 from_address=0xCFA80F1f22b0AD533F7d8e2CcC0A783aa4BCaFF3}: cortex::pipeline: Pipeline started elapsed_ms=0
2026-04-05T14:34:57.677905Z  INFO ThreadId(06) lobby::server::handler: transaction submission accepted execution_id=1a1dbb00-32fb-4ea2-9b04-1c959e77ea01 from=0x8AfE43fF49EBd5c4B8Cd1497ee77b437dd1711fc chain_id=42161
2026-04-05T14:34:57.677909Z  INFO ThreadId(08) pipeline{execution_id=c5fdfdbc-1e78-4177-acfc-b7bd47a5e977 chain_id=42161 from_address=0xfea6645D31443cF7Cf96eF1dB7823EB9365f98bf}: cortex::pipeline: Pipeline started elapsed_ms=0
2026-04-05T14:34:57.677929Z  INFO ThreadId(04) pipeline{execution_id=861bc838-3d78-4363-9cde-e6eeaa9dd255 chain_id=1 from_address=0x8b172F820629b14cEAF859A6e159d1BcD3291Fe1}: cortex::pipeline: Pipeline started elapsed_ms=0
2026-04-05T14:34:57.677941Z  INFO ThreadId(11) pipeline{execution_id=3eaf9209-4dee-4a0a-9bda-289643d336a7 chain_id=137 from_address=0xCFA80F1f22b0AD533F7d8e2CcC0A783aa4BCaFF3}: cortex::pipeline: Pipeline started elapsed_ms=0
2026-04-05T14:34:57.677946Z  INFO ThreadId(09) pipeline{execution_id=2b2ba8e3-9a20-4ef6-a456-49129f133c03 chain_id=137 from_address=0x2EAC739a1e05F4a05a5B8fD93D332c4353E5A7cD}: cortex::pipeline: Pipeline started elapsed_ms=0
2026-04-05T14:34:57.677968Z  INFO ThreadId(06) pipeline{execution_id=1a1dbb00-32fb-4ea2-9b04-1c959e77ea01 chain_id=42161 from_address=0x8AfE43fF49EBd5c4B8Cd1497ee77b437dd1711fc}: cortex::pipeline: Pipeline started elapsed_ms=0
2026-04-05T14:34:57.677980Z  INFO ThreadId(08) lobby::server::handler: transaction submission accepted execution_id=1711ddff-6e12-47ef-8aa0-791fc98a7869 from=0xCFA80F1f22b0AD533F7d8e2CcC0A783aa4BCaFF3 chain_id=137
2026-04-05T14:34:57.678000Z  INFO ThreadId(03) lobby::server::handler: transaction submission accepted execution_id=dcf71d2d-cef5-4b18-8630-01b770ffb626 from=0x8b172F820629b14cEAF859A6e159d1BcD3291Fe1 chain_id=1
2026-04-05T14:34:57.678003Z  INFO ThreadId(12) lobby::server::handler: transaction submission accepted execution_id=20aaf8c0-3118-484f-a409-490002945d65 from=0xfea6645D31443cF7Cf96eF1dB7823EB9365f98bf chain_id=137
2026-04-05T14:34:57.678018Z  INFO ThreadId(04) lobby::server::handler: transaction submission accepted execution_id=7e175645-ddfa-4b3d-a6ba-fbae9686b8ad from=0x2EAC739a1e05F4a05a5B8fD93D332c4353E5A7cD chain_id=1
2026-04-05T14:34:57.678033Z  INFO ThreadId(08) pipeline{execution_id=1711ddff-6e12-47ef-8aa0-791fc98a7869 chain_id=137 from_address=0xCFA80F1f22b0AD533F7d8e2CcC0A783aa4BCaFF3}: cortex::pipeline: Pipeline started elapsed_ms=0
2026-04-05T14:34:57.678050Z  INFO ThreadId(11) lobby::server::handler: transaction submission accepted execution_id=a352e8ff-87c7-400f-9143-1db6fb82d2c3 from=0xfea6645D31443cF7Cf96eF1dB7823EB9365f98bf chain_id=137
2026-04-05T14:34:57.678058Z  INFO ThreadId(12) pipeline{execution_id=20aaf8c0-3118-484f-a409-490002945d65 chain_id=137 from_address=0xfea6645D31443cF7Cf96eF1dB7823EB9365f98bf}: cortex::pipeline: Pipeline started elapsed_ms=0
2026-04-05T14:34:57.678071Z  INFO ThreadId(16) lobby::server::handler: transaction submission accepted execution_id=ed59899f-93ee-431e-91ad-d842d8ef1147 from=0x2EAC739a1e05F4a05a5B8fD93D332c4353E5A7cD chain_id=42161
2026-04-05T14:34:57.678077Z  INFO ThreadId(03) pipeline{execution_id=dcf71d2d-cef5-4b18-8630-01b770ffb626 chain_id=1 from_address=0x8b172F820629b14cEAF859A6e159d1BcD3291Fe1}: cortex::pipeline: Pipeline started elapsed_ms=0
2026-04-05T14:34:57.678098Z  INFO ThreadId(04) pipeline{execution_id=7e175645-ddfa-4b3d-a6ba-fbae9686b8ad chain_id=1 from_address=0x2EAC739a1e05F4a05a5B8fD93D332c4353E5A7cD}: cortex::pipeline: Pipeline started elapsed_ms=0
2026-04-05T14:34:57.678098Z  INFO ThreadId(06) lobby::server::handler: transaction submission accepted execution_id=d3458d64-6760-4c68-9960-1640f11905a4 from=0x2EAC739a1e05F4a05a5B8fD93D332c4353E5A7cD chain_id=1
2026-04-05T14:34:57.678098Z  INFO ThreadId(14) lobby::server::handler: transaction submission accepted execution_id=fdac0e28-0133-4bbe-bd4c-2fc91e88faf7 from=0x8AfE43fF49EBd5c4B8Cd1497ee77b437dd1711fc chain_id=1
2026-04-05T14:34:57.678108Z  INFO ThreadId(11) pipeline{execution_id=a352e8ff-87c7-400f-9143-1db6fb82d2c3 chain_id=137 from_address=0xfea6645D31443cF7Cf96eF1dB7823EB9365f98bf}: cortex::pipeline: Pipeline started elapsed_ms=0
2026-04-05T14:34:57.678108Z  INFO ThreadId(09) lobby::server::handler: transaction submission accepted execution_id=4b5a0251-9184-446f-ba78-6bcb6ab53463 from=0x8AfE43fF49EBd5c4B8Cd1497ee77b437dd1711fc chain_id=137
2026-04-05T14:34:57.678131Z  INFO ThreadId(16) pipeline{execution_id=ed59899f-93ee-431e-91ad-d842d8ef1147 chain_id=42161 from_address=0x2EAC739a1e05F4a05a5B8fD93D332c4353E5A7cD}: cortex::pipeline: Pipeline started elapsed_ms=0
2026-04-05T14:34:57.678142Z  INFO ThreadId(03) lobby::server::handler: transaction submission accepted execution_id=3ab5eb21-dc61-4425-8328-b84341a10630 from=0x2EAC739a1e05F4a05a5B8fD93D332c4353E5A7cD chain_id=42161
2026-04-05T14:34:57.678151Z  INFO ThreadId(08) lobby::server::handler: transaction submission accepted execution_id=7adcd22a-5a6f-4b92-a146-3b38b60dd6fd from=0x2EAC739a1e05F4a05a5B8fD93D332c4353E5A7cD chain_id=42161
2026-04-05T14:34:57.678167Z  INFO ThreadId(14) pipeline{execution_id=fdac0e28-0133-4bbe-bd4c-2fc91e88faf7 chain_id=1 from_address=0x8AfE43fF49EBd5c4B8Cd1497ee77b437dd1711fc}: cortex::pipeline: Pipeline started elapsed_ms=0
2026-04-05T14:34:57.678171Z  INFO ThreadId(06) pipeline{execution_id=d3458d64-6760-4c68-9960-1640f11905a4 chain_id=1 from_address=0x2EAC739a1e05F4a05a5B8fD93D332c4353E5A7cD}: cortex::pipeline: Pipeline started elapsed_ms=0
2026-04-05T14:34:57.678175Z  INFO ThreadId(04) lobby::server::handler: transaction submission accepted execution_id=54d9bc9f-31ae-4e18-9b16-01aa676b13ae from=0x2EAC739a1e05F4a05a5B8fD93D332c4353E5A7cD chain_id=42161
2026-04-05T14:34:57.678181Z  INFO ThreadId(09) pipeline{execution_id=4b5a0251-9184-446f-ba78-6bcb6ab53463 chain_id=137 from_address=0x8AfE43fF49EBd5c4B8Cd1497ee77b437dd1711fc}: cortex::pipeline: Pipeline started elapsed_ms=0
2026-04-05T14:34:57.678188Z  INFO ThreadId(07) lobby::server::handler: transaction submission accepted execution_id=799ee5cd-a2ef-458b-9685-80f716836f23 from=0xCFA80F1f22b0AD533F7d8e2CcC0A783aa4BCaFF3 chain_id=137
2026-04-05T14:34:57.678200Z  INFO ThreadId(03) pipeline{execution_id=3ab5eb21-dc61-4425-8328-b84341a10630 chain_id=42161 from_address=0x2EAC739a1e05F4a05a5B8fD93D332c4353E5A7cD}: cortex::pipeline: Pipeline started elapsed_ms=0
2026-04-05T14:34:57.678207Z  INFO ThreadId(16) lobby::server::handler: transaction submission accepted execution_id=d1ad20eb-9ef2-4c5f-8097-d12b7086e671 from=0x8AfE43fF49EBd5c4B8Cd1497ee77b437dd1711fc chain_id=42161
2026-04-05T14:34:57.678219Z  INFO ThreadId(08) pipeline{execution_id=7adcd22a-5a6f-4b92-a146-3b38b60dd6fd chain_id=42161 from_address=0x2EAC739a1e05F4a05a5B8fD93D332c4353E5A7cD}: cortex::pipeline: Pipeline started elapsed_ms=0
2026-04-05T14:34:57.678231Z  INFO ThreadId(06) lobby::server::handler: transaction submission accepted execution_id=3aecead3-3c53-40ea-8b00-393f0d8c3be8 from=0x8b172F820629b14cEAF859A6e159d1BcD3291Fe1 chain_id=42161
2026-04-05T14:34:57.678237Z  INFO ThreadId(04) pipeline{execution_id=54d9bc9f-31ae-4e18-9b16-01aa676b13ae chain_id=42161 from_address=0x2EAC739a1e05F4a05a5B8fD93D332c4353E5A7cD}: cortex::pipeline: Pipeline started elapsed_ms=0
2026-04-05T14:34:57.678238Z  INFO ThreadId(09) lobby::server::handler: transaction submission accepted execution_id=0946602b-83e7-4238-a1f1-271b0a61b639 from=0x8AfE43fF49EBd5c4B8Cd1497ee77b437dd1711fc chain_id=1
2026-04-05T14:34:57.678238Z  INFO ThreadId(14) lobby::server::handler: transaction submission accepted execution_id=cffb3bd1-27b1-45a4-93ea-ebccd40aacf4 from=0x8AfE43fF49EBd5c4B8Cd1497ee77b437dd1711fc chain_id=137
2026-04-05T14:34:57.678243Z  INFO ThreadId(07) pipeline{execution_id=799ee5cd-a2ef-458b-9685-80f716836f23 chain_id=137 from_address=0xCFA80F1f22b0AD533F7d8e2CcC0A783aa4BCaFF3}: cortex::pipeline: Pipeline started elapsed_ms=0
2026-04-05T14:34:57.678260Z  INFO ThreadId(08) lobby::server::handler: transaction submission accepted execution_id=fb39accb-1843-4dd0-8fb9-bba17d7cdd72 from=0x2EAC739a1e05F4a05a5B8fD93D332c4353E5A7cD chain_id=42161
2026-04-05T14:34:57.678259Z  INFO ThreadId(03) lobby::server::handler: transaction submission accepted execution_id=1930b73f-c185-41cf-817e-c18ceed3690e from=0x8AfE43fF49EBd5c4B8Cd1497ee77b437dd1711fc chain_id=42161
2026-04-05T14:34:57.678269Z  INFO ThreadId(16) pipeline{execution_id=d1ad20eb-9ef2-4c5f-8097-d12b7086e671 chain_id=42161 from_address=0x8AfE43fF49EBd5c4B8Cd1497ee77b437dd1711fc}: cortex::pipeline: Pipeline started elapsed_ms=0
2026-04-05T14:34:57.678267Z  INFO ThreadId(12) lobby::server::handler: transaction submission accepted execution_id=5f5aa1ed-d85f-4533-88eb-270b218239c9 from=0xfea6645D31443cF7Cf96eF1dB7823EB9365f98bf chain_id=42161
2026-04-05T14:34:57.678281Z  INFO ThreadId(06) pipeline{execution_id=3aecead3-3c53-40ea-8b00-393f0d8c3be8 chain_id=42161 from_address=0x8b172F820629b14cEAF859A6e159d1BcD3291Fe1}: cortex::pipeline: Pipeline started elapsed_ms=0
2026-04-05T14:34:57.677799Z  INFO ThreadId(15) lobby::server::handler: transaction submission accepted execution_id=809fd1f1-9bb7-4514-8cd8-ab202ed6e264 from=0x8b172F820629b14cEAF859A6e159d1BcD3291Fe1 chain_id=42161
2026-04-05T14:34:57.678299Z  INFO ThreadId(04) lobby::server::handler: transaction submission accepted execution_id=9d097808-1582-4642-a38b-6e028901b177 from=0x2EAC739a1e05F4a05a5B8fD93D332c4353E5A7cD chain_id=1
2026-04-05T14:34:57.678301Z  INFO ThreadId(09) pipeline{execution_id=0946602b-83e7-4238-a1f1-271b0a61b639 chain_id=1 from_address=0x8AfE43fF49EBd5c4B8Cd1497ee77b437dd1711fc}: cortex::pipeline: Pipeline started elapsed_ms=0
2026-04-05T14:34:57.678321Z  INFO ThreadId(08) pipeline{execution_id=fb39accb-1843-4dd0-8fb9-bba17d7cdd72 chain_id=42161 from_address=0x2EAC739a1e05F4a05a5B8fD93D332c4353E5A7cD}: cortex::pipeline: Pipeline started elapsed_ms=0
2026-04-05T14:34:57.678320Z  INFO ThreadId(14) pipeline{execution_id=cffb3bd1-27b1-45a4-93ea-ebccd40aacf4 chain_id=137 from_address=0x8AfE43fF49EBd5c4B8Cd1497ee77b437dd1711fc}: cortex::pipeline: Pipeline started elapsed_ms=0
2026-04-05T14:34:57.678344Z  INFO ThreadId(16) lobby::server::handler: transaction submission accepted execution_id=bb56be3e-85f3-4c90-a222-3547e46c1093 from=0x8b172F820629b14cEAF859A6e159d1BcD3291Fe1 chain_id=137
2026-04-05T14:34:57.678366Z  INFO ThreadId(15) pipeline{execution_id=809fd1f1-9bb7-4514-8cd8-ab202ed6e264 chain_id=42161 from_address=0x8b172F820629b14cEAF859A6e159d1BcD3291Fe1}: cortex::pipeline: Pipeline started elapsed_ms=0
2026-04-05T14:34:57.678374Z  INFO ThreadId(04) pipeline{execution_id=9d097808-1582-4642-a38b-6e028901b177 chain_id=1 from_address=0x2EAC739a1e05F4a05a5B8fD93D332c4353E5A7cD}: cortex::pipeline: Pipeline started elapsed_ms=0
2026-04-05T14:34:57.678374Z  INFO ThreadId(12) pipeline{execution_id=5f5aa1ed-d85f-4533-88eb-270b218239c9 chain_id=42161 from_address=0xfea6645D31443cF7Cf96eF1dB7823EB9365f98bf}: cortex::pipeline: Pipeline started elapsed_ms=0
2026-04-05T14:34:57.678383Z  INFO ThreadId(03) pipeline{execution_id=1930b73f-c185-41cf-817e-c18ceed3690e chain_id=42161 from_address=0x8AfE43fF49EBd5c4B8Cd1497ee77b437dd1711fc}: cortex::pipeline: Pipeline started elapsed_ms=0
2026-04-05T14:34:57.678397Z  INFO ThreadId(17) lobby::server::handler: transaction submission accepted execution_id=445bc0e0-e37a-4762-9c6a-a09438abc1e1 from=0x8b172F820629b14cEAF859A6e159d1BcD3291Fe1 chain_id=137
2026-04-05T14:34:57.678399Z  INFO ThreadId(14) lobby::server::handler: transaction submission accepted execution_id=3156bbae-6f1e-4c9e-933f-9e73dbf2428e from=0x2EAC739a1e05F4a05a5B8fD93D332c4353E5A7cD chain_id=137
2026-04-05T14:34:57.678406Z  INFO ThreadId(08) lobby::server::handler: transaction submission accepted execution_id=feb859bb-6dc2-43c0-ad37-7ba41ace2bb9 from=0x2EAC739a1e05F4a05a5B8fD93D332c4353E5A7cD chain_id=1
2026-04-05T14:34:57.678414Z  INFO ThreadId(16) pipeline{execution_id=bb56be3e-85f3-4c90-a222-3547e46c1093 chain_id=137 from_address=0x8b172F820629b14cEAF859A6e159d1BcD3291Fe1}: cortex::pipeline: Pipeline started elapsed_ms=0
2026-04-05T14:34:57.678424Z  INFO ThreadId(12) lobby::server::handler: transaction submission accepted execution_id=47ff4f10-a011-4c66-9da1-db9487af0615 from=0x8b172F820629b14cEAF859A6e159d1BcD3291Fe1 chain_id=42161
2026-04-05T14:34:57.677917Z  INFO ThreadId(18) pipeline{execution_id=58e645c8-7b2c-427d-9745-ba401135d004 chain_id=42161 from_address=0x8AfE43fF49EBd5c4B8Cd1497ee77b437dd1711fc}: cortex::pipeline: Pipeline started elapsed_ms=0
2026-04-05T14:34:57.678451Z  INFO ThreadId(15) lobby::server::handler: transaction submission accepted execution_id=abb90605-627f-41d1-8366-ed837821f171 from=0x2EAC739a1e05F4a05a5B8fD93D332c4353E5A7cD chain_id=137
2026-04-05T14:34:57.678451Z  INFO ThreadId(04) lobby::server::handler: transaction submission accepted execution_id=7137d954-8fcb-4f39-ad87-17c57b306cb2 from=0xCFA80F1f22b0AD533F7d8e2CcC0A783aa4BCaFF3 chain_id=137
2026-04-05T14:34:57.678468Z  INFO ThreadId(05) lobby::server::handler: transaction submission accepted execution_id=12e6372f-c384-4a7a-8957-682066654218 from=0x2EAC739a1e05F4a05a5B8fD93D332c4353E5A7cD chain_id=42161
2026-04-05T14:34:57.678474Z  INFO ThreadId(14) pipeline{execution_id=3156bbae-6f1e-4c9e-933f-9e73dbf2428e chain_id=137 from_address=0x2EAC739a1e05F4a05a5B8fD93D332c4353E5A7cD}: cortex::pipeline: Pipeline started elapsed_ms=0
2026-04-05T14:34:57.678474Z  INFO ThreadId(03) lobby::server::handler: transaction submission accepted execution_id=159e3ff1-4b57-4ba1-a46a-c7469ad4e998 from=0xfea6645D31443cF7Cf96eF1dB7823EB9365f98bf chain_id=42161
2026-04-05T14:34:57.678477Z  INFO ThreadId(08) pipeline{execution_id=feb859bb-6dc2-43c0-ad37-7ba41ace2bb9 chain_id=1 from_address=0x2EAC739a1e05F4a05a5B8fD93D332c4353E5A7cD}: cortex::pipeline: Pipeline started elapsed_ms=0
2026-04-05T14:34:57.678478Z  INFO ThreadId(12) pipeline{execution_id=47ff4f10-a011-4c66-9da1-db9487af0615 chain_id=42161 from_address=0x8b172F820629b14cEAF859A6e159d1BcD3291Fe1}: cortex::pipeline: Pipeline started elapsed_ms=0
2026-04-05T14:34:57.678478Z  INFO ThreadId(18) lobby::server::handler: transaction submission accepted execution_id=ff41b467-f9cd-4ffc-82f1-509e0bdf64cd from=0xCFA80F1f22b0AD533F7d8e2CcC0A783aa4BCaFF3 chain_id=137
2026-04-05T14:34:57.678483Z  INFO ThreadId(13) lobby::server::handler: transaction submission accepted execution_id=7a69601f-a5c7-4cdb-b692-504a895817a0 from=0xCFA80F1f22b0AD533F7d8e2CcC0A783aa4BCaFF3 chain_id=1
2026-04-05T14:34:57.678485Z  INFO ThreadId(07) lobby::server::handler: transaction submission accepted execution_id=3e400ff6-a5ba-41f1-9689-8994e2a0a3e0 from=0xCFA80F1f22b0AD533F7d8e2CcC0A783aa4BCaFF3 chain_id=1
2026-04-05T14:34:57.678488Z  INFO ThreadId(17) pipeline{execution_id=445bc0e0-e37a-4762-9c6a-a09438abc1e1 chain_id=137 from_address=0x8b172F820629b14cEAF859A6e159d1BcD3291Fe1}: cortex::pipeline: Pipeline started elapsed_ms=0
2026-04-05T14:34:57.678519Z  INFO ThreadId(15) pipeline{execution_id=abb90605-627f-41d1-8366-ed837821f171 chain_id=137 from_address=0x2EAC739a1e05F4a05a5B8fD93D332c4353E5A7cD}: cortex::pipeline: Pipeline started elapsed_ms=0
2026-04-05T14:34:57.678525Z  INFO ThreadId(09) lobby::server::handler: transaction submission accepted execution_id=3e327108-ec82-4478-8794-26f46bdefc22 from=0xfea6645D31443cF7Cf96eF1dB7823EB9365f98bf chain_id=1
2026-04-05T14:34:57.678532Z  INFO ThreadId(05) pipeline{execution_id=12e6372f-c384-4a7a-8957-682066654218 chain_id=42161 from_address=0x2EAC739a1e05F4a05a5B8fD93D332c4353E5A7cD}: cortex::pipeline: Pipeline started elapsed_ms=0
2026-04-05T14:34:57.678536Z  INFO ThreadId(04) pipeline{execution_id=7137d954-8fcb-4f39-ad87-17c57b306cb2 chain_id=137 from_address=0xCFA80F1f22b0AD533F7d8e2CcC0A783aa4BCaFF3}: cortex::pipeline: Pipeline started elapsed_ms=0
2026-04-05T14:34:57.678556Z  INFO ThreadId(14) lobby::server::handler: transaction submission accepted execution_id=0f1d18c6-b624-4d2b-b97c-da4a0a2ca03f from=0x8b172F820629b14cEAF859A6e159d1BcD3291Fe1 chain_id=1
2026-04-05T14:34:57.678617Z  INFO ThreadId(03) pipeline{execution_id=159e3ff1-4b57-4ba1-a46a-c7469ad4e998 chain_id=42161 from_address=0xfea6645D31443cF7Cf96eF1dB7823EB9365f98bf}: cortex::pipeline: Pipeline started elapsed_ms=0
2026-04-05T14:34:57.678618Z  INFO ThreadId(08) lobby::server::handler: transaction submission accepted execution_id=2fb79264-99bb-402d-acaf-022d8ffed209 from=0xfea6645D31443cF7Cf96eF1dB7823EB9365f98bf chain_id=42161
2026-04-05T14:34:57.678621Z  INFO ThreadId(18) pipeline{execution_id=ff41b467-f9cd-4ffc-82f1-509e0bdf64cd chain_id=137 from_address=0xCFA80F1f22b0AD533F7d8e2CcC0A783aa4BCaFF3}: cortex::pipeline: Pipeline started elapsed_ms=0
2026-04-05T14:34:57.678621Z  INFO ThreadId(14) pipeline{execution_id=0f1d18c6-b624-4d2b-b97c-da4a0a2ca03f chain_id=1 from_address=0x8b172F820629b14cEAF859A6e159d1BcD3291Fe1}: cortex::pipeline: Pipeline started elapsed_ms=0
2026-04-05T14:34:57.678624Z  INFO ThreadId(10) lobby::server::handler: transaction submission accepted execution_id=836e8ded-8d6b-4289-b98b-bb34ec51cc0c from=0xCFA80F1f22b0AD533F7d8e2CcC0A783aa4BCaFF3 chain_id=42161
2026-04-05T14:34:57.678628Z  INFO ThreadId(13) pipeline{execution_id=7a69601f-a5c7-4cdb-b692-504a895817a0 chain_id=1 from_address=0xCFA80F1f22b0AD533F7d8e2CcC0A783aa4BCaFF3}: cortex::pipeline: Pipeline started elapsed_ms=0
2026-04-05T14:34:57.678662Z  INFO ThreadId(16) lobby::server::handler: transaction submission accepted execution_id=068c6625-5304-461d-9cd6-65b5eebf28a0 from=0x8b172F820629b14cEAF859A6e159d1BcD3291Fe1 chain_id=137
2026-04-05T14:34:57.678677Z  INFO ThreadId(07) pipeline{execution_id=3e400ff6-a5ba-41f1-9689-8994e2a0a3e0 chain_id=1 from_address=0xCFA80F1f22b0AD533F7d8e2CcC0A783aa4BCaFF3}: cortex::pipeline: Pipeline started elapsed_ms=0
2026-04-05T14:34:57.678684Z  INFO ThreadId(17) lobby::server::handler: transaction submission accepted execution_id=6859d38f-4705-4000-8060-b17341043112 from=0x8b172F820629b14cEAF859A6e159d1BcD3291Fe1 chain_id=137
2026-04-05T14:34:57.678715Z  INFO ThreadId(14) lobby::server::handler: transaction submission accepted execution_id=229003c4-e665-42da-a671-0a74a7f54e05 from=0x8AfE43fF49EBd5c4B8Cd1497ee77b437dd1711fc chain_id=1
2026-04-05T14:34:57.678721Z  INFO ThreadId(13) lobby::server::handler: transaction submission accepted execution_id=6a91180c-d7da-49fb-ba2e-21e23b896221 from=0xCFA80F1f22b0AD533F7d8e2CcC0A783aa4BCaFF3 chain_id=137
2026-04-05T14:34:57.678743Z  INFO ThreadId(08) pipeline{execution_id=2fb79264-99bb-402d-acaf-022d8ffed209 chain_id=42161 from_address=0xfea6645D31443cF7Cf96eF1dB7823EB9365f98bf}: cortex::pipeline: Pipeline started elapsed_ms=0
2026-04-05T14:34:57.678758Z  INFO ThreadId(09) pipeline{execution_id=3e327108-ec82-4478-8794-26f46bdefc22 chain_id=1 from_address=0xfea6645D31443cF7Cf96eF1dB7823EB9365f98bf}: cortex::pipeline: Pipeline started elapsed_ms=0
2026-04-05T14:34:57.678773Z  INFO ThreadId(17) pipeline{execution_id=6859d38f-4705-4000-8060-b17341043112 chain_id=137 from_address=0x8b172F820629b14cEAF859A6e159d1BcD3291Fe1}: cortex::pipeline: Pipeline started elapsed_ms=0
2026-04-05T14:34:57.678788Z  INFO ThreadId(13) pipeline{execution_id=6a91180c-d7da-49fb-ba2e-21e23b896221 chain_id=137 from_address=0xCFA80F1f22b0AD533F7d8e2CcC0A783aa4BCaFF3}: cortex::pipeline: Pipeline started elapsed_ms=0
2026-04-05T14:34:57.678788Z  INFO ThreadId(12) lobby::server::handler: transaction submission accepted execution_id=9b4f42f3-c848-4afa-bd4a-06503f310955 from=0x8AfE43fF49EBd5c4B8Cd1497ee77b437dd1711fc chain_id=42161
2026-04-05T14:34:57.678788Z  INFO ThreadId(04) lobby::server::handler: transaction submission accepted execution_id=595dd564-fd7c-4c64-bbe3-2c743e457fe8 from=0x8b172F820629b14cEAF859A6e159d1BcD3291Fe1 chain_id=1
2026-04-05T14:34:57.678821Z  INFO ThreadId(06) lobby::server::handler: transaction submission accepted execution_id=8a5c397c-b07e-45e1-a6e5-f9ea505df3b2 from=0xCFA80F1f22b0AD533F7d8e2CcC0A783aa4BCaFF3 chain_id=137
2026-04-05T14:34:57.678836Z  INFO ThreadId(08) lobby::server::handler: transaction submission accepted execution_id=988c7dd5-53f1-4e43-85b7-4fc8a2e3ad96 from=0xfea6645D31443cF7Cf96eF1dB7823EB9365f98bf chain_id=137
2026-04-05T14:34:57.678722Z  INFO ThreadId(03) lobby::server::handler: transaction submission accepted execution_id=771b7514-c5e2-4cb8-a9e9-0389a347225e from=0x2EAC739a1e05F4a05a5B8fD93D332c4353E5A7cD chain_id=137
2026-04-05T14:34:57.678859Z  INFO ThreadId(12) pipeline{execution_id=9b4f42f3-c848-4afa-bd4a-06503f310955 chain_id=42161 from_address=0x8AfE43fF49EBd5c4B8Cd1497ee77b437dd1711fc}: cortex::pipeline: Pipeline started elapsed_ms=0
2026-04-05T14:34:57.678863Z  INFO ThreadId(04) pipeline{execution_id=595dd564-fd7c-4c64-bbe3-2c743e457fe8 chain_id=1 from_address=0x8b172F820629b14cEAF859A6e159d1BcD3291Fe1}: cortex::pipeline: Pipeline started elapsed_ms=0
2026-04-05T14:34:57.678864Z  INFO ThreadId(11) lobby::server::handler: transaction submission accepted execution_id=4abec477-75f1-455d-9694-349a85c12c87 from=0x8b172F820629b14cEAF859A6e159d1BcD3291Fe1 chain_id=137
2026-04-05T14:34:57.678890Z  INFO ThreadId(17) lobby::server::handler: transaction submission accepted execution_id=36c4d727-abd1-4d89-a3ad-0825a1638830 from=0xfea6645D31443cF7Cf96eF1dB7823EB9365f98bf chain_id=137
2026-04-05T14:34:57.678892Z  INFO ThreadId(16) pipeline{execution_id=068c6625-5304-461d-9cd6-65b5eebf28a0 chain_id=137 from_address=0x8b172F820629b14cEAF859A6e159d1BcD3291Fe1}: cortex::pipeline: Pipeline started elapsed_ms=0
2026-04-05T14:34:57.678901Z  INFO ThreadId(13) lobby::server::handler: transaction submission accepted execution_id=09e62266-b8d6-49fc-bbaf-750539c64e5b from=0x2EAC739a1e05F4a05a5B8fD93D332c4353E5A7cD chain_id=42161
2026-04-05T14:34:57.678897Z  INFO ThreadId(10) pipeline{execution_id=836e8ded-8d6b-4289-b98b-bb34ec51cc0c chain_id=42161 from_address=0xCFA80F1f22b0AD533F7d8e2CcC0A783aa4BCaFF3}: cortex::pipeline: Pipeline started elapsed_ms=0
2026-04-05T14:34:57.678913Z  INFO ThreadId(03) pipeline{execution_id=771b7514-c5e2-4cb8-a9e9-0389a347225e chain_id=137 from_address=0x2EAC739a1e05F4a05a5B8fD93D332c4353E5A7cD}: cortex::pipeline: Pipeline started elapsed_ms=0
2026-04-05T14:34:57.678924Z  INFO ThreadId(14) pipeline{execution_id=229003c4-e665-42da-a671-0a74a7f54e05 chain_id=1 from_address=0x8AfE43fF49EBd5c4B8Cd1497ee77b437dd1711fc}: cortex::pipeline: Pipeline started elapsed_ms=0
2026-04-05T14:34:57.678943Z  INFO ThreadId(11) pipeline{execution_id=4abec477-75f1-455d-9694-349a85c12c87 chain_id=137 from_address=0x8b172F820629b14cEAF859A6e159d1BcD3291Fe1}: cortex::pipeline: Pipeline started elapsed_ms=0
2026-04-05T14:34:57.678950Z  INFO ThreadId(04) lobby::server::handler: transaction submission accepted execution_id=3ae51dcf-92de-4f8f-a322-ee05223d04fa from=0xCFA80F1f22b0AD533F7d8e2CcC0A783aa4BCaFF3 chain_id=42161
2026-04-05T14:34:57.678955Z  INFO ThreadId(17) pipeline{execution_id=36c4d727-abd1-4d89-a3ad-0825a1638830 chain_id=137 from_address=0xfea6645D31443cF7Cf96eF1dB7823EB9365f98bf}: cortex::pipeline: Pipeline started elapsed_ms=0
2026-04-05T14:34:57.678966Z  INFO ThreadId(13) pipeline{execution_id=09e62266-b8d6-49fc-bbaf-750539c64e5b chain_id=42161 from_address=0x2EAC739a1e05F4a05a5B8fD93D332c4353E5A7cD}: cortex::pipeline: Pipeline started elapsed_ms=0
2026-04-05T14:34:57.678966Z  INFO ThreadId(16) lobby::server::handler: transaction submission accepted execution_id=52f0640e-55d7-4461-b934-e6f7d10318b1 from=0x8b172F820629b14cEAF859A6e159d1BcD3291Fe1 chain_id=1
2026-04-05T14:34:57.678972Z  INFO ThreadId(06) pipeline{execution_id=8a5c397c-b07e-45e1-a6e5-f9ea505df3b2 chain_id=137 from_address=0xCFA80F1f22b0AD533F7d8e2CcC0A783aa4BCaFF3}: cortex::pipeline: Pipeline started elapsed_ms=0
2026-04-05T14:34:57.678979Z  INFO ThreadId(18) lobby::server::handler: transaction submission accepted execution_id=9d7cc800-d054-419c-8e8b-8eafec250866 from=0xCFA80F1f22b0AD533F7d8e2CcC0A783aa4BCaFF3 chain_id=1
2026-04-05T14:34:57.679018Z  INFO ThreadId(04) pipeline{execution_id=3ae51dcf-92de-4f8f-a322-ee05223d04fa chain_id=42161 from_address=0xCFA80F1f22b0AD533F7d8e2CcC0A783aa4BCaFF3}: cortex::pipeline: Pipeline started elapsed_ms=0
2026-04-05T14:34:57.679029Z  INFO ThreadId(08) pipeline{execution_id=988c7dd5-53f1-4e43-85b7-4fc8a2e3ad96 chain_id=137 from_address=0xfea6645D31443cF7Cf96eF1dB7823EB9365f98bf}: cortex::pipeline: Pipeline started elapsed_ms=0
2026-04-05T14:34:57.679036Z  INFO ThreadId(16) pipeline{execution_id=52f0640e-55d7-4461-b934-e6f7d10318b1 chain_id=1 from_address=0x8b172F820629b14cEAF859A6e159d1BcD3291Fe1}: cortex::pipeline: Pipeline started elapsed_ms=0
2026-04-05T14:34:57.679106Z  INFO ThreadId(05) lobby::server::handler: transaction submission accepted execution_id=15c32e39-915f-44b6-b942-5a5d0e3354f8 from=0x8AfE43fF49EBd5c4B8Cd1497ee77b437dd1711fc chain_id=1
2026-04-05T14:34:57.679117Z  INFO ThreadId(13) lobby::server::handler: transaction submission accepted execution_id=4a684cac-e9d5-4840-8e49-7c12df9d5b6e from=0x8b172F820629b14cEAF859A6e159d1BcD3291Fe1 chain_id=42161
2026-04-05T14:34:57.679117Z  INFO ThreadId(17) lobby::server::handler: transaction submission accepted execution_id=0f83e131-ab08-4843-b731-0fce6f1019b0 from=0xCFA80F1f22b0AD533F7d8e2CcC0A783aa4BCaFF3 chain_id=137
2026-04-05T14:34:57.679123Z  INFO ThreadId(18) pipeline{execution_id=9d7cc800-d054-419c-8e8b-8eafec250866 chain_id=1 from_address=0xCFA80F1f22b0AD533F7d8e2CcC0A783aa4BCaFF3}: cortex::pipeline: Pipeline started elapsed_ms=0
2026-04-05T14:34:57.679147Z  INFO ThreadId(08) lobby::server::handler: transaction submission accepted execution_id=ff25dade-2950-45be-8c2b-e878dd9311c3 from=0x8b172F820629b14cEAF859A6e159d1BcD3291Fe1 chain_id=1
2026-04-05T14:34:57.679159Z  INFO ThreadId(11) lobby::server::handler: transaction submission accepted execution_id=b42a0c22-3863-4e83-97cb-81b35f4b7051 from=0xCFA80F1f22b0AD533F7d8e2CcC0A783aa4BCaFF3 chain_id=137
2026-04-05T14:34:57.679178Z  INFO ThreadId(05) pipeline{execution_id=15c32e39-915f-44b6-b942-5a5d0e3354f8 chain_id=1 from_address=0x8AfE43fF49EBd5c4B8Cd1497ee77b437dd1711fc}: cortex::pipeline: Pipeline started elapsed_ms=0
2026-04-05T14:34:57.679189Z  INFO ThreadId(13) pipeline{execution_id=4a684cac-e9d5-4840-8e49-7c12df9d5b6e chain_id=42161 from_address=0x8b172F820629b14cEAF859A6e159d1BcD3291Fe1}: cortex::pipeline: Pipeline started elapsed_ms=0
2026-04-05T14:34:57.679204Z  INFO ThreadId(08) pipeline{execution_id=ff25dade-2950-45be-8c2b-e878dd9311c3 chain_id=1 from_address=0x8b172F820629b14cEAF859A6e159d1BcD3291Fe1}: cortex::pipeline: Pipeline started elapsed_ms=0
2026-04-05T14:34:57.679217Z  INFO ThreadId(11) pipeline{execution_id=b42a0c22-3863-4e83-97cb-81b35f4b7051 chain_id=137 from_address=0xCFA80F1f22b0AD533F7d8e2CcC0A783aa4BCaFF3}: cortex::pipeline: Pipeline started elapsed_ms=0
2026-04-05T14:34:57.679217Z  INFO ThreadId(17) pipeline{execution_id=0f83e131-ab08-4843-b731-0fce6f1019b0 chain_id=137 from_address=0xCFA80F1f22b0AD533F7d8e2CcC0A783aa4BCaFF3}: cortex::pipeline: Pipeline started elapsed_ms=0
2026-04-05T14:34:57.679236Z  INFO ThreadId(13) lobby::server::handler: transaction submission accepted execution_id=2e837fbd-c354-4fbd-8a96-f395877145f5 from=0x8AfE43fF49EBd5c4B8Cd1497ee77b437dd1711fc chain_id=137
2026-04-05T14:34:57.679253Z  INFO ThreadId(08) lobby::server::handler: transaction submission accepted execution_id=1db4fb4c-bb12-4127-858b-6bc83cd21d6b from=0x2EAC739a1e05F4a05a5B8fD93D332c4353E5A7cD chain_id=137
2026-04-05T14:34:57.679253Z  INFO ThreadId(05) lobby::server::handler: transaction submission accepted execution_id=9a3546f1-e14d-44a3-80e3-e45a7b76a2b9 from=0xfea6645D31443cF7Cf96eF1dB7823EB9365f98bf chain_id=1
2026-04-05T14:34:57.679262Z  INFO ThreadId(11) lobby::server::handler: transaction submission accepted execution_id=ce932809-2f46-4f42-8617-2a92ecb125a3 from=0x2EAC739a1e05F4a05a5B8fD93D332c4353E5A7cD chain_id=1
2026-04-05T14:34:57.679271Z  INFO ThreadId(17) lobby::server::handler: transaction submission accepted execution_id=0488c1a7-e8fc-47af-be26-a731bfcfa7a4 from=0xfea6645D31443cF7Cf96eF1dB7823EB9365f98bf chain_id=137
2026-04-05T14:34:57.679287Z  INFO ThreadId(13) pipeline{execution_id=2e837fbd-c354-4fbd-8a96-f395877145f5 chain_id=137 from_address=0x8AfE43fF49EBd5c4B8Cd1497ee77b437dd1711fc}: cortex::pipeline: Pipeline started elapsed_ms=0
2026-04-05T14:34:57.679318Z  INFO ThreadId(05) pipeline{execution_id=9a3546f1-e14d-44a3-80e3-e45a7b76a2b9 chain_id=1 from_address=0xfea6645D31443cF7Cf96eF1dB7823EB9365f98bf}: cortex::pipeline: Pipeline started elapsed_ms=0
2026-04-05T14:34:57.679318Z  INFO ThreadId(08) pipeline{execution_id=1db4fb4c-bb12-4127-858b-6bc83cd21d6b chain_id=137 from_address=0x2EAC739a1e05F4a05a5B8fD93D332c4353E5A7cD}: cortex::pipeline: Pipeline started elapsed_ms=0
2026-04-05T14:34:57.679318Z  INFO ThreadId(11) pipeline{execution_id=ce932809-2f46-4f42-8617-2a92ecb125a3 chain_id=1 from_address=0x2EAC739a1e05F4a05a5B8fD93D332c4353E5A7cD}: cortex::pipeline: Pipeline started elapsed_ms=0
2026-04-05T14:34:57.679327Z  INFO ThreadId(17) pipeline{execution_id=0488c1a7-e8fc-47af-be26-a731bfcfa7a4 chain_id=137 from_address=0xfea6645D31443cF7Cf96eF1dB7823EB9365f98bf}: cortex::pipeline: Pipeline started elapsed_ms=0
2026-04-05T14:34:57.679343Z  INFO ThreadId(07) lobby::server::handler: transaction submission accepted execution_id=cf5a13d8-5397-475f-8098-e23560eef5b7 from=0x2EAC739a1e05F4a05a5B8fD93D332c4353E5A7cD chain_id=1
2026-04-05T14:34:57.679397Z  INFO ThreadId(17) lobby::server::handler: transaction submission accepted execution_id=34a691d5-a1ee-427e-b9d7-1c3e1273a276 from=0x8b172F820629b14cEAF859A6e159d1BcD3291Fe1 chain_id=137
2026-04-05T14:34:57.679400Z  INFO ThreadId(07) pipeline{execution_id=cf5a13d8-5397-475f-8098-e23560eef5b7 chain_id=1 from_address=0x2EAC739a1e05F4a05a5B8fD93D332c4353E5A7cD}: cortex::pipeline: Pipeline started elapsed_ms=0
2026-04-05T14:34:57.679400Z  INFO ThreadId(13) lobby::server::handler: transaction submission accepted execution_id=b648d5f0-3077-4ae1-ba00-85a7adb7cd1a from=0xfea6645D31443cF7Cf96eF1dB7823EB9365f98bf chain_id=137
2026-04-05T14:34:57.679406Z  INFO ThreadId(11) lobby::server::handler: transaction submission accepted execution_id=a681f8e1-51b9-488f-9c5f-16fb8b207551 from=0x8AfE43fF49EBd5c4B8Cd1497ee77b437dd1711fc chain_id=137
2026-04-05T14:34:57.679420Z  INFO ThreadId(18) lobby::server::handler: transaction submission accepted execution_id=08ae0bf2-2dd0-441d-a395-928194ffd37e from=0x8AfE43fF49EBd5c4B8Cd1497ee77b437dd1711fc chain_id=137
2026-04-05T14:34:57.679427Z  INFO ThreadId(04) lobby::server::handler: transaction submission accepted execution_id=0b865c4b-b370-41d2-ab68-6d05a9f52415 from=0x8AfE43fF49EBd5c4B8Cd1497ee77b437dd1711fc chain_id=42161
2026-04-05T14:34:57.679441Z  INFO ThreadId(16) lobby::server::handler: transaction submission accepted execution_id=ec4e8eb6-993c-430d-be20-dc4a17b64af5 from=0x8b172F820629b14cEAF859A6e159d1BcD3291Fe1 chain_id=1
2026-04-05T14:34:57.679462Z  INFO ThreadId(13) pipeline{execution_id=b648d5f0-3077-4ae1-ba00-85a7adb7cd1a chain_id=137 from_address=0xfea6645D31443cF7Cf96eF1dB7823EB9365f98bf}: cortex::pipeline: Pipeline started elapsed_ms=0
2026-04-05T14:34:57.679463Z  INFO ThreadId(18) pipeline{execution_id=08ae0bf2-2dd0-441d-a395-928194ffd37e chain_id=137 from_address=0x8AfE43fF49EBd5c4B8Cd1497ee77b437dd1711fc}: cortex::pipeline: Pipeline started elapsed_ms=0
2026-04-05T14:34:57.679463Z  INFO ThreadId(17) pipeline{execution_id=34a691d5-a1ee-427e-b9d7-1c3e1273a276 chain_id=137 from_address=0x8b172F820629b14cEAF859A6e159d1BcD3291Fe1}: cortex::pipeline: Pipeline started elapsed_ms=0
2026-04-05T14:34:57.679472Z  INFO ThreadId(11) pipeline{execution_id=a681f8e1-51b9-488f-9c5f-16fb8b207551 chain_id=137 from_address=0x8AfE43fF49EBd5c4B8Cd1497ee77b437dd1711fc}: cortex::pipeline: Pipeline started elapsed_ms=0
2026-04-05T14:34:57.679465Z  INFO ThreadId(07) lobby::server::handler: transaction submission accepted execution_id=9e50087c-74f2-488a-b58a-d31b9405d4f5 from=0x8AfE43fF49EBd5c4B8Cd1497ee77b437dd1711fc chain_id=42161
2026-04-05T14:34:57.679465Z  INFO ThreadId(08) lobby::server::handler: transaction submission accepted execution_id=b7b6194d-0e32-4f78-aa1d-6e9a73392827 from=0xfea6645D31443cF7Cf96eF1dB7823EB9365f98bf chain_id=1
2026-04-05T14:34:57.679471Z  INFO ThreadId(10) lobby::server::handler: transaction submission accepted execution_id=06a858dd-1089-4643-bd1d-0cfb1526f85c from=0x2EAC739a1e05F4a05a5B8fD93D332c4353E5A7cD chain_id=1
2026-04-05T14:34:57.679480Z  INFO ThreadId(04) pipeline{execution_id=0b865c4b-b370-41d2-ab68-6d05a9f52415 chain_id=42161 from_address=0x8AfE43fF49EBd5c4B8Cd1497ee77b437dd1711fc}: cortex::pipeline: Pipeline started elapsed_ms=0
2026-04-05T14:34:57.679507Z  INFO ThreadId(16) pipeline{execution_id=ec4e8eb6-993c-430d-be20-dc4a17b64af5 chain_id=1 from_address=0x8b172F820629b14cEAF859A6e159d1BcD3291Fe1}: cortex::pipeline: Pipeline started elapsed_ms=0
2026-04-05T14:34:57.679528Z  INFO ThreadId(17) lobby::server::handler: transaction submission accepted execution_id=c1f45561-cf7f-4a54-b23b-697ca11de1fa from=0xfea6645D31443cF7Cf96eF1dB7823EB9365f98bf chain_id=137
2026-04-05T14:34:57.679531Z  INFO ThreadId(07) pipeline{execution_id=9e50087c-74f2-488a-b58a-d31b9405d4f5 chain_id=42161 from_address=0x8AfE43fF49EBd5c4B8Cd1497ee77b437dd1711fc}: cortex::pipeline: Pipeline started elapsed_ms=0
2026-04-05T14:34:57.679534Z  INFO ThreadId(08) pipeline{execution_id=b7b6194d-0e32-4f78-aa1d-6e9a73392827 chain_id=1 from_address=0xfea6645D31443cF7Cf96eF1dB7823EB9365f98bf}: cortex::pipeline: Pipeline started elapsed_ms=0
2026-04-05T14:34:57.679538Z  INFO ThreadId(10) pipeline{execution_id=06a858dd-1089-4643-bd1d-0cfb1526f85c chain_id=1 from_address=0x2EAC739a1e05F4a05a5B8fD93D332c4353E5A7cD}: cortex::pipeline: Pipeline started elapsed_ms=0
2026-04-05T14:34:57.679542Z  INFO ThreadId(11) lobby::server::handler: transaction submission accepted execution_id=48c6d3ad-9506-4a6a-91e4-7ae5cf1abd9c from=0x8AfE43fF49EBd5c4B8Cd1497ee77b437dd1711fc chain_id=42161
2026-04-05T14:34:57.679564Z  INFO ThreadId(16) lobby::server::handler: transaction submission accepted execution_id=3babb02d-d66b-4e0e-a12f-d4babb58f102 from=0x2EAC739a1e05F4a05a5B8fD93D332c4353E5A7cD chain_id=1
2026-04-05T14:34:57.679576Z  INFO ThreadId(12) lobby::server::handler: transaction submission accepted execution_id=e7ae0de2-1a82-4ffd-b856-632621583135 from=0x8AfE43fF49EBd5c4B8Cd1497ee77b437dd1711fc chain_id=42161
2026-04-05T14:34:57.679592Z  INFO ThreadId(17) pipeline{execution_id=c1f45561-cf7f-4a54-b23b-697ca11de1fa chain_id=137 from_address=0xfea6645D31443cF7Cf96eF1dB7823EB9365f98bf}: cortex::pipeline: Pipeline started elapsed_ms=0
2026-04-05T14:34:57.679595Z  INFO ThreadId(03) lobby::server::handler: transaction submission accepted execution_id=366675cc-96aa-47fd-bcec-b0d8836c4409 from=0x8AfE43fF49EBd5c4B8Cd1497ee77b437dd1711fc chain_id=1
2026-04-05T14:34:57.679600Z  INFO ThreadId(04) lobby::server::handler: transaction submission accepted execution_id=418e2ebc-0b26-4313-8a2b-d1b2427a7349 from=0x8b172F820629b14cEAF859A6e159d1BcD3291Fe1 chain_id=42161
2026-04-05T14:34:57.679616Z  INFO ThreadId(16) pipeline{execution_id=3babb02d-d66b-4e0e-a12f-d4babb58f102 chain_id=1 from_address=0x2EAC739a1e05F4a05a5B8fD93D332c4353E5A7cD}: cortex::pipeline: Pipeline started elapsed_ms=0
2026-04-05T14:34:57.679616Z  INFO ThreadId(11) pipeline{execution_id=48c6d3ad-9506-4a6a-91e4-7ae5cf1abd9c chain_id=42161 from_address=0x8AfE43fF49EBd5c4B8Cd1497ee77b437dd1711fc}: cortex::pipeline: Pipeline started elapsed_ms=0
2026-04-05T14:34:57.679624Z  INFO ThreadId(12) pipeline{execution_id=e7ae0de2-1a82-4ffd-b856-632621583135 chain_id=42161 from_address=0x8AfE43fF49EBd5c4B8Cd1497ee77b437dd1711fc}: cortex::pipeline: Pipeline started elapsed_ms=0
2026-04-05T14:34:57.679642Z  INFO ThreadId(09) lobby::server::handler: transaction submission accepted execution_id=185be67e-cc66-4f60-a582-756addc0bdbc from=0x2EAC739a1e05F4a05a5B8fD93D332c4353E5A7cD chain_id=1
2026-04-05T14:34:57.679650Z  INFO ThreadId(06) lobby::server::handler: transaction submission accepted execution_id=1523f4ae-a45b-41d0-8f6a-30f26b37453c from=0x2EAC739a1e05F4a05a5B8fD93D332c4353E5A7cD chain_id=137
2026-04-05T14:34:57.679659Z  INFO ThreadId(16) lobby::server::handler: transaction submission accepted execution_id=940fb76a-c5b3-4832-ba45-987cf017c680 from=0x2EAC739a1e05F4a05a5B8fD93D332c4353E5A7cD chain_id=137
2026-04-05T14:34:57.679659Z  INFO ThreadId(04) pipeline{execution_id=418e2ebc-0b26-4313-8a2b-d1b2427a7349 chain_id=42161 from_address=0x8b172F820629b14cEAF859A6e159d1BcD3291Fe1}: cortex::pipeline: Pipeline started elapsed_ms=0
2026-04-05T14:34:57.679669Z  INFO ThreadId(03) pipeline{execution_id=366675cc-96aa-47fd-bcec-b0d8836c4409 chain_id=1 from_address=0x8AfE43fF49EBd5c4B8Cd1497ee77b437dd1711fc}: cortex::pipeline: Pipeline started elapsed_ms=0
2026-04-05T14:34:57.679713Z  INFO ThreadId(09) pipeline{execution_id=185be67e-cc66-4f60-a582-756addc0bdbc chain_id=1 from_address=0x2EAC739a1e05F4a05a5B8fD93D332c4353E5A7cD}: cortex::pipeline: Pipeline started elapsed_ms=0
2026-04-05T14:34:57.679717Z  INFO ThreadId(16) pipeline{execution_id=940fb76a-c5b3-4832-ba45-987cf017c680 chain_id=137 from_address=0x2EAC739a1e05F4a05a5B8fD93D332c4353E5A7cD}: cortex::pipeline: Pipeline started elapsed_ms=0
2026-04-05T14:34:57.679729Z  INFO ThreadId(06) pipeline{execution_id=1523f4ae-a45b-41d0-8f6a-30f26b37453c chain_id=137 from_address=0x2EAC739a1e05F4a05a5B8fD93D332c4353E5A7cD}: cortex::pipeline: Pipeline started elapsed_ms=0
2026-04-05T14:34:57.679779Z  INFO ThreadId(17) lobby::server::handler: transaction submission accepted execution_id=c886998c-8ed8-44aa-a659-1c588ea64c1e from=0x8AfE43fF49EBd5c4B8Cd1497ee77b437dd1711fc chain_id=1
2026-04-05T14:34:57.679779Z  INFO ThreadId(03) lobby::server::handler: transaction submission accepted execution_id=fb068c51-9050-4018-b6fc-7a34bf2e8a3b from=0xfea6645D31443cF7Cf96eF1dB7823EB9365f98bf chain_id=137
2026-04-05T14:34:57.679804Z  INFO ThreadId(16) lobby::server::handler: transaction submission accepted execution_id=ae7288a6-4b51-441d-8bcb-15ffa4d287dd from=0x8b172F820629b14cEAF859A6e159d1BcD3291Fe1 chain_id=1
2026-04-05T14:34:57.679805Z  INFO ThreadId(14) lobby::server::handler: transaction submission accepted execution_id=3c909b5c-a496-4023-9b50-3646bc47becd from=0x2EAC739a1e05F4a05a5B8fD93D332c4353E5A7cD chain_id=42161
2026-04-05T14:34:57.679855Z  INFO ThreadId(17) pipeline{execution_id=c886998c-8ed8-44aa-a659-1c588ea64c1e chain_id=1 from_address=0x8AfE43fF49EBd5c4B8Cd1497ee77b437dd1711fc}: cortex::pipeline: Pipeline started elapsed_ms=0
2026-04-05T14:34:57.679860Z  INFO ThreadId(12) lobby::server::handler: transaction submission accepted execution_id=17884ae0-4901-4796-a8af-1b3f3c8007f6 from=0x2EAC739a1e05F4a05a5B8fD93D332c4353E5A7cD chain_id=137
2026-04-05T14:34:57.679866Z  INFO ThreadId(14) pipeline{execution_id=3c909b5c-a496-4023-9b50-3646bc47becd chain_id=42161 from_address=0x2EAC739a1e05F4a05a5B8fD93D332c4353E5A7cD}: cortex::pipeline: Pipeline started elapsed_ms=0
2026-04-05T14:34:57.679896Z  INFO ThreadId(03) pipeline{execution_id=fb068c51-9050-4018-b6fc-7a34bf2e8a3b chain_id=137 from_address=0xfea6645D31443cF7Cf96eF1dB7823EB9365f98bf}: cortex::pipeline: Pipeline started elapsed_ms=0
2026-04-05T14:34:57.679904Z  INFO ThreadId(17) lobby::server::handler: transaction submission accepted execution_id=cf1b3b65-e21b-41d6-9dd2-8fc80fd96fe5 from=0x8b172F820629b14cEAF859A6e159d1BcD3291Fe1 chain_id=1
2026-04-05T14:34:57.679915Z  INFO ThreadId(11) lobby::server::handler: transaction submission accepted execution_id=6245c4bf-e9e6-47c7-b4af-f172a9ce3845 from=0x8b172F820629b14cEAF859A6e159d1BcD3291Fe1 chain_id=1
2026-04-05T14:34:57.679879Z  INFO ThreadId(06) lobby::server::handler: transaction submission accepted execution_id=7eaa6d23-4a54-4964-bf22-af4a0b599579 from=0xfea6645D31443cF7Cf96eF1dB7823EB9365f98bf chain_id=1
2026-04-05T14:34:57.679924Z  INFO ThreadId(04) lobby::server::handler: transaction submission accepted execution_id=cb52525f-65d6-40e7-9041-19bf72d6d3ae from=0x8AfE43fF49EBd5c4B8Cd1497ee77b437dd1711fc chain_id=1
2026-04-05T14:34:57.679928Z  INFO ThreadId(08) lobby::server::handler: transaction submission accepted execution_id=045490d7-0443-40e1-bec7-c1b8af4a457e from=0x8b172F820629b14cEAF859A6e159d1BcD3291Fe1 chain_id=1
2026-04-05T14:34:57.679934Z  INFO ThreadId(18) lobby::server::handler: transaction submission accepted execution_id=35257fd1-2162-4687-be72-4a6d87c810cc from=0x2EAC739a1e05F4a05a5B8fD93D332c4353E5A7cD chain_id=1
2026-04-05T14:34:57.679955Z  INFO ThreadId(07) lobby::server::handler: transaction submission accepted execution_id=cc46a4a9-d713-4382-913f-5cf211ecec4a from=0x8AfE43fF49EBd5c4B8Cd1497ee77b437dd1711fc chain_id=137
2026-04-05T14:34:57.679959Z  INFO ThreadId(17) pipeline{execution_id=cf1b3b65-e21b-41d6-9dd2-8fc80fd96fe5 chain_id=1 from_address=0x8b172F820629b14cEAF859A6e159d1BcD3291Fe1}: cortex::pipeline: Pipeline started elapsed_ms=0
2026-04-05T14:34:57.679975Z  INFO ThreadId(11) pipeline{execution_id=6245c4bf-e9e6-47c7-b4af-f172a9ce3845 chain_id=1 from_address=0x8b172F820629b14cEAF859A6e159d1BcD3291Fe1}: cortex::pipeline: Pipeline started elapsed_ms=0
2026-04-05T14:34:57.679985Z  INFO ThreadId(18) pipeline{execution_id=35257fd1-2162-4687-be72-4a6d87c810cc chain_id=1 from_address=0x2EAC739a1e05F4a05a5B8fD93D332c4353E5A7cD}: cortex::pipeline: Pipeline started elapsed_ms=0
2026-04-05T14:34:57.679987Z  INFO ThreadId(06) pipeline{execution_id=7eaa6d23-4a54-4964-bf22-af4a0b599579 chain_id=1 from_address=0xfea6645D31443cF7Cf96eF1dB7823EB9365f98bf}: cortex::pipeline: Pipeline started elapsed_ms=0
2026-04-05T14:34:57.679998Z  INFO ThreadId(12) pipeline{execution_id=17884ae0-4901-4796-a8af-1b3f3c8007f6 chain_id=137 from_address=0x2EAC739a1e05F4a05a5B8fD93D332c4353E5A7cD}: cortex::pipeline: Pipeline started elapsed_ms=0
2026-04-05T14:34:57.680004Z  INFO ThreadId(08) pipeline{execution_id=045490d7-0443-40e1-bec7-c1b8af4a457e chain_id=1 from_address=0x8b172F820629b14cEAF859A6e159d1BcD3291Fe1}: cortex::pipeline: Pipeline started elapsed_ms=0
2026-04-05T14:34:57.680008Z  INFO ThreadId(07) pipeline{execution_id=cc46a4a9-d713-4382-913f-5cf211ecec4a chain_id=137 from_address=0x8AfE43fF49EBd5c4B8Cd1497ee77b437dd1711fc}: cortex::pipeline: Pipeline started elapsed_ms=0
2026-04-05T14:34:57.680033Z  INFO ThreadId(04) pipeline{execution_id=cb52525f-65d6-40e7-9041-19bf72d6d3ae chain_id=1 from_address=0x8AfE43fF49EBd5c4B8Cd1497ee77b437dd1711fc}: cortex::pipeline: Pipeline started elapsed_ms=0
2026-04-05T14:34:57.680089Z  INFO ThreadId(17) lobby::server::handler: transaction submission accepted execution_id=ecde9761-0790-4400-8b50-ee411ae5760d from=0xfea6645D31443cF7Cf96eF1dB7823EB9365f98bf chain_id=1
2026-04-05T14:34:57.680090Z  INFO ThreadId(06) lobby::server::handler: transaction submission accepted execution_id=a61f132e-b035-44e1-bd5b-c4de39457115 from=0xCFA80F1f22b0AD533F7d8e2CcC0A783aa4BCaFF3 chain_id=1
2026-04-05T14:34:57.680093Z  INFO ThreadId(18) lobby::server::handler: transaction submission accepted execution_id=797487b0-0d90-4831-bacd-637f1ed0b338 from=0xfea6645D31443cF7Cf96eF1dB7823EB9365f98bf chain_id=42161
2026-04-05T14:34:57.680144Z  INFO ThreadId(12) lobby::server::handler: transaction submission accepted execution_id=6e300485-5067-4acf-8664-862ac45c1e73 from=0x8b172F820629b14cEAF859A6e159d1BcD3291Fe1 chain_id=1
2026-04-05T14:34:57.680144Z  INFO ThreadId(05) lobby::server::handler: transaction submission accepted execution_id=8747e0ac-7150-4dfa-89d6-a980843b9110 from=0xCFA80F1f22b0AD533F7d8e2CcC0A783aa4BCaFF3 chain_id=1
2026-04-05T14:34:57.680148Z  INFO ThreadId(13) lobby::server::handler: transaction submission accepted execution_id=e8b84cf5-1825-4762-8d47-bdbd0346498d from=0x8AfE43fF49EBd5c4B8Cd1497ee77b437dd1711fc chain_id=137
2026-04-05T14:34:57.680154Z  INFO ThreadId(06) pipeline{execution_id=a61f132e-b035-44e1-bd5b-c4de39457115 chain_id=1 from_address=0xCFA80F1f22b0AD533F7d8e2CcC0A783aa4BCaFF3}: cortex::pipeline: Pipeline started elapsed_ms=0
2026-04-05T14:34:57.680153Z  INFO ThreadId(03) lobby::server::handler: transaction submission accepted execution_id=45d44939-aad9-45d6-8526-a88540263511 from=0xfea6645D31443cF7Cf96eF1dB7823EB9365f98bf chain_id=42161
2026-04-05T14:34:57.680155Z  INFO ThreadId(17) pipeline{execution_id=ecde9761-0790-4400-8b50-ee411ae5760d chain_id=1 from_address=0xfea6645D31443cF7Cf96eF1dB7823EB9365f98bf}: cortex::pipeline: Pipeline started elapsed_ms=0
2026-04-05T14:34:57.680169Z  INFO ThreadId(04) lobby::server::handler: transaction submission accepted execution_id=bdb9cb93-6ebd-4b22-9820-6c5676425c83 from=0xCFA80F1f22b0AD533F7d8e2CcC0A783aa4BCaFF3 chain_id=42161
2026-04-05T14:34:57.680181Z  INFO ThreadId(11) lobby::server::handler: transaction submission accepted execution_id=67347a58-26d1-4405-ad21-0bb7d8ce9e5a from=0x8AfE43fF49EBd5c4B8Cd1497ee77b437dd1711fc chain_id=1
2026-04-05T14:34:57.680183Z  INFO ThreadId(07) lobby::server::handler: transaction submission accepted execution_id=6863236f-11b5-44d6-b10e-60b11964b121 from=0xfea6645D31443cF7Cf96eF1dB7823EB9365f98bf chain_id=42161
2026-04-05T14:34:57.680207Z  INFO ThreadId(16) pipeline{execution_id=ae7288a6-4b51-441d-8bcb-15ffa4d287dd chain_id=1 from_address=0x8b172F820629b14cEAF859A6e159d1BcD3291Fe1}: cortex::pipeline: Pipeline started elapsed_ms=0
2026-04-05T14:34:57.680208Z  INFO ThreadId(12) pipeline{execution_id=6e300485-5067-4acf-8664-862ac45c1e73 chain_id=1 from_address=0x8b172F820629b14cEAF859A6e159d1BcD3291Fe1}: cortex::pipeline: Pipeline started elapsed_ms=0
2026-04-05T14:34:57.680214Z  INFO ThreadId(13) pipeline{execution_id=e8b84cf5-1825-4762-8d47-bdbd0346498d chain_id=137 from_address=0x8AfE43fF49EBd5c4B8Cd1497ee77b437dd1711fc}: cortex::pipeline: Pipeline started elapsed_ms=0
2026-04-05T14:34:57.680220Z  INFO ThreadId(03) pipeline{execution_id=45d44939-aad9-45d6-8526-a88540263511 chain_id=42161 from_address=0xfea6645D31443cF7Cf96eF1dB7823EB9365f98bf}: cortex::pipeline: Pipeline started elapsed_ms=0
2026-04-05T14:34:57.680223Z  INFO ThreadId(10) lobby::server::handler: transaction submission accepted execution_id=6f0a74a4-38d8-4727-bd79-cb020293e0d5 from=0x2EAC739a1e05F4a05a5B8fD93D332c4353E5A7cD chain_id=42161
2026-04-05T14:34:57.680224Z  INFO ThreadId(15) lobby::server::handler: transaction submission accepted execution_id=0e0d0061-4976-4bd1-8d5e-9a8c632f25ce from=0xCFA80F1f22b0AD533F7d8e2CcC0A783aa4BCaFF3 chain_id=42161
2026-04-05T14:34:57.680240Z  INFO ThreadId(04) pipeline{execution_id=bdb9cb93-6ebd-4b22-9820-6c5676425c83 chain_id=42161 from_address=0xCFA80F1f22b0AD533F7d8e2CcC0A783aa4BCaFF3}: cortex::pipeline: Pipeline started elapsed_ms=0
2026-04-05T14:34:57.680247Z  INFO ThreadId(17) lobby::server::handler: transaction submission accepted execution_id=461e6181-c954-4179-a206-aa9bd4bbd4fc from=0x8AfE43fF49EBd5c4B8Cd1497ee77b437dd1711fc chain_id=1
2026-04-05T14:34:57.680272Z  INFO ThreadId(11) pipeline{execution_id=67347a58-26d1-4405-ad21-0bb7d8ce9e5a chain_id=1 from_address=0x8AfE43fF49EBd5c4B8Cd1497ee77b437dd1711fc}: cortex::pipeline: Pipeline started elapsed_ms=0
2026-04-05T14:34:57.680282Z  INFO ThreadId(16) lobby::server::handler: transaction submission accepted execution_id=facd2814-034f-4b3d-9763-a16438478d08 from=0xCFA80F1f22b0AD533F7d8e2CcC0A783aa4BCaFF3 chain_id=42161
2026-04-05T14:34:57.680286Z  INFO ThreadId(10) pipeline{execution_id=6f0a74a4-38d8-4727-bd79-cb020293e0d5 chain_id=42161 from_address=0x2EAC739a1e05F4a05a5B8fD93D332c4353E5A7cD}: cortex::pipeline: Pipeline started elapsed_ms=0
2026-04-05T14:34:57.680301Z  INFO ThreadId(05) pipeline{execution_id=8747e0ac-7150-4dfa-89d6-a980843b9110 chain_id=1 from_address=0xCFA80F1f22b0AD533F7d8e2CcC0A783aa4BCaFF3}: cortex::pipeline: Pipeline started elapsed_ms=0
2026-04-05T14:34:57.680301Z  INFO ThreadId(15) pipeline{execution_id=0e0d0061-4976-4bd1-8d5e-9a8c632f25ce chain_id=42161 from_address=0xCFA80F1f22b0AD533F7d8e2CcC0A783aa4BCaFF3}: cortex::pipeline: Pipeline started elapsed_ms=0
2026-04-05T14:34:57.680302Z  INFO ThreadId(17) pipeline{execution_id=461e6181-c954-4179-a206-aa9bd4bbd4fc chain_id=1 from_address=0x8AfE43fF49EBd5c4B8Cd1497ee77b437dd1711fc}: cortex::pipeline: Pipeline started elapsed_ms=0
2026-04-05T14:34:57.680302Z  INFO ThreadId(12) lobby::server::handler: transaction submission accepted execution_id=af81b8df-cec6-4ed9-ae6f-f3f8e3d1d47d from=0x8AfE43fF49EBd5c4B8Cd1497ee77b437dd1711fc chain_id=1
2026-04-05T14:34:57.680329Z  INFO ThreadId(10) lobby::server::handler: transaction submission accepted execution_id=1c8af07b-bb2a-44e3-b26c-bdc287c7fa15 from=0x8b172F820629b14cEAF859A6e159d1BcD3291Fe1 chain_id=137
2026-04-05T14:34:57.680329Z  INFO ThreadId(09) lobby::server::handler: transaction submission accepted execution_id=93daf78c-a023-4d8f-b79e-d94e9c8dd893 from=0x8AfE43fF49EBd5c4B8Cd1497ee77b437dd1711fc chain_id=42161
2026-04-05T14:34:57.680330Z  INFO ThreadId(14) lobby::server::handler: transaction submission accepted execution_id=9cd976d5-1804-4927-a75c-02035d91bfd9 from=0x8b172F820629b14cEAF859A6e159d1BcD3291Fe1 chain_id=137
2026-04-05T14:34:57.680343Z  INFO ThreadId(03) lobby::server::handler: transaction submission accepted execution_id=dd6e1c38-31e8-4839-8e38-2072981b3656 from=0x8AfE43fF49EBd5c4B8Cd1497ee77b437dd1711fc chain_id=137
2026-04-05T14:34:57.680356Z  INFO ThreadId(07) pipeline{execution_id=6863236f-11b5-44d6-b10e-60b11964b121 chain_id=42161 from_address=0xfea6645D31443cF7Cf96eF1dB7823EB9365f98bf}: cortex::pipeline: Pipeline started elapsed_ms=0
2026-04-05T14:34:57.680364Z  INFO ThreadId(12) pipeline{execution_id=af81b8df-cec6-4ed9-ae6f-f3f8e3d1d47d chain_id=1 from_address=0x8AfE43fF49EBd5c4B8Cd1497ee77b437dd1711fc}: cortex::pipeline: Pipeline started elapsed_ms=0
2026-04-05T14:34:57.680370Z  INFO ThreadId(04) lobby::server::handler: transaction submission accepted execution_id=7e3ead72-f0de-4ff9-a69f-abecf5162726 from=0x2EAC739a1e05F4a05a5B8fD93D332c4353E5A7cD chain_id=42161
2026-04-05T14:34:57.680378Z  INFO ThreadId(09) pipeline{execution_id=93daf78c-a023-4d8f-b79e-d94e9c8dd893 chain_id=42161 from_address=0x8AfE43fF49EBd5c4B8Cd1497ee77b437dd1711fc}: cortex::pipeline: Pipeline started elapsed_ms=0
2026-04-05T14:34:57.680379Z  INFO ThreadId(16) pipeline{execution_id=facd2814-034f-4b3d-9763-a16438478d08 chain_id=42161 from_address=0xCFA80F1f22b0AD533F7d8e2CcC0A783aa4BCaFF3}: cortex::pipeline: Pipeline started elapsed_ms=0
2026-04-05T14:34:57.680384Z  INFO ThreadId(06) lobby::server::handler: transaction submission accepted execution_id=f3d2f383-73a6-409b-b777-5b9c33e5bce5 from=0x8AfE43fF49EBd5c4B8Cd1497ee77b437dd1711fc chain_id=137
2026-04-05T14:34:57.680398Z  INFO ThreadId(18) pipeline{execution_id=797487b0-0d90-4831-bacd-637f1ed0b338 chain_id=42161 from_address=0xfea6645D31443cF7Cf96eF1dB7823EB9365f98bf}: cortex::pipeline: Pipeline started elapsed_ms=0
2026-04-05T14:34:57.680398Z  INFO ThreadId(08) lobby::server::handler: transaction submission accepted execution_id=c7987cf2-127c-4cd6-944a-f41bd76cffc2 from=0x2EAC739a1e05F4a05a5B8fD93D332c4353E5A7cD chain_id=1
2026-04-05T14:34:57.680415Z  INFO ThreadId(10) pipeline{execution_id=1c8af07b-bb2a-44e3-b26c-bdc287c7fa15 chain_id=137 from_address=0x8b172F820629b14cEAF859A6e159d1BcD3291Fe1}: cortex::pipeline: Pipeline started elapsed_ms=0
2026-04-05T14:34:57.680427Z  INFO ThreadId(16) lobby::server::handler: transaction submission accepted execution_id=d9347358-73c9-4523-a3f3-a9b3bdc5ced0 from=0x8b172F820629b14cEAF859A6e159d1BcD3291Fe1 chain_id=1
2026-04-05T14:34:57.680430Z  INFO ThreadId(04) pipeline{execution_id=7e3ead72-f0de-4ff9-a69f-abecf5162726 chain_id=42161 from_address=0x2EAC739a1e05F4a05a5B8fD93D332c4353E5A7cD}: cortex::pipeline: Pipeline started elapsed_ms=0
2026-04-05T14:34:57.680431Z  INFO ThreadId(12) lobby::server::handler: transaction submission accepted execution_id=370dc8da-5091-4276-8064-a4e735b8a206 from=0xCFA80F1f22b0AD533F7d8e2CcC0A783aa4BCaFF3 chain_id=1
2026-04-05T14:34:57.680451Z  INFO ThreadId(18) lobby::server::handler: transaction submission accepted execution_id=525d538b-d54e-4efe-967d-bf025d291fc1 from=0x8AfE43fF49EBd5c4B8Cd1497ee77b437dd1711fc chain_id=42161
2026-04-05T14:34:57.680455Z  INFO ThreadId(07) lobby::server::handler: transaction submission accepted execution_id=5ee94608-342d-43fd-9ca1-edd8daec9b5c from=0xCFA80F1f22b0AD533F7d8e2CcC0A783aa4BCaFF3 chain_id=1
2026-04-05T14:34:57.680459Z  INFO ThreadId(05) lobby::server::handler: transaction submission accepted execution_id=d14a56c9-35c5-45df-abf3-a59d2c674975 from=0xCFA80F1f22b0AD533F7d8e2CcC0A783aa4BCaFF3 chain_id=42161
2026-04-05T14:34:57.680461Z  INFO ThreadId(10) lobby::server::handler: transaction submission accepted execution_id=26dfb0ba-231b-414d-ba2b-2684485839d2 from=0xfea6645D31443cF7Cf96eF1dB7823EB9365f98bf chain_id=1
2026-04-05T14:34:57.680483Z  INFO ThreadId(16) pipeline{execution_id=d9347358-73c9-4523-a3f3-a9b3bdc5ced0 chain_id=1 from_address=0x8b172F820629b14cEAF859A6e159d1BcD3291Fe1}: cortex::pipeline: Pipeline started elapsed_ms=0
2026-04-05T14:34:57.680485Z  INFO ThreadId(03) pipeline{execution_id=dd6e1c38-31e8-4839-8e38-2072981b3656 chain_id=137 from_address=0x8AfE43fF49EBd5c4B8Cd1497ee77b437dd1711fc}: cortex::pipeline: Pipeline started elapsed_ms=0
2026-04-05T14:34:57.680565Z  INFO ThreadId(13) lobby::server::handler: transaction submission accepted execution_id=cdc57cee-e0f3-4c39-b510-6e3720da26b9 from=0xCFA80F1f22b0AD533F7d8e2CcC0A783aa4BCaFF3 chain_id=1
2026-04-05T14:34:57.680597Z  INFO ThreadId(17) lobby::server::handler: transaction submission accepted execution_id=305d0635-a857-4f56-bdb3-2ee0afb35fbc from=0xCFA80F1f22b0AD533F7d8e2CcC0A783aa4BCaFF3 chain_id=42161
2026-04-05T14:34:57.681238Z  INFO ThreadId(11) lobby::server::handler: transaction submission accepted execution_id=a5fc3ad6-0c6e-4467-bdb0-dc7d4ee52933 from=0xfea6645D31443cF7Cf96eF1dB7823EB9365f98bf chain_id=137
2026-04-05T14:34:57.698441Z  INFO ThreadId(09) lobby::server::handler: transaction submission accepted execution_id=59cac1af-3a80-4614-b983-4f4225277534 from=0x2EAC739a1e05F4a05a5B8fD93D332c4353E5A7cD chain_id=42161
2026-04-05T14:34:57.698489Z  INFO ThreadId(06) pipeline{execution_id=f3d2f383-73a6-409b-b777-5b9c33e5bce5 chain_id=137 from_address=0x8AfE43fF49EBd5c4B8Cd1497ee77b437dd1711fc}: cortex::pipeline: Pipeline started elapsed_ms=0
2026-04-05T14:34:57.698490Z  INFO ThreadId(08) pipeline{execution_id=c7987cf2-127c-4cd6-944a-f41bd76cffc2 chain_id=1 from_address=0x2EAC739a1e05F4a05a5B8fD93D332c4353E5A7cD}: cortex::pipeline: Pipeline started elapsed_ms=0
2026-04-05T14:34:57.698544Z  INFO ThreadId(15) lobby::server::handler: transaction submission accepted execution_id=808cd819-8444-4ac4-81d4-a07ee70e053f from=0xCFA80F1f22b0AD533F7d8e2CcC0A783aa4BCaFF3 chain_id=137
2026-04-05T14:34:57.698563Z  INFO ThreadId(09) pipeline{execution_id=59cac1af-3a80-4614-b983-4f4225277534 chain_id=42161 from_address=0x2EAC739a1e05F4a05a5B8fD93D332c4353E5A7cD}: cortex::pipeline: Pipeline started elapsed_ms=0
2026-04-05T14:34:57.698585Z  INFO ThreadId(18) pipeline{execution_id=525d538b-d54e-4efe-967d-bf025d291fc1 chain_id=42161 from_address=0x8AfE43fF49EBd5c4B8Cd1497ee77b437dd1711fc}: cortex::pipeline: Pipeline started elapsed_ms=0
2026-04-05T14:34:57.698607Z  INFO ThreadId(14) pipeline{execution_id=9cd976d5-1804-4927-a75c-02035d91bfd9 chain_id=137 from_address=0x8b172F820629b14cEAF859A6e159d1BcD3291Fe1}: cortex::pipeline: Pipeline started elapsed_ms=0
2026-04-05T14:34:57.698608Z  INFO ThreadId(12) pipeline{execution_id=370dc8da-5091-4276-8064-a4e735b8a206 chain_id=1 from_address=0xCFA80F1f22b0AD533F7d8e2CcC0A783aa4BCaFF3}: cortex::pipeline: Pipeline started elapsed_ms=0
2026-04-05T14:34:57.698606Z  INFO ThreadId(04) lobby::server::handler: transaction submission accepted execution_id=1adf1587-313c-4872-a5fb-ce9ece0a34c7 from=0x2EAC739a1e05F4a05a5B8fD93D332c4353E5A7cD chain_id=137
2026-04-05T14:34:57.698618Z  INFO ThreadId(05) pipeline{execution_id=d14a56c9-35c5-45df-abf3-a59d2c674975 chain_id=42161 from_address=0xCFA80F1f22b0AD533F7d8e2CcC0A783aa4BCaFF3}: cortex::pipeline: Pipeline started elapsed_ms=0
2026-04-05T14:34:57.698623Z  INFO ThreadId(10) pipeline{execution_id=26dfb0ba-231b-414d-ba2b-2684485839d2 chain_id=1 from_address=0xfea6645D31443cF7Cf96eF1dB7823EB9365f98bf}: cortex::pipeline: Pipeline started elapsed_ms=0
2026-04-05T14:34:57.698636Z  INFO ThreadId(15) pipeline{execution_id=808cd819-8444-4ac4-81d4-a07ee70e053f chain_id=137 from_address=0xCFA80F1f22b0AD533F7d8e2CcC0A783aa4BCaFF3}: cortex::pipeline: Pipeline started elapsed_ms=0
2026-04-05T14:34:57.698649Z  INFO ThreadId(07) pipeline{execution_id=5ee94608-342d-43fd-9ca1-edd8daec9b5c chain_id=1 from_address=0xCFA80F1f22b0AD533F7d8e2CcC0A783aa4BCaFF3}: cortex::pipeline: Pipeline started elapsed_ms=0
2026-04-05T14:34:57.698657Z  INFO ThreadId(18) lobby::server::handler: transaction submission accepted execution_id=75fdf190-9c84-42a9-8365-847b5515db4f from=0x8AfE43fF49EBd5c4B8Cd1497ee77b437dd1711fc chain_id=1
2026-04-05T14:34:57.698675Z  INFO ThreadId(16) lobby::server::handler: transaction submission accepted execution_id=7e4c83d6-c582-4c07-8df0-8e1773f5e642 from=0x8AfE43fF49EBd5c4B8Cd1497ee77b437dd1711fc chain_id=137
2026-04-05T14:34:57.698686Z  INFO ThreadId(10) lobby::server::handler: transaction submission accepted execution_id=399fb190-ec64-40e9-aeb7-77ce34ee534d from=0x8b172F820629b14cEAF859A6e159d1BcD3291Fe1 chain_id=42161
2026-04-05T14:34:57.698687Z  INFO ThreadId(12) lobby::server::handler: transaction submission accepted execution_id=ac259ffe-767d-4157-a4c3-c993fdcd31fa from=0xfea6645D31443cF7Cf96eF1dB7823EB9365f98bf chain_id=1
2026-04-05T14:34:57.698702Z  INFO ThreadId(09) lobby::server::handler: transaction submission accepted execution_id=46ca916b-49ce-47b5-a30e-558cf0735ba4 from=0xfea6645D31443cF7Cf96eF1dB7823EB9365f98bf chain_id=137
2026-04-05T14:34:57.698703Z  INFO ThreadId(04) pipeline{execution_id=1adf1587-313c-4872-a5fb-ce9ece0a34c7 chain_id=137 from_address=0x2EAC739a1e05F4a05a5B8fD93D332c4353E5A7cD}: cortex::pipeline: Pipeline started elapsed_ms=0
2026-04-05T14:34:57.698709Z  INFO ThreadId(17) pipeline{execution_id=305d0635-a857-4f56-bdb3-2ee0afb35fbc chain_id=42161 from_address=0xCFA80F1f22b0AD533F7d8e2CcC0A783aa4BCaFF3}: cortex::pipeline: Pipeline started elapsed_ms=0
2026-04-05T14:34:57.698757Z  INFO ThreadId(10) pipeline{execution_id=399fb190-ec64-40e9-aeb7-77ce34ee534d chain_id=42161 from_address=0x8b172F820629b14cEAF859A6e159d1BcD3291Fe1}: cortex::pipeline: Pipeline started elapsed_ms=0
2026-04-05T14:34:57.698758Z  INFO ThreadId(13) pipeline{execution_id=cdc57cee-e0f3-4c39-b510-6e3720da26b9 chain_id=1 from_address=0xCFA80F1f22b0AD533F7d8e2CcC0A783aa4BCaFF3}: cortex::pipeline: Pipeline started elapsed_ms=0
2026-04-05T14:34:57.698785Z  INFO ThreadId(05) lobby::server::handler: transaction submission accepted execution_id=41dbdd74-4f54-4755-a0f7-4bb4b154d04e from=0x8b172F820629b14cEAF859A6e159d1BcD3291Fe1 chain_id=42161
2026-04-05T14:34:57.698786Z  INFO ThreadId(12) pipeline{execution_id=ac259ffe-767d-4157-a4c3-c993fdcd31fa chain_id=1 from_address=0xfea6645D31443cF7Cf96eF1dB7823EB9365f98bf}: cortex::pipeline: Pipeline started elapsed_ms=0
2026-04-05T14:34:57.698798Z  INFO ThreadId(11) pipeline{execution_id=a5fc3ad6-0c6e-4467-bdb0-dc7d4ee52933 chain_id=137 from_address=0xfea6645D31443cF7Cf96eF1dB7823EB9365f98bf}: cortex::pipeline: Pipeline started elapsed_ms=0
2026-04-05T14:34:57.698816Z  INFO ThreadId(10) lobby::server::handler: transaction submission accepted execution_id=ea2ddc1d-0dbe-463f-8d59-e66a09d2de46 from=0x8AfE43fF49EBd5c4B8Cd1497ee77b437dd1711fc chain_id=137
2026-04-05T14:34:57.698833Z  INFO ThreadId(13) lobby::server::handler: transaction submission accepted execution_id=c09775c6-1b1e-4903-9238-f30354701c95 from=0xfea6645D31443cF7Cf96eF1dB7823EB9365f98bf chain_id=42161
2026-04-05T14:34:57.698882Z  INFO ThreadId(09) pipeline{execution_id=46ca916b-49ce-47b5-a30e-558cf0735ba4 chain_id=137 from_address=0xfea6645D31443cF7Cf96eF1dB7823EB9365f98bf}: cortex::pipeline: Pipeline started elapsed_ms=0
2026-04-05T14:34:57.698884Z  INFO ThreadId(10) pipeline{execution_id=ea2ddc1d-0dbe-463f-8d59-e66a09d2de46 chain_id=137 from_address=0x8AfE43fF49EBd5c4B8Cd1497ee77b437dd1711fc}: cortex::pipeline: Pipeline started elapsed_ms=0
2026-04-05T14:34:57.698884Z  INFO ThreadId(18) pipeline{execution_id=75fdf190-9c84-42a9-8365-847b5515db4f chain_id=1 from_address=0x8AfE43fF49EBd5c4B8Cd1497ee77b437dd1711fc}: cortex::pipeline: Pipeline started elapsed_ms=0
2026-04-05T14:34:57.698909Z  INFO ThreadId(13) pipeline{execution_id=c09775c6-1b1e-4903-9238-f30354701c95 chain_id=42161 from_address=0xfea6645D31443cF7Cf96eF1dB7823EB9365f98bf}: cortex::pipeline: Pipeline started elapsed_ms=0
2026-04-05T14:34:57.698937Z  INFO ThreadId(10) lobby::server::handler: transaction submission accepted execution_id=da00a99a-ef13-41fd-b2cd-ff879283b099 from=0xfea6645D31443cF7Cf96eF1dB7823EB9365f98bf chain_id=137
2026-04-05T14:34:57.698942Z  INFO ThreadId(09) lobby::server::handler: transaction submission accepted execution_id=cc171be9-0039-42c7-9d1d-86d09f983a24 from=0x8b172F820629b14cEAF859A6e159d1BcD3291Fe1 chain_id=137
2026-04-05T14:34:57.698958Z  INFO ThreadId(06) lobby::server::handler: transaction submission accepted execution_id=497643eb-a624-4ca9-b049-49fb96e141a2 from=0x8b172F820629b14cEAF859A6e159d1BcD3291Fe1 chain_id=137
2026-04-05T14:34:57.698959Z  INFO ThreadId(11) lobby::server::handler: transaction submission accepted execution_id=5421506a-b950-4733-9bfc-846613469acc from=0x2EAC739a1e05F4a05a5B8fD93D332c4353E5A7cD chain_id=137
2026-04-05T14:34:57.698981Z  INFO ThreadId(14) lobby::server::handler: transaction submission accepted execution_id=374d67c7-f551-477a-a859-5030b49c4b8e from=0x2EAC739a1e05F4a05a5B8fD93D332c4353E5A7cD chain_id=137
2026-04-05T14:34:57.698989Z  INFO ThreadId(18) lobby::server::handler: transaction submission accepted execution_id=c4167fc8-574f-4527-befb-fd254df88b2a from=0xCFA80F1f22b0AD533F7d8e2CcC0A783aa4BCaFF3 chain_id=1
2026-04-05T14:34:57.699009Z  INFO ThreadId(12) lobby::server::handler: transaction submission accepted execution_id=7cce9c7e-fe39-48c9-9ed8-ee601a29805d from=0xfea6645D31443cF7Cf96eF1dB7823EB9365f98bf chain_id=1
2026-04-05T14:34:57.699011Z  INFO ThreadId(17) lobby::server::handler: transaction submission accepted execution_id=954c0d14-4806-445d-9ff1-3ba8b4cfc1c4 from=0x8b172F820629b14cEAF859A6e159d1BcD3291Fe1 chain_id=42161
2026-04-05T14:34:57.699020Z  INFO ThreadId(03) lobby::server::handler: transaction submission accepted execution_id=d342c4f1-33a9-4f86-9a31-fa6687907e5a from=0xCFA80F1f22b0AD533F7d8e2CcC0A783aa4BCaFF3 chain_id=42161
2026-04-05T14:34:57.699028Z  INFO ThreadId(15) lobby::server::handler: transaction submission accepted execution_id=bd388ee7-19fa-448d-8516-ebc360f051b7 from=0xfea6645D31443cF7Cf96eF1dB7823EB9365f98bf chain_id=1
2026-04-05T14:34:57.699039Z  INFO ThreadId(04) lobby::server::handler: transaction submission accepted execution_id=0e7cad4b-08b0-4e3c-9fc1-974a879bbb34 from=0xfea6645D31443cF7Cf96eF1dB7823EB9365f98bf chain_id=137
2026-04-05T14:34:57.699045Z  INFO ThreadId(14) pipeline{execution_id=374d67c7-f551-477a-a859-5030b49c4b8e chain_id=137 from_address=0x2EAC739a1e05F4a05a5B8fD93D332c4353E5A7cD}: cortex::pipeline: Pipeline started elapsed_ms=0
2026-04-05T14:34:57.699066Z  INFO ThreadId(05) pipeline{execution_id=41dbdd74-4f54-4755-a0f7-4bb4b154d04e chain_id=42161 from_address=0x8b172F820629b14cEAF859A6e159d1BcD3291Fe1}: cortex::pipeline: Pipeline started elapsed_ms=0
2026-04-05T14:34:57.699076Z  INFO ThreadId(07) lobby::server::handler: transaction submission accepted execution_id=f4bc7a7f-2004-4dda-b7fa-97a7ce795047 from=0xfea6645D31443cF7Cf96eF1dB7823EB9365f98bf chain_id=42161
2026-04-05T14:34:57.699093Z  INFO ThreadId(06) pipeline{execution_id=497643eb-a624-4ca9-b049-49fb96e141a2 chain_id=137 from_address=0x8b172F820629b14cEAF859A6e159d1BcD3291Fe1}: cortex::pipeline: Pipeline started elapsed_ms=0
2026-04-05T14:34:57.699094Z  INFO ThreadId(15) pipeline{execution_id=bd388ee7-19fa-448d-8516-ebc360f051b7 chain_id=1 from_address=0xfea6645D31443cF7Cf96eF1dB7823EB9365f98bf}: cortex::pipeline: Pipeline started elapsed_ms=0
2026-04-05T14:34:57.699097Z  INFO ThreadId(04) pipeline{execution_id=0e7cad4b-08b0-4e3c-9fc1-974a879bbb34 chain_id=137 from_address=0xfea6645D31443cF7Cf96eF1dB7823EB9365f98bf}: cortex::pipeline: Pipeline started elapsed_ms=0
2026-04-05T14:34:57.699130Z  INFO ThreadId(18) pipeline{execution_id=c4167fc8-574f-4527-befb-fd254df88b2a chain_id=1 from_address=0xCFA80F1f22b0AD533F7d8e2CcC0A783aa4BCaFF3}: cortex::pipeline: Pipeline started elapsed_ms=0
2026-04-05T14:34:57.699125Z  INFO ThreadId(08) lobby::server::handler: transaction submission accepted execution_id=85ad8b44-e02a-43e0-8d4e-f2b60a6e8db0 from=0xfea6645D31443cF7Cf96eF1dB7823EB9365f98bf chain_id=42161
2026-04-05T14:34:57.699140Z  INFO ThreadId(17) pipeline{execution_id=954c0d14-4806-445d-9ff1-3ba8b4cfc1c4 chain_id=42161 from_address=0x8b172F820629b14cEAF859A6e159d1BcD3291Fe1}: cortex::pipeline: Pipeline started elapsed_ms=0
2026-04-05T14:34:57.699141Z  INFO ThreadId(14) lobby::server::handler: transaction submission accepted execution_id=76ec9c7b-80a1-4bd0-9102-e6325afd8efc from=0xfea6645D31443cF7Cf96eF1dB7823EB9365f98bf chain_id=42161
2026-04-05T14:34:57.699146Z  INFO ThreadId(03) pipeline{execution_id=d342c4f1-33a9-4f86-9a31-fa6687907e5a chain_id=42161 from_address=0xCFA80F1f22b0AD533F7d8e2CcC0A783aa4BCaFF3}: cortex::pipeline: Pipeline started elapsed_ms=0
2026-04-05T14:34:57.699189Z  INFO ThreadId(16) pipeline{execution_id=7e4c83d6-c582-4c07-8df0-8e1773f5e642 chain_id=137 from_address=0x8AfE43fF49EBd5c4B8Cd1497ee77b437dd1711fc}: cortex::pipeline: Pipeline started elapsed_ms=0
2026-04-05T14:34:57.699188Z  INFO ThreadId(15) lobby::server::handler: transaction submission accepted execution_id=a3d62bc5-0eac-45cd-8712-d48d721ad6c9 from=0xfea6645D31443cF7Cf96eF1dB7823EB9365f98bf chain_id=1
2026-04-05T14:34:57.699201Z  INFO ThreadId(14) pipeline{execution_id=76ec9c7b-80a1-4bd0-9102-e6325afd8efc chain_id=42161 from_address=0xfea6645D31443cF7Cf96eF1dB7823EB9365f98bf}: cortex::pipeline: Pipeline started elapsed_ms=0
2026-04-05T14:34:57.699211Z  INFO ThreadId(08) pipeline{execution_id=85ad8b44-e02a-43e0-8d4e-f2b60a6e8db0 chain_id=42161 from_address=0xfea6645D31443cF7Cf96eF1dB7823EB9365f98bf}: cortex::pipeline: Pipeline started elapsed_ms=0
2026-04-05T14:34:57.699228Z  INFO ThreadId(05) lobby::server::handler: transaction submission accepted execution_id=cd995919-ec9e-48bf-a4ba-6573f299e74d from=0x8b172F820629b14cEAF859A6e159d1BcD3291Fe1 chain_id=42161
2026-04-05T14:34:57.699270Z  INFO ThreadId(15) pipeline{execution_id=a3d62bc5-0eac-45cd-8712-d48d721ad6c9 chain_id=1 from_address=0xfea6645D31443cF7Cf96eF1dB7823EB9365f98bf}: cortex::pipeline: Pipeline started elapsed_ms=0
2026-04-05T14:34:57.699278Z  INFO ThreadId(05) pipeline{execution_id=cd995919-ec9e-48bf-a4ba-6573f299e74d chain_id=42161 from_address=0x8b172F820629b14cEAF859A6e159d1BcD3291Fe1}: cortex::pipeline: Pipeline started elapsed_ms=0
2026-04-05T14:34:57.699282Z  INFO ThreadId(07) pipeline{execution_id=f4bc7a7f-2004-4dda-b7fa-97a7ce795047 chain_id=42161 from_address=0xfea6645D31443cF7Cf96eF1dB7823EB9365f98bf}: cortex::pipeline: Pipeline started elapsed_ms=0
2026-04-05T14:34:57.699305Z  INFO ThreadId(03) lobby::server::handler: transaction submission accepted execution_id=50e8389c-e916-4227-8f67-7d4b5f93654e from=0x2EAC739a1e05F4a05a5B8fD93D332c4353E5A7cD chain_id=137
2026-04-05T14:34:57.699344Z  INFO ThreadId(15) lobby::server::handler: transaction submission accepted execution_id=010ed797-e678-4bcb-902b-5b0d385ec0ca from=0xCFA80F1f22b0AD533F7d8e2CcC0A783aa4BCaFF3 chain_id=1
2026-04-05T14:34:57.699361Z  INFO ThreadId(12) pipeline{execution_id=7cce9c7e-fe39-48c9-9ed8-ee601a29805d chain_id=1 from_address=0xfea6645D31443cF7Cf96eF1dB7823EB9365f98bf}: cortex::pipeline: Pipeline started elapsed_ms=0
2026-04-05T14:34:57.699365Z  INFO ThreadId(08) lobby::server::handler: transaction submission accepted execution_id=ebcaa24e-6d7f-488d-868b-03e275531496 from=0x2EAC739a1e05F4a05a5B8fD93D332c4353E5A7cD chain_id=1
2026-04-05T14:34:57.699367Z  INFO ThreadId(05) lobby::server::handler: transaction submission accepted execution_id=77b47146-431c-4309-a1c1-310092798f4f from=0x8AfE43fF49EBd5c4B8Cd1497ee77b437dd1711fc chain_id=137
2026-04-05T14:34:57.699368Z  INFO ThreadId(13) lobby::server::handler: transaction submission accepted execution_id=9ee86137-207a-46b5-9124-6ba474cb2198 from=0x8b172F820629b14cEAF859A6e159d1BcD3291Fe1 chain_id=137
2026-04-05T14:34:57.699370Z  INFO ThreadId(17) lobby::server::handler: transaction submission accepted execution_id=b2730545-5cc9-4cc3-b624-af26abf00b4f from=0x2EAC739a1e05F4a05a5B8fD93D332c4353E5A7cD chain_id=1
2026-04-05T14:34:57.699382Z  INFO ThreadId(06) lobby::server::handler: transaction submission accepted execution_id=c2ee9171-b4f4-4e28-9f06-aea64e8351c2 from=0x8b172F820629b14cEAF859A6e159d1BcD3291Fe1 chain_id=1
2026-04-05T14:34:57.699397Z  INFO ThreadId(11) pipeline{execution_id=5421506a-b950-4733-9bfc-846613469acc chain_id=137 from_address=0x2EAC739a1e05F4a05a5B8fD93D332c4353E5A7cD}: cortex::pipeline: Pipeline started elapsed_ms=0
2026-04-05T14:34:57.699440Z  INFO ThreadId(15) pipeline{execution_id=010ed797-e678-4bcb-902b-5b0d385ec0ca chain_id=1 from_address=0xCFA80F1f22b0AD533F7d8e2CcC0A783aa4BCaFF3}: cortex::pipeline: Pipeline started elapsed_ms=0
2026-04-05T14:34:57.699448Z  INFO ThreadId(08) pipeline{execution_id=ebcaa24e-6d7f-488d-868b-03e275531496 chain_id=1 from_address=0x2EAC739a1e05F4a05a5B8fD93D332c4353E5A7cD}: cortex::pipeline: Pipeline started elapsed_ms=0
2026-04-05T14:34:57.699457Z  INFO ThreadId(03) pipeline{execution_id=50e8389c-e916-4227-8f67-7d4b5f93654e chain_id=137 from_address=0x2EAC739a1e05F4a05a5B8fD93D332c4353E5A7cD}: cortex::pipeline: Pipeline started elapsed_ms=0
2026-04-05T14:34:57.699460Z  INFO ThreadId(09) pipeline{execution_id=cc171be9-0039-42c7-9d1d-86d09f983a24 chain_id=137 from_address=0x8b172F820629b14cEAF859A6e159d1BcD3291Fe1}: cortex::pipeline: Pipeline started elapsed_ms=0
2026-04-05T14:34:57.699463Z  INFO ThreadId(13) pipeline{execution_id=9ee86137-207a-46b5-9124-6ba474cb2198 chain_id=137 from_address=0x8b172F820629b14cEAF859A6e159d1BcD3291Fe1}: cortex::pipeline: Pipeline started elapsed_ms=0
2026-04-05T14:34:57.699491Z  INFO ThreadId(04) lobby::server::handler: transaction submission accepted execution_id=46f06d09-2e71-4bf7-9364-f1df703287f9 from=0xCFA80F1f22b0AD533F7d8e2CcC0A783aa4BCaFF3 chain_id=1
2026-04-05T14:34:57.699491Z  INFO ThreadId(16) lobby::server::handler: transaction submission accepted execution_id=bb68ef05-fdce-4949-a10e-fd2cb6f97cb2 from=0x8b172F820629b14cEAF859A6e159d1BcD3291Fe1 chain_id=137
2026-04-05T14:34:57.699497Z  INFO ThreadId(18) lobby::server::handler: transaction submission accepted execution_id=fe8b180e-480d-4a33-9ed6-eb99b1806f1e from=0x8AfE43fF49EBd5c4B8Cd1497ee77b437dd1711fc chain_id=42161
2026-04-05T14:34:57.699533Z  INFO ThreadId(09) lobby::server::handler: transaction submission accepted execution_id=07dd9f3c-1df4-4dfe-a395-289b0ab47724 from=0x8b172F820629b14cEAF859A6e159d1BcD3291Fe1 chain_id=42161
2026-04-05T14:34:57.699553Z  INFO ThreadId(16) pipeline{execution_id=bb68ef05-fdce-4949-a10e-fd2cb6f97cb2 chain_id=137 from_address=0x8b172F820629b14cEAF859A6e159d1BcD3291Fe1}: cortex::pipeline: Pipeline started elapsed_ms=0
2026-04-05T14:34:57.699555Z  INFO ThreadId(10) pipeline{execution_id=da00a99a-ef13-41fd-b2cd-ff879283b099 chain_id=137 from_address=0xfea6645D31443cF7Cf96eF1dB7823EB9365f98bf}: cortex::pipeline: Pipeline started elapsed_ms=0
2026-04-05T14:34:57.699555Z  INFO ThreadId(08) lobby::server::handler: transaction submission accepted execution_id=92c91efa-91ed-424b-b523-2fd712a6f193 from=0x8AfE43fF49EBd5c4B8Cd1497ee77b437dd1711fc chain_id=137
2026-04-05T14:34:57.699561Z  INFO ThreadId(07) lobby::server::handler: transaction submission accepted execution_id=4e00c204-188d-42b1-8365-a668a376edb6 from=0xfea6645D31443cF7Cf96eF1dB7823EB9365f98bf chain_id=42161
2026-04-05T14:34:57.699563Z  INFO ThreadId(17) pipeline{execution_id=b2730545-5cc9-4cc3-b624-af26abf00b4f chain_id=1 from_address=0x2EAC739a1e05F4a05a5B8fD93D332c4353E5A7cD}: cortex::pipeline: Pipeline started elapsed_ms=0
2026-04-05T14:34:57.699592Z  INFO ThreadId(09) pipeline{execution_id=07dd9f3c-1df4-4dfe-a395-289b0ab47724 chain_id=42161 from_address=0x8b172F820629b14cEAF859A6e159d1BcD3291Fe1}: cortex::pipeline: Pipeline started elapsed_ms=0
2026-04-05T14:34:57.699610Z  INFO ThreadId(07) pipeline{execution_id=4e00c204-188d-42b1-8365-a668a376edb6 chain_id=42161 from_address=0xfea6645D31443cF7Cf96eF1dB7823EB9365f98bf}: cortex::pipeline: Pipeline started elapsed_ms=0
2026-04-05T14:34:57.699621Z  INFO ThreadId(08) pipeline{execution_id=92c91efa-91ed-424b-b523-2fd712a6f193 chain_id=137 from_address=0x8AfE43fF49EBd5c4B8Cd1497ee77b437dd1711fc}: cortex::pipeline: Pipeline started elapsed_ms=0
2026-04-05T14:34:57.699662Z  INFO ThreadId(08) lobby::server::handler: transaction submission accepted execution_id=b774fc6d-2136-4977-8b99-daa837cce924 from=0x8AfE43fF49EBd5c4B8Cd1497ee77b437dd1711fc chain_id=137
2026-04-05T14:34:57.699680Z  INFO ThreadId(06) pipeline{execution_id=c2ee9171-b4f4-4e28-9f06-aea64e8351c2 chain_id=1 from_address=0x8b172F820629b14cEAF859A6e159d1BcD3291Fe1}: cortex::pipeline: Pipeline started elapsed_ms=0
2026-04-05T14:34:57.699702Z  INFO ThreadId(10) lobby::server::handler: transaction submission accepted execution_id=5c8087c5-f67d-4457-ad37-c76f274b7ce2 from=0xCFA80F1f22b0AD533F7d8e2CcC0A783aa4BCaFF3 chain_id=1
2026-04-05T14:34:57.699702Z  INFO ThreadId(11) lobby::server::handler: transaction submission accepted execution_id=84d5a456-5bd4-4b76-b304-a8c34ba3ec8f from=0x2EAC739a1e05F4a05a5B8fD93D332c4353E5A7cD chain_id=1
2026-04-05T14:34:57.699706Z  INFO ThreadId(07) lobby::server::handler: transaction submission accepted execution_id=7a6ce361-6fdd-43ac-85a8-2cbb3c3d9b1a from=0x8b172F820629b14cEAF859A6e159d1BcD3291Fe1 chain_id=42161
2026-04-05T14:34:57.699720Z  INFO ThreadId(08) pipeline{execution_id=b774fc6d-2136-4977-8b99-daa837cce924 chain_id=137 from_address=0x8AfE43fF49EBd5c4B8Cd1497ee77b437dd1711fc}: cortex::pipeline: Pipeline started elapsed_ms=0
2026-04-05T14:34:57.699732Z  INFO ThreadId(14) lobby::server::handler: transaction submission accepted execution_id=2b743e0c-d79a-4e5e-be2b-20a7cc211736 from=0xfea6645D31443cF7Cf96eF1dB7823EB9365f98bf chain_id=137
2026-04-05T14:34:57.699764Z  INFO ThreadId(07) pipeline{execution_id=7a6ce361-6fdd-43ac-85a8-2cbb3c3d9b1a chain_id=42161 from_address=0x8b172F820629b14cEAF859A6e159d1BcD3291Fe1}: cortex::pipeline: Pipeline started elapsed_ms=0
2026-04-05T14:34:57.699764Z  INFO ThreadId(11) pipeline{execution_id=84d5a456-5bd4-4b76-b304-a8c34ba3ec8f chain_id=1 from_address=0x2EAC739a1e05F4a05a5B8fD93D332c4353E5A7cD}: cortex::pipeline: Pipeline started elapsed_ms=0
2026-04-05T14:34:57.699764Z  INFO ThreadId(10) pipeline{execution_id=5c8087c5-f67d-4457-ad37-c76f274b7ce2 chain_id=1 from_address=0xCFA80F1f22b0AD533F7d8e2CcC0A783aa4BCaFF3}: cortex::pipeline: Pipeline started elapsed_ms=0
2026-04-05T14:34:57.699784Z  INFO ThreadId(04) pipeline{execution_id=46f06d09-2e71-4bf7-9364-f1df703287f9 chain_id=1 from_address=0xCFA80F1f22b0AD533F7d8e2CcC0A783aa4BCaFF3}: cortex::pipeline: Pipeline started elapsed_ms=0
2026-04-05T14:34:57.699787Z  INFO ThreadId(14) pipeline{execution_id=2b743e0c-d79a-4e5e-be2b-20a7cc211736 chain_id=137 from_address=0xfea6645D31443cF7Cf96eF1dB7823EB9365f98bf}: cortex::pipeline: Pipeline started elapsed_ms=0
2026-04-05T14:34:57.699805Z  INFO ThreadId(07) lobby::server::handler: transaction submission accepted execution_id=468cc092-3bb5-4dfc-866d-c9a255770c56 from=0xfea6645D31443cF7Cf96eF1dB7823EB9365f98bf chain_id=1
2026-04-05T14:34:57.699811Z  INFO ThreadId(11) lobby::server::handler: transaction submission accepted execution_id=6778b9b7-fb6d-4887-ac51-d3494a72bb75 from=0x8b172F820629b14cEAF859A6e159d1BcD3291Fe1 chain_id=1
2026-04-05T14:34:57.699820Z  INFO ThreadId(04) lobby::server::handler: transaction submission accepted execution_id=e3f07370-3f92-4427-a314-fd8065876d47 from=0x8AfE43fF49EBd5c4B8Cd1497ee77b437dd1711fc chain_id=42161
2026-04-05T14:34:57.699822Z  INFO ThreadId(09) lobby::server::handler: transaction submission accepted execution_id=16053a8b-3288-4549-9ddf-164f16dcab38 from=0x2EAC739a1e05F4a05a5B8fD93D332c4353E5A7cD chain_id=137
2026-04-05T14:34:57.699832Z  INFO ThreadId(06) lobby::server::handler: transaction submission accepted execution_id=12077b33-8f37-4efc-9945-48c038d20815 from=0x8AfE43fF49EBd5c4B8Cd1497ee77b437dd1711fc chain_id=137
2026-04-05T14:34:57.699848Z  INFO ThreadId(14) lobby::server::handler: transaction submission accepted execution_id=d67fba38-e1c8-4bb5-801e-2306582bfe0a from=0x8b172F820629b14cEAF859A6e159d1BcD3291Fe1 chain_id=42161
2026-04-05T14:34:57.699862Z  INFO ThreadId(04) pipeline{execution_id=e3f07370-3f92-4427-a314-fd8065876d47 chain_id=42161 from_address=0x8AfE43fF49EBd5c4B8Cd1497ee77b437dd1711fc}: cortex::pipeline: Pipeline started elapsed_ms=0
2026-04-05T14:34:57.699862Z  INFO ThreadId(11) pipeline{execution_id=6778b9b7-fb6d-4887-ac51-d3494a72bb75 chain_id=1 from_address=0x8b172F820629b14cEAF859A6e159d1BcD3291Fe1}: cortex::pipeline: Pipeline started elapsed_ms=0
2026-04-05T14:34:57.699864Z  INFO ThreadId(16) lobby::server::handler: transaction submission accepted execution_id=55f4ddca-e60c-4fba-9812-c7e8736ba0d4 from=0xCFA80F1f22b0AD533F7d8e2CcC0A783aa4BCaFF3 chain_id=1
2026-04-05T14:34:57.699864Z  INFO ThreadId(07) pipeline{execution_id=468cc092-3bb5-4dfc-866d-c9a255770c56 chain_id=1 from_address=0xfea6645D31443cF7Cf96eF1dB7823EB9365f98bf}: cortex::pipeline: Pipeline started elapsed_ms=0
2026-04-05T14:34:57.699887Z  INFO ThreadId(10) lobby::server::handler: transaction submission accepted execution_id=8b6a6f2d-0a3b-4058-81c8-cc567f8e2655 from=0xCFA80F1f22b0AD533F7d8e2CcC0A783aa4BCaFF3 chain_id=42161
2026-04-05T14:34:57.699906Z  INFO ThreadId(13) lobby::server::handler: transaction submission accepted execution_id=c956483d-ca44-4224-8261-859ce32d1806 from=0x2EAC739a1e05F4a05a5B8fD93D332c4353E5A7cD chain_id=1
2026-04-05T14:34:57.699493Z  INFO ThreadId(15) lobby::server::handler: transaction submission accepted execution_id=99e3c0eb-b1e6-4f94-9683-f69dfbfbe266 from=0xfea6645D31443cF7Cf96eF1dB7823EB9365f98bf chain_id=1
2026-04-05T14:34:57.699928Z  INFO ThreadId(03) lobby::server::handler: transaction submission accepted execution_id=babdb45e-854c-4198-9004-07d296a566e6 from=0x8b172F820629b14cEAF859A6e159d1BcD3291Fe1 chain_id=137
2026-04-05T14:34:57.699975Z  INFO ThreadId(13) pipeline{execution_id=c956483d-ca44-4224-8261-859ce32d1806 chain_id=1 from_address=0x2EAC739a1e05F4a05a5B8fD93D332c4353E5A7cD}: cortex::pipeline: Pipeline started elapsed_ms=0
2026-04-05T14:34:57.699975Z  INFO ThreadId(09) pipeline{execution_id=16053a8b-3288-4549-9ddf-164f16dcab38 chain_id=137 from_address=0x2EAC739a1e05F4a05a5B8fD93D332c4353E5A7cD}: cortex::pipeline: Pipeline started elapsed_ms=0
2026-04-05T14:34:57.699985Z  INFO ThreadId(15) pipeline{execution_id=99e3c0eb-b1e6-4f94-9683-f69dfbfbe266 chain_id=1 from_address=0xfea6645D31443cF7Cf96eF1dB7823EB9365f98bf}: cortex::pipeline: Pipeline started elapsed_ms=0
2026-04-05T14:34:57.699993Z  INFO ThreadId(17) lobby::server::handler: transaction submission accepted execution_id=a5645a6d-d84d-491a-9ea4-26035351a6c8 from=0x8AfE43fF49EBd5c4B8Cd1497ee77b437dd1711fc chain_id=137
2026-04-05T14:34:57.699998Z  INFO ThreadId(03) pipeline{execution_id=babdb45e-854c-4198-9004-07d296a566e6 chain_id=137 from_address=0x8b172F820629b14cEAF859A6e159d1BcD3291Fe1}: cortex::pipeline: Pipeline started elapsed_ms=0
2026-04-05T14:34:57.699998Z  INFO ThreadId(05) pipeline{execution_id=77b47146-431c-4309-a1c1-310092798f4f chain_id=137 from_address=0x8AfE43fF49EBd5c4B8Cd1497ee77b437dd1711fc}: cortex::pipeline: Pipeline started elapsed_ms=0
2026-04-05T14:34:57.700040Z  INFO ThreadId(13) lobby::server::handler: transaction submission accepted execution_id=860bc43f-358a-411a-83ad-9e2e6387013d from=0x8AfE43fF49EBd5c4B8Cd1497ee77b437dd1711fc chain_id=42161
2026-04-05T14:34:57.700046Z  INFO ThreadId(15) lobby::server::handler: transaction submission accepted execution_id=7406e18e-97ef-4213-83cd-609d9f90d795 from=0xfea6645D31443cF7Cf96eF1dB7823EB9365f98bf chain_id=42161
2026-04-05T14:34:57.700052Z  INFO ThreadId(18) pipeline{execution_id=fe8b180e-480d-4a33-9ed6-eb99b1806f1e chain_id=42161 from_address=0x8AfE43fF49EBd5c4B8Cd1497ee77b437dd1711fc}: cortex::pipeline: Pipeline started elapsed_ms=0
2026-04-05T14:34:57.700062Z  INFO ThreadId(17) pipeline{execution_id=a5645a6d-d84d-491a-9ea4-26035351a6c8 chain_id=137 from_address=0x8AfE43fF49EBd5c4B8Cd1497ee77b437dd1711fc}: cortex::pipeline: Pipeline started elapsed_ms=0
2026-04-05T14:34:57.700054Z  INFO ThreadId(11) lobby::server::handler: transaction submission accepted execution_id=ae3583fd-9f29-4ead-b283-0f08afe1f7c0 from=0x8AfE43fF49EBd5c4B8Cd1497ee77b437dd1711fc chain_id=1
2026-04-05T14:34:57.700097Z  INFO ThreadId(13) pipeline{execution_id=860bc43f-358a-411a-83ad-9e2e6387013d chain_id=42161 from_address=0x8AfE43fF49EBd5c4B8Cd1497ee77b437dd1711fc}: cortex::pipeline: Pipeline started elapsed_ms=0
2026-04-05T14:34:57.700106Z  INFO ThreadId(17) lobby::server::handler: transaction submission accepted execution_id=132d3e07-554a-4733-9de2-6450bb41b291 from=0x8AfE43fF49EBd5c4B8Cd1497ee77b437dd1711fc chain_id=1
2026-04-05T14:34:57.700108Z  INFO ThreadId(15) pipeline{execution_id=7406e18e-97ef-4213-83cd-609d9f90d795 chain_id=42161 from_address=0xfea6645D31443cF7Cf96eF1dB7823EB9365f98bf}: cortex::pipeline: Pipeline started elapsed_ms=0
2026-04-05T14:34:57.700117Z  INFO ThreadId(16) pipeline{execution_id=55f4ddca-e60c-4fba-9812-c7e8736ba0d4 chain_id=1 from_address=0xCFA80F1f22b0AD533F7d8e2CcC0A783aa4BCaFF3}: cortex::pipeline: Pipeline started elapsed_ms=0
2026-04-05T14:34:57.700143Z  INFO ThreadId(13) lobby::server::handler: transaction submission accepted execution_id=bc5fd64b-f16e-4419-8d6e-c26734d903cf from=0x8AfE43fF49EBd5c4B8Cd1497ee77b437dd1711fc chain_id=1
2026-04-05T14:34:57.700145Z  INFO ThreadId(14) pipeline{execution_id=d67fba38-e1c8-4bb5-801e-2306582bfe0a chain_id=42161 from_address=0x8b172F820629b14cEAF859A6e159d1BcD3291Fe1}: cortex::pipeline: Pipeline started elapsed_ms=0
2026-04-05T14:34:57.700144Z  INFO ThreadId(12) lobby::server::handler: transaction submission accepted execution_id=156803f0-2566-4272-a0b3-4d09baad2753 from=0xfea6645D31443cF7Cf96eF1dB7823EB9365f98bf chain_id=42161
2026-04-05T14:34:57.700148Z  INFO ThreadId(09) lobby::server::handler: transaction submission accepted execution_id=9f6719b7-4c6f-4298-948d-c88b137e3a12 from=0x8AfE43fF49EBd5c4B8Cd1497ee77b437dd1711fc chain_id=1
2026-04-05T14:34:57.700186Z  INFO ThreadId(04) lobby::server::handler: transaction submission accepted execution_id=cc231a16-5899-418a-be0b-f8ba1d7c0803 from=0x2EAC739a1e05F4a05a5B8fD93D332c4353E5A7cD chain_id=1
2026-04-05T14:34:57.700194Z  INFO ThreadId(08) lobby::server::handler: transaction submission accepted execution_id=cedc7ce1-a1a0-4dd8-af8e-8eb1fd8136cc from=0xfea6645D31443cF7Cf96eF1dB7823EB9365f98bf chain_id=42161
2026-04-05T14:34:57.700209Z  INFO ThreadId(06) pipeline{execution_id=12077b33-8f37-4efc-9945-48c038d20815 chain_id=137 from_address=0x8AfE43fF49EBd5c4B8Cd1497ee77b437dd1711fc}: cortex::pipeline: Pipeline started elapsed_ms=0
2026-04-05T14:34:57.700217Z  INFO ThreadId(14) lobby::server::handler: transaction submission accepted execution_id=68266553-17d9-40a9-a254-35e0676e0a87 from=0x8AfE43fF49EBd5c4B8Cd1497ee77b437dd1711fc chain_id=137
2026-04-05T14:34:57.700223Z  INFO ThreadId(09) pipeline{execution_id=9f6719b7-4c6f-4298-948d-c88b137e3a12 chain_id=1 from_address=0x8AfE43fF49EBd5c4B8Cd1497ee77b437dd1711fc}: cortex::pipeline: Pipeline started elapsed_ms=0
2026-04-05T14:34:57.700229Z  INFO ThreadId(17) pipeline{execution_id=132d3e07-554a-4733-9de2-6450bb41b291 chain_id=1 from_address=0x8AfE43fF49EBd5c4B8Cd1497ee77b437dd1711fc}: cortex::pipeline: Pipeline started elapsed_ms=0
2026-04-05T14:34:57.700253Z  INFO ThreadId(05) lobby::server::handler: transaction submission accepted execution_id=de4b07ac-6e5f-4f96-a8dd-75d348c1a338 from=0x8b172F820629b14cEAF859A6e159d1BcD3291Fe1 chain_id=1
2026-04-05T14:34:57.700260Z  INFO ThreadId(08) pipeline{execution_id=cedc7ce1-a1a0-4dd8-af8e-8eb1fd8136cc chain_id=42161 from_address=0xfea6645D31443cF7Cf96eF1dB7823EB9365f98bf}: cortex::pipeline: Pipeline started elapsed_ms=0
2026-04-05T14:34:57.700260Z  INFO ThreadId(04) pipeline{execution_id=cc231a16-5899-418a-be0b-f8ba1d7c0803 chain_id=1 from_address=0x2EAC739a1e05F4a05a5B8fD93D332c4353E5A7cD}: cortex::pipeline: Pipeline started elapsed_ms=0
2026-04-05T14:34:57.700276Z  INFO ThreadId(09) lobby::server::handler: transaction submission accepted execution_id=26c027de-729c-402a-ae50-e960c4f80cb0 from=0xfea6645D31443cF7Cf96eF1dB7823EB9365f98bf chain_id=1
2026-04-05T14:34:57.700277Z  INFO ThreadId(14) pipeline{execution_id=68266553-17d9-40a9-a254-35e0676e0a87 chain_id=137 from_address=0x8AfE43fF49EBd5c4B8Cd1497ee77b437dd1711fc}: cortex::pipeline: Pipeline started elapsed_ms=0
2026-04-05T14:34:57.700290Z  INFO ThreadId(06) lobby::server::handler: transaction submission accepted execution_id=06f4991b-3784-4760-89db-bd88125150d4 from=0xfea6645D31443cF7Cf96eF1dB7823EB9365f98bf chain_id=1
2026-04-05T14:34:57.700290Z  INFO ThreadId(17) lobby::server::handler: transaction submission accepted execution_id=a9c6c9cf-77ce-4a83-89a7-5c4f0fad7508 from=0xfea6645D31443cF7Cf96eF1dB7823EB9365f98bf chain_id=137
2026-04-05T14:34:57.700323Z  INFO ThreadId(05) pipeline{execution_id=de4b07ac-6e5f-4f96-a8dd-75d348c1a338 chain_id=1 from_address=0x8b172F820629b14cEAF859A6e159d1BcD3291Fe1}: cortex::pipeline: Pipeline started elapsed_ms=0
2026-04-05T14:34:57.700325Z  INFO ThreadId(08) lobby::server::handler: transaction submission accepted execution_id=7227a85e-9067-4cf1-b625-e41f422bc247 from=0xCFA80F1f22b0AD533F7d8e2CcC0A783aa4BCaFF3 chain_id=42161
2026-04-05T14:34:57.700336Z  INFO ThreadId(09) pipeline{execution_id=26c027de-729c-402a-ae50-e960c4f80cb0 chain_id=1 from_address=0xfea6645D31443cF7Cf96eF1dB7823EB9365f98bf}: cortex::pipeline: Pipeline started elapsed_ms=0
2026-04-05T14:34:57.700344Z  INFO ThreadId(11) pipeline{execution_id=ae3583fd-9f29-4ead-b283-0f08afe1f7c0 chain_id=1 from_address=0x8AfE43fF49EBd5c4B8Cd1497ee77b437dd1711fc}: cortex::pipeline: Pipeline started elapsed_ms=0
2026-04-05T14:34:57.700355Z  INFO ThreadId(17) pipeline{execution_id=a9c6c9cf-77ce-4a83-89a7-5c4f0fad7508 chain_id=137 from_address=0xfea6645D31443cF7Cf96eF1dB7823EB9365f98bf}: cortex::pipeline: Pipeline started elapsed_ms=0
2026-04-05T14:34:57.700427Z  INFO ThreadId(15) lobby::server::handler: transaction submission accepted execution_id=7d16b2a1-86f3-4e7d-b67f-8267fc929d1e from=0xfea6645D31443cF7Cf96eF1dB7823EB9365f98bf chain_id=1
2026-04-05T14:34:57.700433Z  INFO ThreadId(16) lobby::server::handler: transaction submission accepted execution_id=4aac2b91-cb4d-490a-8af7-29432a9f2d0b from=0x8b172F820629b14cEAF859A6e159d1BcD3291Fe1 chain_id=42161
2026-04-05T14:34:57.700434Z  INFO ThreadId(18) lobby::server::handler: transaction submission accepted execution_id=629c56dc-becd-4120-8ad7-927d57e51e89 from=0xCFA80F1f22b0AD533F7d8e2CcC0A783aa4BCaFF3 chain_id=137
2026-04-05T14:34:57.700434Z  INFO ThreadId(04) lobby::server::handler: transaction submission accepted execution_id=d3a0eacb-d9ca-45be-b12f-3abab0069181 from=0x8AfE43fF49EBd5c4B8Cd1497ee77b437dd1711fc chain_id=1
2026-04-05T14:34:57.700439Z  INFO ThreadId(06) pipeline{execution_id=06f4991b-3784-4760-89db-bd88125150d4 chain_id=1 from_address=0xfea6645D31443cF7Cf96eF1dB7823EB9365f98bf}: cortex::pipeline: Pipeline started elapsed_ms=0
2026-04-05T14:34:57.700477Z  INFO ThreadId(12) pipeline{execution_id=156803f0-2566-4272-a0b3-4d09baad2753 chain_id=42161 from_address=0xfea6645D31443cF7Cf96eF1dB7823EB9365f98bf}: cortex::pipeline: Pipeline started elapsed_ms=0
2026-04-05T14:34:57.700492Z  INFO ThreadId(07) lobby::server::handler: transaction submission accepted execution_id=f280d7a9-b1e0-4c38-a1cd-1717e8ca4917 from=0xCFA80F1f22b0AD533F7d8e2CcC0A783aa4BCaFF3 chain_id=137
2026-04-05T14:34:57.700567Z  INFO ThreadId(08) pipeline{execution_id=7227a85e-9067-4cf1-b625-e41f422bc247 chain_id=42161 from_address=0xCFA80F1f22b0AD533F7d8e2CcC0A783aa4BCaFF3}: cortex::pipeline: Pipeline started elapsed_ms=0
2026-04-05T14:34:57.700585Z  INFO ThreadId(13) pipeline{execution_id=bc5fd64b-f16e-4419-8d6e-c26734d903cf chain_id=1 from_address=0x8AfE43fF49EBd5c4B8Cd1497ee77b437dd1711fc}: cortex::pipeline: Pipeline started elapsed_ms=0
2026-04-05T14:34:57.700596Z  INFO ThreadId(11) lobby::server::handler: transaction submission accepted execution_id=fb6192a7-c740-4a44-a628-921afec4611b from=0x8AfE43fF49EBd5c4B8Cd1497ee77b437dd1711fc chain_id=42161
2026-04-05T14:34:57.700623Z  INFO ThreadId(03) lobby::server::handler: transaction submission accepted execution_id=4482a52b-934f-4f19-a20c-425ba44693f8 from=0xfea6645D31443cF7Cf96eF1dB7823EB9365f98bf chain_id=1
2026-04-05T14:34:57.700641Z  INFO ThreadId(09) lobby::server::handler: transaction submission accepted execution_id=fcd00ab5-19cf-4054-bdb7-fa06768fb0de from=0xCFA80F1f22b0AD533F7d8e2CcC0A783aa4BCaFF3 chain_id=42161
2026-04-05T14:34:57.700645Z  INFO ThreadId(10) pipeline{execution_id=8b6a6f2d-0a3b-4058-81c8-cc567f8e2655 chain_id=42161 from_address=0xCFA80F1f22b0AD533F7d8e2CcC0A783aa4BCaFF3}: cortex::pipeline: Pipeline started elapsed_ms=0
2026-04-05T14:34:57.700653Z  INFO ThreadId(11) pipeline{execution_id=fb6192a7-c740-4a44-a628-921afec4611b chain_id=42161 from_address=0x8AfE43fF49EBd5c4B8Cd1497ee77b437dd1711fc}: cortex::pipeline: Pipeline started elapsed_ms=0
2026-04-05T14:34:57.700664Z  INFO ThreadId(15) pipeline{execution_id=7d16b2a1-86f3-4e7d-b67f-8267fc929d1e chain_id=1 from_address=0xfea6645D31443cF7Cf96eF1dB7823EB9365f98bf}: cortex::pipeline: Pipeline started elapsed_ms=0
2026-04-05T14:34:57.700675Z  INFO ThreadId(16) pipeline{execution_id=4aac2b91-cb4d-490a-8af7-29432a9f2d0b chain_id=42161 from_address=0x8b172F820629b14cEAF859A6e159d1BcD3291Fe1}: cortex::pipeline: Pipeline started elapsed_ms=0
2026-04-05T14:34:57.700681Z  INFO ThreadId(03) pipeline{execution_id=4482a52b-934f-4f19-a20c-425ba44693f8 chain_id=1 from_address=0xfea6645D31443cF7Cf96eF1dB7823EB9365f98bf}: cortex::pipeline: Pipeline started elapsed_ms=0
2026-04-05T14:34:57.700709Z  INFO ThreadId(09) pipeline{execution_id=fcd00ab5-19cf-4054-bdb7-fa06768fb0de chain_id=42161 from_address=0xCFA80F1f22b0AD533F7d8e2CcC0A783aa4BCaFF3}: cortex::pipeline: Pipeline started elapsed_ms=0
2026-04-05T14:34:57.700745Z  INFO ThreadId(07) pipeline{execution_id=f280d7a9-b1e0-4c38-a1cd-1717e8ca4917 chain_id=137 from_address=0xCFA80F1f22b0AD533F7d8e2CcC0A783aa4BCaFF3}: cortex::pipeline: Pipeline started elapsed_ms=0
2026-04-05T14:34:57.700779Z  INFO ThreadId(16) lobby::server::handler: transaction submission accepted execution_id=f56a3643-8756-46cc-9b1d-c880cdc7b840 from=0xfea6645D31443cF7Cf96eF1dB7823EB9365f98bf chain_id=42161
2026-04-05T14:34:57.700788Z  INFO ThreadId(14) lobby::server::handler: transaction submission accepted execution_id=a53d037a-0d06-4d83-8abf-0adb384a8025 from=0x2EAC739a1e05F4a05a5B8fD93D332c4353E5A7cD chain_id=137
2026-04-05T14:34:57.700804Z  INFO ThreadId(07) lobby::server::handler: transaction submission accepted execution_id=7f0f4ac4-8abd-4e32-9514-75701571a94f from=0xfea6645D31443cF7Cf96eF1dB7823EB9365f98bf chain_id=137
2026-04-05T14:34:57.700819Z  INFO ThreadId(13) lobby::server::handler: transaction submission accepted execution_id=70753b02-5686-41a1-a3c1-dee7683fd599 from=0xCFA80F1f22b0AD533F7d8e2CcC0A783aa4BCaFF3 chain_id=137
2026-04-05T14:34:57.700819Z  INFO ThreadId(06) lobby::server::handler: transaction submission accepted execution_id=e185cf8b-5caa-4eaa-a43a-ef70637d4c5d from=0x2EAC739a1e05F4a05a5B8fD93D332c4353E5A7cD chain_id=1
2026-04-05T14:34:57.700842Z  INFO ThreadId(16) pipeline{execution_id=f56a3643-8756-46cc-9b1d-c880cdc7b840 chain_id=42161 from_address=0xfea6645D31443cF7Cf96eF1dB7823EB9365f98bf}: cortex::pipeline: Pipeline started elapsed_ms=0
2026-04-05T14:34:57.700843Z  INFO ThreadId(14) pipeline{execution_id=a53d037a-0d06-4d83-8abf-0adb384a8025 chain_id=137 from_address=0x2EAC739a1e05F4a05a5B8fD93D332c4353E5A7cD}: cortex::pipeline: Pipeline started elapsed_ms=0
2026-04-05T14:34:57.700861Z  INFO ThreadId(07) pipeline{execution_id=7f0f4ac4-8abd-4e32-9514-75701571a94f chain_id=137 from_address=0xfea6645D31443cF7Cf96eF1dB7823EB9365f98bf}: cortex::pipeline: Pipeline started elapsed_ms=0
2026-04-05T14:34:57.700884Z  INFO ThreadId(13) pipeline{execution_id=70753b02-5686-41a1-a3c1-dee7683fd599 chain_id=137 from_address=0xCFA80F1f22b0AD533F7d8e2CcC0A783aa4BCaFF3}: cortex::pipeline: Pipeline started elapsed_ms=0
2026-04-05T14:34:57.700900Z  INFO ThreadId(16) lobby::server::handler: transaction submission accepted execution_id=6c5173a3-3f38-4d92-9192-53c932a06ec0 from=0xCFA80F1f22b0AD533F7d8e2CcC0A783aa4BCaFF3 chain_id=137
2026-04-05T14:34:57.700917Z  INFO ThreadId(14) lobby::server::handler: transaction submission accepted execution_id=40085a80-303c-4d81-86ed-9e1aec637f49 from=0x8b172F820629b14cEAF859A6e159d1BcD3291Fe1 chain_id=137
2026-04-05T14:34:57.700919Z  INFO ThreadId(17) lobby::server::handler: transaction submission accepted execution_id=a8d6e8e7-2a0c-40f3-87df-a372068bfc49 from=0xfea6645D31443cF7Cf96eF1dB7823EB9365f98bf chain_id=137
2026-04-05T14:34:57.700925Z  INFO ThreadId(10) lobby::server::handler: transaction submission accepted execution_id=b17e3878-4db4-4ea8-8986-054734347a92 from=0xfea6645D31443cF7Cf96eF1dB7823EB9365f98bf chain_id=137
2026-04-05T14:34:57.700945Z  INFO ThreadId(12) lobby::server::handler: transaction submission accepted execution_id=fcad6a53-728e-436e-81ea-3add6488fb5c from=0x8b172F820629b14cEAF859A6e159d1BcD3291Fe1 chain_id=1
2026-04-05T14:34:57.700956Z  INFO ThreadId(16) pipeline{execution_id=6c5173a3-3f38-4d92-9192-53c932a06ec0 chain_id=137 from_address=0xCFA80F1f22b0AD533F7d8e2CcC0A783aa4BCaFF3}: cortex::pipeline: Pipeline started elapsed_ms=0
2026-04-05T14:34:57.700974Z  INFO ThreadId(14) pipeline{execution_id=40085a80-303c-4d81-86ed-9e1aec637f49 chain_id=137 from_address=0x8b172F820629b14cEAF859A6e159d1BcD3291Fe1}: cortex::pipeline: Pipeline started elapsed_ms=0
2026-04-05T14:34:57.700986Z  INFO ThreadId(18) pipeline{execution_id=629c56dc-becd-4120-8ad7-927d57e51e89 chain_id=137 from_address=0xCFA80F1f22b0AD533F7d8e2CcC0A783aa4BCaFF3}: cortex::pipeline: Pipeline started elapsed_ms=0
2026-04-05T14:34:57.700989Z  INFO ThreadId(17) pipeline{execution_id=a8d6e8e7-2a0c-40f3-87df-a372068bfc49 chain_id=137 from_address=0xfea6645D31443cF7Cf96eF1dB7823EB9365f98bf}: cortex::pipeline: Pipeline started elapsed_ms=0
2026-04-05T14:34:57.700995Z  INFO ThreadId(12) pipeline{execution_id=fcad6a53-728e-436e-81ea-3add6488fb5c chain_id=1 from_address=0x8b172F820629b14cEAF859A6e159d1BcD3291Fe1}: cortex::pipeline: Pipeline started elapsed_ms=0
2026-04-05T14:34:57.701005Z  INFO ThreadId(06) pipeline{execution_id=e185cf8b-5caa-4eaa-a43a-ef70637d4c5d chain_id=1 from_address=0x2EAC739a1e05F4a05a5B8fD93D332c4353E5A7cD}: cortex::pipeline: Pipeline started elapsed_ms=0
2026-04-05T14:34:57.701019Z  INFO ThreadId(05) lobby::server::handler: transaction submission accepted execution_id=f3029369-a301-47f9-b7de-2182363dd1e2 from=0x2EAC739a1e05F4a05a5B8fD93D332c4353E5A7cD chain_id=137
2026-04-05T14:34:57.701037Z  INFO ThreadId(08) lobby::server::handler: transaction submission accepted execution_id=1eda9517-c33c-4e1a-95d8-4868eb614b3d from=0xfea6645D31443cF7Cf96eF1dB7823EB9365f98bf chain_id=42161
2026-04-05T14:34:57.701060Z  INFO ThreadId(16) lobby::server::handler: transaction submission accepted execution_id=0171e005-a1b6-4549-9e23-81119fde01d7 from=0x8b172F820629b14cEAF859A6e159d1BcD3291Fe1 chain_id=1
2026-04-05T14:34:57.701066Z  INFO ThreadId(14) lobby::server::handler: transaction submission accepted execution_id=613edf0b-392a-4092-a9ea-fa78456fc325 from=0xCFA80F1f22b0AD533F7d8e2CcC0A783aa4BCaFF3 chain_id=42161
2026-04-05T14:34:57.701075Z  INFO ThreadId(13) lobby::server::handler: transaction submission accepted execution_id=8f0ae135-8a70-4c4f-9344-321bb55e3887 from=0x8b172F820629b14cEAF859A6e159d1BcD3291Fe1 chain_id=137
2026-04-05T14:34:57.701076Z  INFO ThreadId(05) pipeline{execution_id=f3029369-a301-47f9-b7de-2182363dd1e2 chain_id=137 from_address=0x2EAC739a1e05F4a05a5B8fD93D332c4353E5A7cD}: cortex::pipeline: Pipeline started elapsed_ms=0
2026-04-05T14:34:57.701092Z  INFO ThreadId(08) pipeline{execution_id=1eda9517-c33c-4e1a-95d8-4868eb614b3d chain_id=42161 from_address=0xfea6645D31443cF7Cf96eF1dB7823EB9365f98bf}: cortex::pipeline: Pipeline started elapsed_ms=0
2026-04-05T14:34:57.701095Z  INFO ThreadId(10) pipeline{execution_id=b17e3878-4db4-4ea8-8986-054734347a92 chain_id=137 from_address=0xfea6645D31443cF7Cf96eF1dB7823EB9365f98bf}: cortex::pipeline: Pipeline started elapsed_ms=0
2026-04-05T14:34:57.701111Z  INFO ThreadId(16) pipeline{execution_id=0171e005-a1b6-4549-9e23-81119fde01d7 chain_id=1 from_address=0x8b172F820629b14cEAF859A6e159d1BcD3291Fe1}: cortex::pipeline: Pipeline started elapsed_ms=0
2026-04-05T14:34:57.701118Z  INFO ThreadId(06) lobby::server::handler: transaction submission accepted execution_id=25fe3c39-5615-47a7-8ac4-29b01910a106 from=0x8b172F820629b14cEAF859A6e159d1BcD3291Fe1 chain_id=42161
2026-04-05T14:34:57.701122Z  INFO ThreadId(14) pipeline{execution_id=613edf0b-392a-4092-a9ea-fa78456fc325 chain_id=42161 from_address=0xCFA80F1f22b0AD533F7d8e2CcC0A783aa4BCaFF3}: cortex::pipeline: Pipeline started elapsed_ms=0
2026-04-05T14:34:57.701132Z  INFO ThreadId(13) pipeline{execution_id=8f0ae135-8a70-4c4f-9344-321bb55e3887 chain_id=137 from_address=0x8b172F820629b14cEAF859A6e159d1BcD3291Fe1}: cortex::pipeline: Pipeline started elapsed_ms=0
2026-04-05T14:34:57.701181Z  INFO ThreadId(06) pipeline{execution_id=25fe3c39-5615-47a7-8ac4-29b01910a106 chain_id=42161 from_address=0x8b172F820629b14cEAF859A6e159d1BcD3291Fe1}: cortex::pipeline: Pipeline started elapsed_ms=0
2026-04-05T14:34:57.701198Z  INFO ThreadId(15) lobby::server::handler: transaction submission accepted execution_id=692eb4f6-fb67-4c77-8949-f1444a942db1 from=0xCFA80F1f22b0AD533F7d8e2CcC0A783aa4BCaFF3 chain_id=1
2026-04-05T14:34:57.701220Z  INFO ThreadId(04) pipeline{execution_id=d3a0eacb-d9ca-45be-b12f-3abab0069181 chain_id=1 from_address=0x8AfE43fF49EBd5c4B8Cd1497ee77b437dd1711fc}: cortex::pipeline: Pipeline started elapsed_ms=0
2026-04-05T14:34:57.701235Z  INFO ThreadId(13) lobby::server::handler: transaction submission accepted execution_id=41567d95-2cd9-4d45-a44b-29b357c7ac86 from=0xCFA80F1f22b0AD533F7d8e2CcC0A783aa4BCaFF3 chain_id=1
2026-04-05T14:34:57.701235Z  INFO ThreadId(05) lobby::server::handler: transaction submission accepted execution_id=0c4de39d-333e-4d44-a38a-15d5586fce21 from=0x8b172F820629b14cEAF859A6e159d1BcD3291Fe1 chain_id=42161
2026-04-05T14:34:57.701241Z  INFO ThreadId(16) lobby::server::handler: transaction submission accepted execution_id=022abd4a-3bd2-44bd-9609-cd2efa43e520 from=0x2EAC739a1e05F4a05a5B8fD93D332c4353E5A7cD chain_id=1
2026-04-05T14:34:57.701246Z  INFO ThreadId(08) lobby::server::handler: transaction submission accepted execution_id=4d5395ba-6e4e-413d-b7ff-228affd3589e from=0x2EAC739a1e05F4a05a5B8fD93D332c4353E5A7cD chain_id=42161
2026-04-05T14:34:57.701246Z  INFO ThreadId(12) lobby::server::handler: transaction submission accepted execution_id=126dcb48-be19-4134-9dcd-3ab54a5bc9ca from=0xfea6645D31443cF7Cf96eF1dB7823EB9365f98bf chain_id=137
2026-04-05T14:34:57.701256Z  INFO ThreadId(15) pipeline{execution_id=692eb4f6-fb67-4c77-8949-f1444a942db1 chain_id=1 from_address=0xCFA80F1f22b0AD533F7d8e2CcC0A783aa4BCaFF3}: cortex::pipeline: Pipeline started elapsed_ms=0
2026-04-05T14:34:57.701264Z  INFO ThreadId(06) lobby::server::handler: transaction submission accepted execution_id=de0f08c8-ba39-45c5-93b4-77280c08da2f from=0xfea6645D31443cF7Cf96eF1dB7823EB9365f98bf chain_id=42161
2026-04-05T14:34:57.701270Z  INFO ThreadId(04) lobby::server::handler: transaction submission accepted execution_id=7d8d2523-364e-4f05-99b4-ff211bd521f3 from=0x2EAC739a1e05F4a05a5B8fD93D332c4353E5A7cD chain_id=1
2026-04-05T14:34:57.701294Z  INFO ThreadId(13) pipeline{execution_id=41567d95-2cd9-4d45-a44b-29b357c7ac86 chain_id=1 from_address=0xCFA80F1f22b0AD533F7d8e2CcC0A783aa4BCaFF3}: cortex::pipeline: Pipeline started elapsed_ms=0
2026-04-05T14:34:57.701295Z  INFO ThreadId(05) pipeline{execution_id=0c4de39d-333e-4d44-a38a-15d5586fce21 chain_id=42161 from_address=0x8b172F820629b14cEAF859A6e159d1BcD3291Fe1}: cortex::pipeline: Pipeline started elapsed_ms=0
2026-04-05T14:34:57.701299Z  INFO ThreadId(16) pipeline{execution_id=022abd4a-3bd2-44bd-9609-cd2efa43e520 chain_id=1 from_address=0x2EAC739a1e05F4a05a5B8fD93D332c4353E5A7cD}: cortex::pipeline: Pipeline started elapsed_ms=0
2026-04-05T14:34:57.701299Z  INFO ThreadId(12) pipeline{execution_id=126dcb48-be19-4134-9dcd-3ab54a5bc9ca chain_id=137 from_address=0xfea6645D31443cF7Cf96eF1dB7823EB9365f98bf}: cortex::pipeline: Pipeline started elapsed_ms=0
2026-04-05T14:34:57.701299Z  INFO ThreadId(08) pipeline{execution_id=4d5395ba-6e4e-413d-b7ff-228affd3589e chain_id=42161 from_address=0x2EAC739a1e05F4a05a5B8fD93D332c4353E5A7cD}: cortex::pipeline: Pipeline started elapsed_ms=0
2026-04-05T14:34:57.701331Z  INFO ThreadId(04) pipeline{execution_id=7d8d2523-364e-4f05-99b4-ff211bd521f3 chain_id=1 from_address=0x2EAC739a1e05F4a05a5B8fD93D332c4353E5A7cD}: cortex::pipeline: Pipeline started elapsed_ms=0
2026-04-05T14:34:57.701336Z  INFO ThreadId(06) pipeline{execution_id=de0f08c8-ba39-45c5-93b4-77280c08da2f chain_id=42161 from_address=0xfea6645D31443cF7Cf96eF1dB7823EB9365f98bf}: cortex::pipeline: Pipeline started elapsed_ms=0
2026-04-05T14:34:57.701354Z  INFO ThreadId(15) lobby::server::handler: transaction submission accepted execution_id=631eb548-c3bb-427b-ad7b-ad58152e576c from=0x8b172F820629b14cEAF859A6e159d1BcD3291Fe1 chain_id=137
2026-04-05T14:34:57.701360Z  INFO ThreadId(05) lobby::server::handler: transaction submission accepted execution_id=82b7484c-269c-4a88-ba1d-d1634abd695b from=0x8AfE43fF49EBd5c4B8Cd1497ee77b437dd1711fc chain_id=1
2026-04-05T14:34:57.701360Z  INFO ThreadId(10) lobby::server::handler: transaction submission accepted execution_id=fb701dd6-6e3f-49e9-9c71-950015b8951d from=0x2EAC739a1e05F4a05a5B8fD93D332c4353E5A7cD chain_id=42161
2026-04-05T14:34:57.701374Z  INFO ThreadId(17) lobby::server::handler: transaction submission accepted execution_id=2ef7ef58-df64-4542-adf8-0401c45da273 from=0x2EAC739a1e05F4a05a5B8fD93D332c4353E5A7cD chain_id=137
2026-04-05T14:34:57.701374Z  INFO ThreadId(07) lobby::server::handler: transaction submission accepted execution_id=176033d8-bdd5-4bb1-8cb7-a81a9dc27b54 from=0x2EAC739a1e05F4a05a5B8fD93D332c4353E5A7cD chain_id=1
2026-04-05T14:34:57.701380Z  INFO ThreadId(18) lobby::server::handler: transaction submission accepted execution_id=229a2447-0396-4812-a9e3-aefdfca9c136 from=0x8b172F820629b14cEAF859A6e159d1BcD3291Fe1 chain_id=42161
2026-04-05T14:34:57.701398Z  INFO ThreadId(13) lobby::server::handler: transaction submission accepted execution_id=a69621f3-2f12-41bd-b5ea-8c1b2c367dba from=0x8AfE43fF49EBd5c4B8Cd1497ee77b437dd1711fc chain_id=42161
2026-04-05T14:34:57.701401Z  INFO ThreadId(16) lobby::server::handler: transaction submission accepted execution_id=33762520-8522-4dde-9b77-4479a5efc60c from=0xCFA80F1f22b0AD533F7d8e2CcC0A783aa4BCaFF3 chain_id=137
2026-04-05T14:34:57.701418Z  INFO ThreadId(09) lobby::server::handler: transaction submission accepted execution_id=abbab915-8ca9-4d2c-8e17-3bac0500e387 from=0xCFA80F1f22b0AD533F7d8e2CcC0A783aa4BCaFF3 chain_id=42161
2026-04-05T14:34:57.701425Z  INFO ThreadId(11) lobby::server::handler: transaction submission accepted execution_id=109d205a-bee9-414c-a7de-b7b67423a7ed from=0xCFA80F1f22b0AD533F7d8e2CcC0A783aa4BCaFF3 chain_id=1
2026-04-05T14:34:57.701457Z  INFO ThreadId(03) lobby::server::handler: transaction submission accepted execution_id=a7167d85-53a1-4138-8032-55b5f2bf0ea5 from=0xCFA80F1f22b0AD533F7d8e2CcC0A783aa4BCaFF3 chain_id=137
2026-04-05T14:34:57.701529Z  INFO ThreadId(08) lobby::server::handler: transaction submission accepted execution_id=0e03c340-f2de-41cc-839e-d5e296f9048a from=0x8AfE43fF49EBd5c4B8Cd1497ee77b437dd1711fc chain_id=1
2026-04-05T14:34:57.701579Z  INFO ThreadId(15) pipeline{execution_id=631eb548-c3bb-427b-ad7b-ad58152e576c chain_id=137 from_address=0x8b172F820629b14cEAF859A6e159d1BcD3291Fe1}: cortex::pipeline: Pipeline started elapsed_ms=0
2026-04-05T14:34:57.701581Z  INFO ThreadId(05) pipeline{execution_id=82b7484c-269c-4a88-ba1d-d1634abd695b chain_id=1 from_address=0x8AfE43fF49EBd5c4B8Cd1497ee77b437dd1711fc}: cortex::pipeline: Pipeline started elapsed_ms=0
2026-04-05T14:34:57.701592Z  INFO ThreadId(04) lobby::server::handler: transaction submission accepted execution_id=86e6eaf6-1ea9-4c5b-9c33-437096ca83b1 from=0x2EAC739a1e05F4a05a5B8fD93D332c4353E5A7cD chain_id=42161
2026-04-05T14:34:57.701601Z  INFO ThreadId(08) pipeline{execution_id=0e03c340-f2de-41cc-839e-d5e296f9048a chain_id=1 from_address=0x8AfE43fF49EBd5c4B8Cd1497ee77b437dd1711fc}: cortex::pipeline: Pipeline started elapsed_ms=0
2026-04-05T14:34:57.701609Z  INFO ThreadId(06) lobby::server::handler: transaction submission accepted execution_id=c94862d6-da5e-400a-a069-418da23282c3 from=0x8b172F820629b14cEAF859A6e159d1BcD3291Fe1 chain_id=137
2026-04-05T14:34:57.701612Z  INFO ThreadId(14) lobby::server::handler: transaction submission accepted execution_id=946e677a-d8f1-416c-b327-f59c5994e129 from=0xCFA80F1f22b0AD533F7d8e2CcC0A783aa4BCaFF3 chain_id=137
2026-04-05T14:34:57.701617Z  INFO ThreadId(17) pipeline{execution_id=2ef7ef58-df64-4542-adf8-0401c45da273 chain_id=137 from_address=0x2EAC739a1e05F4a05a5B8fD93D332c4353E5A7cD}: cortex::pipeline: Pipeline started elapsed_ms=0
2026-04-05T14:34:57.701633Z  INFO ThreadId(15) lobby::server::handler: transaction submission accepted execution_id=44407b64-e29d-43b5-b6a3-a43193bd160e from=0xCFA80F1f22b0AD533F7d8e2CcC0A783aa4BCaFF3 chain_id=137
2026-04-05T14:34:57.701635Z  INFO ThreadId(18) pipeline{execution_id=229a2447-0396-4812-a9e3-aefdfca9c136 chain_id=42161 from_address=0x8b172F820629b14cEAF859A6e159d1BcD3291Fe1}: cortex::pipeline: Pipeline started elapsed_ms=0
2026-04-05T14:34:57.701662Z  INFO ThreadId(09) pipeline{execution_id=abbab915-8ca9-4d2c-8e17-3bac0500e387 chain_id=42161 from_address=0xCFA80F1f22b0AD533F7d8e2CcC0A783aa4BCaFF3}: cortex::pipeline: Pipeline started elapsed_ms=0
2026-04-05T14:34:57.701673Z  INFO ThreadId(06) pipeline{execution_id=c94862d6-da5e-400a-a069-418da23282c3 chain_id=137 from_address=0x8b172F820629b14cEAF859A6e159d1BcD3291Fe1}: cortex::pipeline: Pipeline started elapsed_ms=0
2026-04-05T14:34:57.701677Z  INFO ThreadId(14) pipeline{execution_id=946e677a-d8f1-416c-b327-f59c5994e129 chain_id=137 from_address=0xCFA80F1f22b0AD533F7d8e2CcC0A783aa4BCaFF3}: cortex::pipeline: Pipeline started elapsed_ms=0
2026-04-05T14:34:57.701686Z  INFO ThreadId(03) pipeline{execution_id=a7167d85-53a1-4138-8032-55b5f2bf0ea5 chain_id=137 from_address=0xCFA80F1f22b0AD533F7d8e2CcC0A783aa4BCaFF3}: cortex::pipeline: Pipeline started elapsed_ms=0
2026-04-05T14:34:57.701711Z  INFO ThreadId(10) pipeline{execution_id=fb701dd6-6e3f-49e9-9c71-950015b8951d chain_id=42161 from_address=0x2EAC739a1e05F4a05a5B8fD93D332c4353E5A7cD}: cortex::pipeline: Pipeline started elapsed_ms=0
2026-04-05T14:34:57.701723Z  INFO ThreadId(04) pipeline{execution_id=86e6eaf6-1ea9-4c5b-9c33-437096ca83b1 chain_id=42161 from_address=0x2EAC739a1e05F4a05a5B8fD93D332c4353E5A7cD}: cortex::pipeline: Pipeline started elapsed_ms=0
2026-04-05T14:34:57.701739Z  INFO ThreadId(09) lobby::server::handler: transaction submission accepted execution_id=8a692aac-148b-4759-ac1e-52f7971f4d7e from=0x8b172F820629b14cEAF859A6e159d1BcD3291Fe1 chain_id=137
2026-04-05T14:34:57.701783Z  INFO ThreadId(06) lobby::server::handler: transaction submission accepted execution_id=12967906-c4d9-4b96-a559-b1be6fca49e5 from=0x8AfE43fF49EBd5c4B8Cd1497ee77b437dd1711fc chain_id=137
2026-04-05T14:34:57.701797Z  INFO ThreadId(08) lobby::server::handler: transaction submission accepted execution_id=efcba1de-0984-4f57-9d6a-8fefe0865277 from=0x2EAC739a1e05F4a05a5B8fD93D332c4353E5A7cD chain_id=137
2026-04-05T14:34:57.701806Z  INFO ThreadId(03) lobby::server::handler: transaction submission accepted execution_id=9ff4b3e8-be40-410d-997d-238a85485ac8 from=0x8AfE43fF49EBd5c4B8Cd1497ee77b437dd1711fc chain_id=1
2026-04-05T14:34:57.701812Z  INFO ThreadId(14) lobby::server::handler: transaction submission accepted execution_id=67f0d0ad-7444-4283-b4e9-24b472647d23 from=0x2EAC739a1e05F4a05a5B8fD93D332c4353E5A7cD chain_id=137
2026-04-05T14:34:57.701841Z  INFO ThreadId(06) pipeline{execution_id=12967906-c4d9-4b96-a559-b1be6fca49e5 chain_id=137 from_address=0x8AfE43fF49EBd5c4B8Cd1497ee77b437dd1711fc}: cortex::pipeline: Pipeline started elapsed_ms=0
2026-04-05T14:34:57.701861Z  INFO ThreadId(03) pipeline{execution_id=9ff4b3e8-be40-410d-997d-238a85485ac8 chain_id=1 from_address=0x8AfE43fF49EBd5c4B8Cd1497ee77b437dd1711fc}: cortex::pipeline: Pipeline started elapsed_ms=0
2026-04-05T14:34:57.701863Z  INFO ThreadId(08) pipeline{execution_id=efcba1de-0984-4f57-9d6a-8fefe0865277 chain_id=137 from_address=0x2EAC739a1e05F4a05a5B8fD93D332c4353E5A7cD}: cortex::pipeline: Pipeline started elapsed_ms=0
2026-04-05T14:34:57.701878Z  INFO ThreadId(17) lobby::server::handler: transaction submission accepted execution_id=26a9b5f4-11a6-433c-ab55-2cbafb9bd367 from=0x8b172F820629b14cEAF859A6e159d1BcD3291Fe1 chain_id=1
2026-04-05T14:34:57.701879Z  INFO ThreadId(16) pipeline{execution_id=33762520-8522-4dde-9b77-4479a5efc60c chain_id=137 from_address=0xCFA80F1f22b0AD533F7d8e2CcC0A783aa4BCaFF3}: cortex::pipeline: Pipeline started elapsed_ms=0
2026-04-05T14:34:57.701892Z  INFO ThreadId(13) pipeline{execution_id=a69621f3-2f12-41bd-b5ea-8c1b2c367dba chain_id=42161 from_address=0x8AfE43fF49EBd5c4B8Cd1497ee77b437dd1711fc}: cortex::pipeline: Pipeline started elapsed_ms=0
2026-04-05T14:34:57.701915Z  INFO ThreadId(15) pipeline{execution_id=44407b64-e29d-43b5-b6a3-a43193bd160e chain_id=137 from_address=0xCFA80F1f22b0AD533F7d8e2CcC0A783aa4BCaFF3}: cortex::pipeline: Pipeline started elapsed_ms=0
2026-04-05T14:34:57.701922Z  INFO ThreadId(09) pipeline{execution_id=8a692aac-148b-4759-ac1e-52f7971f4d7e chain_id=137 from_address=0x8b172F820629b14cEAF859A6e159d1BcD3291Fe1}: cortex::pipeline: Pipeline started elapsed_ms=0
2026-04-05T14:34:57.701942Z  INFO ThreadId(03) lobby::server::handler: transaction submission accepted execution_id=0e8c0047-ea85-4fe4-afed-6aa24f7897ac from=0xfea6645D31443cF7Cf96eF1dB7823EB9365f98bf chain_id=1
2026-04-05T14:34:57.702039Z  INFO ThreadId(18) lobby::server::handler: transaction submission accepted execution_id=eedb2ba0-6ceb-4226-ad4e-0a316c85b77d from=0x8b172F820629b14cEAF859A6e159d1BcD3291Fe1 chain_id=137
2026-04-05T14:34:57.701956Z  INFO ThreadId(07) pipeline{execution_id=176033d8-bdd5-4bb1-8cb7-a81a9dc27b54 chain_id=1 from_address=0x2EAC739a1e05F4a05a5B8fD93D332c4353E5A7cD}: cortex::pipeline: Pipeline started elapsed_ms=0
2026-04-05T14:34:57.702048Z  INFO ThreadId(04) lobby::server::handler: transaction submission accepted execution_id=d8cf2439-e50e-47e4-985d-a939a5b0ad45 from=0x8AfE43fF49EBd5c4B8Cd1497ee77b437dd1711fc chain_id=1
2026-04-05T14:34:57.701958Z  INFO ThreadId(17) pipeline{execution_id=26a9b5f4-11a6-433c-ab55-2cbafb9bd367 chain_id=1 from_address=0x8b172F820629b14cEAF859A6e159d1BcD3291Fe1}: cortex::pipeline: Pipeline started elapsed_ms=0
2026-04-05T14:34:57.702097Z  INFO ThreadId(03) pipeline{execution_id=0e8c0047-ea85-4fe4-afed-6aa24f7897ac chain_id=1 from_address=0xfea6645D31443cF7Cf96eF1dB7823EB9365f98bf}: cortex::pipeline: Pipeline started elapsed_ms=0
2026-04-05T14:34:57.702105Z  INFO ThreadId(18) pipeline{execution_id=eedb2ba0-6ceb-4226-ad4e-0a316c85b77d chain_id=137 from_address=0x8b172F820629b14cEAF859A6e159d1BcD3291Fe1}: cortex::pipeline: Pipeline started elapsed_ms=0
2026-04-05T14:34:57.702131Z  INFO ThreadId(17) lobby::server::handler: transaction submission accepted execution_id=6eb92738-d166-419b-ae5b-e2ea6df1f90c from=0x8AfE43fF49EBd5c4B8Cd1497ee77b437dd1711fc chain_id=42161
2026-04-05T14:34:57.702135Z  INFO ThreadId(09) lobby::server::handler: transaction submission accepted execution_id=15260e09-0aa1-4783-a6da-d3ec456b3b97 from=0x2EAC739a1e05F4a05a5B8fD93D332c4353E5A7cD chain_id=42161
2026-04-05T14:34:57.702138Z  INFO ThreadId(06) lobby::server::handler: transaction submission accepted execution_id=5de720ab-416e-4e8e-af91-19a847515c4e from=0x2EAC739a1e05F4a05a5B8fD93D332c4353E5A7cD chain_id=42161
2026-04-05T14:34:57.702168Z  INFO ThreadId(11) pipeline{execution_id=109d205a-bee9-414c-a7de-b7b67423a7ed chain_id=1 from_address=0xCFA80F1f22b0AD533F7d8e2CcC0A783aa4BCaFF3}: cortex::pipeline: Pipeline started elapsed_ms=0
2026-04-05T14:34:57.702174Z  INFO ThreadId(12) lobby::server::handler: transaction submission accepted execution_id=54f3c147-bde7-4cdf-94b3-5d6b064c53d0 from=0x2EAC739a1e05F4a05a5B8fD93D332c4353E5A7cD chain_id=1
2026-04-05T14:34:57.702185Z  INFO ThreadId(17) pipeline{execution_id=6eb92738-d166-419b-ae5b-e2ea6df1f90c chain_id=42161 from_address=0x8AfE43fF49EBd5c4B8Cd1497ee77b437dd1711fc}: cortex::pipeline: Pipeline started elapsed_ms=0
2026-04-05T14:34:57.702230Z  INFO ThreadId(12) pipeline{execution_id=54f3c147-bde7-4cdf-94b3-5d6b064c53d0 chain_id=1 from_address=0x2EAC739a1e05F4a05a5B8fD93D332c4353E5A7cD}: cortex::pipeline: Pipeline started elapsed_ms=0
2026-04-05T14:34:57.702260Z  INFO ThreadId(17) lobby::server::handler: transaction submission accepted execution_id=47c2cf45-7411-4a96-b8ab-c37cc69abf4a from=0xfea6645D31443cF7Cf96eF1dB7823EB9365f98bf chain_id=1
2026-04-05T14:34:57.702304Z  INFO ThreadId(03) lobby::server::handler: transaction submission accepted execution_id=14b55ffc-74ed-4d51-9ab5-520bf14cbd5c from=0xfea6645D31443cF7Cf96eF1dB7823EB9365f98bf chain_id=42161
2026-04-05T14:34:57.702333Z  INFO ThreadId(09) pipeline{execution_id=15260e09-0aa1-4783-a6da-d3ec456b3b97 chain_id=42161 from_address=0x2EAC739a1e05F4a05a5B8fD93D332c4353E5A7cD}: cortex::pipeline: Pipeline started elapsed_ms=0
2026-04-05T14:34:57.702334Z  INFO ThreadId(17) pipeline{execution_id=47c2cf45-7411-4a96-b8ab-c37cc69abf4a chain_id=1 from_address=0xfea6645D31443cF7Cf96eF1dB7823EB9365f98bf}: cortex::pipeline: Pipeline started elapsed_ms=0
2026-04-05T14:34:57.702354Z  INFO ThreadId(10) lobby::server::handler: transaction submission accepted execution_id=1b64de8c-b9d9-4db7-af49-d3d260764402 from=0xCFA80F1f22b0AD533F7d8e2CcC0A783aa4BCaFF3 chain_id=137
2026-04-05T14:34:57.702363Z  INFO ThreadId(06) pipeline{execution_id=5de720ab-416e-4e8e-af91-19a847515c4e chain_id=42161 from_address=0x2EAC739a1e05F4a05a5B8fD93D332c4353E5A7cD}: cortex::pipeline: Pipeline started elapsed_ms=0
2026-04-05T14:34:57.702389Z  INFO ThreadId(09) lobby::server::handler: transaction submission accepted execution_id=f949fa0c-5a9e-457e-af23-28a18c743398 from=0x8b172F820629b14cEAF859A6e159d1BcD3291Fe1 chain_id=137
2026-04-05T14:34:57.702390Z  INFO ThreadId(12) lobby::server::handler: transaction submission accepted execution_id=826f8ac1-c73e-42f1-8021-2f095a695f38 from=0xfea6645D31443cF7Cf96eF1dB7823EB9365f98bf chain_id=1
2026-04-05T14:34:57.702412Z  INFO ThreadId(17) lobby::server::handler: transaction submission accepted execution_id=57bcdf64-7e81-46cb-a2ce-5fd10f47b6bf from=0x8b172F820629b14cEAF859A6e159d1BcD3291Fe1 chain_id=1
2026-04-05T14:34:57.702420Z  INFO ThreadId(10) pipeline{execution_id=1b64de8c-b9d9-4db7-af49-d3d260764402 chain_id=137 from_address=0xCFA80F1f22b0AD533F7d8e2CcC0A783aa4BCaFF3}: cortex::pipeline: Pipeline started elapsed_ms=0
2026-04-05T14:34:57.702430Z  INFO ThreadId(06) lobby::server::handler: transaction submission accepted execution_id=2ae4dc92-3254-4b18-84e4-6b7d889ea880 from=0x2EAC739a1e05F4a05a5B8fD93D332c4353E5A7cD chain_id=1
2026-04-05T14:34:57.702431Z  INFO ThreadId(03) pipeline{execution_id=14b55ffc-74ed-4d51-9ab5-520bf14cbd5c chain_id=42161 from_address=0xfea6645D31443cF7Cf96eF1dB7823EB9365f98bf}: cortex::pipeline: Pipeline started elapsed_ms=0
2026-04-05T14:34:57.702437Z  INFO ThreadId(12) pipeline{execution_id=826f8ac1-c73e-42f1-8021-2f095a695f38 chain_id=1 from_address=0xfea6645D31443cF7Cf96eF1dB7823EB9365f98bf}: cortex::pipeline: Pipeline started elapsed_ms=0
2026-04-05T14:34:57.702443Z  INFO ThreadId(09) pipeline{execution_id=f949fa0c-5a9e-457e-af23-28a18c743398 chain_id=137 from_address=0x8b172F820629b14cEAF859A6e159d1BcD3291Fe1}: cortex::pipeline: Pipeline started elapsed_ms=0
2026-04-05T14:34:57.702460Z  INFO ThreadId(17) pipeline{execution_id=57bcdf64-7e81-46cb-a2ce-5fd10f47b6bf chain_id=1 from_address=0x8b172F820629b14cEAF859A6e159d1BcD3291Fe1}: cortex::pipeline: Pipeline started elapsed_ms=0
2026-04-05T14:34:57.702475Z  INFO ThreadId(09) lobby::server::handler: transaction submission accepted execution_id=1464e45e-b6ad-45fa-9b68-d83f2f89ea3c from=0xCFA80F1f22b0AD533F7d8e2CcC0A783aa4BCaFF3 chain_id=137
2026-04-05T14:34:57.702487Z  INFO ThreadId(06) pipeline{execution_id=2ae4dc92-3254-4b18-84e4-6b7d889ea880 chain_id=1 from_address=0x2EAC739a1e05F4a05a5B8fD93D332c4353E5A7cD}: cortex::pipeline: Pipeline started elapsed_ms=0
2026-04-05T14:34:57.702527Z  INFO ThreadId(09) pipeline{execution_id=1464e45e-b6ad-45fa-9b68-d83f2f89ea3c chain_id=137 from_address=0xCFA80F1f22b0AD533F7d8e2CcC0A783aa4BCaFF3}: cortex::pipeline: Pipeline started elapsed_ms=0
2026-04-05T14:34:57.702539Z  INFO ThreadId(12) lobby::server::handler: transaction submission accepted execution_id=5a32af21-4fa3-4ebf-b232-407af7a130ed from=0x8b172F820629b14cEAF859A6e159d1BcD3291Fe1 chain_id=42161
2026-04-05T14:34:57.702543Z  INFO ThreadId(07) lobby::server::handler: transaction submission accepted execution_id=39fbf951-d900-4876-8f92-14c8e5133942 from=0x8b172F820629b14cEAF859A6e159d1BcD3291Fe1 chain_id=42161
2026-04-05T14:34:57.702546Z  INFO ThreadId(17) lobby::server::handler: transaction submission accepted execution_id=7d6bcc89-7ec4-4d8e-b042-8894425b923d from=0x8AfE43fF49EBd5c4B8Cd1497ee77b437dd1711fc chain_id=1
2026-04-05T14:34:57.702556Z  INFO ThreadId(10) lobby::server::handler: transaction submission accepted execution_id=55206f0b-892e-4c72-86c2-feba2583c97d from=0xfea6645D31443cF7Cf96eF1dB7823EB9365f98bf chain_id=42161
2026-04-05T14:34:57.702589Z  INFO ThreadId(06) lobby::server::handler: transaction submission accepted execution_id=7433c8e0-c3e6-4945-8b04-b36805e1d7be from=0x8AfE43fF49EBd5c4B8Cd1497ee77b437dd1711fc chain_id=42161
2026-04-05T14:34:57.702591Z  INFO ThreadId(07) pipeline{execution_id=39fbf951-d900-4876-8f92-14c8e5133942 chain_id=42161 from_address=0x8b172F820629b14cEAF859A6e159d1BcD3291Fe1}: cortex::pipeline: Pipeline started elapsed_ms=0
2026-04-05T14:34:57.702603Z  INFO ThreadId(17) pipeline{execution_id=7d6bcc89-7ec4-4d8e-b042-8894425b923d chain_id=1 from_address=0x8AfE43fF49EBd5c4B8Cd1497ee77b437dd1711fc}: cortex::pipeline: Pipeline started elapsed_ms=0
2026-04-05T14:34:57.702606Z  INFO ThreadId(12) pipeline{execution_id=5a32af21-4fa3-4ebf-b232-407af7a130ed chain_id=42161 from_address=0x8b172F820629b14cEAF859A6e159d1BcD3291Fe1}: cortex::pipeline: Pipeline started elapsed_ms=0
2026-04-05T14:34:57.702606Z  INFO ThreadId(09) lobby::server::handler: transaction submission accepted execution_id=4eb9f39b-b7c8-47db-871d-e7b0c0a19354 from=0x8b172F820629b14cEAF859A6e159d1BcD3291Fe1 chain_id=42161
2026-04-05T14:34:57.702614Z  INFO ThreadId(10) pipeline{execution_id=55206f0b-892e-4c72-86c2-feba2583c97d chain_id=42161 from_address=0xfea6645D31443cF7Cf96eF1dB7823EB9365f98bf}: cortex::pipeline: Pipeline started elapsed_ms=0
2026-04-05T14:34:57.702652Z  INFO ThreadId(06) pipeline{execution_id=7433c8e0-c3e6-4945-8b04-b36805e1d7be chain_id=42161 from_address=0x8AfE43fF49EBd5c4B8Cd1497ee77b437dd1711fc}: cortex::pipeline: Pipeline started elapsed_ms=0
2026-04-05T14:34:57.702659Z  INFO ThreadId(17) lobby::server::handler: transaction submission accepted execution_id=c5974ba3-c051-4223-a67e-bbe8c9bc01c9 from=0x2EAC739a1e05F4a05a5B8fD93D332c4353E5A7cD chain_id=137
2026-04-05T14:34:57.702660Z  INFO ThreadId(12) lobby::server::handler: transaction submission accepted execution_id=99ba0ddd-962f-490e-8df7-d17da613d8f8 from=0x8AfE43fF49EBd5c4B8Cd1497ee77b437dd1711fc chain_id=137
2026-04-05T14:34:57.702663Z  INFO ThreadId(10) lobby::server::handler: transaction submission accepted execution_id=480d1a5c-4181-474c-af4b-354f8665f593 from=0xfea6645D31443cF7Cf96eF1dB7823EB9365f98bf chain_id=137
2026-04-05T14:34:57.702670Z  INFO ThreadId(07) lobby::server::handler: transaction submission accepted execution_id=b3510c62-f047-48a2-ac87-189c347904a0 from=0xfea6645D31443cF7Cf96eF1dB7823EB9365f98bf chain_id=1
2026-04-05T14:34:57.702680Z  INFO ThreadId(09) pipeline{execution_id=4eb9f39b-b7c8-47db-871d-e7b0c0a19354 chain_id=42161 from_address=0x8b172F820629b14cEAF859A6e159d1BcD3291Fe1}: cortex::pipeline: Pipeline started elapsed_ms=0
2026-04-05T14:34:57.702715Z  INFO ThreadId(17) pipeline{execution_id=c5974ba3-c051-4223-a67e-bbe8c9bc01c9 chain_id=137 from_address=0x2EAC739a1e05F4a05a5B8fD93D332c4353E5A7cD}: cortex::pipeline: Pipeline started elapsed_ms=0
2026-04-05T14:34:57.702725Z  INFO ThreadId(12) pipeline{execution_id=99ba0ddd-962f-490e-8df7-d17da613d8f8 chain_id=137 from_address=0x8AfE43fF49EBd5c4B8Cd1497ee77b437dd1711fc}: cortex::pipeline: Pipeline started elapsed_ms=0
2026-04-05T14:34:57.702729Z  INFO ThreadId(07) pipeline{execution_id=b3510c62-f047-48a2-ac87-189c347904a0 chain_id=1 from_address=0xfea6645D31443cF7Cf96eF1dB7823EB9365f98bf}: cortex::pipeline: Pipeline started elapsed_ms=0
2026-04-05T14:34:57.702731Z  INFO ThreadId(10) pipeline{execution_id=480d1a5c-4181-474c-af4b-354f8665f593 chain_id=137 from_address=0xfea6645D31443cF7Cf96eF1dB7823EB9365f98bf}: cortex::pipeline: Pipeline started elapsed_ms=0
2026-04-05T14:34:57.702813Z  INFO ThreadId(09) lobby::server::handler: transaction submission accepted execution_id=f270d7f3-19c4-49fa-b821-7c398d598259 from=0xfea6645D31443cF7Cf96eF1dB7823EB9365f98bf chain_id=137
2026-04-05T14:34:57.702822Z  INFO ThreadId(10) lobby::server::handler: transaction submission accepted execution_id=68d90cb5-3b03-49e4-a5c6-dc491b477456 from=0x8AfE43fF49EBd5c4B8Cd1497ee77b437dd1711fc chain_id=42161
2026-04-05T14:34:57.701973Z  INFO ThreadId(16) lobby::server::handler: transaction submission accepted execution_id=8769c0ed-e05b-44f1-bfab-c0fc93cb227f from=0xCFA80F1f22b0AD533F7d8e2CcC0A783aa4BCaFF3 chain_id=1
2026-04-05T14:34:57.702829Z  INFO ThreadId(11) lobby::server::handler: transaction submission accepted execution_id=a36eed8f-e6b3-4f33-825a-41364eb2520b from=0x2EAC739a1e05F4a05a5B8fD93D332c4353E5A7cD chain_id=1
2026-04-05T14:34:57.701984Z  INFO ThreadId(05) lobby::server::handler: transaction submission accepted execution_id=41228874-545d-4d04-a3b8-14b1dab76e8a from=0x2EAC739a1e05F4a05a5B8fD93D332c4353E5A7cD chain_id=1
2026-04-05T14:34:57.702848Z  INFO ThreadId(06) lobby::server::handler: transaction submission accepted execution_id=2136ad7e-2b78-4b2c-90a1-ce86d05e7a67 from=0x2EAC739a1e05F4a05a5B8fD93D332c4353E5A7cD chain_id=137
2026-04-05T14:34:57.702868Z  INFO ThreadId(07) lobby::server::handler: transaction submission accepted execution_id=bdc4378b-7dca-48c4-b873-6dd2efbfae4e from=0x8AfE43fF49EBd5c4B8Cd1497ee77b437dd1711fc chain_id=42161
2026-04-05T14:34:57.702881Z  INFO ThreadId(09) pipeline{execution_id=f270d7f3-19c4-49fa-b821-7c398d598259 chain_id=137 from_address=0xfea6645D31443cF7Cf96eF1dB7823EB9365f98bf}: cortex::pipeline: Pipeline started elapsed_ms=0
2026-04-05T14:34:57.702896Z  INFO ThreadId(10) pipeline{execution_id=68d90cb5-3b03-49e4-a5c6-dc491b477456 chain_id=42161 from_address=0x8AfE43fF49EBd5c4B8Cd1497ee77b437dd1711fc}: cortex::pipeline: Pipeline started elapsed_ms=0
2026-04-05T14:34:57.702903Z  INFO ThreadId(04) pipeline{execution_id=d8cf2439-e50e-47e4-985d-a939a5b0ad45 chain_id=1 from_address=0x8AfE43fF49EBd5c4B8Cd1497ee77b437dd1711fc}: cortex::pipeline: Pipeline started elapsed_ms=0
2026-04-05T14:34:57.702908Z  INFO ThreadId(17) lobby::server::handler: transaction submission accepted execution_id=74c8d672-f0b4-459b-b7ae-5a014fc43d93 from=0xCFA80F1f22b0AD533F7d8e2CcC0A783aa4BCaFF3 chain_id=1
2026-04-05T14:34:57.702915Z  INFO ThreadId(07) pipeline{execution_id=bdc4378b-7dca-48c4-b873-6dd2efbfae4e chain_id=42161 from_address=0x8AfE43fF49EBd5c4B8Cd1497ee77b437dd1711fc}: cortex::pipeline: Pipeline started elapsed_ms=0
2026-04-05T14:34:57.701989Z  INFO ThreadId(13) lobby::server::handler: transaction submission accepted execution_id=2d7ff386-89b1-4052-87ab-3cd17d40dc7d from=0x8b172F820629b14cEAF859A6e159d1BcD3291Fe1 chain_id=42161
2026-04-05T14:34:57.702916Z  INFO ThreadId(06) pipeline{execution_id=2136ad7e-2b78-4b2c-90a1-ce86d05e7a67 chain_id=137 from_address=0x2EAC739a1e05F4a05a5B8fD93D332c4353E5A7cD}: cortex::pipeline: Pipeline started elapsed_ms=0
2026-04-05T14:34:57.701988Z  INFO ThreadId(08) lobby::server::handler: transaction submission accepted execution_id=ce52e28d-5fcf-4cde-807a-6a00a7efb262 from=0xCFA80F1f22b0AD533F7d8e2CcC0A783aa4BCaFF3 chain_id=137
2026-04-05T14:34:57.702970Z  INFO ThreadId(17) pipeline{execution_id=74c8d672-f0b4-459b-b7ae-5a014fc43d93 chain_id=1 from_address=0xCFA80F1f22b0AD533F7d8e2CcC0A783aa4BCaFF3}: cortex::pipeline: Pipeline started elapsed_ms=0
2026-04-05T14:34:57.702994Z  INFO ThreadId(13) pipeline{execution_id=2d7ff386-89b1-4052-87ab-3cd17d40dc7d chain_id=42161 from_address=0x8b172F820629b14cEAF859A6e159d1BcD3291Fe1}: cortex::pipeline: Pipeline started elapsed_ms=0
2026-04-05T14:34:57.702998Z  INFO ThreadId(07) lobby::server::handler: transaction submission accepted execution_id=166a522e-a7cc-48da-99be-e132242d7ed2 from=0xCFA80F1f22b0AD533F7d8e2CcC0A783aa4BCaFF3 chain_id=42161
2026-04-05T14:34:57.703014Z  INFO ThreadId(08) pipeline{execution_id=ce52e28d-5fcf-4cde-807a-6a00a7efb262 chain_id=137 from_address=0xCFA80F1f22b0AD533F7d8e2CcC0A783aa4BCaFF3}: cortex::pipeline: Pipeline started elapsed_ms=0
2026-04-05T14:34:57.703040Z  INFO ThreadId(10) lobby::server::handler: transaction submission accepted execution_id=55e326fe-4c84-44df-897c-ecc0316ce038 from=0xfea6645D31443cF7Cf96eF1dB7823EB9365f98bf chain_id=137
2026-04-05T14:34:57.703049Z  INFO ThreadId(07) pipeline{execution_id=166a522e-a7cc-48da-99be-e132242d7ed2 chain_id=42161 from_address=0xCFA80F1f22b0AD533F7d8e2CcC0A783aa4BCaFF3}: cortex::pipeline: Pipeline started elapsed_ms=0
2026-04-05T14:34:57.703073Z  INFO ThreadId(13) lobby::server::handler: transaction submission accepted execution_id=3a2db5ca-fd67-4837-b25a-e25557d3180d from=0x2EAC739a1e05F4a05a5B8fD93D332c4353E5A7cD chain_id=137
2026-04-05T14:34:57.703081Z  INFO ThreadId(09) lobby::server::handler: transaction submission accepted execution_id=56864c79-0395-40ff-9756-d7a5519dd7b0 from=0xCFA80F1f22b0AD533F7d8e2CcC0A783aa4BCaFF3 chain_id=137
2026-04-05T14:34:57.703088Z  INFO ThreadId(11) pipeline{execution_id=a36eed8f-e6b3-4f33-825a-41364eb2520b chain_id=1 from_address=0x2EAC739a1e05F4a05a5B8fD93D332c4353E5A7cD}: cortex::pipeline: Pipeline started elapsed_ms=0
2026-04-05T14:34:57.703095Z  INFO ThreadId(16) pipeline{execution_id=8769c0ed-e05b-44f1-bfab-c0fc93cb227f chain_id=1 from_address=0xCFA80F1f22b0AD533F7d8e2CcC0A783aa4BCaFF3}: cortex::pipeline: Pipeline started elapsed_ms=0
2026-04-05T14:34:57.703096Z  INFO ThreadId(10) pipeline{execution_id=55e326fe-4c84-44df-897c-ecc0316ce038 chain_id=137 from_address=0xfea6645D31443cF7Cf96eF1dB7823EB9365f98bf}: cortex::pipeline: Pipeline started elapsed_ms=0
2026-04-05T14:34:57.703102Z  INFO ThreadId(05) pipeline{execution_id=41228874-545d-4d04-a3b8-14b1dab76e8a chain_id=1 from_address=0x2EAC739a1e05F4a05a5B8fD93D332c4353E5A7cD}: cortex::pipeline: Pipeline started elapsed_ms=0
2026-04-05T14:34:57.703124Z  INFO ThreadId(12) lobby::server::handler: transaction submission accepted execution_id=74dcf919-40a6-435e-a91a-0abc1a6fe9e2 from=0x8b172F820629b14cEAF859A6e159d1BcD3291Fe1 chain_id=42161
2026-04-05T14:34:57.703123Z  INFO ThreadId(06) lobby::server::handler: transaction submission accepted execution_id=4359ae7e-5c9d-4cd2-a9c1-65af4a122303 from=0x2EAC739a1e05F4a05a5B8fD93D332c4353E5A7cD chain_id=137
2026-04-05T14:34:57.703189Z  INFO ThreadId(17) lobby::server::handler: transaction submission accepted execution_id=5c575255-d9b2-4407-b104-334c6ee1c5dd from=0x2EAC739a1e05F4a05a5B8fD93D332c4353E5A7cD chain_id=137
2026-04-05T14:34:57.703224Z  INFO ThreadId(08) lobby::server::handler: transaction submission accepted execution_id=23883318-6a36-417d-8612-73e617d43b6d from=0x8AfE43fF49EBd5c4B8Cd1497ee77b437dd1711fc chain_id=137
2026-04-05T14:34:57.702033Z  INFO ThreadId(14) pipeline{execution_id=67f0d0ad-7444-4283-b4e9-24b472647d23 chain_id=137 from_address=0x2EAC739a1e05F4a05a5B8fD93D332c4353E5A7cD}: cortex::pipeline: Pipeline started elapsed_ms=0
2026-04-05T14:34:57.703269Z  INFO ThreadId(07) lobby::server::handler: transaction submission accepted execution_id=4fd9200f-d9e6-48d8-8197-4cbaba1dc3cb from=0xCFA80F1f22b0AD533F7d8e2CcC0A783aa4BCaFF3 chain_id=137
2026-04-05T14:34:57.703387Z  INFO ThreadId(15) lobby::server::handler: transaction submission accepted execution_id=3894f87f-f686-471f-98c2-aa6082f5d06e from=0x2EAC739a1e05F4a05a5B8fD93D332c4353E5A7cD chain_id=137
2026-04-05T14:34:57.703409Z  INFO ThreadId(04) lobby::server::handler: transaction submission accepted execution_id=ee4cba95-25ec-433a-8238-ca6d5b390787 from=0x8b172F820629b14cEAF859A6e159d1BcD3291Fe1 chain_id=42161
2026-04-05T14:34:57.703418Z  INFO ThreadId(18) lobby::server::handler: transaction submission accepted execution_id=75862d83-4f65-439e-8829-ad32055d0b61 from=0xCFA80F1f22b0AD533F7d8e2CcC0A783aa4BCaFF3 chain_id=1
2026-04-05T14:34:57.704660Z  INFO ThreadId(09) pipeline{execution_id=56864c79-0395-40ff-9756-d7a5519dd7b0 chain_id=137 from_address=0xCFA80F1f22b0AD533F7d8e2CcC0A783aa4BCaFF3}: cortex::pipeline: Pipeline started elapsed_ms=0
2026-04-05T14:34:57.704660Z  INFO ThreadId(13) pipeline{execution_id=3a2db5ca-fd67-4837-b25a-e25557d3180d chain_id=137 from_address=0x2EAC739a1e05F4a05a5B8fD93D332c4353E5A7cD}: cortex::pipeline: Pipeline started elapsed_ms=0
2026-04-05T14:34:57.704698Z  INFO ThreadId(16) lobby::server::handler: transaction submission accepted execution_id=124ce61f-fd60-48c9-88f6-725d9aecb65a from=0x2EAC739a1e05F4a05a5B8fD93D332c4353E5A7cD chain_id=42161
2026-04-05T14:34:57.704767Z  INFO ThreadId(06) pipeline{execution_id=4359ae7e-5c9d-4cd2-a9c1-65af4a122303 chain_id=137 from_address=0x2EAC739a1e05F4a05a5B8fD93D332c4353E5A7cD}: cortex::pipeline: Pipeline started elapsed_ms=0
2026-04-05T14:34:57.704768Z  INFO ThreadId(12) pipeline{execution_id=74dcf919-40a6-435e-a91a-0abc1a6fe9e2 chain_id=42161 from_address=0x8b172F820629b14cEAF859A6e159d1BcD3291Fe1}: cortex::pipeline: Pipeline started elapsed_ms=0
2026-04-05T14:34:57.704775Z  INFO ThreadId(16) pipeline{execution_id=124ce61f-fd60-48c9-88f6-725d9aecb65a chain_id=42161 from_address=0x2EAC739a1e05F4a05a5B8fD93D332c4353E5A7cD}: cortex::pipeline: Pipeline started elapsed_ms=0
2026-04-05T14:34:57.704862Z  INFO ThreadId(13) lobby::server::handler: transaction submission accepted execution_id=e9405f16-df70-4c71-bdda-6a281ddb630e from=0xfea6645D31443cF7Cf96eF1dB7823EB9365f98bf chain_id=42161
2026-04-05T14:34:57.704862Z  INFO ThreadId(11) lobby::server::handler: transaction submission accepted execution_id=edb803be-9786-4dc8-9c9d-8a2125e108c7 from=0xCFA80F1f22b0AD533F7d8e2CcC0A783aa4BCaFF3 chain_id=42161
2026-04-05T14:34:57.704883Z  INFO ThreadId(08) pipeline{execution_id=23883318-6a36-417d-8612-73e617d43b6d chain_id=137 from_address=0x8AfE43fF49EBd5c4B8Cd1497ee77b437dd1711fc}: cortex::pipeline: Pipeline started elapsed_ms=0
2026-04-05T14:34:57.704889Z  INFO ThreadId(09) lobby::server::handler: transaction submission accepted execution_id=ce285697-3fd4-4d65-b750-811f02014255 from=0x8AfE43fF49EBd5c4B8Cd1497ee77b437dd1711fc chain_id=137
2026-04-05T14:34:57.704889Z  INFO ThreadId(06) lobby::server::handler: transaction submission accepted execution_id=15034379-f674-4ea2-92fc-c78185be6b36 from=0x2EAC739a1e05F4a05a5B8fD93D332c4353E5A7cD chain_id=1
2026-04-05T14:34:57.704891Z  INFO ThreadId(03) lobby::server::handler: transaction submission accepted execution_id=a54a0d9f-86c7-4c62-8e2e-024594888e0b from=0xfea6645D31443cF7Cf96eF1dB7823EB9365f98bf chain_id=137
2026-04-05T14:34:57.704890Z  INFO ThreadId(10) lobby::server::handler: transaction submission accepted execution_id=accb85a0-01ce-4cc3-ac98-4cc167effdaf from=0xfea6645D31443cF7Cf96eF1dB7823EB9365f98bf chain_id=137
2026-04-05T14:34:57.704911Z  INFO ThreadId(05) lobby::server::handler: transaction submission accepted execution_id=695c7cb9-576a-48c9-aeb6-5e87b053ec7a from=0x2EAC739a1e05F4a05a5B8fD93D332c4353E5A7cD chain_id=137
2026-04-05T14:34:57.705389Z  INFO ThreadId(16) lobby::server::handler: transaction submission accepted execution_id=2d449c74-6b21-4590-b8d3-07778f75d1b6 from=0xCFA80F1f22b0AD533F7d8e2CcC0A783aa4BCaFF3 chain_id=42161
2026-04-05T14:34:57.707603Z  INFO ThreadId(12) lobby::server::handler: transaction submission accepted execution_id=51697497-9afb-4bed-8066-ce2a98bbae6b from=0x8AfE43fF49EBd5c4B8Cd1497ee77b437dd1711fc chain_id=1
2026-04-05T14:34:57.720299Z  INFO ThreadId(04) pipeline{execution_id=ee4cba95-25ec-433a-8238-ca6d5b390787 chain_id=42161 from_address=0x8b172F820629b14cEAF859A6e159d1BcD3291Fe1}: cortex::pipeline: Pipeline started elapsed_ms=0
2026-04-05T14:34:57.720299Z  INFO ThreadId(15) pipeline{execution_id=3894f87f-f686-471f-98c2-aa6082f5d06e chain_id=137 from_address=0x2EAC739a1e05F4a05a5B8fD93D332c4353E5A7cD}: cortex::pipeline: Pipeline started elapsed_ms=0
2026-04-05T14:34:57.720299Z  INFO ThreadId(13) pipeline{execution_id=e9405f16-df70-4c71-bdda-6a281ddb630e chain_id=42161 from_address=0xfea6645D31443cF7Cf96eF1dB7823EB9365f98bf}: cortex::pipeline: Pipeline started elapsed_ms=0
2026-04-05T14:34:57.720328Z  INFO ThreadId(18) pipeline{execution_id=75862d83-4f65-439e-8829-ad32055d0b61 chain_id=1 from_address=0xCFA80F1f22b0AD533F7d8e2CcC0A783aa4BCaFF3}: cortex::pipeline: Pipeline started elapsed_ms=0
2026-04-05T14:34:57.720355Z  INFO ThreadId(11) pipeline{execution_id=edb803be-9786-4dc8-9c9d-8a2125e108c7 chain_id=42161 from_address=0xCFA80F1f22b0AD533F7d8e2CcC0A783aa4BCaFF3}: cortex::pipeline: Pipeline started elapsed_ms=0
2026-04-05T14:34:57.720450Z  INFO ThreadId(09) pipeline{execution_id=ce285697-3fd4-4d65-b750-811f02014255 chain_id=137 from_address=0x8AfE43fF49EBd5c4B8Cd1497ee77b437dd1711fc}: cortex::pipeline: Pipeline started elapsed_ms=0
2026-04-05T14:34:57.720458Z  INFO ThreadId(06) pipeline{execution_id=15034379-f674-4ea2-92fc-c78185be6b36 chain_id=1 from_address=0x2EAC739a1e05F4a05a5B8fD93D332c4353E5A7cD}: cortex::pipeline: Pipeline started elapsed_ms=0
2026-04-05T14:34:57.720485Z  INFO ThreadId(04) lobby::server::handler: transaction submission accepted execution_id=08fe1700-5060-44e7-b7de-552cc659f494 from=0xfea6645D31443cF7Cf96eF1dB7823EB9365f98bf chain_id=1
2026-04-05T14:34:57.720486Z  INFO ThreadId(11) lobby::server::handler: transaction submission accepted execution_id=77482b54-d303-4cef-ab19-c1e32c8d435b from=0x2EAC739a1e05F4a05a5B8fD93D332c4353E5A7cD chain_id=137
2026-04-05T14:34:57.720512Z  INFO ThreadId(16) pipeline{execution_id=2d449c74-6b21-4590-b8d3-07778f75d1b6 chain_id=42161 from_address=0xCFA80F1f22b0AD533F7d8e2CcC0A783aa4BCaFF3}: cortex::pipeline: Pipeline started elapsed_ms=0
2026-04-05T14:34:57.720514Z  INFO ThreadId(17) pipeline{execution_id=5c575255-d9b2-4407-b104-334c6ee1c5dd chain_id=137 from_address=0x2EAC739a1e05F4a05a5B8fD93D332c4353E5A7cD}: cortex::pipeline: Pipeline started elapsed_ms=0
2026-04-05T14:34:57.720525Z  INFO ThreadId(03) pipeline{execution_id=a54a0d9f-86c7-4c62-8e2e-024594888e0b chain_id=137 from_address=0xfea6645D31443cF7Cf96eF1dB7823EB9365f98bf}: cortex::pipeline: Pipeline started elapsed_ms=0
2026-04-05T14:34:57.720527Z  INFO ThreadId(14) lobby::server::handler: transaction submission accepted execution_id=2f80cd87-4e64-4762-98ac-dbf5c16e73ca from=0x2EAC739a1e05F4a05a5B8fD93D332c4353E5A7cD chain_id=1
2026-04-05T14:34:57.720527Z  INFO ThreadId(08) lobby::server::handler: transaction submission accepted execution_id=2050f101-087f-4b7c-9548-0655d1c17033 from=0x8b172F820629b14cEAF859A6e159d1BcD3291Fe1 chain_id=42161
2026-04-05T14:34:57.720559Z  INFO ThreadId(09) lobby::server::handler: transaction submission accepted execution_id=972eba48-fdc0-44fc-b3fb-6e99a049657d from=0xCFA80F1f22b0AD533F7d8e2CcC0A783aa4BCaFF3 chain_id=1
2026-04-05T14:34:57.720558Z  INFO ThreadId(06) lobby::server::handler: transaction submission accepted execution_id=4b498b1f-bcf5-41d3-a4e6-4d6127f8e68a from=0xCFA80F1f22b0AD533F7d8e2CcC0A783aa4BCaFF3 chain_id=1
2026-04-05T14:34:57.720588Z  INFO ThreadId(16) lobby::server::handler: transaction submission accepted execution_id=cb6675df-e8f8-4902-b543-44d56e0eca85 from=0xfea6645D31443cF7Cf96eF1dB7823EB9365f98bf chain_id=137
2026-04-05T14:34:57.720593Z  INFO ThreadId(04) pipeline{execution_id=08fe1700-5060-44e7-b7de-552cc659f494 chain_id=1 from_address=0xfea6645D31443cF7Cf96eF1dB7823EB9365f98bf}: cortex::pipeline: Pipeline started elapsed_ms=0
2026-04-05T14:34:57.720613Z  INFO ThreadId(11) pipeline{execution_id=77482b54-d303-4cef-ab19-c1e32c8d435b chain_id=137 from_address=0x2EAC739a1e05F4a05a5B8fD93D332c4353E5A7cD}: cortex::pipeline: Pipeline started elapsed_ms=0
2026-04-05T14:34:57.720624Z  INFO ThreadId(14) pipeline{execution_id=2f80cd87-4e64-4762-98ac-dbf5c16e73ca chain_id=1 from_address=0x2EAC739a1e05F4a05a5B8fD93D332c4353E5A7cD}: cortex::pipeline: Pipeline started elapsed_ms=0
2026-04-05T14:34:57.720624Z  INFO ThreadId(08) pipeline{execution_id=2050f101-087f-4b7c-9548-0655d1c17033 chain_id=42161 from_address=0x8b172F820629b14cEAF859A6e159d1BcD3291Fe1}: cortex::pipeline: Pipeline started elapsed_ms=0
2026-04-05T14:34:57.720648Z  INFO ThreadId(16) pipeline{execution_id=cb6675df-e8f8-4902-b543-44d56e0eca85 chain_id=137 from_address=0xfea6645D31443cF7Cf96eF1dB7823EB9365f98bf}: cortex::pipeline: Pipeline started elapsed_ms=0
2026-04-05T14:34:57.720672Z  INFO ThreadId(06) pipeline{execution_id=4b498b1f-bcf5-41d3-a4e6-4d6127f8e68a chain_id=1 from_address=0xCFA80F1f22b0AD533F7d8e2CcC0A783aa4BCaFF3}: cortex::pipeline: Pipeline started elapsed_ms=0
2026-04-05T14:34:57.720675Z  INFO ThreadId(17) lobby::server::handler: transaction submission accepted execution_id=6d80f28b-7f71-4a1b-bc2d-412fc0e37b13 from=0x8AfE43fF49EBd5c4B8Cd1497ee77b437dd1711fc chain_id=137
2026-04-05T14:34:57.720732Z  INFO ThreadId(11) lobby::server::handler: transaction submission accepted execution_id=667f5175-8e3f-4571-8ffa-2db36c0e04f0 from=0x8AfE43fF49EBd5c4B8Cd1497ee77b437dd1711fc chain_id=137
2026-04-05T14:34:57.720749Z  INFO ThreadId(10) pipeline{execution_id=accb85a0-01ce-4cc3-ac98-4cc167effdaf chain_id=137 from_address=0xfea6645D31443cF7Cf96eF1dB7823EB9365f98bf}: cortex::pipeline: Pipeline started elapsed_ms=0
2026-04-05T14:34:57.720744Z  INFO ThreadId(13) lobby::server::handler: transaction submission accepted execution_id=109a3147-1db1-4fe9-a6f4-e0666ed1a5b7 from=0x2EAC739a1e05F4a05a5B8fD93D332c4353E5A7cD chain_id=42161
2026-04-05T14:34:57.720755Z  INFO ThreadId(15) lobby::server::handler: transaction submission accepted execution_id=48bfd117-5930-4ae0-9290-7b84a49d23f9 from=0xfea6645D31443cF7Cf96eF1dB7823EB9365f98bf chain_id=1
2026-04-05T14:34:57.720769Z  INFO ThreadId(05) pipeline{execution_id=695c7cb9-576a-48c9-aeb6-5e87b053ec7a chain_id=137 from_address=0x2EAC739a1e05F4a05a5B8fD93D332c4353E5A7cD}: cortex::pipeline: Pipeline started elapsed_ms=0
2026-04-05T14:34:57.720774Z  INFO ThreadId(17) pipeline{execution_id=6d80f28b-7f71-4a1b-bc2d-412fc0e37b13 chain_id=137 from_address=0x8AfE43fF49EBd5c4B8Cd1497ee77b437dd1711fc}: cortex::pipeline: Pipeline started elapsed_ms=0
2026-04-05T14:34:57.720775Z  INFO ThreadId(14) lobby::server::handler: transaction submission accepted execution_id=1c5dce34-ff55-4785-ab32-4c2b7122aa7d from=0x2EAC739a1e05F4a05a5B8fD93D332c4353E5A7cD chain_id=42161
2026-04-05T14:34:57.720802Z  INFO ThreadId(10) lobby::server::handler: transaction submission accepted execution_id=42f57cc0-381b-4f73-94b1-3bc31b62614a from=0xCFA80F1f22b0AD533F7d8e2CcC0A783aa4BCaFF3 chain_id=137
2026-04-05T14:34:57.720815Z  INFO ThreadId(08) lobby::server::handler: transaction submission accepted execution_id=331b3be0-7739-4115-9fb1-6237d4f92528 from=0xCFA80F1f22b0AD533F7d8e2CcC0A783aa4BCaFF3 chain_id=137
2026-04-05T14:34:57.720818Z  INFO ThreadId(04) lobby::server::handler: transaction submission accepted execution_id=eb0fa17d-127a-45a4-a5fa-07f49bd6f076 from=0xCFA80F1f22b0AD533F7d8e2CcC0A783aa4BCaFF3 chain_id=1
2026-04-05T14:34:57.720826Z  INFO ThreadId(03) lobby::server::handler: transaction submission accepted execution_id=01a92783-6532-4173-96b3-b30226c82f2a from=0x2EAC739a1e05F4a05a5B8fD93D332c4353E5A7cD chain_id=42161
2026-04-05T14:34:57.720831Z  INFO ThreadId(13) pipeline{execution_id=109a3147-1db1-4fe9-a6f4-e0666ed1a5b7 chain_id=42161 from_address=0x2EAC739a1e05F4a05a5B8fD93D332c4353E5A7cD}: cortex::pipeline: Pipeline started elapsed_ms=0
2026-04-05T14:34:57.720838Z  INFO ThreadId(17) lobby::server::handler: transaction submission accepted execution_id=0a278dd8-bb1f-4c08-8dfb-e0551d4f540c from=0x2EAC739a1e05F4a05a5B8fD93D332c4353E5A7cD chain_id=1
2026-04-05T14:34:57.720839Z  INFO ThreadId(15) pipeline{execution_id=48bfd117-5930-4ae0-9290-7b84a49d23f9 chain_id=1 from_address=0xfea6645D31443cF7Cf96eF1dB7823EB9365f98bf}: cortex::pipeline: Pipeline started elapsed_ms=0
2026-04-05T14:34:57.720843Z  INFO ThreadId(14) pipeline{execution_id=1c5dce34-ff55-4785-ab32-4c2b7122aa7d chain_id=42161 from_address=0x2EAC739a1e05F4a05a5B8fD93D332c4353E5A7cD}: cortex::pipeline: Pipeline started elapsed_ms=0
2026-04-05T14:34:57.720851Z  INFO ThreadId(10) pipeline{execution_id=42f57cc0-381b-4f73-94b1-3bc31b62614a chain_id=137 from_address=0xCFA80F1f22b0AD533F7d8e2CcC0A783aa4BCaFF3}: cortex::pipeline: Pipeline started elapsed_ms=0
2026-04-05T14:34:57.720851Z  INFO ThreadId(16) lobby::server::handler: transaction submission accepted execution_id=b428cc32-9ab7-4dbb-bc50-f8ffd8b33d15 from=0xfea6645D31443cF7Cf96eF1dB7823EB9365f98bf chain_id=1
2026-04-05T14:34:57.720851Z  INFO ThreadId(11) pipeline{execution_id=667f5175-8e3f-4571-8ffa-2db36c0e04f0 chain_id=137 from_address=0x8AfE43fF49EBd5c4B8Cd1497ee77b437dd1711fc}: cortex::pipeline: Pipeline started elapsed_ms=0
2026-04-05T14:34:57.720889Z  INFO ThreadId(18) lobby::server::handler: transaction submission accepted execution_id=d415afd5-1f4a-45d3-bf15-2f7ebc789fbc from=0xfea6645D31443cF7Cf96eF1dB7823EB9365f98bf chain_id=137
2026-04-05T14:34:57.720890Z  INFO ThreadId(03) pipeline{execution_id=01a92783-6532-4173-96b3-b30226c82f2a chain_id=42161 from_address=0x2EAC739a1e05F4a05a5B8fD93D332c4353E5A7cD}: cortex::pipeline: Pipeline started elapsed_ms=0
2026-04-05T14:34:57.720890Z  INFO ThreadId(08) pipeline{execution_id=331b3be0-7739-4115-9fb1-6237d4f92528 chain_id=137 from_address=0xCFA80F1f22b0AD533F7d8e2CcC0A783aa4BCaFF3}: cortex::pipeline: Pipeline started elapsed_ms=0
2026-04-05T14:34:57.720894Z  INFO ThreadId(04) pipeline{execution_id=eb0fa17d-127a-45a4-a5fa-07f49bd6f076 chain_id=1 from_address=0xCFA80F1f22b0AD533F7d8e2CcC0A783aa4BCaFF3}: cortex::pipeline: Pipeline started elapsed_ms=0
2026-04-05T14:34:57.720905Z  INFO ThreadId(05) lobby::server::handler: transaction submission accepted execution_id=d0e10f12-41f8-479a-ab1a-e6ad5cb683dc from=0x8b172F820629b14cEAF859A6e159d1BcD3291Fe1 chain_id=42161
2026-04-05T14:34:57.720912Z  INFO ThreadId(16) pipeline{execution_id=b428cc32-9ab7-4dbb-bc50-f8ffd8b33d15 chain_id=1 from_address=0xfea6645D31443cF7Cf96eF1dB7823EB9365f98bf}: cortex::pipeline: Pipeline started elapsed_ms=0
2026-04-05T14:34:57.720915Z  INFO ThreadId(07) pipeline{execution_id=4fd9200f-d9e6-48d8-8197-4cbaba1dc3cb chain_id=137 from_address=0xCFA80F1f22b0AD533F7d8e2CcC0A783aa4BCaFF3}: cortex::pipeline: Pipeline started elapsed_ms=0
2026-04-05T14:34:57.720927Z  INFO ThreadId(10) lobby::server::handler: transaction submission accepted execution_id=29cd1180-2bf0-4491-869b-bc6ba2527e5b from=0xCFA80F1f22b0AD533F7d8e2CcC0A783aa4BCaFF3 chain_id=1
2026-04-05T14:34:57.720956Z  INFO ThreadId(18) pipeline{execution_id=d415afd5-1f4a-45d3-bf15-2f7ebc789fbc chain_id=137 from_address=0xfea6645D31443cF7Cf96eF1dB7823EB9365f98bf}: cortex::pipeline: Pipeline started elapsed_ms=0
2026-04-05T14:34:57.721011Z  INFO ThreadId(10) pipeline{execution_id=29cd1180-2bf0-4491-869b-bc6ba2527e5b chain_id=1 from_address=0xCFA80F1f22b0AD533F7d8e2CcC0A783aa4BCaFF3}: cortex::pipeline: Pipeline started elapsed_ms=0
2026-04-05T14:34:57.721022Z  INFO ThreadId(08) lobby::server::handler: transaction submission accepted execution_id=bec3213c-5788-49dc-b25e-a5a968d43525 from=0xCFA80F1f22b0AD533F7d8e2CcC0A783aa4BCaFF3 chain_id=1
2026-04-05T14:34:57.721022Z  INFO ThreadId(16) lobby::server::handler: transaction submission accepted execution_id=2aae21b7-abf4-474b-8380-a42b233f5891 from=0xCFA80F1f22b0AD533F7d8e2CcC0A783aa4BCaFF3 chain_id=137
2026-04-05T14:34:57.721026Z  INFO ThreadId(17) pipeline{execution_id=0a278dd8-bb1f-4c08-8dfb-e0551d4f540c chain_id=1 from_address=0x2EAC739a1e05F4a05a5B8fD93D332c4353E5A7cD}: cortex::pipeline: Pipeline started elapsed_ms=0
2026-04-05T14:34:57.721030Z  INFO ThreadId(05) pipeline{execution_id=d0e10f12-41f8-479a-ab1a-e6ad5cb683dc chain_id=42161 from_address=0x8b172F820629b14cEAF859A6e159d1BcD3291Fe1}: cortex::pipeline: Pipeline started elapsed_ms=0
2026-04-05T14:34:57.721042Z  INFO ThreadId(03) lobby::server::handler: transaction submission accepted execution_id=1a1c56df-bb45-46f5-85ca-1759e340b98c from=0x2EAC739a1e05F4a05a5B8fD93D332c4353E5A7cD chain_id=42161
2026-04-05T14:34:57.721067Z  INFO ThreadId(10) lobby::server::handler: transaction submission accepted execution_id=d2321373-f877-4211-8197-2ed152594472 from=0xCFA80F1f22b0AD533F7d8e2CcC0A783aa4BCaFF3 chain_id=137
2026-04-05T14:34:57.721075Z  INFO ThreadId(17) lobby::server::handler: transaction submission accepted execution_id=e3cee264-a538-452a-b895-bb16ebc4cc24 from=0xCFA80F1f22b0AD533F7d8e2CcC0A783aa4BCaFF3 chain_id=42161
2026-04-05T14:34:57.721087Z  INFO ThreadId(16) pipeline{execution_id=2aae21b7-abf4-474b-8380-a42b233f5891 chain_id=137 from_address=0xCFA80F1f22b0AD533F7d8e2CcC0A783aa4BCaFF3}: cortex::pipeline: Pipeline started elapsed_ms=0
2026-04-05T14:34:57.721087Z  INFO ThreadId(08) pipeline{execution_id=bec3213c-5788-49dc-b25e-a5a968d43525 chain_id=1 from_address=0xCFA80F1f22b0AD533F7d8e2CcC0A783aa4BCaFF3}: cortex::pipeline: Pipeline started elapsed_ms=0
2026-04-05T14:34:57.721101Z  INFO ThreadId(03) pipeline{execution_id=1a1c56df-bb45-46f5-85ca-1759e340b98c chain_id=42161 from_address=0x2EAC739a1e05F4a05a5B8fD93D332c4353E5A7cD}: cortex::pipeline: Pipeline started elapsed_ms=0
2026-04-05T14:34:57.721115Z  INFO ThreadId(10) pipeline{execution_id=d2321373-f877-4211-8197-2ed152594472 chain_id=137 from_address=0xCFA80F1f22b0AD533F7d8e2CcC0A783aa4BCaFF3}: cortex::pipeline: Pipeline started elapsed_ms=0
2026-04-05T14:34:57.721111Z  INFO ThreadId(05) lobby::server::handler: transaction submission accepted execution_id=b15222ea-dd09-49d2-8c5a-f7562e0a662d from=0x2EAC739a1e05F4a05a5B8fD93D332c4353E5A7cD chain_id=1
2026-04-05T14:34:57.721167Z  INFO ThreadId(17) pipeline{execution_id=e3cee264-a538-452a-b895-bb16ebc4cc24 chain_id=42161 from_address=0xCFA80F1f22b0AD533F7d8e2CcC0A783aa4BCaFF3}: cortex::pipeline: Pipeline started elapsed_ms=0
2026-04-05T14:34:57.721195Z  INFO ThreadId(16) lobby::server::handler: transaction submission accepted execution_id=7122a995-18b1-44cf-a7af-5a3e46ca778a from=0x8AfE43fF49EBd5c4B8Cd1497ee77b437dd1711fc chain_id=137
2026-04-05T14:34:57.721201Z  INFO ThreadId(12) pipeline{execution_id=51697497-9afb-4bed-8066-ce2a98bbae6b chain_id=1 from_address=0x8AfE43fF49EBd5c4B8Cd1497ee77b437dd1711fc}: cortex::pipeline: Pipeline started elapsed_ms=0
2026-04-05T14:34:57.721215Z  INFO ThreadId(18) lobby::server::handler: transaction submission accepted execution_id=409d45c8-72f9-4fbb-a0a1-72c453b34384 from=0xCFA80F1f22b0AD533F7d8e2CcC0A783aa4BCaFF3 chain_id=1
2026-04-05T14:34:57.721221Z  INFO ThreadId(09) pipeline{execution_id=972eba48-fdc0-44fc-b3fb-6e99a049657d chain_id=1 from_address=0xCFA80F1f22b0AD533F7d8e2CcC0A783aa4BCaFF3}: cortex::pipeline: Pipeline started elapsed_ms=0
2026-04-05T14:34:57.721230Z  INFO ThreadId(10) lobby::server::handler: transaction submission accepted execution_id=3361fa14-35da-4aed-aa99-d6ec149e3b67 from=0xCFA80F1f22b0AD533F7d8e2CcC0A783aa4BCaFF3 chain_id=42161
2026-04-05T14:34:57.721242Z  INFO ThreadId(17) lobby::server::handler: transaction submission accepted execution_id=4908762a-ea35-44b0-96ca-e9445fdfb1f4 from=0x8AfE43fF49EBd5c4B8Cd1497ee77b437dd1711fc chain_id=137
2026-04-05T14:34:57.721242Z  INFO ThreadId(03) lobby::server::handler: transaction submission accepted execution_id=9c256c15-bd56-4370-9558-9991ce27ac26 from=0x8AfE43fF49EBd5c4B8Cd1497ee77b437dd1711fc chain_id=42161
2026-04-05T14:34:57.721249Z  INFO ThreadId(05) pipeline{execution_id=b15222ea-dd09-49d2-8c5a-f7562e0a662d chain_id=1 from_address=0x2EAC739a1e05F4a05a5B8fD93D332c4353E5A7cD}: cortex::pipeline: Pipeline started elapsed_ms=0
2026-04-05T14:34:57.721260Z  INFO ThreadId(12) lobby::server::handler: transaction submission accepted execution_id=4dc3d410-d133-47c0-aa0f-28b0822ff61b from=0x8b172F820629b14cEAF859A6e159d1BcD3291Fe1 chain_id=137
2026-04-05T14:34:57.721268Z  INFO ThreadId(16) pipeline{execution_id=7122a995-18b1-44cf-a7af-5a3e46ca778a chain_id=137 from_address=0x8AfE43fF49EBd5c4B8Cd1497ee77b437dd1711fc}: cortex::pipeline: Pipeline started elapsed_ms=0
2026-04-05T14:34:57.721282Z  INFO ThreadId(18) pipeline{execution_id=409d45c8-72f9-4fbb-a0a1-72c453b34384 chain_id=1 from_address=0xCFA80F1f22b0AD533F7d8e2CcC0A783aa4BCaFF3}: cortex::pipeline: Pipeline started elapsed_ms=0
2026-04-05T14:34:57.721284Z  INFO ThreadId(10) pipeline{execution_id=3361fa14-35da-4aed-aa99-d6ec149e3b67 chain_id=42161 from_address=0xCFA80F1f22b0AD533F7d8e2CcC0A783aa4BCaFF3}: cortex::pipeline: Pipeline started elapsed_ms=0
2026-04-05T14:34:57.721285Z  INFO ThreadId(09) lobby::server::handler: transaction submission accepted execution_id=e669d500-7281-4fa1-99a3-4605d2043c51 from=0xCFA80F1f22b0AD533F7d8e2CcC0A783aa4BCaFF3 chain_id=42161
2026-04-05T14:34:57.721302Z  INFO ThreadId(17) pipeline{execution_id=4908762a-ea35-44b0-96ca-e9445fdfb1f4 chain_id=137 from_address=0x8AfE43fF49EBd5c4B8Cd1497ee77b437dd1711fc}: cortex::pipeline: Pipeline started elapsed_ms=0
2026-04-05T14:34:57.721327Z  INFO ThreadId(03) pipeline{execution_id=9c256c15-bd56-4370-9558-9991ce27ac26 chain_id=42161 from_address=0x8AfE43fF49EBd5c4B8Cd1497ee77b437dd1711fc}: cortex::pipeline: Pipeline started elapsed_ms=0
2026-04-05T14:34:57.721336Z  INFO ThreadId(08) lobby::server::handler: transaction submission accepted execution_id=0091899c-8631-422c-bd1c-d3a26a77c8c7 from=0xCFA80F1f22b0AD533F7d8e2CcC0A783aa4BCaFF3 chain_id=137
2026-04-05T14:34:57.721340Z  INFO ThreadId(18) lobby::server::handler: transaction submission accepted execution_id=3209efef-4e14-4a5e-ab67-015da9109311 from=0xfea6645D31443cF7Cf96eF1dB7823EB9365f98bf chain_id=1
2026-04-05T14:34:57.721351Z  INFO ThreadId(05) lobby::server::handler: transaction submission accepted execution_id=45d4e570-e05c-4a7f-960f-bac5c866af1b from=0xfea6645D31443cF7Cf96eF1dB7823EB9365f98bf chain_id=42161
2026-04-05T14:34:57.721357Z  INFO ThreadId(17) lobby::server::handler: transaction submission accepted execution_id=b68c46fa-ede2-4982-822d-3b84636dc9f9 from=0x8b172F820629b14cEAF859A6e159d1BcD3291Fe1 chain_id=137
2026-04-05T14:34:57.721375Z  INFO ThreadId(09) pipeline{execution_id=e669d500-7281-4fa1-99a3-4605d2043c51 chain_id=42161 from_address=0xCFA80F1f22b0AD533F7d8e2CcC0A783aa4BCaFF3}: cortex::pipeline: Pipeline started elapsed_ms=0
2026-04-05T14:34:57.721392Z  INFO ThreadId(08) pipeline{execution_id=0091899c-8631-422c-bd1c-d3a26a77c8c7 chain_id=137 from_address=0xCFA80F1f22b0AD533F7d8e2CcC0A783aa4BCaFF3}: cortex::pipeline: Pipeline started elapsed_ms=0
2026-04-05T14:34:57.721398Z  INFO ThreadId(12) pipeline{execution_id=4dc3d410-d133-47c0-aa0f-28b0822ff61b chain_id=137 from_address=0x8b172F820629b14cEAF859A6e159d1BcD3291Fe1}: cortex::pipeline: Pipeline started elapsed_ms=0
2026-04-05T14:34:57.721397Z  INFO ThreadId(16) lobby::server::handler: transaction submission accepted execution_id=47628575-eb6d-40e6-a0bf-f6a9220ccc8f from=0xCFA80F1f22b0AD533F7d8e2CcC0A783aa4BCaFF3 chain_id=1
2026-04-05T14:34:57.721400Z  INFO ThreadId(18) pipeline{execution_id=3209efef-4e14-4a5e-ab67-015da9109311 chain_id=1 from_address=0xfea6645D31443cF7Cf96eF1dB7823EB9365f98bf}: cortex::pipeline: Pipeline started elapsed_ms=0
2026-04-05T14:34:57.721446Z  INFO ThreadId(17) pipeline{execution_id=b68c46fa-ede2-4982-822d-3b84636dc9f9 chain_id=137 from_address=0x8b172F820629b14cEAF859A6e159d1BcD3291Fe1}: cortex::pipeline: Pipeline started elapsed_ms=0
2026-04-05T14:34:57.721457Z  INFO ThreadId(06) lobby::server::handler: transaction submission accepted execution_id=5cff7a63-54e0-4a77-a07d-9daf66950789 from=0xfea6645D31443cF7Cf96eF1dB7823EB9365f98bf chain_id=137
2026-04-05T14:34:57.721459Z  INFO ThreadId(08) lobby::server::handler: transaction submission accepted execution_id=110bf31b-dafa-443f-a820-7a0419d532b8 from=0x8AfE43fF49EBd5c4B8Cd1497ee77b437dd1711fc chain_id=42161
2026-04-05T14:34:57.721464Z  INFO ThreadId(05) pipeline{execution_id=45d4e570-e05c-4a7f-960f-bac5c866af1b chain_id=42161 from_address=0xfea6645D31443cF7Cf96eF1dB7823EB9365f98bf}: cortex::pipeline: Pipeline started elapsed_ms=0
2026-04-05T14:34:57.721469Z  INFO ThreadId(12) lobby::server::handler: transaction submission accepted execution_id=01e0be84-79f0-466c-bffd-b719ea8bd8fb from=0x8AfE43fF49EBd5c4B8Cd1497ee77b437dd1711fc chain_id=137
2026-04-05T14:34:57.721469Z  INFO ThreadId(14) lobby::server::handler: transaction submission accepted execution_id=160ed42c-cd88-4fb0-9fd3-99aea523b5ba from=0x8b172F820629b14cEAF859A6e159d1BcD3291Fe1 chain_id=137
2026-04-05T14:34:57.721483Z  INFO ThreadId(07) lobby::server::handler: transaction submission accepted execution_id=4dc88355-a2c3-4e73-99af-5dc88164ab7d from=0x8b172F820629b14cEAF859A6e159d1BcD3291Fe1 chain_id=42161
2026-04-05T14:34:57.721536Z  INFO ThreadId(18) lobby::server::handler: transaction submission accepted execution_id=dc961968-ae82-4802-81d3-8da212eeed64 from=0xfea6645D31443cF7Cf96eF1dB7823EB9365f98bf chain_id=137
2026-04-05T14:34:57.721548Z  INFO ThreadId(16) pipeline{execution_id=47628575-eb6d-40e6-a0bf-f6a9220ccc8f chain_id=1 from_address=0xCFA80F1f22b0AD533F7d8e2CcC0A783aa4BCaFF3}: cortex::pipeline: Pipeline started elapsed_ms=0
2026-04-05T14:34:57.721575Z  INFO ThreadId(06) pipeline{execution_id=5cff7a63-54e0-4a77-a07d-9daf66950789 chain_id=137 from_address=0xfea6645D31443cF7Cf96eF1dB7823EB9365f98bf}: cortex::pipeline: Pipeline started elapsed_ms=0
2026-04-05T14:34:57.721595Z  INFO ThreadId(09) lobby::server::handler: transaction submission accepted execution_id=832db3e7-1304-4efd-908e-47866a7293a2 from=0x8AfE43fF49EBd5c4B8Cd1497ee77b437dd1711fc chain_id=137
2026-04-05T14:34:57.721605Z  INFO ThreadId(16) lobby::server::handler: transaction submission accepted execution_id=26175ddc-003b-449c-bea7-395618259d46 from=0x8b172F820629b14cEAF859A6e159d1BcD3291Fe1 chain_id=1
2026-04-05T14:34:57.721627Z  INFO ThreadId(06) lobby::server::handler: transaction submission accepted execution_id=41a7fcad-f85b-41a5-9559-386dc65d0228 from=0x2EAC739a1e05F4a05a5B8fD93D332c4353E5A7cD chain_id=1
2026-04-05T14:34:57.721659Z  INFO ThreadId(09) pipeline{execution_id=832db3e7-1304-4efd-908e-47866a7293a2 chain_id=137 from_address=0x8AfE43fF49EBd5c4B8Cd1497ee77b437dd1711fc}: cortex::pipeline: Pipeline started elapsed_ms=0
2026-04-05T14:34:57.721677Z  INFO ThreadId(05) lobby::server::handler: transaction submission accepted execution_id=fb221eca-a942-4aa0-8276-1ed62961711a from=0xfea6645D31443cF7Cf96eF1dB7823EB9365f98bf chain_id=42161
2026-04-05T14:34:57.721689Z  INFO ThreadId(16) pipeline{execution_id=26175ddc-003b-449c-bea7-395618259d46 chain_id=1 from_address=0x8b172F820629b14cEAF859A6e159d1BcD3291Fe1}: cortex::pipeline: Pipeline started elapsed_ms=0
2026-04-05T14:34:57.721701Z  INFO ThreadId(06) pipeline{execution_id=41a7fcad-f85b-41a5-9559-386dc65d0228 chain_id=1 from_address=0x2EAC739a1e05F4a05a5B8fD93D332c4353E5A7cD}: cortex::pipeline: Pipeline started elapsed_ms=0
2026-04-05T14:34:57.721750Z  INFO ThreadId(06) lobby::server::handler: transaction submission accepted execution_id=40dd29cf-5e5b-4cf0-9875-2ce4c41ea2b5 from=0xCFA80F1f22b0AD533F7d8e2CcC0A783aa4BCaFF3 chain_id=42161
2026-04-05T14:34:57.721751Z  INFO ThreadId(16) lobby::server::handler: transaction submission accepted execution_id=65b499a2-0025-4c16-b7ce-f8fef784d913 from=0x8AfE43fF49EBd5c4B8Cd1497ee77b437dd1711fc chain_id=137
2026-04-05T14:34:57.721750Z  INFO ThreadId(11) lobby::server::handler: transaction submission accepted execution_id=a12c7cda-db24-4a3d-bca8-c03a59ca7e74 from=0x8AfE43fF49EBd5c4B8Cd1497ee77b437dd1711fc chain_id=42161
2026-04-05T14:34:57.721776Z  INFO ThreadId(14) pipeline{execution_id=160ed42c-cd88-4fb0-9fd3-99aea523b5ba chain_id=137 from_address=0x8b172F820629b14cEAF859A6e159d1BcD3291Fe1}: cortex::pipeline: Pipeline started elapsed_ms=0
2026-04-05T14:34:57.721782Z  INFO ThreadId(07) pipeline{execution_id=4dc88355-a2c3-4e73-99af-5dc88164ab7d chain_id=42161 from_address=0x8b172F820629b14cEAF859A6e159d1BcD3291Fe1}: cortex::pipeline: Pipeline started elapsed_ms=0
2026-04-05T14:34:57.721806Z  INFO ThreadId(10) lobby::server::handler: transaction submission accepted execution_id=8bc664a4-2b91-49f4-9d10-e9a9dd7394ed from=0xfea6645D31443cF7Cf96eF1dB7823EB9365f98bf chain_id=42161
2026-04-05T14:34:57.721807Z  INFO ThreadId(06) pipeline{execution_id=40dd29cf-5e5b-4cf0-9875-2ce4c41ea2b5 chain_id=42161 from_address=0xCFA80F1f22b0AD533F7d8e2CcC0A783aa4BCaFF3}: cortex::pipeline: Pipeline started elapsed_ms=0
2026-04-05T14:34:57.721823Z  INFO ThreadId(14) lobby::server::handler: transaction submission accepted execution_id=fc23b9aa-cf44-4510-a116-65d51c98d3dc from=0xCFA80F1f22b0AD533F7d8e2CcC0A783aa4BCaFF3 chain_id=42161
2026-04-05T14:34:57.721828Z  INFO ThreadId(16) pipeline{execution_id=65b499a2-0025-4c16-b7ce-f8fef784d913 chain_id=137 from_address=0x8AfE43fF49EBd5c4B8Cd1497ee77b437dd1711fc}: cortex::pipeline: Pipeline started elapsed_ms=0
2026-04-05T14:34:57.721862Z  INFO ThreadId(17) lobby::server::handler: transaction submission accepted execution_id=484cf38d-1020-4f4c-a7f9-cda4d767e6d0 from=0x8b172F820629b14cEAF859A6e159d1BcD3291Fe1 chain_id=42161
2026-04-05T14:34:57.721870Z  INFO ThreadId(16) lobby::server::handler: transaction submission accepted execution_id=408956dd-a074-4068-b25f-224d509874cb from=0xfea6645D31443cF7Cf96eF1dB7823EB9365f98bf chain_id=42161
2026-04-05T14:34:57.721872Z  INFO ThreadId(10) pipeline{execution_id=8bc664a4-2b91-49f4-9d10-e9a9dd7394ed chain_id=42161 from_address=0xfea6645D31443cF7Cf96eF1dB7823EB9365f98bf}: cortex::pipeline: Pipeline started elapsed_ms=0
2026-04-05T14:34:57.721883Z  INFO ThreadId(12) pipeline{execution_id=01e0be84-79f0-466c-bffd-b719ea8bd8fb chain_id=137 from_address=0x8AfE43fF49EBd5c4B8Cd1497ee77b437dd1711fc}: cortex::pipeline: Pipeline started elapsed_ms=0
2026-04-05T14:34:57.721881Z  INFO ThreadId(11) pipeline{execution_id=a12c7cda-db24-4a3d-bca8-c03a59ca7e74 chain_id=42161 from_address=0x8AfE43fF49EBd5c4B8Cd1497ee77b437dd1711fc}: cortex::pipeline: Pipeline started elapsed_ms=0
2026-04-05T14:34:57.721885Z  INFO ThreadId(13) lobby::server::handler: transaction submission accepted execution_id=21711bad-3002-4674-ab79-c3c8280e7e77 from=0x8b172F820629b14cEAF859A6e159d1BcD3291Fe1 chain_id=42161
2026-04-05T14:34:57.721917Z  INFO ThreadId(10) lobby::server::handler: transaction submission accepted execution_id=73e88fd0-c41d-4e6f-ada8-3803c59655e5 from=0x2EAC739a1e05F4a05a5B8fD93D332c4353E5A7cD chain_id=137
2026-04-05T14:34:57.721932Z  INFO ThreadId(06) lobby::server::handler: transaction submission accepted execution_id=f3432cfd-9db1-4c7e-a0e3-5d07593e9674 from=0x2EAC739a1e05F4a05a5B8fD93D332c4353E5A7cD chain_id=42161
2026-04-05T14:34:57.721937Z  INFO ThreadId(16) pipeline{execution_id=408956dd-a074-4068-b25f-224d509874cb chain_id=42161 from_address=0xfea6645D31443cF7Cf96eF1dB7823EB9365f98bf}: cortex::pipeline: Pipeline started elapsed_ms=0
2026-04-05T14:34:57.721943Z  INFO ThreadId(17) pipeline{execution_id=484cf38d-1020-4f4c-a7f9-cda4d767e6d0 chain_id=42161 from_address=0x8b172F820629b14cEAF859A6e159d1BcD3291Fe1}: cortex::pipeline: Pipeline started elapsed_ms=0
2026-04-05T14:34:57.721954Z  INFO ThreadId(18) pipeline{execution_id=dc961968-ae82-4802-81d3-8da212eeed64 chain_id=137 from_address=0xfea6645D31443cF7Cf96eF1dB7823EB9365f98bf}: cortex::pipeline: Pipeline started elapsed_ms=0
2026-04-05T14:34:57.721979Z  INFO ThreadId(10) pipeline{execution_id=73e88fd0-c41d-4e6f-ada8-3803c59655e5 chain_id=137 from_address=0x2EAC739a1e05F4a05a5B8fD93D332c4353E5A7cD}: cortex::pipeline: Pipeline started elapsed_ms=0
2026-04-05T14:34:57.721981Z  INFO ThreadId(13) pipeline{execution_id=21711bad-3002-4674-ab79-c3c8280e7e77 chain_id=42161 from_address=0x8b172F820629b14cEAF859A6e159d1BcD3291Fe1}: cortex::pipeline: Pipeline started elapsed_ms=0
2026-04-05T14:34:57.721986Z  INFO ThreadId(07) lobby::server::handler: transaction submission accepted execution_id=c9654dfc-b1f5-4ad8-a7aa-3f39bb7c146d from=0xCFA80F1f22b0AD533F7d8e2CcC0A783aa4BCaFF3 chain_id=137
2026-04-05T14:34:57.722002Z  INFO ThreadId(06) pipeline{execution_id=f3432cfd-9db1-4c7e-a0e3-5d07593e9674 chain_id=42161 from_address=0x2EAC739a1e05F4a05a5B8fD93D332c4353E5A7cD}: cortex::pipeline: Pipeline started elapsed_ms=0
2026-04-05T14:34:57.722003Z  INFO ThreadId(18) lobby::server::handler: transaction submission accepted execution_id=69352a8d-03a9-488c-b9ae-c5181a769635 from=0x8AfE43fF49EBd5c4B8Cd1497ee77b437dd1711fc chain_id=137
2026-04-05T14:34:57.722019Z  INFO ThreadId(10) lobby::server::handler: transaction submission accepted execution_id=377f3c3c-db01-41b4-9259-bd05911b6d63 from=0xCFA80F1f22b0AD533F7d8e2CcC0A783aa4BCaFF3 chain_id=42161
2026-04-05T14:34:57.722030Z  INFO ThreadId(09) lobby::server::handler: transaction submission accepted execution_id=6f0a8582-1e07-4105-a628-589d3e3217d3 from=0x8AfE43fF49EBd5c4B8Cd1497ee77b437dd1711fc chain_id=137
2026-04-05T14:34:57.722039Z  INFO ThreadId(07) pipeline{execution_id=c9654dfc-b1f5-4ad8-a7aa-3f39bb7c146d chain_id=137 from_address=0xCFA80F1f22b0AD533F7d8e2CcC0A783aa4BCaFF3}: cortex::pipeline: Pipeline started elapsed_ms=0
2026-04-05T14:34:57.722051Z  INFO ThreadId(06) lobby::server::handler: transaction submission accepted execution_id=6a02fac5-6302-4ec4-9f77-34699b91d0ab from=0xCFA80F1f22b0AD533F7d8e2CcC0A783aa4BCaFF3 chain_id=42161
2026-04-05T14:34:57.722069Z  INFO ThreadId(18) pipeline{execution_id=69352a8d-03a9-488c-b9ae-c5181a769635 chain_id=137 from_address=0x8AfE43fF49EBd5c4B8Cd1497ee77b437dd1711fc}: cortex::pipeline: Pipeline started elapsed_ms=0
2026-04-05T14:34:57.722084Z  INFO ThreadId(09) pipeline{execution_id=6f0a8582-1e07-4105-a628-589d3e3217d3 chain_id=137 from_address=0x8AfE43fF49EBd5c4B8Cd1497ee77b437dd1711fc}: cortex::pipeline: Pipeline started elapsed_ms=0
2026-04-05T14:34:57.722088Z  INFO ThreadId(10) pipeline{execution_id=377f3c3c-db01-41b4-9259-bd05911b6d63 chain_id=42161 from_address=0xCFA80F1f22b0AD533F7d8e2CcC0A783aa4BCaFF3}: cortex::pipeline: Pipeline started elapsed_ms=0
2026-04-05T14:34:57.722108Z  INFO ThreadId(06) pipeline{execution_id=6a02fac5-6302-4ec4-9f77-34699b91d0ab chain_id=42161 from_address=0xCFA80F1f22b0AD533F7d8e2CcC0A783aa4BCaFF3}: cortex::pipeline: Pipeline started elapsed_ms=0
2026-04-05T14:34:57.722123Z  INFO ThreadId(15) lobby::server::handler: transaction submission accepted execution_id=0d1cc793-adb6-4ec2-a3fc-efe5779d7326 from=0x8AfE43fF49EBd5c4B8Cd1497ee77b437dd1711fc chain_id=1
2026-04-05T14:34:57.722128Z  INFO ThreadId(03) lobby::server::handler: transaction submission accepted execution_id=196a39b3-5175-4d71-9197-bf0fe339b83b from=0xCFA80F1f22b0AD533F7d8e2CcC0A783aa4BCaFF3 chain_id=42161
2026-04-05T14:34:57.722128Z  INFO ThreadId(16) lobby::server::handler: transaction submission accepted execution_id=ff0a2d75-1597-4e24-9620-ad81326fd8a1 from=0x8AfE43fF49EBd5c4B8Cd1497ee77b437dd1711fc chain_id=1
2026-04-05T14:34:57.722132Z  INFO ThreadId(07) lobby::server::handler: transaction submission accepted execution_id=e12956ee-c7e6-47bc-a973-a011604e51a2 from=0xCFA80F1f22b0AD533F7d8e2CcC0A783aa4BCaFF3 chain_id=42161
2026-04-05T14:34:57.722159Z  INFO ThreadId(14) pipeline{execution_id=fc23b9aa-cf44-4510-a116-65d51c98d3dc chain_id=42161 from_address=0xCFA80F1f22b0AD533F7d8e2CcC0A783aa4BCaFF3}: cortex::pipeline: Pipeline started elapsed_ms=0
2026-04-05T14:34:57.722164Z  INFO ThreadId(04) lobby::server::handler: transaction submission accepted execution_id=8d95b4e5-6195-4169-8311-2d7d93b21bfd from=0x8b172F820629b14cEAF859A6e159d1BcD3291Fe1 chain_id=42161
2026-04-05T14:34:57.722191Z  INFO ThreadId(15) pipeline{execution_id=0d1cc793-adb6-4ec2-a3fc-efe5779d7326 chain_id=1 from_address=0x8AfE43fF49EBd5c4B8Cd1497ee77b437dd1711fc}: cortex::pipeline: Pipeline started elapsed_ms=0
2026-04-05T14:34:57.722201Z  INFO ThreadId(07) pipeline{execution_id=e12956ee-c7e6-47bc-a973-a011604e51a2 chain_id=42161 from_address=0xCFA80F1f22b0AD533F7d8e2CcC0A783aa4BCaFF3}: cortex::pipeline: Pipeline started elapsed_ms=0
2026-04-05T14:34:57.722217Z  INFO ThreadId(17) lobby::server::handler: transaction submission accepted execution_id=34dc995f-1fd8-478c-ba6b-6ffe89e45de2 from=0xfea6645D31443cF7Cf96eF1dB7823EB9365f98bf chain_id=1
2026-04-05T14:34:57.722229Z  INFO ThreadId(08) pipeline{execution_id=110bf31b-dafa-443f-a820-7a0419d532b8 chain_id=42161 from_address=0x8AfE43fF49EBd5c4B8Cd1497ee77b437dd1711fc}: cortex::pipeline: Pipeline started elapsed_ms=0
2026-04-05T14:34:57.722233Z  INFO ThreadId(11) lobby::server::handler: transaction submission accepted execution_id=6202e46d-c208-43dd-87c9-f55b2afb9ec8 from=0x8b172F820629b14cEAF859A6e159d1BcD3291Fe1 chain_id=1
2026-04-05T14:34:57.722234Z  INFO ThreadId(04) pipeline{execution_id=8d95b4e5-6195-4169-8311-2d7d93b21bfd chain_id=42161 from_address=0x8b172F820629b14cEAF859A6e159d1BcD3291Fe1}: cortex::pipeline: Pipeline started elapsed_ms=0
2026-04-05T14:34:57.722243Z  INFO ThreadId(07) lobby::server::handler: transaction submission accepted execution_id=b6fd56c9-5c0d-4c6e-a659-ffcbe7961aff from=0x8AfE43fF49EBd5c4B8Cd1497ee77b437dd1711fc chain_id=1
2026-04-05T14:34:57.722265Z  INFO ThreadId(13) lobby::server::handler: transaction submission accepted execution_id=9a776693-8856-4dd6-8423-e693af90c962 from=0x2EAC739a1e05F4a05a5B8fD93D332c4353E5A7cD chain_id=1
2026-04-05T14:34:57.722276Z  INFO ThreadId(17) pipeline{execution_id=34dc995f-1fd8-478c-ba6b-6ffe89e45de2 chain_id=1 from_address=0xfea6645D31443cF7Cf96eF1dB7823EB9365f98bf}: cortex::pipeline: Pipeline started elapsed_ms=0
2026-04-05T14:34:57.722275Z  INFO ThreadId(12) lobby::server::handler: transaction submission accepted execution_id=85220360-1959-4522-8509-af2fb5f90796 from=0xCFA80F1f22b0AD533F7d8e2CcC0A783aa4BCaFF3 chain_id=1
2026-04-05T14:34:57.722282Z  INFO ThreadId(08) lobby::server::handler: transaction submission accepted execution_id=81dcc4c9-b6f5-4091-8fe9-1773baedac42 from=0xfea6645D31443cF7Cf96eF1dB7823EB9365f98bf chain_id=137
2026-04-05T14:34:57.722302Z  INFO ThreadId(07) pipeline{execution_id=b6fd56c9-5c0d-4c6e-a659-ffcbe7961aff chain_id=1 from_address=0x8AfE43fF49EBd5c4B8Cd1497ee77b437dd1711fc}: cortex::pipeline: Pipeline started elapsed_ms=0
2026-04-05T14:34:57.722331Z  INFO ThreadId(15) lobby::server::handler: transaction submission accepted execution_id=91984427-6a50-4d41-8d5e-401715bde02e from=0xfea6645D31443cF7Cf96eF1dB7823EB9365f98bf chain_id=1
2026-04-05T14:34:57.722334Z  INFO ThreadId(05) pipeline{execution_id=fb221eca-a942-4aa0-8276-1ed62961711a chain_id=42161 from_address=0xfea6645D31443cF7Cf96eF1dB7823EB9365f98bf}: cortex::pipeline: Pipeline started elapsed_ms=0
2026-04-05T14:34:57.722347Z  INFO ThreadId(12) pipeline{execution_id=85220360-1959-4522-8509-af2fb5f90796 chain_id=1 from_address=0xCFA80F1f22b0AD533F7d8e2CcC0A783aa4BCaFF3}: cortex::pipeline: Pipeline started elapsed_ms=0
2026-04-05T14:34:57.722347Z  INFO ThreadId(03) pipeline{execution_id=196a39b3-5175-4d71-9197-bf0fe339b83b chain_id=42161 from_address=0xCFA80F1f22b0AD533F7d8e2CcC0A783aa4BCaFF3}: cortex::pipeline: Pipeline started elapsed_ms=0
2026-04-05T14:34:57.722295Z  INFO ThreadId(11) pipeline{execution_id=6202e46d-c208-43dd-87c9-f55b2afb9ec8 chain_id=1 from_address=0x8b172F820629b14cEAF859A6e159d1BcD3291Fe1}: cortex::pipeline: Pipeline started elapsed_ms=0
2026-04-05T14:34:57.722354Z  INFO ThreadId(13) pipeline{execution_id=9a776693-8856-4dd6-8423-e693af90c962 chain_id=1 from_address=0x2EAC739a1e05F4a05a5B8fD93D332c4353E5A7cD}: cortex::pipeline: Pipeline started elapsed_ms=0
2026-04-05T14:34:57.722378Z  INFO ThreadId(14) lobby::server::handler: transaction submission accepted execution_id=e8b81c23-4d19-4f0f-b442-a516e5f90ced from=0xCFA80F1f22b0AD533F7d8e2CcC0A783aa4BCaFF3 chain_id=1
2026-04-05T14:34:57.722381Z  INFO ThreadId(16) pipeline{execution_id=ff0a2d75-1597-4e24-9620-ad81326fd8a1 chain_id=1 from_address=0x8AfE43fF49EBd5c4B8Cd1497ee77b437dd1711fc}: cortex::pipeline: Pipeline started elapsed_ms=0
2026-04-05T14:34:57.722388Z  INFO ThreadId(15) pipeline{execution_id=91984427-6a50-4d41-8d5e-401715bde02e chain_id=1 from_address=0xfea6645D31443cF7Cf96eF1dB7823EB9365f98bf}: cortex::pipeline: Pipeline started elapsed_ms=0
2026-04-05T14:34:57.722393Z  INFO ThreadId(03) lobby::server::handler: transaction submission accepted execution_id=8cbba123-b756-4a1a-880a-1224c83dc8a6 from=0x8b172F820629b14cEAF859A6e159d1BcD3291Fe1 chain_id=42161
2026-04-05T14:34:57.722401Z  INFO ThreadId(17) lobby::server::handler: transaction submission accepted execution_id=6cc15b26-c9b3-427e-8b4b-3e39a9c45f6e from=0x8b172F820629b14cEAF859A6e159d1BcD3291Fe1 chain_id=42161
2026-04-05T14:34:57.722416Z  INFO ThreadId(06) lobby::server::handler: transaction submission accepted execution_id=815afb20-3335-472c-898b-609752dce267 from=0x8AfE43fF49EBd5c4B8Cd1497ee77b437dd1711fc chain_id=42161
2026-04-05T14:34:57.722434Z  INFO ThreadId(14) pipeline{execution_id=e8b81c23-4d19-4f0f-b442-a516e5f90ced chain_id=1 from_address=0xCFA80F1f22b0AD533F7d8e2CcC0A783aa4BCaFF3}: cortex::pipeline: Pipeline started elapsed_ms=0
2026-04-05T14:34:57.722433Z  INFO ThreadId(16) lobby::server::handler: transaction submission accepted execution_id=8cd799a2-f222-4d83-b442-419b3a63da96 from=0x2EAC739a1e05F4a05a5B8fD93D332c4353E5A7cD chain_id=137
2026-04-05T14:34:57.722434Z  INFO ThreadId(07) lobby::server::handler: transaction submission accepted execution_id=169a93dc-0b55-4aef-b9c0-70cd152d83fd from=0x8AfE43fF49EBd5c4B8Cd1497ee77b437dd1711fc chain_id=42161
2026-04-05T14:34:57.722442Z  INFO ThreadId(03) pipeline{execution_id=8cbba123-b756-4a1a-880a-1224c83dc8a6 chain_id=42161 from_address=0x8b172F820629b14cEAF859A6e159d1BcD3291Fe1}: cortex::pipeline: Pipeline started elapsed_ms=0
2026-04-05T14:34:57.722456Z  INFO ThreadId(17) pipeline{execution_id=6cc15b26-c9b3-427e-8b4b-3e39a9c45f6e chain_id=42161 from_address=0x8b172F820629b14cEAF859A6e159d1BcD3291Fe1}: cortex::pipeline: Pipeline started elapsed_ms=0
2026-04-05T14:34:57.722464Z  INFO ThreadId(06) pipeline{execution_id=815afb20-3335-472c-898b-609752dce267 chain_id=42161 from_address=0x8AfE43fF49EBd5c4B8Cd1497ee77b437dd1711fc}: cortex::pipeline: Pipeline started elapsed_ms=0
2026-04-05T14:34:57.722463Z  INFO ThreadId(15) lobby::server::handler: transaction submission accepted execution_id=0f5a7ccf-f194-4917-a32d-5109793acb43 from=0x8AfE43fF49EBd5c4B8Cd1497ee77b437dd1711fc chain_id=137
2026-04-05T14:34:57.722485Z  INFO ThreadId(03) lobby::server::handler: transaction submission accepted execution_id=129a6162-c51f-46e9-882e-9a76b8f6b713 from=0x2EAC739a1e05F4a05a5B8fD93D332c4353E5A7cD chain_id=137
2026-04-05T14:34:57.722485Z  INFO ThreadId(11) lobby::server::handler: transaction submission accepted execution_id=65d8d86e-27da-47c4-8377-12fff13bda51 from=0x2EAC739a1e05F4a05a5B8fD93D332c4353E5A7cD chain_id=137
2026-04-05T14:34:57.722492Z  INFO ThreadId(07) pipeline{execution_id=169a93dc-0b55-4aef-b9c0-70cd152d83fd chain_id=42161 from_address=0x8AfE43fF49EBd5c4B8Cd1497ee77b437dd1711fc}: cortex::pipeline: Pipeline started elapsed_ms=0
2026-04-05T14:34:57.722494Z  INFO ThreadId(16) pipeline{execution_id=8cd799a2-f222-4d83-b442-419b3a63da96 chain_id=137 from_address=0x2EAC739a1e05F4a05a5B8fD93D332c4353E5A7cD}: cortex::pipeline: Pipeline started elapsed_ms=0
2026-04-05T14:34:57.722519Z  INFO ThreadId(15) pipeline{execution_id=0f5a7ccf-f194-4917-a32d-5109793acb43 chain_id=137 from_address=0x8AfE43fF49EBd5c4B8Cd1497ee77b437dd1711fc}: cortex::pipeline: Pipeline started elapsed_ms=0
2026-04-05T14:34:57.722519Z  INFO ThreadId(17) lobby::server::handler: transaction submission accepted execution_id=b75e889a-342a-4062-9bdf-98087da69726 from=0x8b172F820629b14cEAF859A6e159d1BcD3291Fe1 chain_id=42161
2026-04-05T14:34:57.722526Z  INFO ThreadId(09) lobby::server::handler: transaction submission accepted execution_id=d84ddb20-13f0-4484-8b7b-fc5aa0e95cd9 from=0x2EAC739a1e05F4a05a5B8fD93D332c4353E5A7cD chain_id=42161
2026-04-05T14:34:57.722538Z  INFO ThreadId(07) lobby::server::handler: transaction submission accepted execution_id=19e368be-7ef3-4609-91bd-e66ce80d013b from=0x2EAC739a1e05F4a05a5B8fD93D332c4353E5A7cD chain_id=137
2026-04-05T14:34:57.722538Z  INFO ThreadId(03) pipeline{execution_id=129a6162-c51f-46e9-882e-9a76b8f6b713 chain_id=137 from_address=0x2EAC739a1e05F4a05a5B8fD93D332c4353E5A7cD}: cortex::pipeline: Pipeline started elapsed_ms=0
2026-04-05T14:34:57.722541Z  INFO ThreadId(11) pipeline{execution_id=65d8d86e-27da-47c4-8377-12fff13bda51 chain_id=137 from_address=0x2EAC739a1e05F4a05a5B8fD93D332c4353E5A7cD}: cortex::pipeline: Pipeline started elapsed_ms=0
2026-04-05T14:34:57.722577Z  INFO ThreadId(15) lobby::server::handler: transaction submission accepted execution_id=1c61cee0-1f55-44ea-9fa2-bda0ef70fc2d from=0xfea6645D31443cF7Cf96eF1dB7823EB9365f98bf chain_id=137
2026-04-05T14:34:57.722582Z  INFO ThreadId(07) pipeline{execution_id=19e368be-7ef3-4609-91bd-e66ce80d013b chain_id=137 from_address=0x2EAC739a1e05F4a05a5B8fD93D332c4353E5A7cD}: cortex::pipeline: Pipeline started elapsed_ms=0
2026-04-05T14:34:57.722582Z  INFO ThreadId(17) pipeline{execution_id=b75e889a-342a-4062-9bdf-98087da69726 chain_id=42161 from_address=0x8b172F820629b14cEAF859A6e159d1BcD3291Fe1}: cortex::pipeline: Pipeline started elapsed_ms=0
2026-04-05T14:34:57.722582Z  INFO ThreadId(09) pipeline{execution_id=d84ddb20-13f0-4484-8b7b-fc5aa0e95cd9 chain_id=42161 from_address=0x2EAC739a1e05F4a05a5B8fD93D332c4353E5A7cD}: cortex::pipeline: Pipeline started elapsed_ms=0
2026-04-05T14:34:57.722585Z  INFO ThreadId(03) lobby::server::handler: transaction submission accepted execution_id=5e4765e9-2468-424d-acee-5c153424d899 from=0x8b172F820629b14cEAF859A6e159d1BcD3291Fe1 chain_id=1
2026-04-05T14:34:57.722609Z  INFO ThreadId(08) pipeline{execution_id=81dcc4c9-b6f5-4091-8fe9-1773baedac42 chain_id=137 from_address=0xfea6645D31443cF7Cf96eF1dB7823EB9365f98bf}: cortex::pipeline: Pipeline started elapsed_ms=0
2026-04-05T14:34:57.722613Z  INFO ThreadId(11) lobby::server::handler: transaction submission accepted execution_id=aac7c9a3-e4b7-4e0e-9367-bfa64002a6c4 from=0x8AfE43fF49EBd5c4B8Cd1497ee77b437dd1711fc chain_id=42161
2026-04-05T14:34:57.722613Z  INFO ThreadId(16) lobby::server::handler: transaction submission accepted execution_id=886b1494-79ec-48f8-86c3-ebbb436ebcce from=0xfea6645D31443cF7Cf96eF1dB7823EB9365f98bf chain_id=1
2026-04-05T14:34:57.722627Z  INFO ThreadId(15) pipeline{execution_id=1c61cee0-1f55-44ea-9fa2-bda0ef70fc2d chain_id=137 from_address=0xfea6645D31443cF7Cf96eF1dB7823EB9365f98bf}: cortex::pipeline: Pipeline started elapsed_ms=0
2026-04-05T14:34:57.722639Z  INFO ThreadId(18) lobby::server::handler: transaction submission accepted execution_id=6ba82b54-6f42-4ae9-8902-2b8bddf33b64 from=0x8AfE43fF49EBd5c4B8Cd1497ee77b437dd1711fc chain_id=137
2026-04-05T14:34:57.722646Z  INFO ThreadId(03) pipeline{execution_id=5e4765e9-2468-424d-acee-5c153424d899 chain_id=1 from_address=0x8b172F820629b14cEAF859A6e159d1BcD3291Fe1}: cortex::pipeline: Pipeline started elapsed_ms=0
2026-04-05T14:34:57.722652Z  INFO ThreadId(08) lobby::server::handler: transaction submission accepted execution_id=6d689104-d0af-49f7-a25c-148d0b0a4e8c from=0x8b172F820629b14cEAF859A6e159d1BcD3291Fe1 chain_id=1
2026-04-05T14:34:57.722653Z  INFO ThreadId(07) lobby::server::handler: transaction submission accepted execution_id=c5a0277d-3ffc-4076-bb80-cad0d67398bf from=0x8AfE43fF49EBd5c4B8Cd1497ee77b437dd1711fc chain_id=42161
2026-04-05T14:34:57.722657Z  INFO ThreadId(17) lobby::server::handler: transaction submission accepted execution_id=e9a27149-ac87-4fcf-8482-f885337e0244 from=0xfea6645D31443cF7Cf96eF1dB7823EB9365f98bf chain_id=42161
2026-04-05T14:34:57.722664Z  INFO ThreadId(11) pipeline{execution_id=aac7c9a3-e4b7-4e0e-9367-bfa64002a6c4 chain_id=42161 from_address=0x8AfE43fF49EBd5c4B8Cd1497ee77b437dd1711fc}: cortex::pipeline: Pipeline started elapsed_ms=0
2026-04-05T14:34:57.722739Z  INFO ThreadId(04) lobby::server::handler: transaction submission accepted execution_id=471e7a1d-45f6-43e0-8991-774557aa823c from=0x8b172F820629b14cEAF859A6e159d1BcD3291Fe1 chain_id=1
2026-04-05T14:34:57.722765Z  INFO ThreadId(13) lobby::server::handler: transaction submission accepted execution_id=72394633-291c-4ed9-bf6d-48e412539456 from=0xCFA80F1f22b0AD533F7d8e2CcC0A783aa4BCaFF3 chain_id=137
2026-04-05T14:34:57.722772Z  INFO ThreadId(12) lobby::server::handler: transaction submission accepted execution_id=beec67a6-525a-413e-8800-e83f39bb60b0 from=0xfea6645D31443cF7Cf96eF1dB7823EB9365f98bf chain_id=1
2026-04-05T14:34:57.722776Z  INFO ThreadId(14) lobby::server::handler: transaction submission accepted execution_id=1fbdeb63-b9a5-4514-87d2-bb51d1ce31e9 from=0xfea6645D31443cF7Cf96eF1dB7823EB9365f98bf chain_id=1
2026-04-05T14:34:57.722852Z  INFO ThreadId(09) lobby::server::handler: transaction submission accepted execution_id=ff0cafa3-089e-425f-b118-74ed98185420 from=0x8AfE43fF49EBd5c4B8Cd1497ee77b437dd1711fc chain_id=1
2026-04-05T14:34:57.722894Z  INFO ThreadId(16) pipeline{execution_id=886b1494-79ec-48f8-86c3-ebbb436ebcce chain_id=1 from_address=0xfea6645D31443cF7Cf96eF1dB7823EB9365f98bf}: cortex::pipeline: Pipeline started elapsed_ms=0
2026-04-05T14:34:57.722919Z  INFO ThreadId(09) pipeline{execution_id=ff0cafa3-089e-425f-b118-74ed98185420 chain_id=1 from_address=0x8AfE43fF49EBd5c4B8Cd1497ee77b437dd1711fc}: cortex::pipeline: Pipeline started elapsed_ms=0
2026-04-05T14:34:57.722923Z  INFO ThreadId(18) pipeline{execution_id=6ba82b54-6f42-4ae9-8902-2b8bddf33b64 chain_id=137 from_address=0x8AfE43fF49EBd5c4B8Cd1497ee77b437dd1711fc}: cortex::pipeline: Pipeline started elapsed_ms=0
2026-04-05T14:34:57.722958Z  INFO ThreadId(08) pipeline{execution_id=6d689104-d0af-49f7-a25c-148d0b0a4e8c chain_id=1 from_address=0x8b172F820629b14cEAF859A6e159d1BcD3291Fe1}: cortex::pipeline: Pipeline started elapsed_ms=0
2026-04-05T14:34:57.723072Z  INFO ThreadId(07) pipeline{execution_id=c5a0277d-3ffc-4076-bb80-cad0d67398bf chain_id=42161 from_address=0x8AfE43fF49EBd5c4B8Cd1497ee77b437dd1711fc}: cortex::pipeline: Pipeline started elapsed_ms=0
2026-04-05T14:34:57.723105Z  INFO ThreadId(04) pipeline{execution_id=471e7a1d-45f6-43e0-8991-774557aa823c chain_id=1 from_address=0x8b172F820629b14cEAF859A6e159d1BcD3291Fe1}: cortex::pipeline: Pipeline started elapsed_ms=0
2026-04-05T14:34:57.723105Z  INFO ThreadId(17) pipeline{execution_id=e9a27149-ac87-4fcf-8482-f885337e0244 chain_id=42161 from_address=0xfea6645D31443cF7Cf96eF1dB7823EB9365f98bf}: cortex::pipeline: Pipeline started elapsed_ms=0
2026-04-05T14:34:57.723127Z  INFO ThreadId(13) pipeline{execution_id=72394633-291c-4ed9-bf6d-48e412539456 chain_id=137 from_address=0xCFA80F1f22b0AD533F7d8e2CcC0A783aa4BCaFF3}: cortex::pipeline: Pipeline started elapsed_ms=0
2026-04-05T14:34:57.723155Z  INFO ThreadId(12) pipeline{execution_id=beec67a6-525a-413e-8800-e83f39bb60b0 chain_id=1 from_address=0xfea6645D31443cF7Cf96eF1dB7823EB9365f98bf}: cortex::pipeline: Pipeline started elapsed_ms=0
2026-04-05T14:34:57.723178Z  INFO ThreadId(14) pipeline{execution_id=1fbdeb63-b9a5-4514-87d2-bb51d1ce31e9 chain_id=1 from_address=0xfea6645D31443cF7Cf96eF1dB7823EB9365f98bf}: cortex::pipeline: Pipeline started elapsed_ms=0
2026-04-05T14:34:57.723216Z  INFO ThreadId(02) pipeline: 500/500 transactions submitted in 57.359922ms
2026-04-05T14:34:57.759225Z  INFO ThreadId(09) pipeline{execution_id=1cb26c68-7692-44da-8daf-424a5b0da776 chain_id=42161 from_address=0x2EAC739a1e05F4a05a5B8fD93D332c4353E5A7cD}: cortex::pipeline: nonce reserved elapsed_ms=83 nonce=0
2026-04-05T14:34:57.764078Z  INFO ThreadId(15) pipeline{execution_id=863b572b-dc72-4551-bc57-82f422a1a409 chain_id=1 from_address=0xCFA80F1f22b0AD533F7d8e2CcC0A783aa4BCaFF3}: cortex::pipeline: nonce reserved elapsed_ms=88 nonce=0
2026-04-05T14:34:57.765424Z  INFO ThreadId(15) pipeline{execution_id=bb28a153-543f-492f-9d65-13bea08000b6 chain_id=1 from_address=0x8b172F820629b14cEAF859A6e159d1BcD3291Fe1}: cortex::pipeline: nonce reserved elapsed_ms=89 nonce=0
2026-04-05T14:34:57.766935Z  INFO ThreadId(15) pipeline{execution_id=1eb2eaf1-8e8b-4886-b3a1-2be0e802a47d chain_id=137 from_address=0x8AfE43fF49EBd5c4B8Cd1497ee77b437dd1711fc}: cortex::pipeline: nonce reserved elapsed_ms=90 nonce=0
2026-04-05T14:34:57.767549Z  INFO ThreadId(08) pipeline{execution_id=80bb0b26-58c3-44bc-bb93-a9033ff65f9a chain_id=137 from_address=0x2EAC739a1e05F4a05a5B8fD93D332c4353E5A7cD}: cortex::pipeline: nonce reserved elapsed_ms=91 nonce=0
2026-04-05T14:34:57.768254Z  INFO ThreadId(08) pipeline{execution_id=1cb26c68-7692-44da-8daf-424a5b0da776 chain_id=42161 from_address=0x2EAC739a1e05F4a05a5B8fD93D332c4353E5A7cD}: cortex::pipeline: transaction signed elapsed_ms=92
2026-04-05T14:34:57.768670Z  INFO ThreadId(11) pipeline{execution_id=49fc9a53-0a73-4124-ac15-8e16e122aab5 chain_id=1 from_address=0x8AfE43fF49EBd5c4B8Cd1497ee77b437dd1711fc}: cortex::pipeline: nonce reserved elapsed_ms=92 nonce=0
2026-04-05T14:34:57.770162Z  INFO ThreadId(18) pipeline{execution_id=1eb2eaf1-8e8b-4886-b3a1-2be0e802a47d chain_id=137 from_address=0x8AfE43fF49EBd5c4B8Cd1497ee77b437dd1711fc}: cortex::pipeline: transaction signed elapsed_ms=94
2026-04-05T14:34:57.770426Z  INFO ThreadId(05) pipeline{execution_id=6e63eae1-0a95-45aa-8f13-1fcd19fc1639 chain_id=1 from_address=0x8b172F820629b14cEAF859A6e159d1BcD3291Fe1}: cortex::pipeline: nonce reserved elapsed_ms=94 nonce=1
2026-04-05T14:34:57.772661Z  INFO ThreadId(13) pipeline{execution_id=49fc9a53-0a73-4124-ac15-8e16e122aab5 chain_id=1 from_address=0x8AfE43fF49EBd5c4B8Cd1497ee77b437dd1711fc}: cortex::pipeline: transaction signed elapsed_ms=96
2026-04-05T14:34:57.772814Z  INFO ThreadId(05) pipeline{execution_id=1cb26c68-7692-44da-8daf-424a5b0da776 chain_id=42161 from_address=0x2EAC739a1e05F4a05a5B8fD93D332c4353E5A7cD}: cortex::pipeline: transaction broadcasted: elapsed_ms=97 tx_hash=0x1ed3b9a9a1a47deb5d01df2277572a48af614c9e6062d76bba2d9fc8a71234bc
2026-04-05T14:34:57.773131Z  INFO ThreadId(05) pipeline{execution_id=436e18b9-8d9c-4f7f-9029-35b7221506b7 chain_id=137 from_address=0x8b172F820629b14cEAF859A6e159d1BcD3291Fe1}: cortex::pipeline: nonce reserved elapsed_ms=96 nonce=0
2026-04-05T14:34:57.773754Z  INFO ThreadId(18) pipeline{execution_id=6e63eae1-0a95-45aa-8f13-1fcd19fc1639 chain_id=1 from_address=0x8b172F820629b14cEAF859A6e159d1BcD3291Fe1}: cortex::pipeline: transaction signed elapsed_ms=97
2026-04-05T14:34:57.774385Z  INFO ThreadId(16) pipeline{execution_id=1eb2eaf1-8e8b-4886-b3a1-2be0e802a47d chain_id=137 from_address=0x8AfE43fF49EBd5c4B8Cd1497ee77b437dd1711fc}: cortex::pipeline: transaction broadcasted: elapsed_ms=98 tx_hash=0xba0cfa6746b158706239dbc93a981b333d6bbf7878bdbe272be1f14d615590ce
2026-04-05T14:34:57.775517Z  INFO ThreadId(18) pipeline{execution_id=436e18b9-8d9c-4f7f-9029-35b7221506b7 chain_id=137 from_address=0x8b172F820629b14cEAF859A6e159d1BcD3291Fe1}: cortex::pipeline: transaction signed elapsed_ms=99
2026-04-05T14:34:57.776763Z  INFO ThreadId(05) pipeline{execution_id=49fc9a53-0a73-4124-ac15-8e16e122aab5 chain_id=1 from_address=0x8AfE43fF49EBd5c4B8Cd1497ee77b437dd1711fc}: cortex::pipeline: transaction broadcasted: elapsed_ms=100 tx_hash=0xc749de9d633d391be86ae5a4a6de2bea9aaf41ba443d6da20f60d88cf555ff29
2026-04-05T14:34:57.778785Z  INFO ThreadId(11) pipeline{execution_id=863b572b-dc72-4551-bc57-82f422a1a409 chain_id=1 from_address=0xCFA80F1f22b0AD533F7d8e2CcC0A783aa4BCaFF3}: cortex::pipeline: transaction signed elapsed_ms=102
2026-04-05T14:34:57.778816Z  INFO ThreadId(16) pipeline{execution_id=c9f3c959-abea-4164-870e-2777d3f997e4 chain_id=42161 from_address=0xCFA80F1f22b0AD533F7d8e2CcC0A783aa4BCaFF3}: cortex::pipeline: nonce reserved elapsed_ms=102 nonce=0
2026-04-05T14:34:57.779412Z  INFO ThreadId(13) pipeline{execution_id=436e18b9-8d9c-4f7f-9029-35b7221506b7 chain_id=137 from_address=0x8b172F820629b14cEAF859A6e159d1BcD3291Fe1}: cortex::pipeline: transaction broadcasted: elapsed_ms=103 tx_hash=0x0ec9259bdd6b31a0422836181d2ce4a3d159da2a35394a6db1ae7397e038db2e
2026-04-05T14:34:57.780922Z  INFO ThreadId(06) pipeline{execution_id=1e82d929-b1f1-42f0-ae53-3dc62bc8d834 chain_id=1 from_address=0xfea6645D31443cF7Cf96eF1dB7823EB9365f98bf}: cortex::pipeline: nonce reserved elapsed_ms=104 nonce=0
2026-04-05T14:34:57.782145Z  INFO ThreadId(09) pipeline{execution_id=6e63eae1-0a95-45aa-8f13-1fcd19fc1639 chain_id=1 from_address=0x8b172F820629b14cEAF859A6e159d1BcD3291Fe1}: cortex::pipeline: transaction broadcasted: elapsed_ms=105 tx_hash=0xf36d631d3fa24ae922ac252c514a02a87c505418bb4dc2b8d21186ebbafd662c
2026-04-05T14:34:57.782252Z  INFO ThreadId(17) pipeline{execution_id=c9f3c959-abea-4164-870e-2777d3f997e4 chain_id=42161 from_address=0xCFA80F1f22b0AD533F7d8e2CcC0A783aa4BCaFF3}: cortex::pipeline: transaction signed elapsed_ms=106
2026-04-05T14:34:57.782852Z  INFO ThreadId(16) pipeline{execution_id=182a4b84-a091-42bf-a590-80bd754be6ff chain_id=42161 from_address=0xfea6645D31443cF7Cf96eF1dB7823EB9365f98bf}: cortex::pipeline: nonce reserved elapsed_ms=106 nonce=0
2026-04-05T14:34:57.784344Z  INFO ThreadId(13) pipeline{execution_id=1e82d929-b1f1-42f0-ae53-3dc62bc8d834 chain_id=1 from_address=0xfea6645D31443cF7Cf96eF1dB7823EB9365f98bf}: cortex::pipeline: transaction signed elapsed_ms=108
2026-04-05T14:34:57.784667Z  INFO ThreadId(06) pipeline{execution_id=0a1d0cdf-c3aa-4d8d-9046-8ce26b9ce369 chain_id=42161 from_address=0xfea6645D31443cF7Cf96eF1dB7823EB9365f98bf}: cortex::pipeline: nonce reserved elapsed_ms=108 nonce=1
2026-04-05T14:34:57.784703Z  INFO ThreadId(09) pipeline{execution_id=c9f3c959-abea-4164-870e-2777d3f997e4 chain_id=42161 from_address=0xCFA80F1f22b0AD533F7d8e2CcC0A783aa4BCaFF3}: cortex::pipeline: transaction broadcasted: elapsed_ms=108 tx_hash=0xeb3a8ed8eb063da003ab166d432c8ea9eb274a1940c2eb9ce9f345d379329d5a
2026-04-05T14:34:57.785364Z  INFO ThreadId(09) pipeline{execution_id=863b572b-dc72-4551-bc57-82f422a1a409 chain_id=1 from_address=0xCFA80F1f22b0AD533F7d8e2CcC0A783aa4BCaFF3}: cortex::pipeline: transaction broadcasted: elapsed_ms=109 tx_hash=0x1292e51075340cfc40330de155360958c7e2df534138b052c9a42d90a17acded
2026-04-05T14:34:57.786556Z  INFO ThreadId(16) pipeline{execution_id=bb28a153-543f-492f-9d65-13bea08000b6 chain_id=1 from_address=0x8b172F820629b14cEAF859A6e159d1BcD3291Fe1}: cortex::pipeline: transaction signed elapsed_ms=110
2026-04-05T14:34:57.786657Z  INFO ThreadId(09) pipeline{execution_id=6ed12513-4ddd-412b-ac45-a47f6871c611 chain_id=1 from_address=0x8b172F820629b14cEAF859A6e159d1BcD3291Fe1}: cortex::pipeline: nonce reserved elapsed_ms=110 nonce=2
2026-04-05T14:34:57.786678Z  INFO ThreadId(03) pipeline{execution_id=80bb0b26-58c3-44bc-bb93-a9033ff65f9a chain_id=137 from_address=0x2EAC739a1e05F4a05a5B8fD93D332c4353E5A7cD}: cortex::pipeline: transaction signed elapsed_ms=110
2026-04-05T14:34:57.787069Z  INFO ThreadId(03) pipeline{execution_id=182a4b84-a091-42bf-a590-80bd754be6ff chain_id=42161 from_address=0xfea6645D31443cF7Cf96eF1dB7823EB9365f98bf}: cortex::pipeline: transaction signed elapsed_ms=110
2026-04-05T14:34:57.787529Z  INFO ThreadId(03) pipeline{execution_id=0a1d0cdf-c3aa-4d8d-9046-8ce26b9ce369 chain_id=42161 from_address=0xfea6645D31443cF7Cf96eF1dB7823EB9365f98bf}: cortex::pipeline: transaction signed elapsed_ms=111
2026-04-05T14:34:57.788683Z  INFO ThreadId(09) pipeline{execution_id=c54b9261-52f0-402d-88f2-50ca1b5b7ec3 chain_id=137 from_address=0xCFA80F1f22b0AD533F7d8e2CcC0A783aa4BCaFF3}: cortex::pipeline: nonce reserved elapsed_ms=112 nonce=0
2026-04-05T14:34:57.789641Z  INFO ThreadId(03) pipeline{execution_id=1e82d929-b1f1-42f0-ae53-3dc62bc8d834 chain_id=1 from_address=0xfea6645D31443cF7Cf96eF1dB7823EB9365f98bf}: cortex::pipeline: transaction broadcasted: elapsed_ms=113 tx_hash=0xb78e0474641f4952da8a7d8b8c79a38778a0c23c84d3c68290b73eb1015d4383
2026-04-05T14:34:57.789644Z  INFO ThreadId(13) pipeline{execution_id=80bb0b26-58c3-44bc-bb93-a9033ff65f9a chain_id=137 from_address=0x2EAC739a1e05F4a05a5B8fD93D332c4353E5A7cD}: cortex::pipeline: transaction broadcasted: elapsed_ms=113 tx_hash=0x85f6314dd7a3545d2727bee528b82c2405c1b44bc0a97668d7bf8a7e9e1b4224
2026-04-05T14:34:57.789666Z  INFO ThreadId(11) pipeline{execution_id=6ed12513-4ddd-412b-ac45-a47f6871c611 chain_id=1 from_address=0x8b172F820629b14cEAF859A6e159d1BcD3291Fe1}: cortex::pipeline: transaction signed elapsed_ms=113
2026-04-05T14:34:57.790013Z  INFO ThreadId(13) pipeline{execution_id=f3235736-0175-4252-98ad-3748c7b3865c chain_id=42161 from_address=0x8b172F820629b14cEAF859A6e159d1BcD3291Fe1}: cortex::pipeline: nonce reserved elapsed_ms=113 nonce=0
2026-04-05T14:34:57.790074Z  INFO ThreadId(11) pipeline{execution_id=05f370fb-5f52-4c5e-9c68-23d7d9d6e7d6 chain_id=1 from_address=0x2EAC739a1e05F4a05a5B8fD93D332c4353E5A7cD}: cortex::pipeline: nonce reserved elapsed_ms=113 nonce=0
2026-04-05T14:34:57.790155Z  INFO ThreadId(11) pipeline{execution_id=4f69ad43-c813-40f8-ab82-da776e708d0b chain_id=137 from_address=0xCFA80F1f22b0AD533F7d8e2CcC0A783aa4BCaFF3}: cortex::pipeline: nonce reserved elapsed_ms=114 nonce=1
2026-04-05T14:34:57.790984Z  INFO ThreadId(11) pipeline{execution_id=182a4b84-a091-42bf-a590-80bd754be6ff chain_id=42161 from_address=0xfea6645D31443cF7Cf96eF1dB7823EB9365f98bf}: cortex::pipeline: transaction broadcasted: elapsed_ms=114 tx_hash=0x2fc52706d930ab984bc7877afd603882853358ddbe6c5bef379126bb69c34ebb
2026-04-05T14:34:57.791049Z  INFO ThreadId(03) pipeline{execution_id=c54b9261-52f0-402d-88f2-50ca1b5b7ec3 chain_id=137 from_address=0xCFA80F1f22b0AD533F7d8e2CcC0A783aa4BCaFF3}: cortex::pipeline: transaction signed elapsed_ms=115
2026-04-05T14:34:57.791279Z  INFO ThreadId(03) pipeline{execution_id=e1a0648a-34b9-4025-8e9f-d93b979be554 chain_id=1 from_address=0xCFA80F1f22b0AD533F7d8e2CcC0A783aa4BCaFF3}: cortex::pipeline: nonce reserved elapsed_ms=115 nonce=1
2026-04-05T14:34:57.791636Z  INFO ThreadId(06) pipeline{execution_id=f3235736-0175-4252-98ad-3748c7b3865c chain_id=42161 from_address=0x8b172F820629b14cEAF859A6e159d1BcD3291Fe1}: cortex::pipeline: transaction signed elapsed_ms=115
2026-04-05T14:34:57.791660Z  INFO ThreadId(16) pipeline{execution_id=05f370fb-5f52-4c5e-9c68-23d7d9d6e7d6 chain_id=1 from_address=0x2EAC739a1e05F4a05a5B8fD93D332c4353E5A7cD}: cortex::pipeline: transaction signed elapsed_ms=115
2026-04-05T14:34:57.792075Z  INFO ThreadId(13) pipeline{execution_id=4f69ad43-c813-40f8-ab82-da776e708d0b chain_id=137 from_address=0xCFA80F1f22b0AD533F7d8e2CcC0A783aa4BCaFF3}: cortex::pipeline: transaction signed elapsed_ms=116
2026-04-05T14:34:57.792538Z  INFO ThreadId(17) pipeline{execution_id=f101e1ed-2ad7-4623-a3e6-b9ba037f7078 chain_id=42161 from_address=0xCFA80F1f22b0AD533F7d8e2CcC0A783aa4BCaFF3}: cortex::pipeline: nonce reserved elapsed_ms=116 nonce=1
2026-04-05T14:34:57.792725Z  INFO ThreadId(13) pipeline{execution_id=abde9434-2ef0-47ba-aa6b-a67a6dcc4bc2 chain_id=1 from_address=0x8b172F820629b14cEAF859A6e159d1BcD3291Fe1}: cortex::pipeline: nonce reserved elapsed_ms=116 nonce=3
2026-04-05T14:34:57.793495Z  INFO ThreadId(16) pipeline{execution_id=16cd92e8-d4bd-4446-99b0-dbf828449ed1 chain_id=137 from_address=0x2EAC739a1e05F4a05a5B8fD93D332c4353E5A7cD}: cortex::pipeline: nonce reserved elapsed_ms=116 nonce=1
2026-04-05T14:34:57.793618Z  INFO ThreadId(11) pipeline{execution_id=bb28a153-543f-492f-9d65-13bea08000b6 chain_id=1 from_address=0x8b172F820629b14cEAF859A6e159d1BcD3291Fe1}: cortex::pipeline: transaction broadcasted: elapsed_ms=117 tx_hash=0xeb3df48e66d44a033ae4992276dc49f4bc1d6d95902d5a561fcc9f90d22f469b
2026-04-05T14:34:57.793741Z  INFO ThreadId(11) pipeline{execution_id=e1a0648a-34b9-4025-8e9f-d93b979be554 chain_id=1 from_address=0xCFA80F1f22b0AD533F7d8e2CcC0A783aa4BCaFF3}: cortex::pipeline: transaction signed elapsed_ms=117
2026-04-05T14:34:57.794234Z  INFO ThreadId(16) pipeline{execution_id=f101e1ed-2ad7-4623-a3e6-b9ba037f7078 chain_id=42161 from_address=0xCFA80F1f22b0AD533F7d8e2CcC0A783aa4BCaFF3}: cortex::pipeline: transaction signed elapsed_ms=117
2026-04-05T14:34:57.794570Z  INFO ThreadId(17) pipeline{execution_id=0a1d0cdf-c3aa-4d8d-9046-8ce26b9ce369 chain_id=42161 from_address=0xfea6645D31443cF7Cf96eF1dB7823EB9365f98bf}: cortex::pipeline: transaction broadcasted: elapsed_ms=118 tx_hash=0xfaae324dc61fb60f27fafc01080095e1ce6ca1cd9f1892afa3657bee18fd0f0d
2026-04-05T14:34:57.795589Z  INFO ThreadId(17) pipeline{execution_id=abde9434-2ef0-47ba-aa6b-a67a6dcc4bc2 chain_id=1 from_address=0x8b172F820629b14cEAF859A6e159d1BcD3291Fe1}: cortex::pipeline: transaction signed elapsed_ms=119
2026-04-05T14:34:57.795659Z  INFO ThreadId(06) pipeline{execution_id=e29d1508-6553-4189-a4fa-fca797ff6b76 chain_id=1 from_address=0x8b172F820629b14cEAF859A6e159d1BcD3291Fe1}: cortex::pipeline: nonce reserved elapsed_ms=119 nonce=4
2026-04-05T14:34:57.795849Z  INFO ThreadId(11) pipeline{execution_id=16cd92e8-d4bd-4446-99b0-dbf828449ed1 chain_id=137 from_address=0x2EAC739a1e05F4a05a5B8fD93D332c4353E5A7cD}: cortex::pipeline: transaction signed elapsed_ms=119
2026-04-05T14:34:57.795889Z  INFO ThreadId(17) pipeline{execution_id=c54b9261-52f0-402d-88f2-50ca1b5b7ec3 chain_id=137 from_address=0xCFA80F1f22b0AD533F7d8e2CcC0A783aa4BCaFF3}: cortex::pipeline: transaction broadcasted: elapsed_ms=120 tx_hash=0xefcb75844e8d11cf5605e69d6994cc9e2ffeb872daed8849ce918fdb1867f41a
2026-04-05T14:34:57.795910Z  INFO ThreadId(16) pipeline{execution_id=6ed12513-4ddd-412b-ac45-a47f6871c611 chain_id=1 from_address=0x8b172F820629b14cEAF859A6e159d1BcD3291Fe1}: cortex::pipeline: transaction broadcasted: elapsed_ms=119 tx_hash=0x687e09145bc7cce2c08c279ffe1a9d57b89e2d74ab5bc8326e7e0d9f2366fa85
2026-04-05T14:34:57.796693Z  INFO ThreadId(13) pipeline{execution_id=f3235736-0175-4252-98ad-3748c7b3865c chain_id=42161 from_address=0x8b172F820629b14cEAF859A6e159d1BcD3291Fe1}: cortex::pipeline: transaction broadcasted: elapsed_ms=120 tx_hash=0x9deb2f4b5d3e1649d138b03c56694ff73e5ee891e82f754ee3476b0483041f15
2026-04-05T14:34:57.797563Z  INFO ThreadId(06) pipeline{execution_id=e58be19f-f014-4e10-a610-c503ec9b6af4 chain_id=1 from_address=0x2EAC739a1e05F4a05a5B8fD93D332c4353E5A7cD}: cortex::pipeline: nonce reserved elapsed_ms=121 nonce=1
2026-04-05T14:34:57.797571Z  INFO ThreadId(17) pipeline{execution_id=b2c12086-fdba-41d9-9a2e-db6202b5fdbb chain_id=42161 from_address=0x8b172F820629b14cEAF859A6e159d1BcD3291Fe1}: cortex::pipeline: nonce reserved elapsed_ms=120 nonce=1
2026-04-05T14:34:57.797815Z  INFO ThreadId(11) pipeline{execution_id=e29d1508-6553-4189-a4fa-fca797ff6b76 chain_id=1 from_address=0x8b172F820629b14cEAF859A6e159d1BcD3291Fe1}: cortex::pipeline: transaction signed elapsed_ms=121
2026-04-05T14:34:57.798092Z  INFO ThreadId(06) pipeline{execution_id=05f370fb-5f52-4c5e-9c68-23d7d9d6e7d6 chain_id=1 from_address=0x2EAC739a1e05F4a05a5B8fD93D332c4353E5A7cD}: cortex::pipeline: transaction broadcasted: elapsed_ms=121 tx_hash=0xe43f42d2e61af47014f9e05b1a841716de29231e2aa72124e20f169c8781f817
2026-04-05T14:34:57.798261Z  INFO ThreadId(11) pipeline{execution_id=4f69ad43-c813-40f8-ab82-da776e708d0b chain_id=137 from_address=0xCFA80F1f22b0AD533F7d8e2CcC0A783aa4BCaFF3}: cortex::pipeline: transaction broadcasted: elapsed_ms=122 tx_hash=0x1d82a963db00f3c31791f16313830178fba175ccb12d9f337119cb3bdff70ea1
2026-04-05T14:34:57.798286Z  INFO ThreadId(17) pipeline{execution_id=f101e1ed-2ad7-4623-a3e6-b9ba037f7078 chain_id=42161 from_address=0xCFA80F1f22b0AD533F7d8e2CcC0A783aa4BCaFF3}: cortex::pipeline: transaction broadcasted: elapsed_ms=121 tx_hash=0x5d5f243115a71400306f0ab02a7e408b9be680fff328962409a7a8e01c1fc1f2
2026-04-05T14:34:57.799491Z  INFO ThreadId(09) pipeline{execution_id=e58be19f-f014-4e10-a610-c503ec9b6af4 chain_id=1 from_address=0x2EAC739a1e05F4a05a5B8fD93D332c4353E5A7cD}: cortex::pipeline: transaction signed elapsed_ms=123
2026-04-05T14:34:57.799519Z  INFO ThreadId(11) pipeline{execution_id=b2c12086-fdba-41d9-9a2e-db6202b5fdbb chain_id=42161 from_address=0x8b172F820629b14cEAF859A6e159d1BcD3291Fe1}: cortex::pipeline: transaction signed elapsed_ms=122
2026-04-05T14:34:57.800229Z  INFO ThreadId(17) pipeline{execution_id=e1a0648a-34b9-4025-8e9f-d93b979be554 chain_id=1 from_address=0xCFA80F1f22b0AD533F7d8e2CcC0A783aa4BCaFF3}: cortex::pipeline: transaction broadcasted: elapsed_ms=124 tx_hash=0xd552cd01800e40c526e879c8e0e8a89d0fa8ab25532ebda371af7d47445d5f1e
2026-04-05T14:34:57.800360Z  INFO ThreadId(09) pipeline{execution_id=16cd92e8-d4bd-4446-99b0-dbf828449ed1 chain_id=137 from_address=0x2EAC739a1e05F4a05a5B8fD93D332c4353E5A7cD}: cortex::pipeline: transaction broadcasted: elapsed_ms=123 tx_hash=0x3a6cb73b84271aecda5fd7836336d8a5e4fc56364800f84325fd1d9c7339a704
2026-04-05T14:34:57.800760Z  INFO ThreadId(11) pipeline{execution_id=04fc3d69-2aa3-4c49-bf73-ac897e53b8ec chain_id=1 from_address=0x2EAC739a1e05F4a05a5B8fD93D332c4353E5A7cD}: cortex::pipeline: nonce reserved elapsed_ms=124 nonce=2
2026-04-05T14:34:57.802019Z  INFO ThreadId(16) pipeline{execution_id=3c656089-5684-48dc-b724-d0e9fd54a7a7 chain_id=137 from_address=0xCFA80F1f22b0AD533F7d8e2CcC0A783aa4BCaFF3}: cortex::pipeline: nonce reserved elapsed_ms=125 nonce=2
2026-04-05T14:34:57.802448Z  INFO ThreadId(11) pipeline{execution_id=72b1e922-5080-4931-907c-9f40d14c1af8 chain_id=137 from_address=0x2EAC739a1e05F4a05a5B8fD93D332c4353E5A7cD}: cortex::pipeline: nonce reserved elapsed_ms=125 nonce=2
2026-04-05T14:34:57.802488Z  INFO ThreadId(13) pipeline{execution_id=04fc3d69-2aa3-4c49-bf73-ac897e53b8ec chain_id=1 from_address=0x2EAC739a1e05F4a05a5B8fD93D332c4353E5A7cD}: cortex::pipeline: transaction signed elapsed_ms=125
2026-04-05T14:34:57.803047Z  INFO ThreadId(13) pipeline{execution_id=8c309e3a-e3fd-453b-8498-3361a45c87c7 chain_id=42161 from_address=0x8AfE43fF49EBd5c4B8Cd1497ee77b437dd1711fc}: cortex::pipeline: nonce reserved elapsed_ms=126 nonce=0
2026-04-05T14:34:57.803109Z  INFO ThreadId(16) pipeline{execution_id=abde9434-2ef0-47ba-aa6b-a67a6dcc4bc2 chain_id=1 from_address=0x8b172F820629b14cEAF859A6e159d1BcD3291Fe1}: cortex::pipeline: transaction broadcasted: elapsed_ms=126 tx_hash=0xb3e4f3ec601eec26809417404536e45d2102a2a53a0c07cf95f00554e528db56
2026-04-05T14:34:57.804032Z  INFO ThreadId(11) pipeline{execution_id=3c656089-5684-48dc-b724-d0e9fd54a7a7 chain_id=137 from_address=0xCFA80F1f22b0AD533F7d8e2CcC0A783aa4BCaFF3}: cortex::pipeline: transaction signed elapsed_ms=127
2026-04-05T14:34:57.804730Z  INFO ThreadId(13) pipeline{execution_id=8c309e3a-e3fd-453b-8498-3361a45c87c7 chain_id=42161 from_address=0x8AfE43fF49EBd5c4B8Cd1497ee77b437dd1711fc}: cortex::pipeline: transaction signed elapsed_ms=128
2026-04-05T14:34:57.804727Z  INFO ThreadId(11) pipeline{execution_id=72b1e922-5080-4931-907c-9f40d14c1af8 chain_id=137 from_address=0x2EAC739a1e05F4a05a5B8fD93D332c4353E5A7cD}: cortex::pipeline: transaction signed elapsed_ms=128
2026-04-05T14:34:57.804778Z  INFO ThreadId(17) pipeline{execution_id=fd386471-42e0-4d2f-a06e-ab0c4dc94c49 chain_id=42161 from_address=0xCFA80F1f22b0AD533F7d8e2CcC0A783aa4BCaFF3}: cortex::pipeline: nonce reserved elapsed_ms=128 nonce=2
2026-04-05T14:34:57.805030Z  INFO ThreadId(13) pipeline{execution_id=9dd55a20-5909-43f8-8acb-7b259c059e99 chain_id=137 from_address=0x8b172F820629b14cEAF859A6e159d1BcD3291Fe1}: cortex::pipeline: nonce reserved elapsed_ms=128 nonce=1
2026-04-05T14:34:57.805286Z  INFO ThreadId(13) pipeline{execution_id=e29d1508-6553-4189-a4fa-fca797ff6b76 chain_id=1 from_address=0x8b172F820629b14cEAF859A6e159d1BcD3291Fe1}: cortex::pipeline: transaction broadcasted: elapsed_ms=128 tx_hash=0x7feb85f3b5ec878caa92a249a0ff5820409acf998e39b76328b360e3602e49d5
2026-04-05T14:34:57.806076Z  INFO ThreadId(17) pipeline{execution_id=3c656089-5684-48dc-b724-d0e9fd54a7a7 chain_id=137 from_address=0xCFA80F1f22b0AD533F7d8e2CcC0A783aa4BCaFF3}: cortex::pipeline: transaction broadcasted: elapsed_ms=129 tx_hash=0x05419e20c0abc7b2212344c5350f5b5b447005dae27b2416bfc3528bf8068f15
2026-04-05T14:34:57.806506Z  INFO ThreadId(16) pipeline{execution_id=9dd55a20-5909-43f8-8acb-7b259c059e99 chain_id=137 from_address=0x8b172F820629b14cEAF859A6e159d1BcD3291Fe1}: cortex::pipeline: transaction signed elapsed_ms=129
2026-04-05T14:34:57.806617Z  INFO ThreadId(17) pipeline{execution_id=fd386471-42e0-4d2f-a06e-ab0c4dc94c49 chain_id=42161 from_address=0xCFA80F1f22b0AD533F7d8e2CcC0A783aa4BCaFF3}: cortex::pipeline: transaction signed elapsed_ms=129
2026-04-05T14:34:57.806835Z  INFO ThreadId(05) pipeline{execution_id=de9f7ad3-d56d-48ee-88f5-9ce28b6cc4df chain_id=42161 from_address=0xCFA80F1f22b0AD533F7d8e2CcC0A783aa4BCaFF3}: cortex::pipeline: nonce reserved elapsed_ms=130 nonce=3
2026-04-05T14:34:57.806975Z  INFO ThreadId(11) pipeline{execution_id=e58be19f-f014-4e10-a610-c503ec9b6af4 chain_id=1 from_address=0x2EAC739a1e05F4a05a5B8fD93D332c4353E5A7cD}: cortex::pipeline: transaction broadcasted: elapsed_ms=130 tx_hash=0x2658d50fc9056205b696e7c76884b1ed61c90a7360c1150387b16442dccb900f
2026-04-05T14:34:57.807684Z  INFO ThreadId(11) pipeline{execution_id=72b1e922-5080-4931-907c-9f40d14c1af8 chain_id=137 from_address=0x2EAC739a1e05F4a05a5B8fD93D332c4353E5A7cD}: cortex::pipeline: transaction broadcasted: elapsed_ms=131 tx_hash=0x8a9d6621cdc782ec2c7f6c4572300466f80dcbf00b9bd13337dc23edc959b85c
2026-04-05T14:34:57.807998Z  INFO ThreadId(13) pipeline{execution_id=de9f7ad3-d56d-48ee-88f5-9ce28b6cc4df chain_id=42161 from_address=0xCFA80F1f22b0AD533F7d8e2CcC0A783aa4BCaFF3}: cortex::pipeline: transaction signed elapsed_ms=131
2026-04-05T14:34:57.808116Z  INFO ThreadId(13) pipeline{execution_id=7dab7d92-5827-4dc7-86a9-33b5435ab962 chain_id=1 from_address=0xCFA80F1f22b0AD533F7d8e2CcC0A783aa4BCaFF3}: cortex::pipeline: nonce reserved elapsed_ms=131 nonce=2
2026-04-05T14:34:57.808579Z  INFO ThreadId(16) pipeline{execution_id=04fc3d69-2aa3-4c49-bf73-ac897e53b8ec chain_id=1 from_address=0x2EAC739a1e05F4a05a5B8fD93D332c4353E5A7cD}: cortex::pipeline: transaction broadcasted: elapsed_ms=131 tx_hash=0xc1532d87de29309ef258d2f0c61e97691b3e7ec485fd40d3ae2c6c021db8735d
2026-04-05T14:34:57.809220Z  INFO ThreadId(17) pipeline{execution_id=0550ec4c-11c0-49fd-8824-736a379b3a1f chain_id=1 from_address=0x8AfE43fF49EBd5c4B8Cd1497ee77b437dd1711fc}: cortex::pipeline: nonce reserved elapsed_ms=132 nonce=1
2026-04-05T14:34:57.809359Z  INFO ThreadId(16) pipeline{execution_id=9dd55a20-5909-43f8-8acb-7b259c059e99 chain_id=137 from_address=0x8b172F820629b14cEAF859A6e159d1BcD3291Fe1}: cortex::pipeline: transaction broadcasted: elapsed_ms=132 tx_hash=0x6810d794bf4cf2172b878d29423f68d4698472891325ad49be530287494112a1
2026-04-05T14:34:57.809844Z  INFO ThreadId(11) pipeline{execution_id=7dab7d92-5827-4dc7-86a9-33b5435ab962 chain_id=1 from_address=0xCFA80F1f22b0AD533F7d8e2CcC0A783aa4BCaFF3}: cortex::pipeline: transaction signed elapsed_ms=133
2026-04-05T14:34:57.810331Z  INFO ThreadId(13) pipeline{execution_id=24e779c0-0030-4587-91cf-92b0ba54bd62 chain_id=137 from_address=0x8b172F820629b14cEAF859A6e159d1BcD3291Fe1}: cortex::pipeline: nonce reserved elapsed_ms=133 nonce=2
2026-04-05T14:34:57.810634Z  INFO ThreadId(17) pipeline{execution_id=fd1f1c6a-bcfd-4399-bca3-8be947b65380 chain_id=1 from_address=0x2EAC739a1e05F4a05a5B8fD93D332c4353E5A7cD}: cortex::pipeline: nonce reserved elapsed_ms=133 nonce=3
2026-04-05T14:34:57.810676Z  INFO ThreadId(11) pipeline{execution_id=19c3f07a-70eb-4af7-bae7-30311e3d7077 chain_id=42161 from_address=0x8AfE43fF49EBd5c4B8Cd1497ee77b437dd1711fc}: cortex::pipeline: nonce reserved elapsed_ms=134 nonce=1
2026-04-05T14:34:57.810676Z  INFO ThreadId(05) pipeline{execution_id=0550ec4c-11c0-49fd-8824-736a379b3a1f chain_id=1 from_address=0x8AfE43fF49EBd5c4B8Cd1497ee77b437dd1711fc}: cortex::pipeline: transaction signed elapsed_ms=133
2026-04-05T14:34:57.811956Z  INFO ThreadId(16) pipeline{execution_id=7dab7d92-5827-4dc7-86a9-33b5435ab962 chain_id=1 from_address=0xCFA80F1f22b0AD533F7d8e2CcC0A783aa4BCaFF3}: cortex::pipeline: transaction broadcasted: elapsed_ms=135 tx_hash=0x198ce2ba09eb38e5ef888dcb2b9959f753599c6c932a03fb30b730361d420d07
2026-04-05T14:34:57.812737Z  INFO ThreadId(06) pipeline{execution_id=fd1f1c6a-bcfd-4399-bca3-8be947b65380 chain_id=1 from_address=0x2EAC739a1e05F4a05a5B8fD93D332c4353E5A7cD}: cortex::pipeline: transaction signed elapsed_ms=135
2026-04-05T14:34:57.812876Z  INFO ThreadId(13) pipeline{execution_id=19c3f07a-70eb-4af7-bae7-30311e3d7077 chain_id=42161 from_address=0x8AfE43fF49EBd5c4B8Cd1497ee77b437dd1711fc}: cortex::pipeline: transaction signed elapsed_ms=136
2026-04-05T14:34:57.812881Z  INFO ThreadId(06) pipeline{execution_id=24e779c0-0030-4587-91cf-92b0ba54bd62 chain_id=137 from_address=0x8b172F820629b14cEAF859A6e159d1BcD3291Fe1}: cortex::pipeline: transaction signed elapsed_ms=136
2026-04-05T14:34:57.813162Z  INFO ThreadId(05) pipeline{execution_id=64e59c5b-ca22-45c3-b8c9-b0b79cafe246 chain_id=42161 from_address=0xCFA80F1f22b0AD533F7d8e2CcC0A783aa4BCaFF3}: cortex::pipeline: nonce reserved elapsed_ms=136 nonce=4
2026-04-05T14:34:57.813352Z  INFO ThreadId(16) pipeline{execution_id=4cb18162-fa97-4906-b8ff-51cc64ffc472 chain_id=137 from_address=0xfea6645D31443cF7Cf96eF1dB7823EB9365f98bf}: cortex::pipeline: nonce reserved elapsed_ms=136 nonce=0
2026-04-05T14:34:57.814240Z  INFO ThreadId(17) pipeline{execution_id=86ef76c7-5358-4c1b-b27c-69d7c4ddb148 chain_id=1 from_address=0x2EAC739a1e05F4a05a5B8fD93D332c4353E5A7cD}: cortex::pipeline: nonce reserved elapsed_ms=137 nonce=4
2026-04-05T14:34:57.814267Z  INFO ThreadId(05) pipeline{execution_id=24e779c0-0030-4587-91cf-92b0ba54bd62 chain_id=137 from_address=0x8b172F820629b14cEAF859A6e159d1BcD3291Fe1}: cortex::pipeline: transaction broadcasted: elapsed_ms=137 tx_hash=0x7aa799b5b08d4ed338b672078247cef39060d5fd22d046e62314e179cd3ba344
2026-04-05T14:34:57.814301Z  INFO ThreadId(13) pipeline{execution_id=0550ec4c-11c0-49fd-8824-736a379b3a1f chain_id=1 from_address=0x8AfE43fF49EBd5c4B8Cd1497ee77b437dd1711fc}: cortex::pipeline: transaction broadcasted: elapsed_ms=137 tx_hash=0x1743eefb3fb2ea33de3a428ac46dfb1a2ab42d69635b0f86de53842004468298
2026-04-05T14:34:57.814748Z  INFO ThreadId(16) pipeline{execution_id=64e59c5b-ca22-45c3-b8c9-b0b79cafe246 chain_id=42161 from_address=0xCFA80F1f22b0AD533F7d8e2CcC0A783aa4BCaFF3}: cortex::pipeline: transaction signed elapsed_ms=137
2026-04-05T14:34:57.814866Z  INFO ThreadId(13) pipeline{execution_id=4cb18162-fa97-4906-b8ff-51cc64ffc472 chain_id=137 from_address=0xfea6645D31443cF7Cf96eF1dB7823EB9365f98bf}: cortex::pipeline: transaction signed elapsed_ms=138
2026-04-05T14:34:57.814988Z  INFO ThreadId(09) pipeline{execution_id=ee5aff92-89c0-478a-bafe-484ca75acda5 chain_id=137 from_address=0xfea6645D31443cF7Cf96eF1dB7823EB9365f98bf}: cortex::pipeline: nonce reserved elapsed_ms=138 nonce=1
2026-04-05T14:34:57.815923Z  INFO ThreadId(17) pipeline{execution_id=86ef76c7-5358-4c1b-b27c-69d7c4ddb148 chain_id=1 from_address=0x2EAC739a1e05F4a05a5B8fD93D332c4353E5A7cD}: cortex::pipeline: transaction signed elapsed_ms=139
2026-04-05T14:34:57.816516Z  INFO ThreadId(13) pipeline{execution_id=2a6a0394-a8db-434a-a7c4-3f1739a1169c chain_id=137 from_address=0x8AfE43fF49EBd5c4B8Cd1497ee77b437dd1711fc}: cortex::pipeline: nonce reserved elapsed_ms=139 nonce=1
2026-04-05T14:34:57.816522Z  INFO ThreadId(17) pipeline{execution_id=ac359539-b2f8-4756-833f-228bd401c8b9 chain_id=137 from_address=0xfea6645D31443cF7Cf96eF1dB7823EB9365f98bf}: cortex::pipeline: nonce reserved elapsed_ms=139 nonce=2
2026-04-05T14:34:57.816531Z  INFO ThreadId(16) pipeline{execution_id=ee5aff92-89c0-478a-bafe-484ca75acda5 chain_id=137 from_address=0xfea6645D31443cF7Cf96eF1dB7823EB9365f98bf}: cortex::pipeline: transaction signed elapsed_ms=139
2026-04-05T14:34:57.816624Z  INFO ThreadId(16) pipeline{execution_id=4cb18162-fa97-4906-b8ff-51cc64ffc472 chain_id=137 from_address=0xfea6645D31443cF7Cf96eF1dB7823EB9365f98bf}: cortex::pipeline: transaction broadcasted: elapsed_ms=139 tx_hash=0x4b1cf960593b24ad58c8267ed5834a3ff896f5a5268344342ab002bf1251591c
2026-04-05T14:34:57.816952Z  INFO ThreadId(16) pipeline{execution_id=fd1f1c6a-bcfd-4399-bca3-8be947b65380 chain_id=1 from_address=0x2EAC739a1e05F4a05a5B8fD93D332c4353E5A7cD}: cortex::pipeline: transaction broadcasted: elapsed_ms=140 tx_hash=0x9681d18d813214ef5ebd90649f1a490ca5557d7566c87436fc40ebe7c412d53e
2026-04-05T14:34:57.817176Z  INFO ThreadId(16) pipeline{execution_id=f688969c-2d73-4a16-b089-7be65cf9d3d6 chain_id=1 from_address=0x8b172F820629b14cEAF859A6e159d1BcD3291Fe1}: cortex::pipeline: nonce reserved elapsed_ms=140 nonce=5
2026-04-05T14:34:57.818017Z  INFO ThreadId(13) pipeline{execution_id=ac359539-b2f8-4756-833f-228bd401c8b9 chain_id=137 from_address=0xfea6645D31443cF7Cf96eF1dB7823EB9365f98bf}: cortex::pipeline: transaction signed elapsed_ms=141
2026-04-05T14:34:57.818065Z  INFO ThreadId(11) pipeline{execution_id=2a6a0394-a8db-434a-a7c4-3f1739a1169c chain_id=137 from_address=0x8AfE43fF49EBd5c4B8Cd1497ee77b437dd1711fc}: cortex::pipeline: transaction signed elapsed_ms=141
2026-04-05T14:34:57.818213Z  INFO ThreadId(16) pipeline{execution_id=ee5aff92-89c0-478a-bafe-484ca75acda5 chain_id=137 from_address=0xfea6645D31443cF7Cf96eF1dB7823EB9365f98bf}: cortex::pipeline: transaction broadcasted: elapsed_ms=141 tx_hash=0xe3c36418828a2dbda35cfb52c9f50de16bed55afd6341380b598f959a822a8a9
2026-04-05T14:34:57.818523Z  INFO ThreadId(06) pipeline{execution_id=86ef76c7-5358-4c1b-b27c-69d7c4ddb148 chain_id=1 from_address=0x2EAC739a1e05F4a05a5B8fD93D332c4353E5A7cD}: cortex::pipeline: transaction broadcasted: elapsed_ms=141 tx_hash=0x6a98801e4b9e418931526baefce6b794b44b02033eb506c66e511af5b733364f
2026-04-05T14:34:57.818683Z  INFO ThreadId(11) pipeline{execution_id=f688969c-2d73-4a16-b089-7be65cf9d3d6 chain_id=1 from_address=0x8b172F820629b14cEAF859A6e159d1BcD3291Fe1}: cortex::pipeline: transaction signed elapsed_ms=141
2026-04-05T14:34:57.818721Z  INFO ThreadId(09) pipeline{execution_id=d6ad9453-156a-4132-a2f2-691ddbf75302 chain_id=42161 from_address=0x8AfE43fF49EBd5c4B8Cd1497ee77b437dd1711fc}: cortex::pipeline: nonce reserved elapsed_ms=141 nonce=2
2026-04-05T14:34:57.819393Z  INFO ThreadId(05) pipeline{execution_id=911bd503-b4d3-432f-8b40-620730c935fc chain_id=1 from_address=0xCFA80F1f22b0AD533F7d8e2CcC0A783aa4BCaFF3}: cortex::pipeline: nonce reserved elapsed_ms=142 nonce=3
2026-04-05T14:34:57.821132Z  INFO ThreadId(11) pipeline{execution_id=252d7fcf-eb8c-4bf2-b40d-efad2f51bd07 chain_id=1 from_address=0xfea6645D31443cF7Cf96eF1dB7823EB9365f98bf}: cortex::pipeline: nonce reserved elapsed_ms=144 nonce=1
2026-04-05T14:34:57.821207Z  INFO ThreadId(03) pipeline{execution_id=d6ad9453-156a-4132-a2f2-691ddbf75302 chain_id=42161 from_address=0x8AfE43fF49EBd5c4B8Cd1497ee77b437dd1711fc}: cortex::pipeline: transaction signed elapsed_ms=144
2026-04-05T14:34:57.821226Z  INFO ThreadId(11) pipeline{execution_id=502cf952-3566-441e-8e45-462984535698 chain_id=137 from_address=0xCFA80F1f22b0AD533F7d8e2CcC0A783aa4BCaFF3}: cortex::pipeline: nonce reserved elapsed_ms=144 nonce=3
2026-04-05T14:34:57.821404Z  INFO ThreadId(05) pipeline{execution_id=ac359539-b2f8-4756-833f-228bd401c8b9 chain_id=137 from_address=0xfea6645D31443cF7Cf96eF1dB7823EB9365f98bf}: cortex::pipeline: transaction broadcasted: elapsed_ms=144 tx_hash=0x59af77350ad2298f5008bf740b80c277d06ba819d5af64c8bf48b6c9250a6fe1
2026-04-05T14:34:57.821813Z  INFO ThreadId(16) pipeline{execution_id=911bd503-b4d3-432f-8b40-620730c935fc chain_id=1 from_address=0xCFA80F1f22b0AD533F7d8e2CcC0A783aa4BCaFF3}: cortex::pipeline: transaction signed elapsed_ms=144
2026-04-05T14:34:57.822540Z  INFO ThreadId(05) pipeline{execution_id=252d7fcf-eb8c-4bf2-b40d-efad2f51bd07 chain_id=1 from_address=0xfea6645D31443cF7Cf96eF1dB7823EB9365f98bf}: cortex::pipeline: transaction signed elapsed_ms=145
2026-04-05T14:34:57.822945Z  INFO ThreadId(03) pipeline{execution_id=6bc967bb-7376-44d6-b2f2-9b520cff1a27 chain_id=42161 from_address=0x8b172F820629b14cEAF859A6e159d1BcD3291Fe1}: cortex::pipeline: nonce reserved elapsed_ms=145 nonce=2
2026-04-05T14:34:57.823148Z  INFO ThreadId(05) pipeline{execution_id=502cf952-3566-441e-8e45-462984535698 chain_id=137 from_address=0xCFA80F1f22b0AD533F7d8e2CcC0A783aa4BCaFF3}: cortex::pipeline: transaction signed elapsed_ms=146
2026-04-05T14:34:57.823416Z  INFO ThreadId(06) pipeline{execution_id=2a6a0394-a8db-434a-a7c4-3f1739a1169c chain_id=137 from_address=0x8AfE43fF49EBd5c4B8Cd1497ee77b437dd1711fc}: cortex::pipeline: transaction broadcasted: elapsed_ms=146 tx_hash=0x023a977a14e85ceecbaef34578c55a07115771d97ff47d01e0feefd8bca7c268
2026-04-05T14:34:57.823524Z  INFO ThreadId(05) pipeline{execution_id=9476b498-6616-4629-b156-01ec674d8d03 chain_id=137 from_address=0x8b172F820629b14cEAF859A6e159d1BcD3291Fe1}: cortex::pipeline: nonce reserved elapsed_ms=146 nonce=3
2026-04-05T14:34:57.824690Z  INFO ThreadId(05) pipeline{execution_id=ca2faee7-13bc-4b89-9c8b-2d4069c0e430 chain_id=1 from_address=0x8AfE43fF49EBd5c4B8Cd1497ee77b437dd1711fc}: cortex::pipeline: nonce reserved elapsed_ms=147 nonce=2
2026-04-05T14:34:57.824750Z  INFO ThreadId(16) pipeline{execution_id=6bc967bb-7376-44d6-b2f2-9b520cff1a27 chain_id=42161 from_address=0x8b172F820629b14cEAF859A6e159d1BcD3291Fe1}: cortex::pipeline: transaction signed elapsed_ms=147
2026-04-05T14:34:57.825536Z  INFO ThreadId(05) pipeline{execution_id=9476b498-6616-4629-b156-01ec674d8d03 chain_id=137 from_address=0x8b172F820629b14cEAF859A6e159d1BcD3291Fe1}: cortex::pipeline: transaction signed elapsed_ms=148
2026-04-05T14:34:57.825716Z  INFO ThreadId(11) pipeline{execution_id=ca2faee7-13bc-4b89-9c8b-2d4069c0e430 chain_id=1 from_address=0x8AfE43fF49EBd5c4B8Cd1497ee77b437dd1711fc}: cortex::pipeline: transaction signed elapsed_ms=148
2026-04-05T14:34:57.825958Z  INFO ThreadId(03) pipeline{execution_id=502cf952-3566-441e-8e45-462984535698 chain_id=137 from_address=0xCFA80F1f22b0AD533F7d8e2CcC0A783aa4BCaFF3}: cortex::pipeline: transaction broadcasted: elapsed_ms=148 tx_hash=0x8a0f0ef8e0088dcc7f16b4eb2401d610d478af71bfc4175022acacfdd280edc6
2026-04-05T14:34:57.827388Z  INFO ThreadId(03) pipeline{execution_id=9476b498-6616-4629-b156-01ec674d8d03 chain_id=137 from_address=0x8b172F820629b14cEAF859A6e159d1BcD3291Fe1}: cortex::pipeline: transaction broadcasted: elapsed_ms=150 tx_hash=0x836357f66c7903bc3f0c19682c825f3d178a700a4254370f8cf969abdb76eec0
2026-04-05T14:34:57.828328Z  INFO ThreadId(03) pipeline{execution_id=d318fe64-914e-4a32-8474-4c18c192d5de chain_id=42161 from_address=0xfea6645D31443cF7Cf96eF1dB7823EB9365f98bf}: cortex::pipeline: nonce reserved elapsed_ms=151 nonce=2
2026-04-05T14:34:57.828373Z  INFO ThreadId(06) pipeline{execution_id=a9b75ab4-a36b-4408-890d-f871e52a9efb chain_id=137 from_address=0x8b172F820629b14cEAF859A6e159d1BcD3291Fe1}: cortex::pipeline: nonce reserved elapsed_ms=151 nonce=4
2026-04-05T14:34:57.829668Z  INFO ThreadId(03) pipeline{execution_id=8c3f9e99-d8b4-449b-bcd0-48c9099de05d chain_id=42161 from_address=0xfea6645D31443cF7Cf96eF1dB7823EB9365f98bf}: cortex::pipeline: nonce reserved elapsed_ms=152 nonce=3
2026-04-05T14:34:57.829766Z  INFO ThreadId(11) pipeline{execution_id=c2fec9d7-fd1a-4d88-9613-0b76e90ef21a chain_id=137 from_address=0x8b172F820629b14cEAF859A6e159d1BcD3291Fe1}: cortex::pipeline: nonce reserved elapsed_ms=152 nonce=5
2026-04-05T14:34:57.829962Z  INFO ThreadId(06) pipeline{execution_id=a9b75ab4-a36b-4408-890d-f871e52a9efb chain_id=137 from_address=0x8b172F820629b14cEAF859A6e159d1BcD3291Fe1}: cortex::pipeline: transaction signed elapsed_ms=152
2026-04-05T14:34:57.830063Z  INFO ThreadId(03) pipeline{execution_id=d318fe64-914e-4a32-8474-4c18c192d5de chain_id=42161 from_address=0xfea6645D31443cF7Cf96eF1dB7823EB9365f98bf}: cortex::pipeline: transaction signed elapsed_ms=152
2026-04-05T14:34:57.830828Z  INFO ThreadId(05) pipeline{execution_id=b3271309-f366-40cd-a77a-f3b34f31dfae chain_id=42161 from_address=0xfea6645D31443cF7Cf96eF1dB7823EB9365f98bf}: cortex::pipeline: nonce reserved elapsed_ms=153 nonce=4
2026-04-05T14:34:57.831049Z  INFO ThreadId(06) pipeline{execution_id=09096b86-891d-42aa-b99a-bcb4db31ca64 chain_id=137 from_address=0xCFA80F1f22b0AD533F7d8e2CcC0A783aa4BCaFF3}: cortex::pipeline: nonce reserved elapsed_ms=153 nonce=4
2026-04-05T14:34:57.831296Z  INFO ThreadId(06) pipeline{execution_id=8c3f9e99-d8b4-449b-bcd0-48c9099de05d chain_id=42161 from_address=0xfea6645D31443cF7Cf96eF1dB7823EB9365f98bf}: cortex::pipeline: transaction signed elapsed_ms=154
2026-04-05T14:34:57.831533Z  INFO ThreadId(09) pipeline{execution_id=c2fec9d7-fd1a-4d88-9613-0b76e90ef21a chain_id=137 from_address=0x8b172F820629b14cEAF859A6e159d1BcD3291Fe1}: cortex::pipeline: transaction signed elapsed_ms=154
2026-04-05T14:34:57.831901Z  INFO ThreadId(06) pipeline{execution_id=b3271309-f366-40cd-a77a-f3b34f31dfae chain_id=42161 from_address=0xfea6645D31443cF7Cf96eF1dB7823EB9365f98bf}: cortex::pipeline: transaction signed elapsed_ms=154
2026-04-05T14:34:57.832009Z  INFO ThreadId(05) pipeline{execution_id=a9b75ab4-a36b-4408-890d-f871e52a9efb chain_id=137 from_address=0x8b172F820629b14cEAF859A6e159d1BcD3291Fe1}: cortex::pipeline: transaction broadcasted: elapsed_ms=155 tx_hash=0x97d31a4cdb42801bef5897693f5761efecb480690501dbea88f4ba1e80882615
2026-04-05T14:34:57.832596Z  INFO ThreadId(16) pipeline{execution_id=d3cb766c-35e9-4e9a-8540-4eb5b94dded7 chain_id=1 from_address=0x8b172F820629b14cEAF859A6e159d1BcD3291Fe1}: cortex::pipeline: nonce reserved elapsed_ms=155 nonce=6
2026-04-05T14:34:57.832628Z  INFO ThreadId(09) pipeline{execution_id=09096b86-891d-42aa-b99a-bcb4db31ca64 chain_id=137 from_address=0xCFA80F1f22b0AD533F7d8e2CcC0A783aa4BCaFF3}: cortex::pipeline: transaction signed elapsed_ms=155
2026-04-05T14:34:57.833160Z  INFO ThreadId(03) pipeline{execution_id=4ac0e4a9-0fe0-40c4-b942-13d41a09e7c1 chain_id=1 from_address=0x2EAC739a1e05F4a05a5B8fD93D332c4353E5A7cD}: cortex::pipeline: nonce reserved elapsed_ms=155 nonce=5
2026-04-05T14:34:57.833655Z  INFO ThreadId(16) pipeline{execution_id=c2fec9d7-fd1a-4d88-9613-0b76e90ef21a chain_id=137 from_address=0x8b172F820629b14cEAF859A6e159d1BcD3291Fe1}: cortex::pipeline: transaction broadcasted: elapsed_ms=156 tx_hash=0xbfa48147535e1e908c409528d5044139d05bbe5f56c75ab2a3fdf38583572963
2026-04-05T14:34:57.834044Z  INFO ThreadId(03) pipeline{execution_id=d3cb766c-35e9-4e9a-8540-4eb5b94dded7 chain_id=1 from_address=0x8b172F820629b14cEAF859A6e159d1BcD3291Fe1}: cortex::pipeline: transaction signed elapsed_ms=156
2026-04-05T14:34:57.834047Z  INFO ThreadId(06) pipeline{execution_id=39bc186f-100f-4bdf-a6d0-783eda82aec2 chain_id=1 from_address=0x8b172F820629b14cEAF859A6e159d1BcD3291Fe1}: cortex::pipeline: nonce reserved elapsed_ms=156 nonce=7
2026-04-05T14:34:57.834482Z  INFO ThreadId(05) pipeline{execution_id=4ac0e4a9-0fe0-40c4-b942-13d41a09e7c1 chain_id=1 from_address=0x2EAC739a1e05F4a05a5B8fD93D332c4353E5A7cD}: cortex::pipeline: transaction signed elapsed_ms=157
2026-04-05T14:34:57.834619Z  INFO ThreadId(16) pipeline{execution_id=5f87f67c-7a22-49f2-a20d-bf7f15b2654b chain_id=42161 from_address=0x2EAC739a1e05F4a05a5B8fD93D332c4353E5A7cD}: cortex::pipeline: nonce reserved elapsed_ms=157 nonce=1
2026-04-05T14:34:57.835038Z  INFO ThreadId(09) pipeline{execution_id=e9436ca4-710e-4036-a7f9-11e219ea890c chain_id=137 from_address=0xfea6645D31443cF7Cf96eF1dB7823EB9365f98bf}: cortex::pipeline: nonce reserved elapsed_ms=157 nonce=3
2026-04-05T14:34:57.835560Z  INFO ThreadId(16) pipeline{execution_id=39bc186f-100f-4bdf-a6d0-783eda82aec2 chain_id=1 from_address=0x8b172F820629b14cEAF859A6e159d1BcD3291Fe1}: cortex::pipeline: transaction signed elapsed_ms=158
2026-04-05T14:34:57.835589Z  INFO ThreadId(09) pipeline{execution_id=09096b86-891d-42aa-b99a-bcb4db31ca64 chain_id=137 from_address=0xCFA80F1f22b0AD533F7d8e2CcC0A783aa4BCaFF3}: cortex::pipeline: transaction broadcasted: elapsed_ms=158 tx_hash=0xf6b316f1d5dd31394deeebd12cf3c18f832d0846ccc1a4c8f8994def01b125f9
2026-04-05T14:34:57.835901Z  INFO ThreadId(16) pipeline{execution_id=5f87f67c-7a22-49f2-a20d-bf7f15b2654b chain_id=42161 from_address=0x2EAC739a1e05F4a05a5B8fD93D332c4353E5A7cD}: cortex::pipeline: transaction signed elapsed_ms=158
2026-04-05T14:34:57.836022Z  INFO ThreadId(11) pipeline{execution_id=091e59b4-d033-4346-81e9-77668e5cbfea chain_id=42161 from_address=0x8AfE43fF49EBd5c4B8Cd1497ee77b437dd1711fc}: cortex::pipeline: nonce reserved elapsed_ms=158 nonce=3
2026-04-05T14:34:57.836207Z  INFO ThreadId(13) pipeline{execution_id=e9436ca4-710e-4036-a7f9-11e219ea890c chain_id=137 from_address=0xfea6645D31443cF7Cf96eF1dB7823EB9365f98bf}: cortex::pipeline: transaction signed elapsed_ms=158
2026-04-05T14:34:57.836516Z  INFO ThreadId(03) pipeline{execution_id=025d7857-3cb5-4c45-8689-ac335ff35789 chain_id=137 from_address=0x8AfE43fF49EBd5c4B8Cd1497ee77b437dd1711fc}: cortex::pipeline: nonce reserved elapsed_ms=159 nonce=2
2026-04-05T14:34:57.837195Z  INFO ThreadId(05) pipeline{execution_id=091e59b4-d033-4346-81e9-77668e5cbfea chain_id=42161 from_address=0x8AfE43fF49EBd5c4B8Cd1497ee77b437dd1711fc}: cortex::pipeline: transaction signed elapsed_ms=159
2026-04-05T14:34:57.837621Z  INFO ThreadId(16) pipeline{execution_id=025d7857-3cb5-4c45-8689-ac335ff35789 chain_id=137 from_address=0x8AfE43fF49EBd5c4B8Cd1497ee77b437dd1711fc}: cortex::pipeline: transaction signed elapsed_ms=160
2026-04-05T14:34:57.837644Z  INFO ThreadId(03) pipeline{execution_id=73d4e5e3-c667-4b00-afcb-7c216b0231f5 chain_id=137 from_address=0xfea6645D31443cF7Cf96eF1dB7823EB9365f98bf}: cortex::pipeline: nonce reserved elapsed_ms=160 nonce=4
2026-04-05T14:34:57.838017Z  INFO ThreadId(05) pipeline{execution_id=e9436ca4-710e-4036-a7f9-11e219ea890c chain_id=137 from_address=0xfea6645D31443cF7Cf96eF1dB7823EB9365f98bf}: cortex::pipeline: transaction broadcasted: elapsed_ms=160 tx_hash=0xc273b1536c03a0ced5560a4531ccf2e2608571a3c1bf7472494da991294fcb79
2026-04-05T14:34:57.838979Z  INFO ThreadId(11) pipeline{execution_id=e770c658-efd0-441d-bcbd-a8ef795e543f chain_id=1 from_address=0xCFA80F1f22b0AD533F7d8e2CcC0A783aa4BCaFF3}: cortex::pipeline: nonce reserved elapsed_ms=161 nonce=4
2026-04-05T14:34:57.839129Z  INFO ThreadId(03) pipeline{execution_id=73d4e5e3-c667-4b00-afcb-7c216b0231f5 chain_id=137 from_address=0xfea6645D31443cF7Cf96eF1dB7823EB9365f98bf}: cortex::pipeline: transaction signed elapsed_ms=161
2026-04-05T14:34:57.839149Z  INFO ThreadId(16) pipeline{execution_id=52a59a4c-3ff7-458c-b719-f004d32455ee chain_id=137 from_address=0xfea6645D31443cF7Cf96eF1dB7823EB9365f98bf}: cortex::pipeline: nonce reserved elapsed_ms=161 nonce=5
2026-04-05T14:34:57.839774Z  INFO ThreadId(09) pipeline{execution_id=025d7857-3cb5-4c45-8689-ac335ff35789 chain_id=137 from_address=0x8AfE43fF49EBd5c4B8Cd1497ee77b437dd1711fc}: cortex::pipeline: transaction broadcasted: elapsed_ms=162 tx_hash=0x62ef150ca054708c137a8045667c5ee75e72bc2cefaf773ddc3f8cc42bb4a861
2026-04-05T14:34:57.840214Z  INFO ThreadId(03) pipeline{execution_id=e770c658-efd0-441d-bcbd-a8ef795e543f chain_id=1 from_address=0xCFA80F1f22b0AD533F7d8e2CcC0A783aa4BCaFF3}: cortex::pipeline: transaction signed elapsed_ms=162
2026-04-05T14:34:57.840517Z  INFO ThreadId(03) pipeline{execution_id=29f26dee-a773-437f-a08a-909bcee4a9fe chain_id=137 from_address=0x2EAC739a1e05F4a05a5B8fD93D332c4353E5A7cD}: cortex::pipeline: nonce reserved elapsed_ms=163 nonce=3
2026-04-05T14:34:57.840622Z  INFO ThreadId(13) pipeline{execution_id=52a59a4c-3ff7-458c-b719-f004d32455ee chain_id=137 from_address=0xfea6645D31443cF7Cf96eF1dB7823EB9365f98bf}: cortex::pipeline: transaction signed elapsed_ms=163
2026-04-05T14:34:57.840666Z  INFO ThreadId(05) pipeline{execution_id=8fd0967b-4ca9-42df-9ecb-9c17c8d596b3 chain_id=137 from_address=0xfea6645D31443cF7Cf96eF1dB7823EB9365f98bf}: cortex::pipeline: nonce reserved elapsed_ms=163 nonce=6
2026-04-05T14:34:57.841677Z  INFO ThreadId(03) pipeline{execution_id=73d4e5e3-c667-4b00-afcb-7c216b0231f5 chain_id=137 from_address=0xfea6645D31443cF7Cf96eF1dB7823EB9365f98bf}: cortex::pipeline: transaction broadcasted: elapsed_ms=164 tx_hash=0x70deafee60dcceadd978086d4ba9b680bb44718837add4c4cbb79e119500eb14
2026-04-05T14:34:57.842003Z  INFO ThreadId(03) pipeline{execution_id=8fd0967b-4ca9-42df-9ecb-9c17c8d596b3 chain_id=137 from_address=0xfea6645D31443cF7Cf96eF1dB7823EB9365f98bf}: cortex::pipeline: transaction signed elapsed_ms=164
2026-04-05T14:34:57.842123Z  INFO ThreadId(05) pipeline{execution_id=c57fae4a-400d-45c4-b381-dd7143e82a5a chain_id=137 from_address=0x2EAC739a1e05F4a05a5B8fD93D332c4353E5A7cD}: cortex::pipeline: nonce reserved elapsed_ms=164 nonce=4
2026-04-05T14:34:57.842133Z  INFO ThreadId(13) pipeline{execution_id=29f26dee-a773-437f-a08a-909bcee4a9fe chain_id=137 from_address=0x2EAC739a1e05F4a05a5B8fD93D332c4353E5A7cD}: cortex::pipeline: transaction signed elapsed_ms=164
2026-04-05T14:34:57.842842Z  INFO ThreadId(06) pipeline{execution_id=9ede1d89-07b0-4238-a147-9253ada82aa9 chain_id=137 from_address=0x8AfE43fF49EBd5c4B8Cd1497ee77b437dd1711fc}: cortex::pipeline: nonce reserved elapsed_ms=165 nonce=3
2026-04-05T14:34:57.843231Z  INFO ThreadId(06) pipeline{execution_id=1efabeb9-4809-4bab-b186-a750498c0046 chain_id=42161 from_address=0x8b172F820629b14cEAF859A6e159d1BcD3291Fe1}: cortex::pipeline: nonce reserved elapsed_ms=165 nonce=3
2026-04-05T14:34:57.843270Z  INFO ThreadId(16) pipeline{execution_id=52a59a4c-3ff7-458c-b719-f004d32455ee chain_id=137 from_address=0xfea6645D31443cF7Cf96eF1dB7823EB9365f98bf}: cortex::pipeline: transaction broadcasted: elapsed_ms=165 tx_hash=0x8a5825adf8a9d6674e8b984a5ef7abc22e2bf57f9048b391f269acc87b7e59bb
2026-04-05T14:34:57.843863Z  INFO ThreadId(16) pipeline{execution_id=098a8f58-dee4-46fd-9e02-0dd75286a38c chain_id=42161 from_address=0x2EAC739a1e05F4a05a5B8fD93D332c4353E5A7cD}: cortex::pipeline: nonce reserved elapsed_ms=166 nonce=2
2026-04-05T14:34:57.843970Z  INFO ThreadId(09) pipeline{execution_id=9ede1d89-07b0-4238-a147-9253ada82aa9 chain_id=137 from_address=0x8AfE43fF49EBd5c4B8Cd1497ee77b437dd1711fc}: cortex::pipeline: transaction signed elapsed_ms=166
2026-04-05T14:34:57.844014Z  INFO ThreadId(16) pipeline{execution_id=c57fae4a-400d-45c4-b381-dd7143e82a5a chain_id=137 from_address=0x2EAC739a1e05F4a05a5B8fD93D332c4353E5A7cD}: cortex::pipeline: transaction signed elapsed_ms=166
2026-04-05T14:34:57.844900Z  INFO ThreadId(09) pipeline{execution_id=cd562bfc-078e-4b5f-a41f-abbc5e22f8ff chain_id=42161 from_address=0xfea6645D31443cF7Cf96eF1dB7823EB9365f98bf}: cortex::pipeline: nonce reserved elapsed_ms=167 nonce=5
2026-04-05T14:34:57.844918Z  INFO ThreadId(06) pipeline{execution_id=1efabeb9-4809-4bab-b186-a750498c0046 chain_id=42161 from_address=0x8b172F820629b14cEAF859A6e159d1BcD3291Fe1}: cortex::pipeline: transaction signed elapsed_ms=167
2026-04-05T14:34:57.845378Z  INFO ThreadId(16) pipeline{execution_id=098a8f58-dee4-46fd-9e02-0dd75286a38c chain_id=42161 from_address=0x2EAC739a1e05F4a05a5B8fD93D332c4353E5A7cD}: cortex::pipeline: transaction signed elapsed_ms=168
2026-04-05T14:34:57.845422Z  INFO ThreadId(13) pipeline{execution_id=8fd0967b-4ca9-42df-9ecb-9c17c8d596b3 chain_id=137 from_address=0xfea6645D31443cF7Cf96eF1dB7823EB9365f98bf}: cortex::pipeline: transaction broadcasted: elapsed_ms=168 tx_hash=0x28416853dbb06959d87936862b8c0b2eedfb96599ee04794c9ac5a998f3f60cf
2026-04-05T14:34:57.846193Z  INFO ThreadId(03) pipeline{execution_id=cd562bfc-078e-4b5f-a41f-abbc5e22f8ff chain_id=42161 from_address=0xfea6645D31443cF7Cf96eF1dB7823EB9365f98bf}: cortex::pipeline: transaction signed elapsed_ms=168
2026-04-05T14:34:57.846724Z  INFO ThreadId(06) pipeline{execution_id=6ce280fa-125b-4f70-9381-5c233367294c chain_id=137 from_address=0xCFA80F1f22b0AD533F7d8e2CcC0A783aa4BCaFF3}: cortex::pipeline: nonce reserved elapsed_ms=169 nonce=5
2026-04-05T14:34:57.846758Z  INFO ThreadId(03) pipeline{execution_id=c609ca17-061d-48bf-b9a7-b4edfb0ad793 chain_id=1 from_address=0x2EAC739a1e05F4a05a5B8fD93D332c4353E5A7cD}: cortex::pipeline: nonce reserved elapsed_ms=169 nonce=6
2026-04-05T14:34:57.847410Z  INFO ThreadId(06) pipeline{execution_id=500e6f08-dc41-44f3-8f07-e18bbb0392f8 chain_id=137 from_address=0x8b172F820629b14cEAF859A6e159d1BcD3291Fe1}: cortex::pipeline: nonce reserved elapsed_ms=169 nonce=6
2026-04-05T14:34:57.847694Z  INFO ThreadId(11) pipeline{execution_id=29f26dee-a773-437f-a08a-909bcee4a9fe chain_id=137 from_address=0x2EAC739a1e05F4a05a5B8fD93D332c4353E5A7cD}: cortex::pipeline: transaction broadcasted: elapsed_ms=170 tx_hash=0x14a97f4b26070b393fa08ba119c5882cf7e2e001c30024432d23cd4f0edeb14c
2026-04-05T14:34:57.848076Z  INFO ThreadId(09) pipeline{execution_id=c609ca17-061d-48bf-b9a7-b4edfb0ad793 chain_id=1 from_address=0x2EAC739a1e05F4a05a5B8fD93D332c4353E5A7cD}: cortex::pipeline: transaction signed elapsed_ms=170
2026-04-05T14:34:57.848524Z  INFO ThreadId(16) pipeline{execution_id=500e6f08-dc41-44f3-8f07-e18bbb0392f8 chain_id=137 from_address=0x8b172F820629b14cEAF859A6e159d1BcD3291Fe1}: cortex::pipeline: transaction signed elapsed_ms=170
2026-04-05T14:34:57.848700Z  INFO ThreadId(05) pipeline{execution_id=6ce280fa-125b-4f70-9381-5c233367294c chain_id=137 from_address=0xCFA80F1f22b0AD533F7d8e2CcC0A783aa4BCaFF3}: cortex::pipeline: transaction signed elapsed_ms=171
2026-04-05T14:34:57.849041Z  INFO ThreadId(05) pipeline{execution_id=c76d8410-a9a5-4a25-9c77-f0d224809b3f chain_id=1 from_address=0x8AfE43fF49EBd5c4B8Cd1497ee77b437dd1711fc}: cortex::pipeline: nonce reserved elapsed_ms=171 nonce=3
2026-04-05T14:34:57.849474Z  INFO ThreadId(11) pipeline{execution_id=9ede1d89-07b0-4238-a147-9253ada82aa9 chain_id=137 from_address=0x8AfE43fF49EBd5c4B8Cd1497ee77b437dd1711fc}: cortex::pipeline: transaction broadcasted: elapsed_ms=171 tx_hash=0xe1356e6583263513489fea0548dc5dcfcd4f4b5468bce3e7042b1d53bcabab86
2026-04-05T14:34:57.849592Z  INFO ThreadId(11) pipeline{execution_id=d4930676-4169-4732-9fbf-05a1cb959b3a chain_id=137 from_address=0x8AfE43fF49EBd5c4B8Cd1497ee77b437dd1711fc}: cortex::pipeline: nonce reserved elapsed_ms=171 nonce=4
2026-04-05T14:34:57.850158Z  INFO ThreadId(11) pipeline{execution_id=c76d8410-a9a5-4a25-9c77-f0d224809b3f chain_id=1 from_address=0x8AfE43fF49EBd5c4B8Cd1497ee77b437dd1711fc}: cortex::pipeline: transaction signed elapsed_ms=172
2026-04-05T14:34:57.851740Z  INFO ThreadId(11) pipeline{execution_id=17219a99-ebfc-480c-853d-217fe7740c71 chain_id=1 from_address=0xfea6645D31443cF7Cf96eF1dB7823EB9365f98bf}: cortex::pipeline: nonce reserved elapsed_ms=173 nonce=2
2026-04-05T14:34:57.851734Z  INFO ThreadId(09) pipeline{execution_id=8e6fad68-ea5e-4228-83f1-fdd36f00fb01 chain_id=137 from_address=0xCFA80F1f22b0AD533F7d8e2CcC0A783aa4BCaFF3}: cortex::pipeline: nonce reserved elapsed_ms=173 nonce=6
2026-04-05T14:34:57.852072Z  INFO ThreadId(09) pipeline{execution_id=d4930676-4169-4732-9fbf-05a1cb959b3a chain_id=137 from_address=0x8AfE43fF49EBd5c4B8Cd1497ee77b437dd1711fc}: cortex::pipeline: transaction signed elapsed_ms=174
2026-04-05T14:34:57.852770Z  INFO ThreadId(13) pipeline{execution_id=49c3252e-e91b-4173-91b8-fb60e10c719d chain_id=1 from_address=0x8b172F820629b14cEAF859A6e159d1BcD3291Fe1}: cortex::pipeline: nonce reserved elapsed_ms=175 nonce=8
2026-04-05T14:34:57.852799Z  INFO ThreadId(09) pipeline{execution_id=c57fae4a-400d-45c4-b381-dd7143e82a5a chain_id=137 from_address=0x2EAC739a1e05F4a05a5B8fD93D332c4353E5A7cD}: cortex::pipeline: transaction broadcasted: elapsed_ms=175 tx_hash=0xa81e4c47945ce2efcca44c6222adfe6b0158d49685df4b1f139630f844284fa5
2026-04-05T14:34:57.852836Z  INFO ThreadId(06) pipeline{execution_id=17219a99-ebfc-480c-853d-217fe7740c71 chain_id=1 from_address=0xfea6645D31443cF7Cf96eF1dB7823EB9365f98bf}: cortex::pipeline: transaction signed elapsed_ms=175
2026-04-05T14:34:57.853158Z  INFO ThreadId(09) pipeline{execution_id=8e6fad68-ea5e-4228-83f1-fdd36f00fb01 chain_id=137 from_address=0xCFA80F1f22b0AD533F7d8e2CcC0A783aa4BCaFF3}: cortex::pipeline: transaction signed elapsed_ms=175
2026-04-05T14:34:57.853495Z  INFO ThreadId(16) pipeline{execution_id=4c656bd0-f6df-495b-99f5-5d4b6aa11fdb chain_id=1 from_address=0x8b172F820629b14cEAF859A6e159d1BcD3291Fe1}: cortex::pipeline: nonce reserved elapsed_ms=175 nonce=9
2026-04-05T14:34:57.853742Z  INFO ThreadId(09) pipeline{execution_id=49c3252e-e91b-4173-91b8-fb60e10c719d chain_id=1 from_address=0x8b172F820629b14cEAF859A6e159d1BcD3291Fe1}: cortex::pipeline: transaction signed elapsed_ms=175
2026-04-05T14:34:57.854099Z  INFO ThreadId(13) pipeline{execution_id=8ec1a75f-5d8e-4c5b-95af-e4f85b570853 chain_id=42161 from_address=0x8b172F820629b14cEAF859A6e159d1BcD3291Fe1}: cortex::pipeline: nonce reserved elapsed_ms=176 nonce=4
2026-04-05T14:34:57.854529Z  INFO ThreadId(17) pipeline{execution_id=4c656bd0-f6df-495b-99f5-5d4b6aa11fdb chain_id=1 from_address=0x8b172F820629b14cEAF859A6e159d1BcD3291Fe1}: cortex::pipeline: transaction signed elapsed_ms=176
2026-04-05T14:34:57.854715Z  INFO ThreadId(06) pipeline{execution_id=500e6f08-dc41-44f3-8f07-e18bbb0392f8 chain_id=137 from_address=0x8b172F820629b14cEAF859A6e159d1BcD3291Fe1}: cortex::pipeline: transaction broadcasted: elapsed_ms=176 tx_hash=0x82d2bfcef21bb235c92f0b4dd4781785f309b957227c991ee349eb888e030ee6
2026-04-05T14:34:57.855057Z  INFO ThreadId(05) pipeline{execution_id=778c9503-cd0e-4be3-8e6d-7cde683759b8 chain_id=42161 from_address=0xfea6645D31443cF7Cf96eF1dB7823EB9365f98bf}: cortex::pipeline: nonce reserved elapsed_ms=177 nonce=6
2026-04-05T14:34:57.855413Z  INFO ThreadId(05) pipeline{execution_id=8ec1a75f-5d8e-4c5b-95af-e4f85b570853 chain_id=42161 from_address=0x8b172F820629b14cEAF859A6e159d1BcD3291Fe1}: cortex::pipeline: transaction signed elapsed_ms=177
2026-04-05T14:34:57.855582Z  INFO ThreadId(05) pipeline{execution_id=ecfbd8a9-3144-4728-84c6-1ccf240d180f chain_id=42161 from_address=0xCFA80F1f22b0AD533F7d8e2CcC0A783aa4BCaFF3}: cortex::pipeline: nonce reserved elapsed_ms=177 nonce=5
2026-04-05T14:34:57.856384Z  INFO ThreadId(05) pipeline{execution_id=c5fdfdbc-1e78-4177-acfc-b7bd47a5e977 chain_id=42161 from_address=0xfea6645D31443cF7Cf96eF1dB7823EB9365f98bf}: cortex::pipeline: nonce reserved elapsed_ms=178 nonce=7
2026-04-05T14:34:57.856403Z  INFO ThreadId(16) pipeline{execution_id=778c9503-cd0e-4be3-8e6d-7cde683759b8 chain_id=42161 from_address=0xfea6645D31443cF7Cf96eF1dB7823EB9365f98bf}: cortex::pipeline: transaction signed elapsed_ms=178
2026-04-05T14:34:57.856609Z  INFO ThreadId(16) pipeline{execution_id=ecfbd8a9-3144-4728-84c6-1ccf240d180f chain_id=42161 from_address=0xCFA80F1f22b0AD533F7d8e2CcC0A783aa4BCaFF3}: cortex::pipeline: transaction signed elapsed_ms=178
2026-04-05T14:34:57.856968Z  INFO ThreadId(13) pipeline{execution_id=6ce280fa-125b-4f70-9381-5c233367294c chain_id=137 from_address=0xCFA80F1f22b0AD533F7d8e2CcC0A783aa4BCaFF3}: cortex::pipeline: transaction broadcasted: elapsed_ms=179 tx_hash=0xc96bfbcde7de211e1434e58948973b7fb8ee22f70b4196600386e8102eaf296a
2026-04-05T14:34:57.857734Z  INFO ThreadId(13) pipeline{execution_id=c5fdfdbc-1e78-4177-acfc-b7bd47a5e977 chain_id=42161 from_address=0xfea6645D31443cF7Cf96eF1dB7823EB9365f98bf}: cortex::pipeline: transaction signed elapsed_ms=179
2026-04-05T14:34:57.858533Z  INFO ThreadId(16) pipeline{execution_id=861bc838-3d78-4363-9cde-e6eeaa9dd255 chain_id=1 from_address=0x8b172F820629b14cEAF859A6e159d1BcD3291Fe1}: cortex::pipeline: nonce reserved elapsed_ms=180 nonce=10
2026-04-05T14:34:57.858846Z  INFO ThreadId(05) pipeline{execution_id=d4930676-4169-4732-9fbf-05a1cb959b3a chain_id=137 from_address=0x8AfE43fF49EBd5c4B8Cd1497ee77b437dd1711fc}: cortex::pipeline: transaction broadcasted: elapsed_ms=181 tx_hash=0xb3646e7e80ef748c23a0d701a4bbd093851f2d51055e81dc57d0e3ef81747820
2026-04-05T14:34:57.859277Z  INFO ThreadId(05) pipeline{execution_id=2b2ba8e3-9a20-4ef6-a456-49129f133c03 chain_id=137 from_address=0x2EAC739a1e05F4a05a5B8fD93D332c4353E5A7cD}: cortex::pipeline: nonce reserved elapsed_ms=181 nonce=5
2026-04-05T14:34:57.859272Z  INFO ThreadId(03) pipeline{execution_id=3eaf9209-4dee-4a0a-9bda-289643d336a7 chain_id=137 from_address=0xCFA80F1f22b0AD533F7d8e2CcC0A783aa4BCaFF3}: cortex::pipeline: nonce reserved elapsed_ms=181 nonce=7
2026-04-05T14:34:57.859680Z  INFO ThreadId(06) pipeline{execution_id=861bc838-3d78-4363-9cde-e6eeaa9dd255 chain_id=1 from_address=0x8b172F820629b14cEAF859A6e159d1BcD3291Fe1}: cortex::pipeline: transaction signed elapsed_ms=181
2026-04-05T14:34:57.859960Z  INFO ThreadId(13) pipeline{execution_id=1a1dbb00-32fb-4ea2-9b04-1c959e77ea01 chain_id=42161 from_address=0x8AfE43fF49EBd5c4B8Cd1497ee77b437dd1711fc}: cortex::pipeline: nonce reserved elapsed_ms=181 nonce=4
2026-04-05T14:34:57.860480Z  INFO ThreadId(05) pipeline{execution_id=3eaf9209-4dee-4a0a-9bda-289643d336a7 chain_id=137 from_address=0xCFA80F1f22b0AD533F7d8e2CcC0A783aa4BCaFF3}: cortex::pipeline: transaction signed elapsed_ms=182
2026-04-05T14:34:57.860555Z  INFO ThreadId(09) pipeline{execution_id=2b2ba8e3-9a20-4ef6-a456-49129f133c03 chain_id=137 from_address=0x2EAC739a1e05F4a05a5B8fD93D332c4353E5A7cD}: cortex::pipeline: transaction signed elapsed_ms=182
2026-04-05T14:34:57.860761Z  INFO ThreadId(05) pipeline{execution_id=1711ddff-6e12-47ef-8aa0-791fc98a7869 chain_id=137 from_address=0xCFA80F1f22b0AD533F7d8e2CcC0A783aa4BCaFF3}: cortex::pipeline: nonce reserved elapsed_ms=182 nonce=8
2026-04-05T14:34:57.860939Z  INFO ThreadId(09) pipeline{execution_id=8e6fad68-ea5e-4228-83f1-fdd36f00fb01 chain_id=137 from_address=0xCFA80F1f22b0AD533F7d8e2CcC0A783aa4BCaFF3}: cortex::pipeline: transaction broadcasted: elapsed_ms=183 tx_hash=0x90ab7ed9ccac9d1df938ccfa96e3083c01b1ea79957872d868d46cc596d25bcc
2026-04-05T14:34:57.861538Z  INFO ThreadId(13) pipeline{execution_id=1a1dbb00-32fb-4ea2-9b04-1c959e77ea01 chain_id=42161 from_address=0x8AfE43fF49EBd5c4B8Cd1497ee77b437dd1711fc}: cortex::pipeline: transaction signed elapsed_ms=183
2026-04-05T14:34:57.861967Z  INFO ThreadId(05) pipeline{execution_id=1711ddff-6e12-47ef-8aa0-791fc98a7869 chain_id=137 from_address=0xCFA80F1f22b0AD533F7d8e2CcC0A783aa4BCaFF3}: cortex::pipeline: transaction signed elapsed_ms=183
2026-04-05T14:34:57.862035Z  INFO ThreadId(05) pipeline{execution_id=dcf71d2d-cef5-4b18-8630-01b770ffb626 chain_id=1 from_address=0x8b172F820629b14cEAF859A6e159d1BcD3291Fe1}: cortex::pipeline: nonce reserved elapsed_ms=183 nonce=11
2026-04-05T14:34:57.862274Z  INFO ThreadId(06) pipeline{execution_id=20aaf8c0-3118-484f-a409-490002945d65 chain_id=137 from_address=0xfea6645D31443cF7Cf96eF1dB7823EB9365f98bf}: cortex::pipeline: nonce reserved elapsed_ms=184 nonce=7
2026-04-05T14:34:57.862476Z  INFO ThreadId(09) pipeline{execution_id=3eaf9209-4dee-4a0a-9bda-289643d336a7 chain_id=137 from_address=0xCFA80F1f22b0AD533F7d8e2CcC0A783aa4BCaFF3}: cortex::pipeline: transaction broadcasted: elapsed_ms=184 tx_hash=0xf894f44a28f3f5c6afbdfc6d18768a3b57a8900536c0f75a05ee601eda62180e
2026-04-05T14:34:57.863230Z  INFO ThreadId(17) pipeline{execution_id=7e175645-ddfa-4b3d-a6ba-fbae9686b8ad chain_id=1 from_address=0x2EAC739a1e05F4a05a5B8fD93D332c4353E5A7cD}: cortex::pipeline: nonce reserved elapsed_ms=185 nonce=7
2026-04-05T14:34:57.863235Z  INFO ThreadId(05) pipeline{execution_id=20aaf8c0-3118-484f-a409-490002945d65 chain_id=137 from_address=0xfea6645D31443cF7Cf96eF1dB7823EB9365f98bf}: cortex::pipeline: transaction signed elapsed_ms=185
2026-04-05T14:34:57.863438Z  INFO ThreadId(13) pipeline{execution_id=dcf71d2d-cef5-4b18-8630-01b770ffb626 chain_id=1 from_address=0x8b172F820629b14cEAF859A6e159d1BcD3291Fe1}: cortex::pipeline: transaction signed elapsed_ms=185
2026-04-05T14:34:57.864106Z  INFO ThreadId(13) pipeline{execution_id=7e175645-ddfa-4b3d-a6ba-fbae9686b8ad chain_id=1 from_address=0x2EAC739a1e05F4a05a5B8fD93D332c4353E5A7cD}: cortex::pipeline: transaction signed elapsed_ms=186
2026-04-05T14:34:57.864250Z  INFO ThreadId(09) pipeline{execution_id=a352e8ff-87c7-400f-9143-1db6fb82d2c3 chain_id=137 from_address=0xfea6645D31443cF7Cf96eF1dB7823EB9365f98bf}: cortex::pipeline: nonce reserved elapsed_ms=186 nonce=8
2026-04-05T14:34:57.864322Z  INFO ThreadId(16) pipeline{execution_id=2b2ba8e3-9a20-4ef6-a456-49129f133c03 chain_id=137 from_address=0x2EAC739a1e05F4a05a5B8fD93D332c4353E5A7cD}: cortex::pipeline: transaction broadcasted: elapsed_ms=186 tx_hash=0x7bf6608fc85a1c51d56e5c3b8cfdc7fccbcafcfd1627bbc9d955d3ee473b36ff
2026-04-05T14:34:57.865022Z  INFO ThreadId(09) pipeline{execution_id=fdac0e28-0133-4bbe-bd4c-2fc91e88faf7 chain_id=1 from_address=0x8AfE43fF49EBd5c4B8Cd1497ee77b437dd1711fc}: cortex::pipeline: nonce reserved elapsed_ms=186 nonce=4
2026-04-05T14:34:57.865249Z  INFO ThreadId(05) pipeline{execution_id=ed59899f-93ee-431e-91ad-d842d8ef1147 chain_id=42161 from_address=0x2EAC739a1e05F4a05a5B8fD93D332c4353E5A7cD}: cortex::pipeline: nonce reserved elapsed_ms=187 nonce=3
2026-04-05T14:34:57.865405Z  INFO ThreadId(17) pipeline{execution_id=a352e8ff-87c7-400f-9143-1db6fb82d2c3 chain_id=137 from_address=0xfea6645D31443cF7Cf96eF1dB7823EB9365f98bf}: cortex::pipeline: transaction signed elapsed_ms=187
2026-04-05T14:34:57.866140Z  INFO ThreadId(06) pipeline{execution_id=1711ddff-6e12-47ef-8aa0-791fc98a7869 chain_id=137 from_address=0xCFA80F1f22b0AD533F7d8e2CcC0A783aa4BCaFF3}: cortex::pipeline: transaction broadcasted: elapsed_ms=188 tx_hash=0x1636c9c27a200d2655ce3ec4c08c4105f0ba5c4770bd02b3c644f122051d9efd
2026-04-05T14:34:57.866375Z  INFO ThreadId(06) pipeline{execution_id=ed59899f-93ee-431e-91ad-d842d8ef1147 chain_id=42161 from_address=0x2EAC739a1e05F4a05a5B8fD93D332c4353E5A7cD}: cortex::pipeline: transaction signed elapsed_ms=188
2026-04-05T14:34:57.866407Z  INFO ThreadId(09) pipeline{execution_id=4b5a0251-9184-446f-ba78-6bcb6ab53463 chain_id=137 from_address=0x8AfE43fF49EBd5c4B8Cd1497ee77b437dd1711fc}: cortex::pipeline: nonce reserved elapsed_ms=188 nonce=5
2026-04-05T14:34:57.866647Z  INFO ThreadId(05) pipeline{execution_id=d3458d64-6760-4c68-9960-1640f11905a4 chain_id=1 from_address=0x2EAC739a1e05F4a05a5B8fD93D332c4353E5A7cD}: cortex::pipeline: nonce reserved elapsed_ms=188 nonce=8
2026-04-05T14:34:57.867420Z  INFO ThreadId(16) pipeline{execution_id=fdac0e28-0133-4bbe-bd4c-2fc91e88faf7 chain_id=1 from_address=0x8AfE43fF49EBd5c4B8Cd1497ee77b437dd1711fc}: cortex::pipeline: transaction signed elapsed_ms=189
2026-04-05T14:34:57.867684Z  INFO ThreadId(13) pipeline{execution_id=4b5a0251-9184-446f-ba78-6bcb6ab53463 chain_id=137 from_address=0x8AfE43fF49EBd5c4B8Cd1497ee77b437dd1711fc}: cortex::pipeline: transaction signed elapsed_ms=189
2026-04-05T14:34:57.867687Z  INFO ThreadId(16) pipeline{execution_id=20aaf8c0-3118-484f-a409-490002945d65 chain_id=137 from_address=0xfea6645D31443cF7Cf96eF1dB7823EB9365f98bf}: cortex::pipeline: transaction broadcasted: elapsed_ms=189 tx_hash=0x74372bcec2896782ff2bffb32969298cc49dc128021b6de94408028fece4ad46
2026-04-05T14:34:57.867876Z  INFO ThreadId(09) pipeline{execution_id=d3458d64-6760-4c68-9960-1640f11905a4 chain_id=1 from_address=0x2EAC739a1e05F4a05a5B8fD93D332c4353E5A7cD}: cortex::pipeline: transaction signed elapsed_ms=189
2026-04-05T14:34:57.868020Z  INFO ThreadId(13) pipeline{execution_id=3ab5eb21-dc61-4425-8328-b84341a10630 chain_id=42161 from_address=0x2EAC739a1e05F4a05a5B8fD93D332c4353E5A7cD}: cortex::pipeline: nonce reserved elapsed_ms=189 nonce=4
2026-04-05T14:34:57.868783Z  INFO ThreadId(17) pipeline{execution_id=3ab5eb21-dc61-4425-8328-b84341a10630 chain_id=42161 from_address=0x2EAC739a1e05F4a05a5B8fD93D332c4353E5A7cD}: cortex::pipeline: transaction signed elapsed_ms=190
2026-04-05T14:34:57.868970Z  INFO ThreadId(05) pipeline{execution_id=799ee5cd-a2ef-458b-9685-80f716836f23 chain_id=137 from_address=0xCFA80F1f22b0AD533F7d8e2CcC0A783aa4BCaFF3}: cortex::pipeline: nonce reserved elapsed_ms=190 nonce=9
2026-04-05T14:34:57.869052Z  INFO ThreadId(17) pipeline{execution_id=7adcd22a-5a6f-4b92-a146-3b38b60dd6fd chain_id=42161 from_address=0x2EAC739a1e05F4a05a5B8fD93D332c4353E5A7cD}: cortex::pipeline: nonce reserved elapsed_ms=190 nonce=5
2026-04-05T14:34:57.869415Z  INFO ThreadId(17) pipeline{execution_id=a352e8ff-87c7-400f-9143-1db6fb82d2c3 chain_id=137 from_address=0xfea6645D31443cF7Cf96eF1dB7823EB9365f98bf}: cortex::pipeline: transaction broadcasted: elapsed_ms=191 tx_hash=0x732bbcc242306adf6b447c98dedf1419312955ca274a8b139b0bb49f8ecdbc40
2026-04-05T14:34:57.869915Z  INFO ThreadId(06) pipeline{execution_id=7adcd22a-5a6f-4b92-a146-3b38b60dd6fd chain_id=42161 from_address=0x2EAC739a1e05F4a05a5B8fD93D332c4353E5A7cD}: cortex::pipeline: transaction signed elapsed_ms=191
2026-04-05T14:34:57.869971Z  INFO ThreadId(05) pipeline{execution_id=799ee5cd-a2ef-458b-9685-80f716836f23 chain_id=137 from_address=0xCFA80F1f22b0AD533F7d8e2CcC0A783aa4BCaFF3}: cortex::pipeline: transaction signed elapsed_ms=191
2026-04-05T14:34:57.870253Z  INFO ThreadId(17) pipeline{execution_id=d1ad20eb-9ef2-4c5f-8097-d12b7086e671 chain_id=42161 from_address=0x8AfE43fF49EBd5c4B8Cd1497ee77b437dd1711fc}: cortex::pipeline: nonce reserved elapsed_ms=191 nonce=5
2026-04-05T14:34:57.870538Z  INFO ThreadId(06) pipeline{execution_id=54d9bc9f-31ae-4e18-9b16-01aa676b13ae chain_id=42161 from_address=0x2EAC739a1e05F4a05a5B8fD93D332c4353E5A7cD}: cortex::pipeline: nonce reserved elapsed_ms=192 nonce=6
2026-04-05T14:34:57.870832Z  INFO ThreadId(16) pipeline{execution_id=cffb3bd1-27b1-45a4-93ea-ebccd40aacf4 chain_id=137 from_address=0x8AfE43fF49EBd5c4B8Cd1497ee77b437dd1711fc}: cortex::pipeline: nonce reserved elapsed_ms=192 nonce=6
2026-04-05T14:34:57.871042Z  INFO ThreadId(05) pipeline{execution_id=4b5a0251-9184-446f-ba78-6bcb6ab53463 chain_id=137 from_address=0x8AfE43fF49EBd5c4B8Cd1497ee77b437dd1711fc}: cortex::pipeline: transaction broadcasted: elapsed_ms=192 tx_hash=0x40b196c9caf590548e0e70605bdcea0c71ce0af60c6af30f140e93875e264acb
2026-04-05T14:34:57.871109Z  INFO ThreadId(17) pipeline{execution_id=fb39accb-1843-4dd0-8fb9-bba17d7cdd72 chain_id=42161 from_address=0x2EAC739a1e05F4a05a5B8fD93D332c4353E5A7cD}: cortex::pipeline: nonce reserved elapsed_ms=192 nonce=7
2026-04-05T14:34:57.871809Z  INFO ThreadId(06) pipeline{execution_id=54d9bc9f-31ae-4e18-9b16-01aa676b13ae chain_id=42161 from_address=0x2EAC739a1e05F4a05a5B8fD93D332c4353E5A7cD}: cortex::pipeline: transaction signed elapsed_ms=193
2026-04-05T14:34:57.872443Z  INFO ThreadId(16) pipeline{execution_id=cffb3bd1-27b1-45a4-93ea-ebccd40aacf4 chain_id=137 from_address=0x8AfE43fF49EBd5c4B8Cd1497ee77b437dd1711fc}: cortex::pipeline: transaction signed elapsed_ms=194
2026-04-05T14:34:57.872461Z  INFO ThreadId(06) pipeline{execution_id=d1ad20eb-9ef2-4c5f-8097-d12b7086e671 chain_id=42161 from_address=0x8AfE43fF49EBd5c4B8Cd1497ee77b437dd1711fc}: cortex::pipeline: transaction signed elapsed_ms=194
2026-04-05T14:34:57.872501Z  INFO ThreadId(03) pipeline{execution_id=5f5aa1ed-d85f-4533-88eb-270b218239c9 chain_id=42161 from_address=0xfea6645D31443cF7Cf96eF1dB7823EB9365f98bf}: cortex::pipeline: nonce reserved elapsed_ms=194 nonce=8
2026-04-05T14:34:57.872512Z  INFO ThreadId(11) pipeline{execution_id=809fd1f1-9bb7-4514-8cd8-ab202ed6e264 chain_id=42161 from_address=0x8b172F820629b14cEAF859A6e159d1BcD3291Fe1}: cortex::pipeline: nonce reserved elapsed_ms=194 nonce=5
2026-04-05T14:34:57.872776Z  INFO ThreadId(03) pipeline{execution_id=fb39accb-1843-4dd0-8fb9-bba17d7cdd72 chain_id=42161 from_address=0x2EAC739a1e05F4a05a5B8fD93D332c4353E5A7cD}: cortex::pipeline: transaction signed elapsed_ms=194
2026-04-05T14:34:57.872928Z  INFO ThreadId(13) pipeline{execution_id=799ee5cd-a2ef-458b-9685-80f716836f23 chain_id=137 from_address=0xCFA80F1f22b0AD533F7d8e2CcC0A783aa4BCaFF3}: cortex::pipeline: transaction broadcasted: elapsed_ms=194 tx_hash=0x8ea85de4b61774659c11ca74e2cff78bce82ee16a962f80138b018ba4a5bdf0d
2026-04-05T14:34:57.873313Z  INFO ThreadId(17) pipeline{execution_id=9d097808-1582-4642-a38b-6e028901b177 chain_id=1 from_address=0x2EAC739a1e05F4a05a5B8fD93D332c4353E5A7cD}: cortex::pipeline: nonce reserved elapsed_ms=194 nonce=9
2026-04-05T14:34:57.873405Z  INFO ThreadId(17) pipeline{execution_id=5f5aa1ed-d85f-4533-88eb-270b218239c9 chain_id=42161 from_address=0xfea6645D31443cF7Cf96eF1dB7823EB9365f98bf}: cortex::pipeline: transaction signed elapsed_ms=195
2026-04-05T14:34:57.873631Z  INFO ThreadId(13) pipeline{execution_id=809fd1f1-9bb7-4514-8cd8-ab202ed6e264 chain_id=42161 from_address=0x8b172F820629b14cEAF859A6e159d1BcD3291Fe1}: cortex::pipeline: transaction signed elapsed_ms=195
2026-04-05T14:34:57.874041Z  INFO ThreadId(18) pipeline{execution_id=9d097808-1582-4642-a38b-6e028901b177 chain_id=1 from_address=0x2EAC739a1e05F4a05a5B8fD93D332c4353E5A7cD}: cortex::pipeline: transaction signed elapsed_ms=195
2026-04-05T14:34:57.874235Z  INFO ThreadId(13) pipeline{execution_id=cffb3bd1-27b1-45a4-93ea-ebccd40aacf4 chain_id=137 from_address=0x8AfE43fF49EBd5c4B8Cd1497ee77b437dd1711fc}: cortex::pipeline: transaction broadcasted: elapsed_ms=195 tx_hash=0xaec3e505e4a0bc9c4002f8b07c37093e3ce8d7d56ecddafb4c621bb0cb94c7ae
2026-04-05T14:34:57.874576Z  INFO ThreadId(06) pipeline{execution_id=1930b73f-c185-41cf-817e-c18ceed3690e chain_id=42161 from_address=0x8AfE43fF49EBd5c4B8Cd1497ee77b437dd1711fc}: cortex::pipeline: nonce reserved elapsed_ms=196 nonce=6
2026-04-05T14:34:57.875524Z  INFO ThreadId(18) pipeline{execution_id=1930b73f-c185-41cf-817e-c18ceed3690e chain_id=42161 from_address=0x8AfE43fF49EBd5c4B8Cd1497ee77b437dd1711fc}: cortex::pipeline: transaction signed elapsed_ms=197
2026-04-05T14:34:57.875791Z  INFO ThreadId(03) pipeline{execution_id=58e645c8-7b2c-427d-9745-ba401135d004 chain_id=42161 from_address=0x8AfE43fF49EBd5c4B8Cd1497ee77b437dd1711fc}: cortex::pipeline: nonce reserved elapsed_ms=197 nonce=7
2026-04-05T14:34:57.876279Z  INFO ThreadId(13) pipeline{execution_id=0946602b-83e7-4238-a1f1-271b0a61b639 chain_id=1 from_address=0x8AfE43fF49EBd5c4B8Cd1497ee77b437dd1711fc}: cortex::pipeline: nonce reserved elapsed_ms=197 nonce=5
2026-04-05T14:34:57.876663Z  INFO ThreadId(06) pipeline{execution_id=3156bbae-6f1e-4c9e-933f-9e73dbf2428e chain_id=137 from_address=0x2EAC739a1e05F4a05a5B8fD93D332c4353E5A7cD}: cortex::pipeline: nonce reserved elapsed_ms=198 nonce=6
2026-04-05T14:34:57.877131Z  INFO ThreadId(03) pipeline{execution_id=58e645c8-7b2c-427d-9745-ba401135d004 chain_id=42161 from_address=0x8AfE43fF49EBd5c4B8Cd1497ee77b437dd1711fc}: cortex::pipeline: transaction signed elapsed_ms=199
2026-04-05T14:34:57.877155Z  INFO ThreadId(13) pipeline{execution_id=feb859bb-6dc2-43c0-ad37-7ba41ace2bb9 chain_id=1 from_address=0x2EAC739a1e05F4a05a5B8fD93D332c4353E5A7cD}: cortex::pipeline: nonce reserved elapsed_ms=198 nonce=10
2026-04-05T14:34:57.877443Z  INFO ThreadId(17) pipeline{execution_id=0946602b-83e7-4238-a1f1-271b0a61b639 chain_id=1 from_address=0x8AfE43fF49EBd5c4B8Cd1497ee77b437dd1711fc}: cortex::pipeline: transaction signed elapsed_ms=199
2026-04-05T14:34:57.877444Z  INFO ThreadId(13) pipeline{execution_id=47ff4f10-a011-4c66-9da1-db9487af0615 chain_id=42161 from_address=0x8b172F820629b14cEAF859A6e159d1BcD3291Fe1}: cortex::pipeline: nonce reserved elapsed_ms=198 nonce=6
2026-04-05T14:34:57.877530Z  INFO ThreadId(17) pipeline{execution_id=3156bbae-6f1e-4c9e-933f-9e73dbf2428e chain_id=137 from_address=0x2EAC739a1e05F4a05a5B8fD93D332c4353E5A7cD}: cortex::pipeline: transaction signed elapsed_ms=199
2026-04-05T14:34:57.878077Z  INFO ThreadId(17) pipeline{execution_id=bb56be3e-85f3-4c90-a222-3547e46c1093 chain_id=137 from_address=0x8b172F820629b14cEAF859A6e159d1BcD3291Fe1}: cortex::pipeline: nonce reserved elapsed_ms=199 nonce=7
2026-04-05T14:34:57.878411Z  INFO ThreadId(16) pipeline{execution_id=feb859bb-6dc2-43c0-ad37-7ba41ace2bb9 chain_id=1 from_address=0x2EAC739a1e05F4a05a5B8fD93D332c4353E5A7cD}: cortex::pipeline: transaction signed elapsed_ms=199
2026-04-05T14:34:57.878630Z  INFO ThreadId(16) pipeline{execution_id=47ff4f10-a011-4c66-9da1-db9487af0615 chain_id=42161 from_address=0x8b172F820629b14cEAF859A6e159d1BcD3291Fe1}: cortex::pipeline: transaction signed elapsed_ms=200
2026-04-05T14:34:57.879157Z  INFO ThreadId(16) pipeline{execution_id=bb56be3e-85f3-4c90-a222-3547e46c1093 chain_id=137 from_address=0x8b172F820629b14cEAF859A6e159d1BcD3291Fe1}: cortex::pipeline: transaction signed elapsed_ms=200
2026-04-05T14:34:57.879412Z  INFO ThreadId(18) pipeline{execution_id=3156bbae-6f1e-4c9e-933f-9e73dbf2428e chain_id=137 from_address=0x2EAC739a1e05F4a05a5B8fD93D332c4353E5A7cD}: cortex::pipeline: transaction broadcasted: elapsed_ms=200 tx_hash=0x9fe5d6924bc9dd65376526c44308ae44b6a9517d909f5f258c2968ab31744206
2026-04-05T14:34:57.879563Z  INFO ThreadId(16) pipeline{execution_id=445bc0e0-e37a-4762-9c6a-a09438abc1e1 chain_id=137 from_address=0x8b172F820629b14cEAF859A6e159d1BcD3291Fe1}: cortex::pipeline: nonce reserved elapsed_ms=201 nonce=8
2026-04-05T14:34:57.879914Z  INFO ThreadId(18) pipeline{execution_id=ff41b467-f9cd-4ffc-82f1-509e0bdf64cd chain_id=137 from_address=0xCFA80F1f22b0AD533F7d8e2CcC0A783aa4BCaFF3}: cortex::pipeline: nonce reserved elapsed_ms=201 nonce=10
2026-04-05T14:34:57.880110Z  INFO ThreadId(16) pipeline{execution_id=0f1d18c6-b624-4d2b-b97c-da4a0a2ca03f chain_id=1 from_address=0x8b172F820629b14cEAF859A6e159d1BcD3291Fe1}: cortex::pipeline: nonce reserved elapsed_ms=201 nonce=12
2026-04-05T14:34:57.880383Z  INFO ThreadId(05) pipeline{execution_id=159e3ff1-4b57-4ba1-a46a-c7469ad4e998 chain_id=42161 from_address=0xfea6645D31443cF7Cf96eF1dB7823EB9365f98bf}: cortex::pipeline: nonce reserved elapsed_ms=201 nonce=9
2026-04-05T14:34:57.880913Z  INFO ThreadId(18) pipeline{execution_id=ff41b467-f9cd-4ffc-82f1-509e0bdf64cd chain_id=137 from_address=0xCFA80F1f22b0AD533F7d8e2CcC0A783aa4BCaFF3}: cortex::pipeline: transaction signed elapsed_ms=202
2026-04-05T14:34:57.881623Z  INFO ThreadId(17) pipeline{execution_id=0f1d18c6-b624-4d2b-b97c-da4a0a2ca03f chain_id=1 from_address=0x8b172F820629b14cEAF859A6e159d1BcD3291Fe1}: cortex::pipeline: transaction signed elapsed_ms=202
2026-04-05T14:34:57.881973Z  INFO ThreadId(03) pipeline{execution_id=159e3ff1-4b57-4ba1-a46a-c7469ad4e998 chain_id=42161 from_address=0xfea6645D31443cF7Cf96eF1dB7823EB9365f98bf}: cortex::pipeline: transaction signed elapsed_ms=203
2026-04-05T14:34:57.882013Z  INFO ThreadId(05) pipeline{execution_id=445bc0e0-e37a-4762-9c6a-a09438abc1e1 chain_id=137 from_address=0x8b172F820629b14cEAF859A6e159d1BcD3291Fe1}: cortex::pipeline: transaction signed elapsed_ms=203
2026-04-05T14:34:57.882072Z  INFO ThreadId(16) pipeline{execution_id=7a69601f-a5c7-4cdb-b692-504a895817a0 chain_id=1 from_address=0xCFA80F1f22b0AD533F7d8e2CcC0A783aa4BCaFF3}: cortex::pipeline: nonce reserved elapsed_ms=203 nonce=5
2026-04-05T14:34:57.882148Z  INFO ThreadId(18) pipeline{execution_id=bb56be3e-85f3-4c90-a222-3547e46c1093 chain_id=137 from_address=0x8b172F820629b14cEAF859A6e159d1BcD3291Fe1}: cortex::pipeline: transaction broadcasted: elapsed_ms=203 tx_hash=0x4a197740768210dea16e8a71a29abbe8990bba06b707d53a4959c889d02da1d1
2026-04-05T14:34:57.882620Z  INFO ThreadId(03) pipeline{execution_id=7137d954-8fcb-4f39-ad87-17c57b306cb2 chain_id=137 from_address=0xCFA80F1f22b0AD533F7d8e2CcC0A783aa4BCaFF3}: cortex::pipeline: nonce reserved elapsed_ms=204 nonce=11
2026-04-05T14:34:57.882814Z  INFO ThreadId(05) pipeline{execution_id=3aecead3-3c53-40ea-8b00-393f0d8c3be8 chain_id=42161 from_address=0x8b172F820629b14cEAF859A6e159d1BcD3291Fe1}: cortex::pipeline: nonce reserved elapsed_ms=204 nonce=7
2026-04-05T14:34:57.882854Z  INFO ThreadId(03) pipeline{execution_id=7a69601f-a5c7-4cdb-b692-504a895817a0 chain_id=1 from_address=0xCFA80F1f22b0AD533F7d8e2CcC0A783aa4BCaFF3}: cortex::pipeline: transaction signed elapsed_ms=204
2026-04-05T14:34:57.883524Z  INFO ThreadId(05) pipeline{execution_id=7137d954-8fcb-4f39-ad87-17c57b306cb2 chain_id=137 from_address=0xCFA80F1f22b0AD533F7d8e2CcC0A783aa4BCaFF3}: cortex::pipeline: transaction signed elapsed_ms=204
2026-04-05T14:34:57.883769Z  INFO ThreadId(03) pipeline{execution_id=ff41b467-f9cd-4ffc-82f1-509e0bdf64cd chain_id=137 from_address=0xCFA80F1f22b0AD533F7d8e2CcC0A783aa4BCaFF3}: cortex::pipeline: transaction broadcasted: elapsed_ms=205 tx_hash=0xc83ca000de35ddd876d8155462b3f8784e621ff28c44e13f395f664f2868ebd5
2026-04-05T14:34:57.883798Z  INFO ThreadId(17) pipeline{execution_id=3aecead3-3c53-40ea-8b00-393f0d8c3be8 chain_id=42161 from_address=0x8b172F820629b14cEAF859A6e159d1BcD3291Fe1}: cortex::pipeline: transaction signed elapsed_ms=205
2026-04-05T14:34:57.884155Z  INFO ThreadId(05) pipeline{execution_id=12e6372f-c384-4a7a-8957-682066654218 chain_id=42161 from_address=0x2EAC739a1e05F4a05a5B8fD93D332c4353E5A7cD}: cortex::pipeline: nonce reserved elapsed_ms=205 nonce=8
2026-04-05T14:34:57.884723Z  INFO ThreadId(16) pipeline{execution_id=2fb79264-99bb-402d-acaf-022d8ffed209 chain_id=42161 from_address=0xfea6645D31443cF7Cf96eF1dB7823EB9365f98bf}: cortex::pipeline: nonce reserved elapsed_ms=205 nonce=10
2026-04-05T14:34:57.885322Z  INFO ThreadId(18) pipeline{execution_id=12e6372f-c384-4a7a-8957-682066654218 chain_id=42161 from_address=0x2EAC739a1e05F4a05a5B8fD93D332c4353E5A7cD}: cortex::pipeline: transaction signed elapsed_ms=206
2026-04-05T14:34:57.885371Z  INFO ThreadId(13) pipeline{execution_id=445bc0e0-e37a-4762-9c6a-a09438abc1e1 chain_id=137 from_address=0x8b172F820629b14cEAF859A6e159d1BcD3291Fe1}: cortex::pipeline: transaction broadcasted: elapsed_ms=206 tx_hash=0xdd94d44780cc140d8244a0537c9648c112c0c9367085fb81c2a8732aa68949e6
2026-04-05T14:34:57.885385Z  INFO ThreadId(03) pipeline{execution_id=3e327108-ec82-4478-8794-26f46bdefc22 chain_id=1 from_address=0xfea6645D31443cF7Cf96eF1dB7823EB9365f98bf}: cortex::pipeline: nonce reserved elapsed_ms=206 nonce=3
2026-04-05T14:34:57.885421Z  INFO ThreadId(13) pipeline{execution_id=6859d38f-4705-4000-8060-b17341043112 chain_id=137 from_address=0x8b172F820629b14cEAF859A6e159d1BcD3291Fe1}: cortex::pipeline: nonce reserved elapsed_ms=206 nonce=9
2026-04-05T14:34:57.885923Z  INFO ThreadId(13) pipeline{execution_id=2fb79264-99bb-402d-acaf-022d8ffed209 chain_id=42161 from_address=0xfea6645D31443cF7Cf96eF1dB7823EB9365f98bf}: cortex::pipeline: transaction signed elapsed_ms=207
2026-04-05T14:34:57.886562Z  INFO ThreadId(17) pipeline{execution_id=6a91180c-d7da-49fb-ba2e-21e23b896221 chain_id=137 from_address=0xCFA80F1f22b0AD533F7d8e2CcC0A783aa4BCaFF3}: cortex::pipeline: nonce reserved elapsed_ms=207 nonce=12
2026-04-05T14:34:57.886579Z  INFO ThreadId(13) pipeline{execution_id=6859d38f-4705-4000-8060-b17341043112 chain_id=137 from_address=0x8b172F820629b14cEAF859A6e159d1BcD3291Fe1}: cortex::pipeline: transaction signed elapsed_ms=207
2026-04-05T14:34:57.886807Z  INFO ThreadId(06) pipeline{execution_id=3e327108-ec82-4478-8794-26f46bdefc22 chain_id=1 from_address=0xfea6645D31443cF7Cf96eF1dB7823EB9365f98bf}: cortex::pipeline: transaction signed elapsed_ms=208
2026-04-05T14:34:57.887351Z  INFO ThreadId(06) pipeline{execution_id=7137d954-8fcb-4f39-ad87-17c57b306cb2 chain_id=137 from_address=0xCFA80F1f22b0AD533F7d8e2CcC0A783aa4BCaFF3}: cortex::pipeline: transaction broadcasted: elapsed_ms=208 tx_hash=0xa1c65d0bee2e0e5df8416bff959787bb1c8a0d8e0e4e92c6d446e4d19000a72f
2026-04-05T14:34:57.887639Z  INFO ThreadId(18) pipeline{execution_id=6a91180c-d7da-49fb-ba2e-21e23b896221 chain_id=137 from_address=0xCFA80F1f22b0AD533F7d8e2CcC0A783aa4BCaFF3}: cortex::pipeline: transaction signed elapsed_ms=208
2026-04-05T14:34:57.888180Z  INFO ThreadId(13) pipeline{execution_id=abb90605-627f-41d1-8366-ed837821f171 chain_id=137 from_address=0x2EAC739a1e05F4a05a5B8fD93D332c4353E5A7cD}: cortex::pipeline: nonce reserved elapsed_ms=209 nonce=7
2026-04-05T14:34:57.888185Z  INFO ThreadId(06) pipeline{execution_id=9b4f42f3-c848-4afa-bd4a-06503f310955 chain_id=42161 from_address=0x8AfE43fF49EBd5c4B8Cd1497ee77b437dd1711fc}: cortex::pipeline: nonce reserved elapsed_ms=209 nonce=8
2026-04-05T14:34:57.888848Z  INFO ThreadId(03) pipeline{execution_id=595dd564-fd7c-4c64-bbe3-2c743e457fe8 chain_id=1 from_address=0x8b172F820629b14cEAF859A6e159d1BcD3291Fe1}: cortex::pipeline: nonce reserved elapsed_ms=209 nonce=13
2026-04-05T14:34:57.889094Z  INFO ThreadId(18) pipeline{execution_id=9b4f42f3-c848-4afa-bd4a-06503f310955 chain_id=42161 from_address=0x8AfE43fF49EBd5c4B8Cd1497ee77b437dd1711fc}: cortex::pipeline: transaction signed elapsed_ms=210
2026-04-05T14:34:57.889434Z  INFO ThreadId(06) pipeline{execution_id=abb90605-627f-41d1-8366-ed837821f171 chain_id=137 from_address=0x2EAC739a1e05F4a05a5B8fD93D332c4353E5A7cD}: cortex::pipeline: transaction signed elapsed_ms=210
2026-04-05T14:34:57.889457Z  INFO ThreadId(05) pipeline{execution_id=6859d38f-4705-4000-8060-b17341043112 chain_id=137 from_address=0x8b172F820629b14cEAF859A6e159d1BcD3291Fe1}: cortex::pipeline: transaction broadcasted: elapsed_ms=210 tx_hash=0x7cade3f851326bff9866feb109233a12530f0342e91dc48febe6638b018fc166
2026-04-05T14:34:57.889690Z  INFO ThreadId(18) pipeline{execution_id=068c6625-5304-461d-9cd6-65b5eebf28a0 chain_id=137 from_address=0x8b172F820629b14cEAF859A6e159d1BcD3291Fe1}: cortex::pipeline: nonce reserved elapsed_ms=210 nonce=10
2026-04-05T14:34:57.889797Z  INFO ThreadId(17) pipeline{execution_id=595dd564-fd7c-4c64-bbe3-2c743e457fe8 chain_id=1 from_address=0x8b172F820629b14cEAF859A6e159d1BcD3291Fe1}: cortex::pipeline: transaction signed elapsed_ms=210
2026-04-05T14:34:57.890201Z  INFO ThreadId(16) pipeline{execution_id=836e8ded-8d6b-4289-b98b-bb34ec51cc0c chain_id=42161 from_address=0xCFA80F1f22b0AD533F7d8e2CcC0A783aa4BCaFF3}: cortex::pipeline: nonce reserved elapsed_ms=211 nonce=6
2026-04-05T14:34:57.890885Z  INFO ThreadId(06) pipeline{execution_id=068c6625-5304-461d-9cd6-65b5eebf28a0 chain_id=137 from_address=0x8b172F820629b14cEAF859A6e159d1BcD3291Fe1}: cortex::pipeline: transaction signed elapsed_ms=211
2026-04-05T14:34:57.890891Z  INFO ThreadId(18) pipeline{execution_id=229003c4-e665-42da-a671-0a74a7f54e05 chain_id=1 from_address=0x8AfE43fF49EBd5c4B8Cd1497ee77b437dd1711fc}: cortex::pipeline: nonce reserved elapsed_ms=211 nonce=6
2026-04-05T14:34:57.890905Z  INFO ThreadId(16) pipeline{execution_id=6a91180c-d7da-49fb-ba2e-21e23b896221 chain_id=137 from_address=0xCFA80F1f22b0AD533F7d8e2CcC0A783aa4BCaFF3}: cortex::pipeline: transaction broadcasted: elapsed_ms=212 tx_hash=0x54ba2619c90a4e6307b4ae28f5befebac2a3cf28834f71272561120909a57faa
2026-04-05T14:34:57.891228Z  INFO ThreadId(06) pipeline{execution_id=836e8ded-8d6b-4289-b98b-bb34ec51cc0c chain_id=42161 from_address=0xCFA80F1f22b0AD533F7d8e2CcC0A783aa4BCaFF3}: cortex::pipeline: transaction signed elapsed_ms=212
2026-04-05T14:34:57.891937Z  INFO ThreadId(13) pipeline{execution_id=229003c4-e665-42da-a671-0a74a7f54e05 chain_id=1 from_address=0x8AfE43fF49EBd5c4B8Cd1497ee77b437dd1711fc}: cortex::pipeline: transaction signed elapsed_ms=213
2026-04-05T14:34:57.892470Z  INFO ThreadId(06) pipeline{execution_id=4abec477-75f1-455d-9694-349a85c12c87 chain_id=137 from_address=0x8b172F820629b14cEAF859A6e159d1BcD3291Fe1}: cortex::pipeline: nonce reserved elapsed_ms=213 nonce=11
2026-04-05T14:34:57.892638Z  INFO ThreadId(16) pipeline{execution_id=36c4d727-abd1-4d89-a3ad-0825a1638830 chain_id=137 from_address=0xfea6645D31443cF7Cf96eF1dB7823EB9365f98bf}: cortex::pipeline: nonce reserved elapsed_ms=213 nonce=9
2026-04-05T14:34:57.893381Z  INFO ThreadId(06) pipeline{execution_id=09e62266-b8d6-49fc-bbaf-750539c64e5b chain_id=42161 from_address=0x2EAC739a1e05F4a05a5B8fD93D332c4353E5A7cD}: cortex::pipeline: nonce reserved elapsed_ms=214 nonce=9
2026-04-05T14:34:57.893453Z  INFO ThreadId(05) pipeline{execution_id=abb90605-627f-41d1-8366-ed837821f171 chain_id=137 from_address=0x2EAC739a1e05F4a05a5B8fD93D332c4353E5A7cD}: cortex::pipeline: transaction broadcasted: elapsed_ms=214 tx_hash=0x514f5da00aefcf7f0618450be0a2e8ac0ae786d1655b16de492485c7e8af705b
2026-04-05T14:34:57.893891Z  INFO ThreadId(17) pipeline{execution_id=36c4d727-abd1-4d89-a3ad-0825a1638830 chain_id=137 from_address=0xfea6645D31443cF7Cf96eF1dB7823EB9365f98bf}: cortex::pipeline: transaction signed elapsed_ms=214
2026-04-05T14:34:57.894230Z  INFO ThreadId(16) pipeline{execution_id=4abec477-75f1-455d-9694-349a85c12c87 chain_id=137 from_address=0x8b172F820629b14cEAF859A6e159d1BcD3291Fe1}: cortex::pipeline: transaction signed elapsed_ms=215
2026-04-05T14:34:57.894237Z  INFO ThreadId(17) pipeline{execution_id=8a5c397c-b07e-45e1-a6e5-f9ea505df3b2 chain_id=137 from_address=0xCFA80F1f22b0AD533F7d8e2CcC0A783aa4BCaFF3}: cortex::pipeline: nonce reserved elapsed_ms=215 nonce=13
2026-04-05T14:34:57.894467Z  INFO ThreadId(05) pipeline{execution_id=09e62266-b8d6-49fc-bbaf-750539c64e5b chain_id=42161 from_address=0x2EAC739a1e05F4a05a5B8fD93D332c4353E5A7cD}: cortex::pipeline: transaction signed elapsed_ms=215
2026-04-05T14:34:57.894896Z  INFO ThreadId(17) pipeline{execution_id=3e400ff6-a5ba-41f1-9689-8994e2a0a3e0 chain_id=1 from_address=0xCFA80F1f22b0AD533F7d8e2CcC0A783aa4BCaFF3}: cortex::pipeline: nonce reserved elapsed_ms=216 nonce=6
2026-04-05T14:34:57.895188Z  INFO ThreadId(05) pipeline{execution_id=8a5c397c-b07e-45e1-a6e5-f9ea505df3b2 chain_id=137 from_address=0xCFA80F1f22b0AD533F7d8e2CcC0A783aa4BCaFF3}: cortex::pipeline: transaction signed elapsed_ms=216
2026-04-05T14:34:57.895245Z  INFO ThreadId(18) pipeline{execution_id=068c6625-5304-461d-9cd6-65b5eebf28a0 chain_id=137 from_address=0x8b172F820629b14cEAF859A6e159d1BcD3291Fe1}: cortex::pipeline: transaction broadcasted: elapsed_ms=216 tx_hash=0xfb2fd7cdb05dfc3738a75a23fb9dc2374966ae02618cd9fcbd44758d3d19e19a
2026-04-05T14:34:57.895785Z  INFO ThreadId(18) pipeline{execution_id=771b7514-c5e2-4cb8-a9e9-0389a347225e chain_id=137 from_address=0x2EAC739a1e05F4a05a5B8fD93D332c4353E5A7cD}: cortex::pipeline: nonce reserved elapsed_ms=216 nonce=8
2026-04-05T14:34:57.895950Z  INFO ThreadId(06) pipeline{execution_id=3e400ff6-a5ba-41f1-9689-8994e2a0a3e0 chain_id=1 from_address=0xCFA80F1f22b0AD533F7d8e2CcC0A783aa4BCaFF3}: cortex::pipeline: transaction signed elapsed_ms=217
2026-04-05T14:34:57.896597Z  INFO ThreadId(13) pipeline{execution_id=36c4d727-abd1-4d89-a3ad-0825a1638830 chain_id=137 from_address=0xfea6645D31443cF7Cf96eF1dB7823EB9365f98bf}: cortex::pipeline: transaction broadcasted: elapsed_ms=217 tx_hash=0xff9a8b5b3135ba4d34aa749bc2fb822b0ef52b3b61d720189a09efa956c0295c
2026-04-05T14:34:57.896594Z  INFO ThreadId(06) pipeline{execution_id=3ae51dcf-92de-4f8f-a322-ee05223d04fa chain_id=42161 from_address=0xCFA80F1f22b0AD533F7d8e2CcC0A783aa4BCaFF3}: cortex::pipeline: nonce reserved elapsed_ms=217 nonce=7
2026-04-05T14:34:57.896730Z  INFO ThreadId(13) pipeline{execution_id=771b7514-c5e2-4cb8-a9e9-0389a347225e chain_id=137 from_address=0x2EAC739a1e05F4a05a5B8fD93D332c4353E5A7cD}: cortex::pipeline: transaction signed elapsed_ms=217
2026-04-05T14:34:57.897210Z  INFO ThreadId(13) pipeline{execution_id=988c7dd5-53f1-4e43-85b7-4fc8a2e3ad96 chain_id=137 from_address=0xfea6645D31443cF7Cf96eF1dB7823EB9365f98bf}: cortex::pipeline: nonce reserved elapsed_ms=218 nonce=10
2026-04-05T14:34:57.897617Z  INFO ThreadId(18) pipeline{execution_id=3ae51dcf-92de-4f8f-a322-ee05223d04fa chain_id=42161 from_address=0xCFA80F1f22b0AD533F7d8e2CcC0A783aa4BCaFF3}: cortex::pipeline: transaction signed elapsed_ms=218
2026-04-05T14:34:57.898182Z  INFO ThreadId(18) pipeline{execution_id=988c7dd5-53f1-4e43-85b7-4fc8a2e3ad96 chain_id=137 from_address=0xfea6645D31443cF7Cf96eF1dB7823EB9365f98bf}: cortex::pipeline: transaction signed elapsed_ms=219
2026-04-05T14:34:57.898250Z  INFO ThreadId(06) pipeline{execution_id=4abec477-75f1-455d-9694-349a85c12c87 chain_id=137 from_address=0x8b172F820629b14cEAF859A6e159d1BcD3291Fe1}: cortex::pipeline: transaction broadcasted: elapsed_ms=219 tx_hash=0x9699a67dba6c068d304ff8294a675029555394ee0fc42cc51693f266b32f3d8e
2026-04-05T14:34:57.898653Z  INFO ThreadId(18) pipeline{execution_id=52f0640e-55d7-4461-b934-e6f7d10318b1 chain_id=1 from_address=0x8b172F820629b14cEAF859A6e159d1BcD3291Fe1}: cortex::pipeline: nonce reserved elapsed_ms=219 nonce=14
2026-04-05T14:34:57.898941Z  INFO ThreadId(18) pipeline{execution_id=15c32e39-915f-44b6-b942-5a5d0e3354f8 chain_id=1 from_address=0x8AfE43fF49EBd5c4B8Cd1497ee77b437dd1711fc}: cortex::pipeline: nonce reserved elapsed_ms=219 nonce=7
2026-04-05T14:34:57.899152Z  INFO ThreadId(17) pipeline{execution_id=9d7cc800-d054-419c-8e8b-8eafec250866 chain_id=1 from_address=0xCFA80F1f22b0AD533F7d8e2CcC0A783aa4BCaFF3}: cortex::pipeline: nonce reserved elapsed_ms=220 nonce=7
2026-04-05T14:34:57.899647Z  INFO ThreadId(05) pipeline{execution_id=52f0640e-55d7-4461-b934-e6f7d10318b1 chain_id=1 from_address=0x8b172F820629b14cEAF859A6e159d1BcD3291Fe1}: cortex::pipeline: transaction signed elapsed_ms=220
2026-04-05T14:34:57.899685Z  INFO ThreadId(06) pipeline{execution_id=4a684cac-e9d5-4840-8e49-7c12df9d5b6e chain_id=42161 from_address=0x8b172F820629b14cEAF859A6e159d1BcD3291Fe1}: cortex::pipeline: nonce reserved elapsed_ms=220 nonce=8
2026-04-05T14:34:57.900001Z  INFO ThreadId(17) pipeline{execution_id=15c32e39-915f-44b6-b942-5a5d0e3354f8 chain_id=1 from_address=0x8AfE43fF49EBd5c4B8Cd1497ee77b437dd1711fc}: cortex::pipeline: transaction signed elapsed_ms=220
2026-04-05T14:34:57.900330Z  INFO ThreadId(17) pipeline{execution_id=9d7cc800-d054-419c-8e8b-8eafec250866 chain_id=1 from_address=0xCFA80F1f22b0AD533F7d8e2CcC0A783aa4BCaFF3}: cortex::pipeline: transaction signed elapsed_ms=221
2026-04-05T14:34:57.900348Z  INFO ThreadId(18) pipeline{execution_id=8a5c397c-b07e-45e1-a6e5-f9ea505df3b2 chain_id=137 from_address=0xCFA80F1f22b0AD533F7d8e2CcC0A783aa4BCaFF3}: cortex::pipeline: transaction broadcasted: elapsed_ms=221 tx_hash=0x9f32f6dd29ea27e4cd29170792d0068a3ced3c486fee1c89b467fa1494c5c97a
2026-04-05T14:34:57.900363Z  INFO ThreadId(13) pipeline{execution_id=ff25dade-2950-45be-8c2b-e878dd9311c3 chain_id=1 from_address=0x8b172F820629b14cEAF859A6e159d1BcD3291Fe1}: cortex::pipeline: nonce reserved elapsed_ms=221 nonce=15
2026-04-05T14:34:57.900681Z  INFO ThreadId(13) pipeline{execution_id=4a684cac-e9d5-4840-8e49-7c12df9d5b6e chain_id=42161 from_address=0x8b172F820629b14cEAF859A6e159d1BcD3291Fe1}: cortex::pipeline: transaction signed elapsed_ms=221
2026-04-05T14:34:57.901640Z  INFO ThreadId(13) pipeline{execution_id=ff25dade-2950-45be-8c2b-e878dd9311c3 chain_id=1 from_address=0x8b172F820629b14cEAF859A6e159d1BcD3291Fe1}: cortex::pipeline: transaction signed elapsed_ms=222
2026-04-05T14:34:57.902028Z  INFO ThreadId(06) pipeline{execution_id=b42a0c22-3863-4e83-97cb-81b35f4b7051 chain_id=137 from_address=0xCFA80F1f22b0AD533F7d8e2CcC0A783aa4BCaFF3}: cortex::pipeline: nonce reserved elapsed_ms=222 nonce=14
2026-04-05T14:34:57.902486Z  INFO ThreadId(06) pipeline{execution_id=771b7514-c5e2-4cb8-a9e9-0389a347225e chain_id=137 from_address=0x2EAC739a1e05F4a05a5B8fD93D332c4353E5A7cD}: cortex::pipeline: transaction broadcasted: elapsed_ms=223 tx_hash=0x447bfcd8300e4518ba0355b21a9ace8ec0f1588bde51d443bac7c5982515ed28
2026-04-05T14:34:57.903337Z  INFO ThreadId(18) pipeline{execution_id=b42a0c22-3863-4e83-97cb-81b35f4b7051 chain_id=137 from_address=0xCFA80F1f22b0AD533F7d8e2CcC0A783aa4BCaFF3}: cortex::pipeline: transaction signed elapsed_ms=224
2026-04-05T14:34:57.903345Z  INFO ThreadId(13) pipeline{execution_id=9a3546f1-e14d-44a3-80e3-e45a7b76a2b9 chain_id=1 from_address=0xfea6645D31443cF7Cf96eF1dB7823EB9365f98bf}: cortex::pipeline: nonce reserved elapsed_ms=224 nonce=4
2026-04-05T14:34:57.903428Z  INFO ThreadId(06) pipeline{execution_id=0f83e131-ab08-4843-b731-0fce6f1019b0 chain_id=137 from_address=0xCFA80F1f22b0AD533F7d8e2CcC0A783aa4BCaFF3}: cortex::pipeline: nonce reserved elapsed_ms=224 nonce=15
2026-04-05T14:34:57.903444Z  INFO ThreadId(09) pipeline{execution_id=2e837fbd-c354-4fbd-8a96-f395877145f5 chain_id=137 from_address=0x8AfE43fF49EBd5c4B8Cd1497ee77b437dd1711fc}: cortex::pipeline: nonce reserved elapsed_ms=224 nonce=7
2026-04-05T14:34:57.904295Z  INFO ThreadId(18) pipeline{execution_id=988c7dd5-53f1-4e43-85b7-4fc8a2e3ad96 chain_id=137 from_address=0xfea6645D31443cF7Cf96eF1dB7823EB9365f98bf}: cortex::pipeline: transaction broadcasted: elapsed_ms=225 tx_hash=0x2f7e9aeaedcd6f75020e0a64847b473203aa4631e9e592f90eba23a8d4f8f01b
2026-04-05T14:34:57.904556Z  INFO ThreadId(05) pipeline{execution_id=0f83e131-ab08-4843-b731-0fce6f1019b0 chain_id=137 from_address=0xCFA80F1f22b0AD533F7d8e2CcC0A783aa4BCaFF3}: cortex::pipeline: transaction signed elapsed_ms=225
2026-04-05T14:34:57.904568Z  INFO ThreadId(06) pipeline{execution_id=2e837fbd-c354-4fbd-8a96-f395877145f5 chain_id=137 from_address=0x8AfE43fF49EBd5c4B8Cd1497ee77b437dd1711fc}: cortex::pipeline: transaction signed elapsed_ms=225
2026-04-05T14:34:57.904876Z  INFO ThreadId(09) pipeline{execution_id=9a3546f1-e14d-44a3-80e3-e45a7b76a2b9 chain_id=1 from_address=0xfea6645D31443cF7Cf96eF1dB7823EB9365f98bf}: cortex::pipeline: transaction signed elapsed_ms=225
2026-04-05T14:34:57.905114Z  INFO ThreadId(17) pipeline{execution_id=1db4fb4c-bb12-4127-858b-6bc83cd21d6b chain_id=137 from_address=0x2EAC739a1e05F4a05a5B8fD93D332c4353E5A7cD}: cortex::pipeline: nonce reserved elapsed_ms=225 nonce=9
2026-04-05T14:34:57.905683Z  INFO ThreadId(05) pipeline{execution_id=ce932809-2f46-4f42-8617-2a92ecb125a3 chain_id=1 from_address=0x2EAC739a1e05F4a05a5B8fD93D332c4353E5A7cD}: cortex::pipeline: nonce reserved elapsed_ms=226 nonce=11
2026-04-05T14:34:57.906290Z  INFO ThreadId(16) pipeline{execution_id=1db4fb4c-bb12-4127-858b-6bc83cd21d6b chain_id=137 from_address=0x2EAC739a1e05F4a05a5B8fD93D332c4353E5A7cD}: cortex::pipeline: transaction signed elapsed_ms=226
2026-04-05T14:34:57.906379Z  INFO ThreadId(05) pipeline{execution_id=cf5a13d8-5397-475f-8098-e23560eef5b7 chain_id=1 from_address=0x2EAC739a1e05F4a05a5B8fD93D332c4353E5A7cD}: cortex::pipeline: nonce reserved elapsed_ms=226 nonce=12
2026-04-05T14:34:57.906502Z  INFO ThreadId(05) pipeline{execution_id=0488c1a7-e8fc-47af-be26-a731bfcfa7a4 chain_id=137 from_address=0xfea6645D31443cF7Cf96eF1dB7823EB9365f98bf}: cortex::pipeline: nonce reserved elapsed_ms=227 nonce=11
2026-04-05T14:34:57.906692Z  INFO ThreadId(13) pipeline{execution_id=b42a0c22-3863-4e83-97cb-81b35f4b7051 chain_id=137 from_address=0xCFA80F1f22b0AD533F7d8e2CcC0A783aa4BCaFF3}: cortex::pipeline: transaction broadcasted: elapsed_ms=227 tx_hash=0xfd315f833b309139ec7fce347dc9aa7842606db03755051194e57347af9e5d91
2026-04-05T14:34:57.907369Z  INFO ThreadId(16) pipeline{execution_id=ce932809-2f46-4f42-8617-2a92ecb125a3 chain_id=1 from_address=0x2EAC739a1e05F4a05a5B8fD93D332c4353E5A7cD}: cortex::pipeline: transaction signed elapsed_ms=228
2026-04-05T14:34:57.907515Z  INFO ThreadId(13) pipeline{execution_id=b648d5f0-3077-4ae1-ba00-85a7adb7cd1a chain_id=137 from_address=0xfea6645D31443cF7Cf96eF1dB7823EB9365f98bf}: cortex::pipeline: nonce reserved elapsed_ms=228 nonce=12
2026-04-05T14:34:57.907885Z  INFO ThreadId(18) pipeline{execution_id=0488c1a7-e8fc-47af-be26-a731bfcfa7a4 chain_id=137 from_address=0xfea6645D31443cF7Cf96eF1dB7823EB9365f98bf}: cortex::pipeline: transaction signed elapsed_ms=228
2026-04-05T14:34:57.908415Z  INFO ThreadId(18) pipeline{execution_id=cf5a13d8-5397-475f-8098-e23560eef5b7 chain_id=1 from_address=0x2EAC739a1e05F4a05a5B8fD93D332c4353E5A7cD}: cortex::pipeline: transaction signed elapsed_ms=229
2026-04-05T14:34:57.908778Z  INFO ThreadId(13) pipeline{execution_id=08ae0bf2-2dd0-441d-a395-928194ffd37e chain_id=137 from_address=0x8AfE43fF49EBd5c4B8Cd1497ee77b437dd1711fc}: cortex::pipeline: nonce reserved elapsed_ms=229 nonce=8
2026-04-05T14:34:57.908798Z  INFO ThreadId(16) pipeline{execution_id=b648d5f0-3077-4ae1-ba00-85a7adb7cd1a chain_id=137 from_address=0xfea6645D31443cF7Cf96eF1dB7823EB9365f98bf}: cortex::pipeline: transaction signed elapsed_ms=229
2026-04-05T14:34:57.909451Z  INFO ThreadId(13) pipeline{execution_id=0f83e131-ab08-4843-b731-0fce6f1019b0 chain_id=137 from_address=0xCFA80F1f22b0AD533F7d8e2CcC0A783aa4BCaFF3}: cortex::pipeline: transaction broadcasted: elapsed_ms=230 tx_hash=0xb0902be7d190cbe2b5dd80c1026026349810686704478b12973272fb87de683f
2026-04-05T14:34:57.909655Z  INFO ThreadId(05) pipeline{execution_id=34a691d5-a1ee-427e-b9d7-1c3e1273a276 chain_id=137 from_address=0x8b172F820629b14cEAF859A6e159d1BcD3291Fe1}: cortex::pipeline: nonce reserved elapsed_ms=230 nonce=12
2026-04-05T14:34:57.910279Z  INFO ThreadId(16) pipeline{execution_id=a681f8e1-51b9-488f-9c5f-16fb8b207551 chain_id=137 from_address=0x8AfE43fF49EBd5c4B8Cd1497ee77b437dd1711fc}: cortex::pipeline: nonce reserved elapsed_ms=230 nonce=9
2026-04-05T14:34:57.910323Z  INFO ThreadId(09) pipeline{execution_id=08ae0bf2-2dd0-441d-a395-928194ffd37e chain_id=137 from_address=0x8AfE43fF49EBd5c4B8Cd1497ee77b437dd1711fc}: cortex::pipeline: transaction signed elapsed_ms=230
2026-04-05T14:34:57.910842Z  INFO ThreadId(05) pipeline{execution_id=34a691d5-a1ee-427e-b9d7-1c3e1273a276 chain_id=137 from_address=0x8b172F820629b14cEAF859A6e159d1BcD3291Fe1}: cortex::pipeline: transaction signed elapsed_ms=231
2026-04-05T14:34:57.911089Z  INFO ThreadId(16) pipeline{execution_id=0b865c4b-b370-41d2-ab68-6d05a9f52415 chain_id=42161 from_address=0x8AfE43fF49EBd5c4B8Cd1497ee77b437dd1711fc}: cortex::pipeline: nonce reserved elapsed_ms=231 nonce=9
2026-04-05T14:34:57.911119Z  INFO ThreadId(05) pipeline{execution_id=a681f8e1-51b9-488f-9c5f-16fb8b207551 chain_id=137 from_address=0x8AfE43fF49EBd5c4B8Cd1497ee77b437dd1711fc}: cortex::pipeline: transaction signed elapsed_ms=231
2026-04-05T14:34:57.911186Z  INFO ThreadId(09) pipeline{execution_id=2e837fbd-c354-4fbd-8a96-f395877145f5 chain_id=137 from_address=0x8AfE43fF49EBd5c4B8Cd1497ee77b437dd1711fc}: cortex::pipeline: transaction broadcasted: elapsed_ms=231 tx_hash=0xd7e98ce01751ca5567f04f1811dff2ad4dd1ac17bbc79821777e8ef2b76da8f6
2026-04-05T14:34:57.911807Z  INFO ThreadId(18) pipeline{execution_id=ec4e8eb6-993c-430d-be20-dc4a17b64af5 chain_id=1 from_address=0x8b172F820629b14cEAF859A6e159d1BcD3291Fe1}: cortex::pipeline: nonce reserved elapsed_ms=232 nonce=16
2026-04-05T14:34:57.912401Z  INFO ThreadId(16) pipeline{execution_id=9e50087c-74f2-488a-b58a-d31b9405d4f5 chain_id=42161 from_address=0x8AfE43fF49EBd5c4B8Cd1497ee77b437dd1711fc}: cortex::pipeline: nonce reserved elapsed_ms=232 nonce=10
2026-04-05T14:34:57.912434Z  INFO ThreadId(05) pipeline{execution_id=0b865c4b-b370-41d2-ab68-6d05a9f52415 chain_id=42161 from_address=0x8AfE43fF49EBd5c4B8Cd1497ee77b437dd1711fc}: cortex::pipeline: transaction signed elapsed_ms=232
2026-04-05T14:34:57.912778Z  INFO ThreadId(17) pipeline{execution_id=ec4e8eb6-993c-430d-be20-dc4a17b64af5 chain_id=1 from_address=0x8b172F820629b14cEAF859A6e159d1BcD3291Fe1}: cortex::pipeline: transaction signed elapsed_ms=233
2026-04-05T14:34:57.913089Z  INFO ThreadId(06) pipeline{execution_id=b7b6194d-0e32-4f78-aa1d-6e9a73392827 chain_id=1 from_address=0xfea6645D31443cF7Cf96eF1dB7823EB9365f98bf}: cortex::pipeline: nonce reserved elapsed_ms=233 nonce=5
2026-04-05T14:34:57.913772Z  INFO ThreadId(17) pipeline{execution_id=9e50087c-74f2-488a-b58a-d31b9405d4f5 chain_id=42161 from_address=0x8AfE43fF49EBd5c4B8Cd1497ee77b437dd1711fc}: cortex::pipeline: transaction signed elapsed_ms=234
2026-04-05T14:34:57.913784Z  INFO ThreadId(03) pipeline{execution_id=c1f45561-cf7f-4a54-b23b-697ca11de1fa chain_id=137 from_address=0xfea6645D31443cF7Cf96eF1dB7823EB9365f98bf}: cortex::pipeline: nonce reserved elapsed_ms=234 nonce=13
2026-04-05T14:34:57.913806Z  INFO ThreadId(18) pipeline{execution_id=1db4fb4c-bb12-4127-858b-6bc83cd21d6b chain_id=137 from_address=0x2EAC739a1e05F4a05a5B8fD93D332c4353E5A7cD}: cortex::pipeline: transaction broadcasted: elapsed_ms=234 tx_hash=0xbeaacc78531f58b83b85cb2407aa10b51414969091a6180f020020d479a72065
2026-04-05T14:34:57.914063Z  INFO ThreadId(06) pipeline{execution_id=b7b6194d-0e32-4f78-aa1d-6e9a73392827 chain_id=1 from_address=0xfea6645D31443cF7Cf96eF1dB7823EB9365f98bf}: cortex::pipeline: transaction signed elapsed_ms=234
2026-04-05T14:34:57.914653Z  INFO ThreadId(17) pipeline{execution_id=3babb02d-d66b-4e0e-a12f-d4babb58f102 chain_id=1 from_address=0x2EAC739a1e05F4a05a5B8fD93D332c4353E5A7cD}: cortex::pipeline: nonce reserved elapsed_ms=235 nonce=13
2026-04-05T14:34:57.914908Z  INFO ThreadId(17) pipeline{execution_id=c1f45561-cf7f-4a54-b23b-697ca11de1fa chain_id=137 from_address=0xfea6645D31443cF7Cf96eF1dB7823EB9365f98bf}: cortex::pipeline: transaction signed elapsed_ms=235
2026-04-05T14:34:57.915473Z  INFO ThreadId(09) pipeline{execution_id=48c6d3ad-9506-4a6a-91e4-7ae5cf1abd9c chain_id=42161 from_address=0x8AfE43fF49EBd5c4B8Cd1497ee77b437dd1711fc}: cortex::pipeline: nonce reserved elapsed_ms=235 nonce=11
2026-04-05T14:34:57.915671Z  INFO ThreadId(13) pipeline{execution_id=3babb02d-d66b-4e0e-a12f-d4babb58f102 chain_id=1 from_address=0x2EAC739a1e05F4a05a5B8fD93D332c4353E5A7cD}: cortex::pipeline: transaction signed elapsed_ms=236
2026-04-05T14:34:57.915849Z  INFO ThreadId(05) pipeline{execution_id=0488c1a7-e8fc-47af-be26-a731bfcfa7a4 chain_id=137 from_address=0xfea6645D31443cF7Cf96eF1dB7823EB9365f98bf}: cortex::pipeline: transaction broadcasted: elapsed_ms=236 tx_hash=0xe884196682f124d6fa7e09768a52b871634f3bae1375a1c08580775eeb474aa4
2026-04-05T14:34:57.916234Z  INFO ThreadId(05) pipeline{execution_id=366675cc-96aa-47fd-bcec-b0d8836c4409 chain_id=1 from_address=0x8AfE43fF49EBd5c4B8Cd1497ee77b437dd1711fc}: cortex::pipeline: nonce reserved elapsed_ms=236 nonce=8
2026-04-05T14:34:57.916327Z  INFO ThreadId(18) pipeline{execution_id=48c6d3ad-9506-4a6a-91e4-7ae5cf1abd9c chain_id=42161 from_address=0x8AfE43fF49EBd5c4B8Cd1497ee77b437dd1711fc}: cortex::pipeline: transaction signed elapsed_ms=236
2026-04-05T14:34:57.916894Z  INFO ThreadId(06) pipeline{execution_id=185be67e-cc66-4f60-a582-756addc0bdbc chain_id=1 from_address=0x2EAC739a1e05F4a05a5B8fD93D332c4353E5A7cD}: cortex::pipeline: nonce reserved elapsed_ms=237 nonce=14
2026-04-05T14:34:57.917191Z  INFO ThreadId(06) pipeline{execution_id=366675cc-96aa-47fd-bcec-b0d8836c4409 chain_id=1 from_address=0x8AfE43fF49EBd5c4B8Cd1497ee77b437dd1711fc}: cortex::pipeline: transaction signed elapsed_ms=237
2026-04-05T14:34:57.917358Z  INFO ThreadId(13) pipeline{execution_id=b648d5f0-3077-4ae1-ba00-85a7adb7cd1a chain_id=137 from_address=0xfea6645D31443cF7Cf96eF1dB7823EB9365f98bf}: cortex::pipeline: transaction broadcasted: elapsed_ms=237 tx_hash=0xdcc86aa51e6a06a21254a779ff8bff14afb225b812dbb774bb6691273b555b22
2026-04-05T14:34:57.917735Z  INFO ThreadId(05) pipeline{execution_id=940fb76a-c5b3-4832-ba45-987cf017c680 chain_id=137 from_address=0x2EAC739a1e05F4a05a5B8fD93D332c4353E5A7cD}: cortex::pipeline: nonce reserved elapsed_ms=238 nonce=10
2026-04-05T14:34:57.918011Z  INFO ThreadId(05) pipeline{execution_id=185be67e-cc66-4f60-a582-756addc0bdbc chain_id=1 from_address=0x2EAC739a1e05F4a05a5B8fD93D332c4353E5A7cD}: cortex::pipeline: transaction signed elapsed_ms=238
2026-04-05T14:34:57.918292Z  INFO ThreadId(09) pipeline{execution_id=1523f4ae-a45b-41d0-8f6a-30f26b37453c chain_id=137 from_address=0x2EAC739a1e05F4a05a5B8fD93D332c4353E5A7cD}: cortex::pipeline: nonce reserved elapsed_ms=238 nonce=11
2026-04-05T14:34:57.918627Z  INFO ThreadId(18) pipeline{execution_id=940fb76a-c5b3-4832-ba45-987cf017c680 chain_id=137 from_address=0x2EAC739a1e05F4a05a5B8fD93D332c4353E5A7cD}: cortex::pipeline: transaction signed elapsed_ms=238
2026-04-05T14:34:57.918766Z  INFO ThreadId(18) pipeline{execution_id=e7ae0de2-1a82-4ffd-b856-632621583135 chain_id=42161 from_address=0x8AfE43fF49EBd5c4B8Cd1497ee77b437dd1711fc}: cortex::pipeline: nonce reserved elapsed_ms=239 nonce=12
2026-04-05T14:34:57.918932Z  INFO ThreadId(06) pipeline{execution_id=08ae0bf2-2dd0-441d-a395-928194ffd37e chain_id=137 from_address=0x8AfE43fF49EBd5c4B8Cd1497ee77b437dd1711fc}: cortex::pipeline: transaction broadcasted: elapsed_ms=239 tx_hash=0x8efc80f86c9282e920de4d80d0cb5f5f9e921ac5ccb0917c08acdb3b66e1f47f
2026-04-05T14:34:57.919105Z  INFO ThreadId(09) pipeline{execution_id=1523f4ae-a45b-41d0-8f6a-30f26b37453c chain_id=137 from_address=0x2EAC739a1e05F4a05a5B8fD93D332c4353E5A7cD}: cortex::pipeline: transaction signed elapsed_ms=239
2026-04-05T14:34:57.919277Z  INFO ThreadId(06) pipeline{execution_id=06a858dd-1089-4643-bd1d-0cfb1526f85c chain_id=1 from_address=0x2EAC739a1e05F4a05a5B8fD93D332c4353E5A7cD}: cortex::pipeline: nonce reserved elapsed_ms=239 nonce=15
2026-04-05T14:34:57.919717Z  INFO ThreadId(06) pipeline{execution_id=e7ae0de2-1a82-4ffd-b856-632621583135 chain_id=42161 from_address=0x8AfE43fF49EBd5c4B8Cd1497ee77b437dd1711fc}: cortex::pipeline: transaction signed elapsed_ms=240
2026-04-05T14:34:57.920107Z  INFO ThreadId(09) pipeline{execution_id=c886998c-8ed8-44aa-a659-1c588ea64c1e chain_id=1 from_address=0x8AfE43fF49EBd5c4B8Cd1497ee77b437dd1711fc}: cortex::pipeline: nonce reserved elapsed_ms=240 nonce=9
2026-04-05T14:34:57.920164Z  INFO ThreadId(18) pipeline{execution_id=34a691d5-a1ee-427e-b9d7-1c3e1273a276 chain_id=137 from_address=0x8b172F820629b14cEAF859A6e159d1BcD3291Fe1}: cortex::pipeline: transaction broadcasted: elapsed_ms=240 tx_hash=0xb8fec06dbd1e3ecdb88fac6b65b32e25c5f1b992dab873fd838b77d21413db83
2026-04-05T14:34:57.920375Z  INFO ThreadId(05) pipeline{execution_id=06a858dd-1089-4643-bd1d-0cfb1526f85c chain_id=1 from_address=0x2EAC739a1e05F4a05a5B8fD93D332c4353E5A7cD}: cortex::pipeline: transaction signed elapsed_ms=240
2026-04-05T14:34:57.920659Z  INFO ThreadId(13) pipeline{execution_id=418e2ebc-0b26-4313-8a2b-d1b2427a7349 chain_id=42161 from_address=0x8b172F820629b14cEAF859A6e159d1BcD3291Fe1}: cortex::pipeline: nonce reserved elapsed_ms=240 nonce=9
2026-04-05T14:34:57.921192Z  INFO ThreadId(06) pipeline{execution_id=c886998c-8ed8-44aa-a659-1c588ea64c1e chain_id=1 from_address=0x8AfE43fF49EBd5c4B8Cd1497ee77b437dd1711fc}: cortex::pipeline: transaction signed elapsed_ms=241
2026-04-05T14:34:57.921274Z  INFO ThreadId(18) pipeline{execution_id=fb068c51-9050-4018-b6fc-7a34bf2e8a3b chain_id=137 from_address=0xfea6645D31443cF7Cf96eF1dB7823EB9365f98bf}: cortex::pipeline: nonce reserved elapsed_ms=241 nonce=14
2026-04-05T14:34:57.921671Z  INFO ThreadId(13) pipeline{execution_id=a681f8e1-51b9-488f-9c5f-16fb8b207551 chain_id=137 from_address=0x8AfE43fF49EBd5c4B8Cd1497ee77b437dd1711fc}: cortex::pipeline: transaction broadcasted: elapsed_ms=242 tx_hash=0x64fd222d96b41063970b2c6031fca431b632de9b36ddd6c49778a9ac66fe38e9
2026-04-05T14:34:57.921835Z  INFO ThreadId(09) pipeline{execution_id=418e2ebc-0b26-4313-8a2b-d1b2427a7349 chain_id=42161 from_address=0x8b172F820629b14cEAF859A6e159d1BcD3291Fe1}: cortex::pipeline: transaction signed elapsed_ms=242
2026-04-05T14:34:57.922163Z  INFO ThreadId(06) pipeline{execution_id=cf1b3b65-e21b-41d6-9dd2-8fc80fd96fe5 chain_id=1 from_address=0x8b172F820629b14cEAF859A6e159d1BcD3291Fe1}: cortex::pipeline: nonce reserved elapsed_ms=242 nonce=17
2026-04-05T14:34:57.922222Z  INFO ThreadId(09) pipeline{execution_id=fb068c51-9050-4018-b6fc-7a34bf2e8a3b chain_id=137 from_address=0xfea6645D31443cF7Cf96eF1dB7823EB9365f98bf}: cortex::pipeline: transaction signed elapsed_ms=242
2026-04-05T14:34:57.922900Z  INFO ThreadId(09) pipeline{execution_id=35257fd1-2162-4687-be72-4a6d87c810cc chain_id=1 from_address=0x2EAC739a1e05F4a05a5B8fD93D332c4353E5A7cD}: cortex::pipeline: nonce reserved elapsed_ms=242 nonce=16
2026-04-05T14:34:57.923150Z  INFO ThreadId(13) pipeline{execution_id=cf1b3b65-e21b-41d6-9dd2-8fc80fd96fe5 chain_id=1 from_address=0x8b172F820629b14cEAF859A6e159d1BcD3291Fe1}: cortex::pipeline: transaction signed elapsed_ms=243
2026-04-05T14:34:57.923425Z  INFO ThreadId(18) pipeline{execution_id=c1f45561-cf7f-4a54-b23b-697ca11de1fa chain_id=137 from_address=0xfea6645D31443cF7Cf96eF1dB7823EB9365f98bf}: cortex::pipeline: transaction broadcasted: elapsed_ms=243 tx_hash=0x6c63ce2d0d8f40a82a9b36809c88316c55d294540038ec06299afc9ff9235451
2026-04-05T14:34:57.923690Z  INFO ThreadId(09) pipeline{execution_id=7eaa6d23-4a54-4964-bf22-af4a0b599579 chain_id=1 from_address=0xfea6645D31443cF7Cf96eF1dB7823EB9365f98bf}: cortex::pipeline: nonce reserved elapsed_ms=243 nonce=6
2026-04-05T14:34:57.923871Z  INFO ThreadId(09) pipeline{execution_id=35257fd1-2162-4687-be72-4a6d87c810cc chain_id=1 from_address=0x2EAC739a1e05F4a05a5B8fD93D332c4353E5A7cD}: cortex::pipeline: transaction signed elapsed_ms=243
2026-04-05T14:34:57.924136Z  INFO ThreadId(13) pipeline{execution_id=17884ae0-4901-4796-a8af-1b3f3c8007f6 chain_id=137 from_address=0x2EAC739a1e05F4a05a5B8fD93D332c4353E5A7cD}: cortex::pipeline: nonce reserved elapsed_ms=244 nonce=12
2026-04-05T14:34:57.924754Z  INFO ThreadId(13) pipeline{execution_id=7eaa6d23-4a54-4964-bf22-af4a0b599579 chain_id=1 from_address=0xfea6645D31443cF7Cf96eF1dB7823EB9365f98bf}: cortex::pipeline: transaction signed elapsed_ms=244
2026-04-05T14:34:57.924821Z  INFO ThreadId(18) pipeline{execution_id=940fb76a-c5b3-4832-ba45-987cf017c680 chain_id=137 from_address=0x2EAC739a1e05F4a05a5B8fD93D332c4353E5A7cD}: cortex::pipeline: transaction broadcasted: elapsed_ms=245 tx_hash=0x186a1fde8945630a38fd74d5d7541052427f1f6a92e30001cfe5395f4e9c8ffc
2026-04-05T14:34:57.924871Z  INFO ThreadId(18) pipeline{execution_id=045490d7-0443-40e1-bec7-c1b8af4a457e chain_id=1 from_address=0x8b172F820629b14cEAF859A6e159d1BcD3291Fe1}: cortex::pipeline: nonce reserved elapsed_ms=244 nonce=18
2026-04-05T14:34:57.924905Z  INFO ThreadId(13) pipeline{execution_id=17884ae0-4901-4796-a8af-1b3f3c8007f6 chain_id=137 from_address=0x2EAC739a1e05F4a05a5B8fD93D332c4353E5A7cD}: cortex::pipeline: transaction signed elapsed_ms=244
2026-04-05T14:34:57.925277Z  INFO ThreadId(13) pipeline{execution_id=cc46a4a9-d713-4382-913f-5cf211ecec4a chain_id=137 from_address=0x8AfE43fF49EBd5c4B8Cd1497ee77b437dd1711fc}: cortex::pipeline: nonce reserved elapsed_ms=245 nonce=10
2026-04-05T14:34:57.925613Z  INFO ThreadId(18) pipeline{execution_id=045490d7-0443-40e1-bec7-c1b8af4a457e chain_id=1 from_address=0x8b172F820629b14cEAF859A6e159d1BcD3291Fe1}: cortex::pipeline: transaction signed elapsed_ms=245
2026-04-05T14:34:57.925773Z  INFO ThreadId(05) pipeline{execution_id=cb52525f-65d6-40e7-9041-19bf72d6d3ae chain_id=1 from_address=0x8AfE43fF49EBd5c4B8Cd1497ee77b437dd1711fc}: cortex::pipeline: nonce reserved elapsed_ms=245 nonce=10
2026-04-05T14:34:57.925995Z  INFO ThreadId(05) pipeline{execution_id=cc46a4a9-d713-4382-913f-5cf211ecec4a chain_id=137 from_address=0x8AfE43fF49EBd5c4B8Cd1497ee77b437dd1711fc}: cortex::pipeline: transaction signed elapsed_ms=245
2026-04-05T14:34:57.925994Z  INFO ThreadId(13) pipeline{execution_id=1523f4ae-a45b-41d0-8f6a-30f26b37453c chain_id=137 from_address=0x2EAC739a1e05F4a05a5B8fD93D332c4353E5A7cD}: cortex::pipeline: transaction broadcasted: elapsed_ms=246 tx_hash=0x09b3d79325760308b518072268bf23cf21fc185113a39ef3396f44b9a0618ca2
2026-04-05T14:34:57.926258Z  INFO ThreadId(18) pipeline{execution_id=6245c4bf-e9e6-47c7-b4af-f172a9ce3845 chain_id=1 from_address=0x8b172F820629b14cEAF859A6e159d1BcD3291Fe1}: cortex::pipeline: nonce reserved elapsed_ms=246 nonce=19
2026-04-05T14:34:57.926912Z  INFO ThreadId(06) pipeline{execution_id=cb52525f-65d6-40e7-9041-19bf72d6d3ae chain_id=1 from_address=0x8AfE43fF49EBd5c4B8Cd1497ee77b437dd1711fc}: cortex::pipeline: transaction signed elapsed_ms=246
2026-04-05T14:34:57.926965Z  INFO ThreadId(13) pipeline{execution_id=ecde9761-0790-4400-8b50-ee411ae5760d chain_id=1 from_address=0xfea6645D31443cF7Cf96eF1dB7823EB9365f98bf}: cortex::pipeline: nonce reserved elapsed_ms=246 nonce=7
2026-04-05T14:34:57.927241Z  INFO ThreadId(17) pipeline{execution_id=6245c4bf-e9e6-47c7-b4af-f172a9ce3845 chain_id=1 from_address=0x8b172F820629b14cEAF859A6e159d1BcD3291Fe1}: cortex::pipeline: transaction signed elapsed_ms=247
2026-04-05T14:34:57.928013Z  INFO ThreadId(18) pipeline{execution_id=ae7288a6-4b51-441d-8bcb-15ffa4d287dd chain_id=1 from_address=0x8b172F820629b14cEAF859A6e159d1BcD3291Fe1}: cortex::pipeline: nonce reserved elapsed_ms=247 nonce=20
2026-04-05T14:34:57.928045Z  INFO ThreadId(17) pipeline{execution_id=ecde9761-0790-4400-8b50-ee411ae5760d chain_id=1 from_address=0xfea6645D31443cF7Cf96eF1dB7823EB9365f98bf}: cortex::pipeline: transaction signed elapsed_ms=247
2026-04-05T14:34:57.928098Z  INFO ThreadId(13) pipeline{execution_id=fb068c51-9050-4018-b6fc-7a34bf2e8a3b chain_id=137 from_address=0xfea6645D31443cF7Cf96eF1dB7823EB9365f98bf}: cortex::pipeline: transaction broadcasted: elapsed_ms=248 tx_hash=0x480aeb33d638299945eb795510e6f45b1d94bccc838307c01a2eb6a62ac6968f
2026-04-05T14:34:57.928847Z  INFO ThreadId(03) pipeline{execution_id=6e300485-5067-4acf-8664-862ac45c1e73 chain_id=1 from_address=0x8b172F820629b14cEAF859A6e159d1BcD3291Fe1}: cortex::pipeline: nonce reserved elapsed_ms=248 nonce=21
2026-04-05T14:34:57.929085Z  INFO ThreadId(17) pipeline{execution_id=ae7288a6-4b51-441d-8bcb-15ffa4d287dd chain_id=1 from_address=0x8b172F820629b14cEAF859A6e159d1BcD3291Fe1}: cortex::pipeline: transaction signed elapsed_ms=248
2026-04-05T14:34:57.929499Z  INFO ThreadId(03) pipeline{execution_id=e8b84cf5-1825-4762-8d47-bdbd0346498d chain_id=137 from_address=0x8AfE43fF49EBd5c4B8Cd1497ee77b437dd1711fc}: cortex::pipeline: nonce reserved elapsed_ms=249 nonce=11
2026-04-05T14:34:57.929672Z  INFO ThreadId(18) pipeline{execution_id=17884ae0-4901-4796-a8af-1b3f3c8007f6 chain_id=137 from_address=0x2EAC739a1e05F4a05a5B8fD93D332c4353E5A7cD}: cortex::pipeline: transaction broadcasted: elapsed_ms=249 tx_hash=0x2d238d71131365451e87fbed45126b1290c2682d0dba6d9d63619f5014784e0f
2026-04-05T14:34:57.930077Z  INFO ThreadId(13) pipeline{execution_id=3c909b5c-a496-4023-9b50-3646bc47becd chain_id=42161 from_address=0x2EAC739a1e05F4a05a5B8fD93D332c4353E5A7cD}: cortex::pipeline: nonce reserved elapsed_ms=250 nonce=10
2026-04-05T14:34:57.930116Z  INFO ThreadId(05) pipeline{execution_id=f688969c-2d73-4a16-b089-7be65cf9d3d6 chain_id=1 from_address=0x8b172F820629b14cEAF859A6e159d1BcD3291Fe1}: cortex::pipeline: transaction broadcasted: elapsed_ms=253 tx_hash=0x18737922c919c67e136c167b00d00cbe7e7011b0e10a2de1ed4558b5fc221981
2026-04-05T14:34:57.930458Z  INFO ThreadId(05) pipeline{execution_id=6e300485-5067-4acf-8664-862ac45c1e73 chain_id=1 from_address=0x8b172F820629b14cEAF859A6e159d1BcD3291Fe1}: cortex::pipeline: transaction signed elapsed_ms=250
2026-04-05T14:34:57.930673Z  INFO ThreadId(03) pipeline{execution_id=e8b84cf5-1825-4762-8d47-bdbd0346498d chain_id=137 from_address=0x8AfE43fF49EBd5c4B8Cd1497ee77b437dd1711fc}: cortex::pipeline: transaction signed elapsed_ms=250
2026-04-05T14:34:57.931118Z  INFO ThreadId(03) pipeline{execution_id=3c909b5c-a496-4023-9b50-3646bc47becd chain_id=42161 from_address=0x2EAC739a1e05F4a05a5B8fD93D332c4353E5A7cD}: cortex::pipeline: transaction signed elapsed_ms=251
2026-04-05T14:34:57.931168Z  INFO ThreadId(05) pipeline{execution_id=45d44939-aad9-45d6-8526-a88540263511 chain_id=42161 from_address=0xfea6645D31443cF7Cf96eF1dB7823EB9365f98bf}: cortex::pipeline: nonce reserved elapsed_ms=250 nonce=11
2026-04-05T14:34:57.931300Z  INFO ThreadId(13) pipeline{execution_id=cc46a4a9-d713-4382-913f-5cf211ecec4a chain_id=137 from_address=0x8AfE43fF49EBd5c4B8Cd1497ee77b437dd1711fc}: cortex::pipeline: transaction broadcasted: elapsed_ms=251 tx_hash=0xad7ca4b43a965b94fc1980ffbb480f10cc56b9b2a4b186309abc5640bb9e12c7
2026-04-05T14:34:57.931341Z  INFO ThreadId(05) pipeline{execution_id=911bd503-b4d3-432f-8b40-620730c935fc chain_id=1 from_address=0xCFA80F1f22b0AD533F7d8e2CcC0A783aa4BCaFF3}: cortex::pipeline: transaction broadcasted: elapsed_ms=254 tx_hash=0xe21f38eacafa655730a7574b88516624237c10e3bbad773e345e47940aa7bd3d
2026-04-05T14:34:57.931730Z  INFO ThreadId(05) pipeline{execution_id=6f0a74a4-38d8-4727-bd79-cb020293e0d5 chain_id=42161 from_address=0x2EAC739a1e05F4a05a5B8fD93D332c4353E5A7cD}: cortex::pipeline: nonce reserved elapsed_ms=251 nonce=11
2026-04-05T14:34:57.931976Z  INFO ThreadId(06) pipeline{execution_id=45d44939-aad9-45d6-8526-a88540263511 chain_id=42161 from_address=0xfea6645D31443cF7Cf96eF1dB7823EB9365f98bf}: cortex::pipeline: transaction signed elapsed_ms=251
2026-04-05T14:34:57.932260Z  INFO ThreadId(13) pipeline{execution_id=bdb9cb93-6ebd-4b22-9820-6c5676425c83 chain_id=42161 from_address=0xCFA80F1f22b0AD533F7d8e2CcC0A783aa4BCaFF3}: cortex::pipeline: nonce reserved elapsed_ms=252 nonce=8
2026-04-05T14:34:57.932596Z  INFO ThreadId(13) pipeline{execution_id=6f0a74a4-38d8-4727-bd79-cb020293e0d5 chain_id=42161 from_address=0x2EAC739a1e05F4a05a5B8fD93D332c4353E5A7cD}: cortex::pipeline: transaction signed elapsed_ms=252
2026-04-05T14:34:57.932710Z  INFO ThreadId(13) pipeline{execution_id=461e6181-c954-4179-a206-aa9bd4bbd4fc chain_id=1 from_address=0x8AfE43fF49EBd5c4B8Cd1497ee77b437dd1711fc}: cortex::pipeline: nonce reserved elapsed_ms=252 nonce=11
2026-04-05T14:34:57.933080Z  INFO ThreadId(05) pipeline{execution_id=bdb9cb93-6ebd-4b22-9820-6c5676425c83 chain_id=42161 from_address=0xCFA80F1f22b0AD533F7d8e2CcC0A783aa4BCaFF3}: cortex::pipeline: transaction signed elapsed_ms=252
2026-04-05T14:34:57.933089Z  INFO ThreadId(18) pipeline{execution_id=e8b84cf5-1825-4762-8d47-bdbd0346498d chain_id=137 from_address=0x8AfE43fF49EBd5c4B8Cd1497ee77b437dd1711fc}: cortex::pipeline: transaction broadcasted: elapsed_ms=252 tx_hash=0xfe23562fb617df06970080824d72940591d7dafffa82d42927567c96f2e35ce3
2026-04-05T14:34:57.933460Z  INFO ThreadId(18) pipeline{execution_id=a61f132e-b035-44e1-bd5b-c4de39457115 chain_id=1 from_address=0xCFA80F1f22b0AD533F7d8e2CcC0A783aa4BCaFF3}: cortex::pipeline: nonce reserved elapsed_ms=253 nonce=8
2026-04-05T14:34:57.933621Z  INFO ThreadId(06) pipeline{execution_id=461e6181-c954-4179-a206-aa9bd4bbd4fc chain_id=1 from_address=0x8AfE43fF49EBd5c4B8Cd1497ee77b437dd1711fc}: cortex::pipeline: transaction signed elapsed_ms=253
2026-04-05T14:34:57.934085Z  INFO ThreadId(06) pipeline{execution_id=8747e0ac-7150-4dfa-89d6-a980843b9110 chain_id=1 from_address=0xCFA80F1f22b0AD533F7d8e2CcC0A783aa4BCaFF3}: cortex::pipeline: nonce reserved elapsed_ms=253 nonce=9
2026-04-05T14:34:57.934365Z  INFO ThreadId(16) pipeline{execution_id=a61f132e-b035-44e1-bd5b-c4de39457115 chain_id=1 from_address=0xCFA80F1f22b0AD533F7d8e2CcC0A783aa4BCaFF3}: cortex::pipeline: transaction signed elapsed_ms=254
2026-04-05T14:34:57.934639Z  INFO ThreadId(05) pipeline{execution_id=67347a58-26d1-4405-ad21-0bb7d8ce9e5a chain_id=1 from_address=0x8AfE43fF49EBd5c4B8Cd1497ee77b437dd1711fc}: cortex::pipeline: nonce reserved elapsed_ms=254 nonce=12
2026-04-05T14:34:57.935246Z  INFO ThreadId(03) pipeline{execution_id=af81b8df-cec6-4ed9-ae6f-f3f8e3d1d47d chain_id=1 from_address=0x8AfE43fF49EBd5c4B8Cd1497ee77b437dd1711fc}: cortex::pipeline: nonce reserved elapsed_ms=254 nonce=13
2026-04-05T14:34:57.935563Z  INFO ThreadId(13) pipeline{execution_id=67347a58-26d1-4405-ad21-0bb7d8ce9e5a chain_id=1 from_address=0x8AfE43fF49EBd5c4B8Cd1497ee77b437dd1711fc}: cortex::pipeline: transaction signed elapsed_ms=255
2026-04-05T14:34:57.935590Z  INFO ThreadId(05) pipeline{execution_id=8747e0ac-7150-4dfa-89d6-a980843b9110 chain_id=1 from_address=0xCFA80F1f22b0AD533F7d8e2CcC0A783aa4BCaFF3}: cortex::pipeline: transaction signed elapsed_ms=255
2026-04-05T14:34:57.935973Z  INFO ThreadId(05) pipeline{execution_id=facd2814-034f-4b3d-9763-a16438478d08 chain_id=42161 from_address=0xCFA80F1f22b0AD533F7d8e2CcC0A783aa4BCaFF3}: cortex::pipeline: nonce reserved elapsed_ms=255 nonce=9
2026-04-05T14:34:57.936295Z  INFO ThreadId(05) pipeline{execution_id=af81b8df-cec6-4ed9-ae6f-f3f8e3d1d47d chain_id=1 from_address=0x8AfE43fF49EBd5c4B8Cd1497ee77b437dd1711fc}: cortex::pipeline: transaction signed elapsed_ms=255
2026-04-05T14:34:57.936560Z  INFO ThreadId(05) pipeline{execution_id=6863236f-11b5-44d6-b10e-60b11964b121 chain_id=42161 from_address=0xfea6645D31443cF7Cf96eF1dB7823EB9365f98bf}: cortex::pipeline: nonce reserved elapsed_ms=256 nonce=12
2026-04-05T14:34:57.936789Z  INFO ThreadId(16) pipeline{execution_id=facd2814-034f-4b3d-9763-a16438478d08 chain_id=42161 from_address=0xCFA80F1f22b0AD533F7d8e2CcC0A783aa4BCaFF3}: cortex::pipeline: transaction signed elapsed_ms=256
2026-04-05T14:34:57.937091Z  INFO ThreadId(06) pipeline{execution_id=797487b0-0d90-4831-bacd-637f1ed0b338 chain_id=42161 from_address=0xfea6645D31443cF7Cf96eF1dB7823EB9365f98bf}: cortex::pipeline: nonce reserved elapsed_ms=256 nonce=13
2026-04-05T14:34:57.937679Z  INFO ThreadId(06) pipeline{execution_id=1c8af07b-bb2a-44e3-b26c-bdc287c7fa15 chain_id=137 from_address=0x8b172F820629b14cEAF859A6e159d1BcD3291Fe1}: cortex::pipeline: nonce reserved elapsed_ms=257 nonce=13
2026-04-05T14:34:57.937695Z  INFO ThreadId(03) pipeline{execution_id=6863236f-11b5-44d6-b10e-60b11964b121 chain_id=42161 from_address=0xfea6645D31443cF7Cf96eF1dB7823EB9365f98bf}: cortex::pipeline: transaction signed elapsed_ms=257
2026-04-05T14:34:57.938041Z  INFO ThreadId(06) pipeline{execution_id=797487b0-0d90-4831-bacd-637f1ed0b338 chain_id=42161 from_address=0xfea6645D31443cF7Cf96eF1dB7823EB9365f98bf}: cortex::pipeline: transaction signed elapsed_ms=257
2026-04-05T14:34:57.938381Z  INFO ThreadId(16) pipeline{execution_id=93daf78c-a023-4d8f-b79e-d94e9c8dd893 chain_id=42161 from_address=0x8AfE43fF49EBd5c4B8Cd1497ee77b437dd1711fc}: cortex::pipeline: nonce reserved elapsed_ms=258 nonce=13
2026-04-05T14:34:57.938682Z  INFO ThreadId(16) pipeline{execution_id=1c8af07b-bb2a-44e3-b26c-bdc287c7fa15 chain_id=137 from_address=0x8b172F820629b14cEAF859A6e159d1BcD3291Fe1}: cortex::pipeline: transaction signed elapsed_ms=258
2026-04-05T14:34:57.939033Z  INFO ThreadId(06) pipeline{execution_id=0e0d0061-4976-4bd1-8d5e-9a8c632f25ce chain_id=42161 from_address=0xCFA80F1f22b0AD533F7d8e2CcC0A783aa4BCaFF3}: cortex::pipeline: nonce reserved elapsed_ms=258 nonce=10
2026-04-05T14:34:57.939326Z  INFO ThreadId(03) pipeline{execution_id=93daf78c-a023-4d8f-b79e-d94e9c8dd893 chain_id=42161 from_address=0x8AfE43fF49EBd5c4B8Cd1497ee77b437dd1711fc}: cortex::pipeline: transaction signed elapsed_ms=258
2026-04-05T14:34:57.939577Z  INFO ThreadId(18) pipeline{execution_id=7e3ead72-f0de-4ff9-a69f-abecf5162726 chain_id=42161 from_address=0x2EAC739a1e05F4a05a5B8fD93D332c4353E5A7cD}: cortex::pipeline: nonce reserved elapsed_ms=259 nonce=12
2026-04-05T14:34:57.940209Z  INFO ThreadId(05) pipeline{execution_id=1c8af07b-bb2a-44e3-b26c-bdc287c7fa15 chain_id=137 from_address=0x8b172F820629b14cEAF859A6e159d1BcD3291Fe1}: cortex::pipeline: transaction broadcasted: elapsed_ms=259 tx_hash=0x3c4495a86ec75e9132121e180fdd2cc28d990dfa210b1f02ba58c6b5abc69981
2026-04-05T14:34:57.940229Z  INFO ThreadId(18) pipeline{execution_id=0e0d0061-4976-4bd1-8d5e-9a8c632f25ce chain_id=42161 from_address=0xCFA80F1f22b0AD533F7d8e2CcC0A783aa4BCaFF3}: cortex::pipeline: transaction signed elapsed_ms=259
2026-04-05T14:34:57.940328Z  INFO ThreadId(16) pipeline{execution_id=d9347358-73c9-4523-a3f3-a9b3bdc5ced0 chain_id=1 from_address=0x8b172F820629b14cEAF859A6e159d1BcD3291Fe1}: cortex::pipeline: nonce reserved elapsed_ms=259 nonce=22
2026-04-05T14:34:57.940476Z  INFO ThreadId(06) pipeline{execution_id=7e3ead72-f0de-4ff9-a69f-abecf5162726 chain_id=42161 from_address=0x2EAC739a1e05F4a05a5B8fD93D332c4353E5A7cD}: cortex::pipeline: transaction signed elapsed_ms=260
2026-04-05T14:34:57.940960Z  INFO ThreadId(13) pipeline{execution_id=525d538b-d54e-4efe-967d-bf025d291fc1 chain_id=42161 from_address=0x8AfE43fF49EBd5c4B8Cd1497ee77b437dd1711fc}: cortex::pipeline: nonce reserved elapsed_ms=242 nonce=14
2026-04-05T14:34:57.941656Z  INFO ThreadId(05) pipeline{execution_id=d9347358-73c9-4523-a3f3-a9b3bdc5ced0 chain_id=1 from_address=0x8b172F820629b14cEAF859A6e159d1BcD3291Fe1}: cortex::pipeline: transaction signed elapsed_ms=261
2026-04-05T14:34:57.941662Z  INFO ThreadId(06) pipeline{execution_id=370dc8da-5091-4276-8064-a4e735b8a206 chain_id=1 from_address=0xCFA80F1f22b0AD533F7d8e2CcC0A783aa4BCaFF3}: cortex::pipeline: nonce reserved elapsed_ms=243 nonce=10
2026-04-05T14:34:57.942033Z  INFO ThreadId(13) pipeline{execution_id=525d538b-d54e-4efe-967d-bf025d291fc1 chain_id=42161 from_address=0x8AfE43fF49EBd5c4B8Cd1497ee77b437dd1711fc}: cortex::pipeline: transaction signed elapsed_ms=243
2026-04-05T14:34:57.942407Z  INFO ThreadId(09) pipeline{execution_id=26dfb0ba-231b-414d-ba2b-2684485839d2 chain_id=1 from_address=0xfea6645D31443cF7Cf96eF1dB7823EB9365f98bf}: cortex::pipeline: nonce reserved elapsed_ms=243 nonce=8
2026-04-05T14:34:57.942603Z  INFO ThreadId(18) pipeline{execution_id=370dc8da-5091-4276-8064-a4e735b8a206 chain_id=1 from_address=0xCFA80F1f22b0AD533F7d8e2CcC0A783aa4BCaFF3}: cortex::pipeline: transaction signed elapsed_ms=243
2026-04-05T14:34:57.942941Z  INFO ThreadId(06) pipeline{execution_id=f3d2f383-73a6-409b-b777-5b9c33e5bce5 chain_id=137 from_address=0x8AfE43fF49EBd5c4B8Cd1497ee77b437dd1711fc}: cortex::pipeline: nonce reserved elapsed_ms=244 nonce=12
2026-04-05T14:34:57.943270Z  INFO ThreadId(09) pipeline{execution_id=26dfb0ba-231b-414d-ba2b-2684485839d2 chain_id=1 from_address=0xfea6645D31443cF7Cf96eF1dB7823EB9365f98bf}: cortex::pipeline: transaction signed elapsed_ms=244
2026-04-05T14:34:57.943554Z  INFO ThreadId(18) pipeline{execution_id=59cac1af-3a80-4614-b983-4f4225277534 chain_id=42161 from_address=0x2EAC739a1e05F4a05a5B8fD93D332c4353E5A7cD}: cortex::pipeline: nonce reserved elapsed_ms=244 nonce=13
2026-04-05T14:34:57.943866Z  INFO ThreadId(03) pipeline{execution_id=f3d2f383-73a6-409b-b777-5b9c33e5bce5 chain_id=137 from_address=0x8AfE43fF49EBd5c4B8Cd1497ee77b437dd1711fc}: cortex::pipeline: transaction signed elapsed_ms=245
2026-04-05T14:34:57.944212Z  INFO ThreadId(06) pipeline{execution_id=5ee94608-342d-43fd-9ca1-edd8daec9b5c chain_id=1 from_address=0xCFA80F1f22b0AD533F7d8e2CcC0A783aa4BCaFF3}: cortex::pipeline: nonce reserved elapsed_ms=245 nonce=11
2026-04-05T14:34:57.944504Z  INFO ThreadId(03) pipeline{execution_id=59cac1af-3a80-4614-b983-4f4225277534 chain_id=42161 from_address=0x2EAC739a1e05F4a05a5B8fD93D332c4353E5A7cD}: cortex::pipeline: transaction signed elapsed_ms=245
2026-04-05T14:34:57.944873Z  INFO ThreadId(06) pipeline{execution_id=1adf1587-313c-4872-a5fb-ce9ece0a34c7 chain_id=137 from_address=0x2EAC739a1e05F4a05a5B8fD93D332c4353E5A7cD}: cortex::pipeline: nonce reserved elapsed_ms=246 nonce=13
2026-04-05T14:34:57.945195Z  INFO ThreadId(05) pipeline{execution_id=5ee94608-342d-43fd-9ca1-edd8daec9b5c chain_id=1 from_address=0xCFA80F1f22b0AD533F7d8e2CcC0A783aa4BCaFF3}: cortex::pipeline: transaction signed elapsed_ms=246
2026-04-05T14:34:57.945499Z  INFO ThreadId(05) pipeline{execution_id=d14a56c9-35c5-45df-abf3-a59d2c674975 chain_id=42161 from_address=0xCFA80F1f22b0AD533F7d8e2CcC0A783aa4BCaFF3}: cortex::pipeline: nonce reserved elapsed_ms=246 nonce=11
2026-04-05T14:34:57.945816Z  INFO ThreadId(06) pipeline{execution_id=1adf1587-313c-4872-a5fb-ce9ece0a34c7 chain_id=137 from_address=0x2EAC739a1e05F4a05a5B8fD93D332c4353E5A7cD}: cortex::pipeline: transaction signed elapsed_ms=247
2026-04-05T14:34:57.945854Z  INFO ThreadId(09) pipeline{execution_id=f3d2f383-73a6-409b-b777-5b9c33e5bce5 chain_id=137 from_address=0x8AfE43fF49EBd5c4B8Cd1497ee77b437dd1711fc}: cortex::pipeline: transaction broadcasted: elapsed_ms=247 tx_hash=0x17201c5e26c78ed5d68ecb1d67066874e90f8cefc0a4a6b590a014567fef2385
2026-04-05T14:34:57.946216Z  INFO ThreadId(18) pipeline{execution_id=c7987cf2-127c-4cd6-944a-f41bd76cffc2 chain_id=1 from_address=0x2EAC739a1e05F4a05a5B8fD93D332c4353E5A7cD}: cortex::pipeline: nonce reserved elapsed_ms=247 nonce=17
2026-04-05T14:34:57.946525Z  INFO ThreadId(03) pipeline{execution_id=d14a56c9-35c5-45df-abf3-a59d2c674975 chain_id=42161 from_address=0xCFA80F1f22b0AD533F7d8e2CcC0A783aa4BCaFF3}: cortex::pipeline: transaction signed elapsed_ms=247
2026-04-05T14:34:57.946824Z  INFO ThreadId(06) pipeline{execution_id=399fb190-ec64-40e9-aeb7-77ce34ee534d chain_id=42161 from_address=0x8b172F820629b14cEAF859A6e159d1BcD3291Fe1}: cortex::pipeline: nonce reserved elapsed_ms=248 nonce=10
2026-04-05T14:34:57.947138Z  INFO ThreadId(09) pipeline{execution_id=c7987cf2-127c-4cd6-944a-f41bd76cffc2 chain_id=1 from_address=0x2EAC739a1e05F4a05a5B8fD93D332c4353E5A7cD}: cortex::pipeline: transaction signed elapsed_ms=248
2026-04-05T14:34:57.947190Z  INFO ThreadId(16) pipeline{execution_id=1adf1587-313c-4872-a5fb-ce9ece0a34c7 chain_id=137 from_address=0x2EAC739a1e05F4a05a5B8fD93D332c4353E5A7cD}: cortex::pipeline: transaction broadcasted: elapsed_ms=248 tx_hash=0x366faa4bd7f8cb1d75858c07cab37ae4cf71ef43279a2647b69cd6decc2dd4ed
2026-04-05T14:34:57.947461Z  INFO ThreadId(05) pipeline{execution_id=cdc57cee-e0f3-4c39-b510-6e3720da26b9 chain_id=1 from_address=0xCFA80F1f22b0AD533F7d8e2CcC0A783aa4BCaFF3}: cortex::pipeline: nonce reserved elapsed_ms=248 nonce=12
2026-04-05T14:34:57.947808Z  INFO ThreadId(09) pipeline{execution_id=399fb190-ec64-40e9-aeb7-77ce34ee534d chain_id=42161 from_address=0x8b172F820629b14cEAF859A6e159d1BcD3291Fe1}: cortex::pipeline: transaction signed elapsed_ms=249
2026-04-05T14:34:57.948062Z  INFO ThreadId(03) pipeline{execution_id=ac259ffe-767d-4157-a4c3-c993fdcd31fa chain_id=1 from_address=0xfea6645D31443cF7Cf96eF1dB7823EB9365f98bf}: cortex::pipeline: nonce reserved elapsed_ms=249 nonce=9
2026-04-05T14:34:57.948535Z  INFO ThreadId(16) pipeline{execution_id=cdc57cee-e0f3-4c39-b510-6e3720da26b9 chain_id=1 from_address=0xCFA80F1f22b0AD533F7d8e2CcC0A783aa4BCaFF3}: cortex::pipeline: transaction signed elapsed_ms=249
2026-04-05T14:34:57.948812Z  INFO ThreadId(03) pipeline{execution_id=a5fc3ad6-0c6e-4467-bdb0-dc7d4ee52933 chain_id=137 from_address=0xfea6645D31443cF7Cf96eF1dB7823EB9365f98bf}: cortex::pipeline: nonce reserved elapsed_ms=250 nonce=15
2026-04-05T14:34:57.949098Z  INFO ThreadId(09) pipeline{execution_id=ac259ffe-767d-4157-a4c3-c993fdcd31fa chain_id=1 from_address=0xfea6645D31443cF7Cf96eF1dB7823EB9365f98bf}: cortex::pipeline: transaction signed elapsed_ms=250
2026-04-05T14:34:57.949453Z  INFO ThreadId(06) pipeline{execution_id=46ca916b-49ce-47b5-a30e-558cf0735ba4 chain_id=137 from_address=0xfea6645D31443cF7Cf96eF1dB7823EB9365f98bf}: cortex::pipeline: nonce reserved elapsed_ms=250 nonce=16
2026-04-05T14:34:57.950166Z  INFO ThreadId(05) pipeline{execution_id=ea2ddc1d-0dbe-463f-8d59-e66a09d2de46 chain_id=137 from_address=0x8AfE43fF49EBd5c4B8Cd1497ee77b437dd1711fc}: cortex::pipeline: nonce reserved elapsed_ms=251 nonce=13
2026-04-05T14:34:57.950179Z  INFO ThreadId(09) pipeline{execution_id=a5fc3ad6-0c6e-4467-bdb0-dc7d4ee52933 chain_id=137 from_address=0xfea6645D31443cF7Cf96eF1dB7823EB9365f98bf}: cortex::pipeline: transaction signed elapsed_ms=251
2026-04-05T14:34:57.950524Z  INFO ThreadId(09) pipeline{execution_id=46ca916b-49ce-47b5-a30e-558cf0735ba4 chain_id=137 from_address=0xfea6645D31443cF7Cf96eF1dB7823EB9365f98bf}: cortex::pipeline: transaction signed elapsed_ms=251
2026-04-05T14:34:57.950850Z  INFO ThreadId(09) pipeline{execution_id=75fdf190-9c84-42a9-8365-847b5515db4f chain_id=1 from_address=0x8AfE43fF49EBd5c4B8Cd1497ee77b437dd1711fc}: cortex::pipeline: nonce reserved elapsed_ms=251 nonce=14
2026-04-05T14:34:57.951103Z  INFO ThreadId(06) pipeline{execution_id=ea2ddc1d-0dbe-463f-8d59-e66a09d2de46 chain_id=137 from_address=0x8AfE43fF49EBd5c4B8Cd1497ee77b437dd1711fc}: cortex::pipeline: transaction signed elapsed_ms=252
2026-04-05T14:34:57.951455Z  INFO ThreadId(16) pipeline{execution_id=9cd976d5-1804-4927-a75c-02035d91bfd9 chain_id=137 from_address=0x8b172F820629b14cEAF859A6e159d1BcD3291Fe1}: cortex::pipeline: nonce reserved elapsed_ms=252 nonce=14
2026-04-05T14:34:57.952096Z  INFO ThreadId(05) pipeline{execution_id=75fdf190-9c84-42a9-8365-847b5515db4f chain_id=1 from_address=0x8AfE43fF49EBd5c4B8Cd1497ee77b437dd1711fc}: cortex::pipeline: transaction signed elapsed_ms=253
2026-04-05T14:34:57.952104Z  INFO ThreadId(16) pipeline{execution_id=305d0635-a857-4f56-bdb3-2ee0afb35fbc chain_id=42161 from_address=0xCFA80F1f22b0AD533F7d8e2CcC0A783aa4BCaFF3}: cortex::pipeline: nonce reserved elapsed_ms=253 nonce=12
2026-04-05T14:34:57.952243Z  INFO ThreadId(18) pipeline{execution_id=a5fc3ad6-0c6e-4467-bdb0-dc7d4ee52933 chain_id=137 from_address=0xfea6645D31443cF7Cf96eF1dB7823EB9365f98bf}: cortex::pipeline: transaction broadcasted: elapsed_ms=253 tx_hash=0xf46cbad8b7caa657f01837f550543bdbafa0d9c3a3ee0d3a2164c74b500120c6
2026-04-05T14:34:57.952371Z  INFO ThreadId(05) pipeline{execution_id=9cd976d5-1804-4927-a75c-02035d91bfd9 chain_id=137 from_address=0x8b172F820629b14cEAF859A6e159d1BcD3291Fe1}: cortex::pipeline: transaction signed elapsed_ms=253
2026-04-05T14:34:57.952724Z  INFO ThreadId(18) pipeline{execution_id=dd6e1c38-31e8-4839-8e38-2072981b3656 chain_id=137 from_address=0x8AfE43fF49EBd5c4B8Cd1497ee77b437dd1711fc}: cortex::pipeline: nonce reserved elapsed_ms=272 nonce=14
2026-04-05T14:34:57.953288Z  INFO ThreadId(18) pipeline{execution_id=808cd819-8444-4ac4-81d4-a07ee70e053f chain_id=137 from_address=0xCFA80F1f22b0AD533F7d8e2CcC0A783aa4BCaFF3}: cortex::pipeline: nonce reserved elapsed_ms=254 nonce=16
2026-04-05T14:34:57.953425Z  INFO ThreadId(03) pipeline{execution_id=305d0635-a857-4f56-bdb3-2ee0afb35fbc chain_id=42161 from_address=0xCFA80F1f22b0AD533F7d8e2CcC0A783aa4BCaFF3}: cortex::pipeline: transaction signed elapsed_ms=254
2026-04-05T14:34:57.953676Z  INFO ThreadId(09) pipeline{execution_id=dd6e1c38-31e8-4839-8e38-2072981b3656 chain_id=137 from_address=0x8AfE43fF49EBd5c4B8Cd1497ee77b437dd1711fc}: cortex::pipeline: transaction signed elapsed_ms=273
2026-04-05T14:34:57.953888Z  INFO ThreadId(09) pipeline{execution_id=374d67c7-f551-477a-a859-5030b49c4b8e chain_id=137 from_address=0x2EAC739a1e05F4a05a5B8fD93D332c4353E5A7cD}: cortex::pipeline: nonce reserved elapsed_ms=254 nonce=14
2026-04-05T14:34:57.954013Z  INFO ThreadId(03) pipeline{execution_id=46ca916b-49ce-47b5-a30e-558cf0735ba4 chain_id=137 from_address=0xfea6645D31443cF7Cf96eF1dB7823EB9365f98bf}: cortex::pipeline: transaction broadcasted: elapsed_ms=255 tx_hash=0x50009859c18e49d67c15f68c5c1f7e0b65af716d802c0e245c573cbed5d8b480
2026-04-05T14:34:57.954592Z  INFO ThreadId(05) pipeline{execution_id=808cd819-8444-4ac4-81d4-a07ee70e053f chain_id=137 from_address=0xCFA80F1f22b0AD533F7d8e2CcC0A783aa4BCaFF3}: cortex::pipeline: transaction signed elapsed_ms=255
2026-04-05T14:34:57.954625Z  INFO ThreadId(18) pipeline{execution_id=41dbdd74-4f54-4755-a0f7-4bb4b154d04e chain_id=42161 from_address=0x8b172F820629b14cEAF859A6e159d1BcD3291Fe1}: cortex::pipeline: nonce reserved elapsed_ms=255 nonce=11
2026-04-05T14:34:57.954986Z  INFO ThreadId(03) pipeline{execution_id=374d67c7-f551-477a-a859-5030b49c4b8e chain_id=137 from_address=0x2EAC739a1e05F4a05a5B8fD93D332c4353E5A7cD}: cortex::pipeline: transaction signed elapsed_ms=255
2026-04-05T14:34:57.955755Z  INFO ThreadId(09) pipeline{execution_id=497643eb-a624-4ca9-b049-49fb96e141a2 chain_id=137 from_address=0x8b172F820629b14cEAF859A6e159d1BcD3291Fe1}: cortex::pipeline: nonce reserved elapsed_ms=256 nonce=15
2026-04-05T14:34:57.955763Z  INFO ThreadId(03) pipeline{execution_id=41dbdd74-4f54-4755-a0f7-4bb4b154d04e chain_id=42161 from_address=0x8b172F820629b14cEAF859A6e159d1BcD3291Fe1}: cortex::pipeline: transaction signed elapsed_ms=256
2026-04-05T14:34:57.955783Z  INFO ThreadId(05) pipeline{execution_id=ea2ddc1d-0dbe-463f-8d59-e66a09d2de46 chain_id=137 from_address=0x8AfE43fF49EBd5c4B8Cd1497ee77b437dd1711fc}: cortex::pipeline: transaction broadcasted: elapsed_ms=256 tx_hash=0xd3cb40df7edec7ae28b8b72153b8712c26737cc1bf5e454303454fa51739c570
2026-04-05T14:34:57.956269Z  INFO ThreadId(03) pipeline{execution_id=bd388ee7-19fa-448d-8516-ebc360f051b7 chain_id=1 from_address=0xfea6645D31443cF7Cf96eF1dB7823EB9365f98bf}: cortex::pipeline: nonce reserved elapsed_ms=257 nonce=10
2026-04-05T14:34:57.956824Z  INFO ThreadId(13) pipeline{execution_id=497643eb-a624-4ca9-b049-49fb96e141a2 chain_id=137 from_address=0x8b172F820629b14cEAF859A6e159d1BcD3291Fe1}: cortex::pipeline: transaction signed elapsed_ms=257
2026-04-05T14:34:57.956975Z  INFO ThreadId(05) pipeline{execution_id=c09775c6-1b1e-4903-9238-f30354701c95 chain_id=42161 from_address=0xfea6645D31443cF7Cf96eF1dB7823EB9365f98bf}: cortex::pipeline: nonce reserved elapsed_ms=258 nonce=14
2026-04-05T14:34:57.957140Z  INFO ThreadId(18) pipeline{execution_id=9cd976d5-1804-4927-a75c-02035d91bfd9 chain_id=137 from_address=0x8b172F820629b14cEAF859A6e159d1BcD3291Fe1}: cortex::pipeline: transaction broadcasted: elapsed_ms=258 tx_hash=0x4ba65496441cbb1512f0fcfb822d46066b04db89cd7a7a87428e241b3136c4de
2026-04-05T14:34:57.957352Z  INFO ThreadId(05) pipeline{execution_id=bd388ee7-19fa-448d-8516-ebc360f051b7 chain_id=1 from_address=0xfea6645D31443cF7Cf96eF1dB7823EB9365f98bf}: cortex::pipeline: transaction signed elapsed_ms=258
2026-04-05T14:34:57.957856Z  INFO ThreadId(03) pipeline{execution_id=d342c4f1-33a9-4f86-9a31-fa6687907e5a chain_id=42161 from_address=0xCFA80F1f22b0AD533F7d8e2CcC0A783aa4BCaFF3}: cortex::pipeline: nonce reserved elapsed_ms=258 nonce=13
2026-04-05T14:34:57.958144Z  INFO ThreadId(05) pipeline{execution_id=c09775c6-1b1e-4903-9238-f30354701c95 chain_id=42161 from_address=0xfea6645D31443cF7Cf96eF1dB7823EB9365f98bf}: cortex::pipeline: transaction signed elapsed_ms=259
2026-04-05T14:34:57.958706Z  INFO ThreadId(05) pipeline{execution_id=0e7cad4b-08b0-4e3c-9fc1-974a879bbb34 chain_id=137 from_address=0xfea6645D31443cF7Cf96eF1dB7823EB9365f98bf}: cortex::pipeline: nonce reserved elapsed_ms=259 nonce=17
2026-04-05T14:34:57.958741Z  INFO ThreadId(13) pipeline{execution_id=d342c4f1-33a9-4f86-9a31-fa6687907e5a chain_id=42161 from_address=0xCFA80F1f22b0AD533F7d8e2CcC0A783aa4BCaFF3}: cortex::pipeline: transaction signed elapsed_ms=259
2026-04-05T14:34:57.958836Z  INFO ThreadId(05) pipeline{execution_id=dd6e1c38-31e8-4839-8e38-2072981b3656 chain_id=137 from_address=0x8AfE43fF49EBd5c4B8Cd1497ee77b437dd1711fc}: cortex::pipeline: transaction broadcasted: elapsed_ms=278 tx_hash=0xab195f95a9d1a27b61976dd63f195a7db334eebc78bc5f574835b375d67e2274
2026-04-05T14:34:57.959462Z  INFO ThreadId(13) pipeline{execution_id=c4167fc8-574f-4527-befb-fd254df88b2a chain_id=1 from_address=0xCFA80F1f22b0AD533F7d8e2CcC0A783aa4BCaFF3}: cortex::pipeline: nonce reserved elapsed_ms=260 nonce=13
2026-04-05T14:34:57.959857Z  INFO ThreadId(03) pipeline{execution_id=0e7cad4b-08b0-4e3c-9fc1-974a879bbb34 chain_id=137 from_address=0xfea6645D31443cF7Cf96eF1dB7823EB9365f98bf}: cortex::pipeline: transaction signed elapsed_ms=260
2026-04-05T14:34:57.960277Z  INFO ThreadId(06) pipeline{execution_id=7e4c83d6-c582-4c07-8df0-8e1773f5e642 chain_id=137 from_address=0x8AfE43fF49EBd5c4B8Cd1497ee77b437dd1711fc}: cortex::pipeline: nonce reserved elapsed_ms=261 nonce=15
2026-04-05T14:34:57.960314Z  INFO ThreadId(13) pipeline{execution_id=808cd819-8444-4ac4-81d4-a07ee70e053f chain_id=137 from_address=0xCFA80F1f22b0AD533F7d8e2CcC0A783aa4BCaFF3}: cortex::pipeline: transaction broadcasted: elapsed_ms=261 tx_hash=0x5a33e08e0230343c701803d8e9db6f698be44ec76260f91c393bc3c605bc5134
2026-04-05T14:34:57.960626Z  INFO ThreadId(18) pipeline{execution_id=c4167fc8-574f-4527-befb-fd254df88b2a chain_id=1 from_address=0xCFA80F1f22b0AD533F7d8e2CcC0A783aa4BCaFF3}: cortex::pipeline: transaction signed elapsed_ms=261
2026-04-05T14:34:57.960991Z  INFO ThreadId(13) pipeline{execution_id=85ad8b44-e02a-43e0-8d4e-f2b60a6e8db0 chain_id=42161 from_address=0xfea6645D31443cF7Cf96eF1dB7823EB9365f98bf}: cortex::pipeline: nonce reserved elapsed_ms=261 nonce=15
2026-04-05T14:34:57.961325Z  INFO ThreadId(18) pipeline{execution_id=7e4c83d6-c582-4c07-8df0-8e1773f5e642 chain_id=137 from_address=0x8AfE43fF49EBd5c4B8Cd1497ee77b437dd1711fc}: cortex::pipeline: transaction signed elapsed_ms=262
2026-04-05T14:34:57.961709Z  INFO ThreadId(09) pipeline{execution_id=76ec9c7b-80a1-4bd0-9102-e6325afd8efc chain_id=42161 from_address=0xfea6645D31443cF7Cf96eF1dB7823EB9365f98bf}: cortex::pipeline: nonce reserved elapsed_ms=262 nonce=16
2026-04-05T14:34:57.961972Z  INFO ThreadId(16) pipeline{execution_id=85ad8b44-e02a-43e0-8d4e-f2b60a6e8db0 chain_id=42161 from_address=0xfea6645D31443cF7Cf96eF1dB7823EB9365f98bf}: cortex::pipeline: transaction signed elapsed_ms=262
2026-04-05T14:34:57.962097Z  INFO ThreadId(06) pipeline{execution_id=374d67c7-f551-477a-a859-5030b49c4b8e chain_id=137 from_address=0x2EAC739a1e05F4a05a5B8fD93D332c4353E5A7cD}: cortex::pipeline: transaction broadcasted: elapsed_ms=263 tx_hash=0xf1e7f70452baf8f8324ce19ed677a896a6a4264e8ba4177266e2361ae1774380
2026-04-05T14:34:57.962575Z  INFO ThreadId(09) pipeline{execution_id=954c0d14-4806-445d-9ff1-3ba8b4cfc1c4 chain_id=42161 from_address=0x8b172F820629b14cEAF859A6e159d1BcD3291Fe1}: cortex::pipeline: nonce reserved elapsed_ms=263 nonce=12
2026-04-05T14:34:57.962809Z  INFO ThreadId(18) pipeline{execution_id=76ec9c7b-80a1-4bd0-9102-e6325afd8efc chain_id=42161 from_address=0xfea6645D31443cF7Cf96eF1dB7823EB9365f98bf}: cortex::pipeline: transaction signed elapsed_ms=263
2026-04-05T14:34:57.963300Z  INFO ThreadId(16) pipeline{execution_id=a3d62bc5-0eac-45cd-8712-d48d721ad6c9 chain_id=1 from_address=0xfea6645D31443cF7Cf96eF1dB7823EB9365f98bf}: cortex::pipeline: nonce reserved elapsed_ms=264 nonce=11
2026-04-05T14:34:57.963602Z  INFO ThreadId(09) pipeline{execution_id=954c0d14-4806-445d-9ff1-3ba8b4cfc1c4 chain_id=42161 from_address=0x8b172F820629b14cEAF859A6e159d1BcD3291Fe1}: cortex::pipeline: transaction signed elapsed_ms=264
2026-04-05T14:34:57.963778Z  INFO ThreadId(18) pipeline{execution_id=497643eb-a624-4ca9-b049-49fb96e141a2 chain_id=137 from_address=0x8b172F820629b14cEAF859A6e159d1BcD3291Fe1}: cortex::pipeline: transaction broadcasted: elapsed_ms=264 tx_hash=0x550957c02fd7793fd40f53c7aa251e134775273efbac20239a15bf4e83c4f945
2026-04-05T14:34:57.963867Z  INFO ThreadId(06) pipeline{execution_id=cd995919-ec9e-48bf-a4ba-6573f299e74d chain_id=42161 from_address=0x8b172F820629b14cEAF859A6e159d1BcD3291Fe1}: cortex::pipeline: nonce reserved elapsed_ms=264 nonce=13
2026-04-05T14:34:57.964472Z  INFO ThreadId(18) pipeline{execution_id=a3d62bc5-0eac-45cd-8712-d48d721ad6c9 chain_id=1 from_address=0xfea6645D31443cF7Cf96eF1dB7823EB9365f98bf}: cortex::pipeline: transaction signed elapsed_ms=265
2026-04-05T14:34:57.964662Z  INFO ThreadId(18) pipeline{execution_id=f4bc7a7f-2004-4dda-b7fa-97a7ce795047 chain_id=42161 from_address=0xfea6645D31443cF7Cf96eF1dB7823EB9365f98bf}: cortex::pipeline: nonce reserved elapsed_ms=265 nonce=17
2026-04-05T14:34:57.965335Z  INFO ThreadId(06) pipeline{execution_id=cd995919-ec9e-48bf-a4ba-6573f299e74d chain_id=42161 from_address=0x8b172F820629b14cEAF859A6e159d1BcD3291Fe1}: cortex::pipeline: transaction signed elapsed_ms=266
2026-04-05T14:34:57.965506Z  INFO ThreadId(13) pipeline{execution_id=0e7cad4b-08b0-4e3c-9fc1-974a879bbb34 chain_id=137 from_address=0xfea6645D31443cF7Cf96eF1dB7823EB9365f98bf}: cortex::pipeline: transaction broadcasted: elapsed_ms=266 tx_hash=0xf88a4ca75c33750dfd828bada5a766f0f8cdb0139a4277a43ea5ab3696e95361
2026-04-05T14:34:57.965558Z  INFO ThreadId(03) pipeline{execution_id=010ed797-e678-4bcb-902b-5b0d385ec0ca chain_id=1 from_address=0xCFA80F1f22b0AD533F7d8e2CcC0A783aa4BCaFF3}: cortex::pipeline: nonce reserved elapsed_ms=266 nonce=14
2026-04-05T14:34:57.965651Z  INFO ThreadId(09) pipeline{execution_id=f4bc7a7f-2004-4dda-b7fa-97a7ce795047 chain_id=42161 from_address=0xfea6645D31443cF7Cf96eF1dB7823EB9365f98bf}: cortex::pipeline: transaction signed elapsed_ms=266
2026-04-05T14:34:57.966120Z  INFO ThreadId(18) pipeline{execution_id=ebcaa24e-6d7f-488d-868b-03e275531496 chain_id=1 from_address=0x2EAC739a1e05F4a05a5B8fD93D332c4353E5A7cD}: cortex::pipeline: nonce reserved elapsed_ms=266 nonce=18
2026-04-05T14:34:57.966428Z  INFO ThreadId(06) pipeline{execution_id=010ed797-e678-4bcb-902b-5b0d385ec0ca chain_id=1 from_address=0xCFA80F1f22b0AD533F7d8e2CcC0A783aa4BCaFF3}: cortex::pipeline: transaction signed elapsed_ms=266
2026-04-05T14:34:57.966672Z  INFO ThreadId(03) pipeline{execution_id=50e8389c-e916-4227-8f67-7d4b5f93654e chain_id=137 from_address=0x2EAC739a1e05F4a05a5B8fD93D332c4353E5A7cD}: cortex::pipeline: nonce reserved elapsed_ms=267 nonce=15
2026-04-05T14:34:57.966948Z  INFO ThreadId(05) pipeline{execution_id=ebcaa24e-6d7f-488d-868b-03e275531496 chain_id=1 from_address=0x2EAC739a1e05F4a05a5B8fD93D332c4353E5A7cD}: cortex::pipeline: transaction signed elapsed_ms=267
2026-04-05T14:34:57.966988Z  INFO ThreadId(13) pipeline{execution_id=7e4c83d6-c582-4c07-8df0-8e1773f5e642 chain_id=137 from_address=0x8AfE43fF49EBd5c4B8Cd1497ee77b437dd1711fc}: cortex::pipeline: transaction broadcasted: elapsed_ms=267 tx_hash=0xd293f666a5ba7e4f2d4bd9380e8bc55d939ac6b2bfbb715cdd41681c635682c1
2026-04-05T14:34:57.967205Z  INFO ThreadId(06) pipeline{execution_id=cc171be9-0039-42c7-9d1d-86d09f983a24 chain_id=137 from_address=0x8b172F820629b14cEAF859A6e159d1BcD3291Fe1}: cortex::pipeline: nonce reserved elapsed_ms=267 nonce=16
2026-04-05T14:34:57.967482Z  INFO ThreadId(06) pipeline{execution_id=50e8389c-e916-4227-8f67-7d4b5f93654e chain_id=137 from_address=0x2EAC739a1e05F4a05a5B8fD93D332c4353E5A7cD}: cortex::pipeline: transaction signed elapsed_ms=268
2026-04-05T14:34:57.967751Z  INFO ThreadId(16) pipeline{execution_id=7cce9c7e-fe39-48c9-9ed8-ee601a29805d chain_id=1 from_address=0xfea6645D31443cF7Cf96eF1dB7823EB9365f98bf}: cortex::pipeline: nonce reserved elapsed_ms=268 nonce=12
2026-04-05T14:34:57.967910Z  INFO ThreadId(09) pipeline{execution_id=cc171be9-0039-42c7-9d1d-86d09f983a24 chain_id=137 from_address=0x8b172F820629b14cEAF859A6e159d1BcD3291Fe1}: cortex::pipeline: transaction signed elapsed_ms=268
2026-04-05T14:34:57.968342Z  INFO ThreadId(13) pipeline{execution_id=5421506a-b950-4733-9bfc-846613469acc chain_id=137 from_address=0x2EAC739a1e05F4a05a5B8fD93D332c4353E5A7cD}: cortex::pipeline: nonce reserved elapsed_ms=268 nonce=16
2026-04-05T14:34:57.968600Z  INFO ThreadId(18) pipeline{execution_id=7cce9c7e-fe39-48c9-9ed8-ee601a29805d chain_id=1 from_address=0xfea6645D31443cF7Cf96eF1dB7823EB9365f98bf}: cortex::pipeline: transaction signed elapsed_ms=269
2026-04-05T14:34:57.968714Z  INFO ThreadId(18) pipeline{execution_id=50e8389c-e916-4227-8f67-7d4b5f93654e chain_id=137 from_address=0x2EAC739a1e05F4a05a5B8fD93D332c4353E5A7cD}: cortex::pipeline: transaction broadcasted: elapsed_ms=269 tx_hash=0x0f02334a1fda0271f5546808439673126da3186f4f96a08794d04accf277d909
2026-04-05T14:34:57.968956Z  INFO ThreadId(09) pipeline{execution_id=bb68ef05-fdce-4949-a10e-fd2cb6f97cb2 chain_id=137 from_address=0x8b172F820629b14cEAF859A6e159d1BcD3291Fe1}: cortex::pipeline: nonce reserved elapsed_ms=269 nonce=17
2026-04-05T14:34:57.969321Z  INFO ThreadId(09) pipeline{execution_id=5421506a-b950-4733-9bfc-846613469acc chain_id=137 from_address=0x2EAC739a1e05F4a05a5B8fD93D332c4353E5A7cD}: cortex::pipeline: transaction signed elapsed_ms=269
2026-04-05T14:34:57.969790Z  INFO ThreadId(18) pipeline{execution_id=da00a99a-ef13-41fd-b2cd-ff879283b099 chain_id=137 from_address=0xfea6645D31443cF7Cf96eF1dB7823EB9365f98bf}: cortex::pipeline: nonce reserved elapsed_ms=270 nonce=18
2026-04-05T14:34:57.970026Z  INFO ThreadId(03) pipeline{execution_id=bb68ef05-fdce-4949-a10e-fd2cb6f97cb2 chain_id=137 from_address=0x8b172F820629b14cEAF859A6e159d1BcD3291Fe1}: cortex::pipeline: transaction signed elapsed_ms=270
2026-04-05T14:34:57.970291Z  INFO ThreadId(03) pipeline{execution_id=cc171be9-0039-42c7-9d1d-86d09f983a24 chain_id=137 from_address=0x8b172F820629b14cEAF859A6e159d1BcD3291Fe1}: cortex::pipeline: transaction broadcasted: elapsed_ms=270 tx_hash=0xbc5f7d3cbf403be622bce577b596c02a07de328da9bce72f51f2548019512c27
2026-04-05T14:34:57.970428Z  INFO ThreadId(03) pipeline{execution_id=b2730545-5cc9-4cc3-b624-af26abf00b4f chain_id=1 from_address=0x2EAC739a1e05F4a05a5B8fD93D332c4353E5A7cD}: cortex::pipeline: nonce reserved elapsed_ms=270 nonce=19
2026-04-05T14:34:57.970881Z  INFO ThreadId(03) pipeline{execution_id=da00a99a-ef13-41fd-b2cd-ff879283b099 chain_id=137 from_address=0xfea6645D31443cF7Cf96eF1dB7823EB9365f98bf}: cortex::pipeline: transaction signed elapsed_ms=271
2026-04-05T14:34:57.971116Z  INFO ThreadId(06) pipeline{execution_id=07dd9f3c-1df4-4dfe-a395-289b0ab47724 chain_id=42161 from_address=0x8b172F820629b14cEAF859A6e159d1BcD3291Fe1}: cortex::pipeline: nonce reserved elapsed_ms=271 nonce=14
2026-04-05T14:34:57.971441Z  INFO ThreadId(06) pipeline{execution_id=b2730545-5cc9-4cc3-b624-af26abf00b4f chain_id=1 from_address=0x2EAC739a1e05F4a05a5B8fD93D332c4353E5A7cD}: cortex::pipeline: transaction signed elapsed_ms=271
2026-04-05T14:34:57.971730Z  INFO ThreadId(18) pipeline{execution_id=4e00c204-188d-42b1-8365-a668a376edb6 chain_id=42161 from_address=0xfea6645D31443cF7Cf96eF1dB7823EB9365f98bf}: cortex::pipeline: nonce reserved elapsed_ms=272 nonce=18
2026-04-05T14:34:57.971743Z  INFO ThreadId(06) pipeline{execution_id=5421506a-b950-4733-9bfc-846613469acc chain_id=137 from_address=0x2EAC739a1e05F4a05a5B8fD93D332c4353E5A7cD}: cortex::pipeline: transaction broadcasted: elapsed_ms=272 tx_hash=0x87c2e8b3c38cb8097a5122bf26b1cb0198eed3bb08d281e12c4c1e70c3eb076e
2026-04-05T14:34:57.972209Z  INFO ThreadId(06) pipeline{execution_id=07dd9f3c-1df4-4dfe-a395-289b0ab47724 chain_id=42161 from_address=0x8b172F820629b14cEAF859A6e159d1BcD3291Fe1}: cortex::pipeline: transaction signed elapsed_ms=272
2026-04-05T14:34:57.972266Z  INFO ThreadId(05) pipeline{execution_id=92c91efa-91ed-424b-b523-2fd712a6f193 chain_id=137 from_address=0x8AfE43fF49EBd5c4B8Cd1497ee77b437dd1711fc}: cortex::pipeline: nonce reserved elapsed_ms=272 nonce=16
2026-04-05T14:34:57.972595Z  INFO ThreadId(16) pipeline{execution_id=4e00c204-188d-42b1-8365-a668a376edb6 chain_id=42161 from_address=0xfea6645D31443cF7Cf96eF1dB7823EB9365f98bf}: cortex::pipeline: transaction signed elapsed_ms=272
2026-04-05T14:34:57.972903Z  INFO ThreadId(16) pipeline{execution_id=c2ee9171-b4f4-4e28-9f06-aea64e8351c2 chain_id=1 from_address=0x8b172F820629b14cEAF859A6e159d1BcD3291Fe1}: cortex::pipeline: nonce reserved elapsed_ms=273 nonce=23
2026-04-05T14:34:57.972927Z  INFO ThreadId(06) pipeline{execution_id=bb68ef05-fdce-4949-a10e-fd2cb6f97cb2 chain_id=137 from_address=0x8b172F820629b14cEAF859A6e159d1BcD3291Fe1}: cortex::pipeline: transaction broadcasted: elapsed_ms=273 tx_hash=0x1427caf6ffc9318be483490d8941898129d8bf91589cf608564603ce9656d8a7
2026-04-05T14:34:57.972996Z  INFO ThreadId(16) pipeline{execution_id=92c91efa-91ed-424b-b523-2fd712a6f193 chain_id=137 from_address=0x8AfE43fF49EBd5c4B8Cd1497ee77b437dd1711fc}: cortex::pipeline: transaction signed elapsed_ms=273
2026-04-05T14:34:57.973507Z  INFO ThreadId(05) pipeline{execution_id=b774fc6d-2136-4977-8b99-daa837cce924 chain_id=137 from_address=0x8AfE43fF49EBd5c4B8Cd1497ee77b437dd1711fc}: cortex::pipeline: nonce reserved elapsed_ms=273 nonce=17
2026-04-05T14:34:57.973718Z  INFO ThreadId(16) pipeline{execution_id=c2ee9171-b4f4-4e28-9f06-aea64e8351c2 chain_id=1 from_address=0x8b172F820629b14cEAF859A6e159d1BcD3291Fe1}: cortex::pipeline: transaction signed elapsed_ms=274
2026-04-05T14:34:57.974054Z  INFO ThreadId(16) pipeline{execution_id=9ee86137-207a-46b5-9124-6ba474cb2198 chain_id=137 from_address=0x8b172F820629b14cEAF859A6e159d1BcD3291Fe1}: cortex::pipeline: nonce reserved elapsed_ms=274 nonce=18
2026-04-05T14:34:57.974268Z  INFO ThreadId(03) pipeline{execution_id=b774fc6d-2136-4977-8b99-daa837cce924 chain_id=137 from_address=0x8AfE43fF49EBd5c4B8Cd1497ee77b437dd1711fc}: cortex::pipeline: transaction signed elapsed_ms=274
2026-04-05T14:34:57.974397Z  INFO ThreadId(16) pipeline{execution_id=da00a99a-ef13-41fd-b2cd-ff879283b099 chain_id=137 from_address=0xfea6645D31443cF7Cf96eF1dB7823EB9365f98bf}: cortex::pipeline: transaction broadcasted: elapsed_ms=274 tx_hash=0x90d5817289edb6378ab9fb5ccf331ac74ba960b3a02b81291b385c1c4fdc5ab3
2026-04-05T14:34:57.974532Z  INFO ThreadId(03) pipeline{execution_id=7a6ce361-6fdd-43ac-85a8-2cbb3c3d9b1a chain_id=42161 from_address=0x8b172F820629b14cEAF859A6e159d1BcD3291Fe1}: cortex::pipeline: nonce reserved elapsed_ms=274 nonce=15
2026-04-05T14:34:57.974845Z  INFO ThreadId(13) pipeline{execution_id=9ee86137-207a-46b5-9124-6ba474cb2198 chain_id=137 from_address=0x8b172F820629b14cEAF859A6e159d1BcD3291Fe1}: cortex::pipeline: transaction signed elapsed_ms=275
2026-04-05T14:34:57.975156Z  INFO ThreadId(03) pipeline{execution_id=84d5a456-5bd4-4b76-b304-a8c34ba3ec8f chain_id=1 from_address=0x2EAC739a1e05F4a05a5B8fD93D332c4353E5A7cD}: cortex::pipeline: nonce reserved elapsed_ms=275 nonce=20
2026-04-05T14:34:57.975596Z  INFO ThreadId(06) pipeline{execution_id=7a6ce361-6fdd-43ac-85a8-2cbb3c3d9b1a chain_id=42161 from_address=0x8b172F820629b14cEAF859A6e159d1BcD3291Fe1}: cortex::pipeline: transaction signed elapsed_ms=275
2026-04-05T14:34:57.975786Z  INFO ThreadId(06) pipeline{execution_id=5c8087c5-f67d-4457-ad37-c76f274b7ce2 chain_id=1 from_address=0xCFA80F1f22b0AD533F7d8e2CcC0A783aa4BCaFF3}: cortex::pipeline: nonce reserved elapsed_ms=276 nonce=15
2026-04-05T14:34:57.975936Z  INFO ThreadId(06) pipeline{execution_id=92c91efa-91ed-424b-b523-2fd712a6f193 chain_id=137 from_address=0x8AfE43fF49EBd5c4B8Cd1497ee77b437dd1711fc}: cortex::pipeline: transaction broadcasted: elapsed_ms=276 tx_hash=0x6607ad33950d73930d5d60943a772ec08f39645b3904736010689d32c62a4c7b
2026-04-05T14:34:57.976167Z  INFO ThreadId(05) pipeline{execution_id=84d5a456-5bd4-4b76-b304-a8c34ba3ec8f chain_id=1 from_address=0x2EAC739a1e05F4a05a5B8fD93D332c4353E5A7cD}: cortex::pipeline: transaction signed elapsed_ms=276
2026-04-05T14:34:57.976510Z  INFO ThreadId(06) pipeline{execution_id=46f06d09-2e71-4bf7-9364-f1df703287f9 chain_id=1 from_address=0xCFA80F1f22b0AD533F7d8e2CcC0A783aa4BCaFF3}: cortex::pipeline: nonce reserved elapsed_ms=276 nonce=16
2026-04-05T14:34:57.976827Z  INFO ThreadId(03) pipeline{execution_id=5c8087c5-f67d-4457-ad37-c76f274b7ce2 chain_id=1 from_address=0xCFA80F1f22b0AD533F7d8e2CcC0A783aa4BCaFF3}: cortex::pipeline: transaction signed elapsed_ms=277
2026-04-05T14:34:57.977135Z  INFO ThreadId(03) pipeline{execution_id=2b743e0c-d79a-4e5e-be2b-20a7cc211736 chain_id=137 from_address=0xfea6645D31443cF7Cf96eF1dB7823EB9365f98bf}: cortex::pipeline: nonce reserved elapsed_ms=277 nonce=19
2026-04-05T14:34:57.977453Z  INFO ThreadId(16) pipeline{execution_id=46f06d09-2e71-4bf7-9364-f1df703287f9 chain_id=1 from_address=0xCFA80F1f22b0AD533F7d8e2CcC0A783aa4BCaFF3}: cortex::pipeline: transaction signed elapsed_ms=277
2026-04-05T14:34:57.977795Z  INFO ThreadId(16) pipeline{execution_id=b774fc6d-2136-4977-8b99-daa837cce924 chain_id=137 from_address=0x8AfE43fF49EBd5c4B8Cd1497ee77b437dd1711fc}: cortex::pipeline: transaction broadcasted: elapsed_ms=278 tx_hash=0x39b5e7d9c342c8dc551425053917fcbadf0f55dfaea4fc88e2f7739b3de04cf0
2026-04-05T14:34:57.977795Z  INFO ThreadId(05) pipeline{execution_id=e3f07370-3f92-4427-a314-fd8065876d47 chain_id=42161 from_address=0x8AfE43fF49EBd5c4B8Cd1497ee77b437dd1711fc}: cortex::pipeline: nonce reserved elapsed_ms=277 nonce=15
2026-04-05T14:34:57.978027Z  INFO ThreadId(09) pipeline{execution_id=2b743e0c-d79a-4e5e-be2b-20a7cc211736 chain_id=137 from_address=0xfea6645D31443cF7Cf96eF1dB7823EB9365f98bf}: cortex::pipeline: transaction signed elapsed_ms=278
2026-04-05T14:34:57.978594Z  INFO ThreadId(03) pipeline{execution_id=6778b9b7-fb6d-4887-ac51-d3494a72bb75 chain_id=1 from_address=0x8b172F820629b14cEAF859A6e159d1BcD3291Fe1}: cortex::pipeline: nonce reserved elapsed_ms=278 nonce=24
2026-04-05T14:34:57.978671Z  INFO ThreadId(16) pipeline{execution_id=e3f07370-3f92-4427-a314-fd8065876d47 chain_id=42161 from_address=0x8AfE43fF49EBd5c4B8Cd1497ee77b437dd1711fc}: cortex::pipeline: transaction signed elapsed_ms=278
2026-04-05T14:34:57.979079Z  INFO ThreadId(09) pipeline{execution_id=c956483d-ca44-4224-8261-859ce32d1806 chain_id=1 from_address=0x2EAC739a1e05F4a05a5B8fD93D332c4353E5A7cD}: cortex::pipeline: nonce reserved elapsed_ms=279 nonce=21
2026-04-05T14:34:57.979081Z  INFO ThreadId(13) pipeline{execution_id=9ee86137-207a-46b5-9124-6ba474cb2198 chain_id=137 from_address=0x8b172F820629b14cEAF859A6e159d1BcD3291Fe1}: cortex::pipeline: transaction broadcasted: elapsed_ms=279 tx_hash=0x1d7a868970c73a50166c9d221e140ba84802572e8470bdb5b1ad9ef88e37d916
2026-04-05T14:34:57.979490Z  INFO ThreadId(16) pipeline{execution_id=6778b9b7-fb6d-4887-ac51-d3494a72bb75 chain_id=1 from_address=0x8b172F820629b14cEAF859A6e159d1BcD3291Fe1}: cortex::pipeline: transaction signed elapsed_ms=279
2026-04-05T14:34:57.979677Z  INFO ThreadId(09) pipeline{execution_id=16053a8b-3288-4549-9ddf-164f16dcab38 chain_id=137 from_address=0x2EAC739a1e05F4a05a5B8fD93D332c4353E5A7cD}: cortex::pipeline: nonce reserved elapsed_ms=279 nonce=17
2026-04-05T14:34:57.979993Z  INFO ThreadId(05) pipeline{execution_id=c956483d-ca44-4224-8261-859ce32d1806 chain_id=1 from_address=0x2EAC739a1e05F4a05a5B8fD93D332c4353E5A7cD}: cortex::pipeline: transaction signed elapsed_ms=280
2026-04-05T14:34:57.980199Z  INFO ThreadId(05) pipeline{execution_id=99e3c0eb-b1e6-4f94-9683-f69dfbfbe266 chain_id=1 from_address=0xfea6645D31443cF7Cf96eF1dB7823EB9365f98bf}: cortex::pipeline: nonce reserved elapsed_ms=280 nonce=13
2026-04-05T14:34:57.980460Z  INFO ThreadId(16) pipeline{execution_id=2b743e0c-d79a-4e5e-be2b-20a7cc211736 chain_id=137 from_address=0xfea6645D31443cF7Cf96eF1dB7823EB9365f98bf}: cortex::pipeline: transaction broadcasted: elapsed_ms=280 tx_hash=0x765c5bfce2befd46cb7228f897a38b920116831170a93f50dc7b0038dcb499ed
2026-04-05T14:34:57.980641Z  INFO ThreadId(16) pipeline{execution_id=16053a8b-3288-4549-9ddf-164f16dcab38 chain_id=137 from_address=0x2EAC739a1e05F4a05a5B8fD93D332c4353E5A7cD}: cortex::pipeline: transaction signed elapsed_ms=280
2026-04-05T14:34:57.980775Z  INFO ThreadId(05) pipeline{execution_id=babdb45e-854c-4198-9004-07d296a566e6 chain_id=137 from_address=0x8b172F820629b14cEAF859A6e159d1BcD3291Fe1}: cortex::pipeline: nonce reserved elapsed_ms=280 nonce=19
2026-04-05T14:34:57.981074Z  INFO ThreadId(05) pipeline{execution_id=99e3c0eb-b1e6-4f94-9683-f69dfbfbe266 chain_id=1 from_address=0xfea6645D31443cF7Cf96eF1dB7823EB9365f98bf}: cortex::pipeline: transaction signed elapsed_ms=281
2026-04-05T14:34:57.981397Z  INFO ThreadId(05) pipeline{execution_id=a5645a6d-d84d-491a-9ea4-26035351a6c8 chain_id=137 from_address=0x8AfE43fF49EBd5c4B8Cd1497ee77b437dd1711fc}: cortex::pipeline: nonce reserved elapsed_ms=281 nonce=18
2026-04-05T14:34:57.981604Z  INFO ThreadId(03) pipeline{execution_id=babdb45e-854c-4198-9004-07d296a566e6 chain_id=137 from_address=0x8b172F820629b14cEAF859A6e159d1BcD3291Fe1}: cortex::pipeline: transaction signed elapsed_ms=281
2026-04-05T14:34:57.981976Z  INFO ThreadId(16) pipeline{execution_id=fe8b180e-480d-4a33-9ed6-eb99b1806f1e chain_id=42161 from_address=0x8AfE43fF49EBd5c4B8Cd1497ee77b437dd1711fc}: cortex::pipeline: nonce reserved elapsed_ms=281 nonce=16
2026-04-05T14:34:57.982032Z  INFO ThreadId(03) pipeline{execution_id=16053a8b-3288-4549-9ddf-164f16dcab38 chain_id=137 from_address=0x2EAC739a1e05F4a05a5B8fD93D332c4353E5A7cD}: cortex::pipeline: transaction broadcasted: elapsed_ms=282 tx_hash=0xc997c8f3fdf19528707a7218911928488ee3b3b993faf8542dd74ef07bf28082
2026-04-05T14:34:57.982256Z  INFO ThreadId(16) pipeline{execution_id=a5645a6d-d84d-491a-9ea4-26035351a6c8 chain_id=137 from_address=0x8AfE43fF49EBd5c4B8Cd1497ee77b437dd1711fc}: cortex::pipeline: transaction signed elapsed_ms=282
2026-04-05T14:34:57.982464Z  INFO ThreadId(09) pipeline{execution_id=860bc43f-358a-411a-83ad-9e2e6387013d chain_id=42161 from_address=0x8AfE43fF49EBd5c4B8Cd1497ee77b437dd1711fc}: cortex::pipeline: nonce reserved elapsed_ms=282 nonce=17
2026-04-05T14:34:57.982955Z  INFO ThreadId(05) pipeline{execution_id=fe8b180e-480d-4a33-9ed6-eb99b1806f1e chain_id=42161 from_address=0x8AfE43fF49EBd5c4B8Cd1497ee77b437dd1711fc}: cortex::pipeline: transaction signed elapsed_ms=282
2026-04-05T14:34:57.983265Z  INFO ThreadId(16) pipeline{execution_id=77b47146-431c-4309-a1c1-310092798f4f chain_id=137 from_address=0x8AfE43fF49EBd5c4B8Cd1497ee77b437dd1711fc}: cortex::pipeline: nonce reserved elapsed_ms=283 nonce=19
2026-04-05T14:34:57.983523Z  INFO ThreadId(05) pipeline{execution_id=860bc43f-358a-411a-83ad-9e2e6387013d chain_id=42161 from_address=0x8AfE43fF49EBd5c4B8Cd1497ee77b437dd1711fc}: cortex::pipeline: transaction signed elapsed_ms=283
2026-04-05T14:34:57.983888Z  INFO ThreadId(06) pipeline{execution_id=babdb45e-854c-4198-9004-07d296a566e6 chain_id=137 from_address=0x8b172F820629b14cEAF859A6e159d1BcD3291Fe1}: cortex::pipeline: transaction broadcasted: elapsed_ms=283 tx_hash=0xbeedaaa090f88ef6414b97ac9130e727c0044f341ae0caac353151651311e94a
2026-04-05T14:34:57.983949Z  INFO ThreadId(13) pipeline{execution_id=468cc092-3bb5-4dfc-866d-c9a255770c56 chain_id=1 from_address=0xfea6645D31443cF7Cf96eF1dB7823EB9365f98bf}: cortex::pipeline: nonce reserved elapsed_ms=284 nonce=14
2026-04-05T14:34:57.984392Z  INFO ThreadId(05) pipeline{execution_id=77b47146-431c-4309-a1c1-310092798f4f chain_id=137 from_address=0x8AfE43fF49EBd5c4B8Cd1497ee77b437dd1711fc}: cortex::pipeline: transaction signed elapsed_ms=284
2026-04-05T14:34:57.984526Z  INFO ThreadId(13) pipeline{execution_id=d67fba38-e1c8-4bb5-801e-2306582bfe0a chain_id=42161 from_address=0x8b172F820629b14cEAF859A6e159d1BcD3291Fe1}: cortex::pipeline: nonce reserved elapsed_ms=284 nonce=16
2026-04-05T14:34:57.984952Z  INFO ThreadId(05) pipeline{execution_id=468cc092-3bb5-4dfc-866d-c9a255770c56 chain_id=1 from_address=0xfea6645D31443cF7Cf96eF1dB7823EB9365f98bf}: cortex::pipeline: transaction signed elapsed_ms=285
2026-04-05T14:34:57.985324Z  INFO ThreadId(06) pipeline{execution_id=a5645a6d-d84d-491a-9ea4-26035351a6c8 chain_id=137 from_address=0x8AfE43fF49EBd5c4B8Cd1497ee77b437dd1711fc}: cortex::pipeline: transaction broadcasted: elapsed_ms=285 tx_hash=0xe5b8fcbdc36983238b9451f817fbfc993e0bdc8b80d9eb657f8d82cd83c8c441
2026-04-05T14:34:57.985504Z  INFO ThreadId(03) pipeline{execution_id=d67fba38-e1c8-4bb5-801e-2306582bfe0a chain_id=42161 from_address=0x8b172F820629b14cEAF859A6e159d1BcD3291Fe1}: cortex::pipeline: transaction signed elapsed_ms=285
2026-04-05T14:34:57.985542Z  INFO ThreadId(06) pipeline{execution_id=7406e18e-97ef-4213-83cd-609d9f90d795 chain_id=42161 from_address=0xfea6645D31443cF7Cf96eF1dB7823EB9365f98bf}: cortex::pipeline: nonce reserved elapsed_ms=285 nonce=19
2026-04-05T14:34:57.985741Z  INFO ThreadId(03) pipeline{execution_id=55f4ddca-e60c-4fba-9812-c7e8736ba0d4 chain_id=1 from_address=0xCFA80F1f22b0AD533F7d8e2CcC0A783aa4BCaFF3}: cortex::pipeline: nonce reserved elapsed_ms=285 nonce=17
2026-04-05T14:34:57.986334Z  INFO ThreadId(03) pipeline{execution_id=12077b33-8f37-4efc-9945-48c038d20815 chain_id=137 from_address=0x8AfE43fF49EBd5c4B8Cd1497ee77b437dd1711fc}: cortex::pipeline: nonce reserved elapsed_ms=286 nonce=20
2026-04-05T14:34:57.986431Z  INFO ThreadId(13) pipeline{execution_id=7406e18e-97ef-4213-83cd-609d9f90d795 chain_id=42161 from_address=0xfea6645D31443cF7Cf96eF1dB7823EB9365f98bf}: cortex::pipeline: transaction signed elapsed_ms=286
2026-04-05T14:34:57.986728Z  INFO ThreadId(05) pipeline{execution_id=55f4ddca-e60c-4fba-9812-c7e8736ba0d4 chain_id=1 from_address=0xCFA80F1f22b0AD533F7d8e2CcC0A783aa4BCaFF3}: cortex::pipeline: transaction signed elapsed_ms=286
2026-04-05T14:34:57.986936Z  INFO ThreadId(06) pipeline{execution_id=77b47146-431c-4309-a1c1-310092798f4f chain_id=137 from_address=0x8AfE43fF49EBd5c4B8Cd1497ee77b437dd1711fc}: cortex::pipeline: transaction broadcasted: elapsed_ms=286 tx_hash=0xe9c8460d4c27e8f954a26e27ad09223aa58c655547f6a7e0d1b5abc576bc47cd
2026-04-05T14:34:57.986993Z  INFO ThreadId(05) pipeline{execution_id=9f6719b7-4c6f-4298-948d-c88b137e3a12 chain_id=1 from_address=0x8AfE43fF49EBd5c4B8Cd1497ee77b437dd1711fc}: cortex::pipeline: nonce reserved elapsed_ms=286 nonce=15
2026-04-05T14:34:57.987138Z  INFO ThreadId(05) pipeline{execution_id=12077b33-8f37-4efc-9945-48c038d20815 chain_id=137 from_address=0x8AfE43fF49EBd5c4B8Cd1497ee77b437dd1711fc}: cortex::pipeline: transaction signed elapsed_ms=286
2026-04-05T14:34:57.987552Z  INFO ThreadId(16) pipeline{execution_id=132d3e07-554a-4733-9de2-6450bb41b291 chain_id=1 from_address=0x8AfE43fF49EBd5c4B8Cd1497ee77b437dd1711fc}: cortex::pipeline: nonce reserved elapsed_ms=287 nonce=16
2026-04-05T14:34:57.987745Z  INFO ThreadId(13) pipeline{execution_id=9f6719b7-4c6f-4298-948d-c88b137e3a12 chain_id=1 from_address=0x8AfE43fF49EBd5c4B8Cd1497ee77b437dd1711fc}: cortex::pipeline: transaction signed elapsed_ms=287
2026-04-05T14:34:57.988042Z  INFO ThreadId(09) pipeline{execution_id=cc231a16-5899-418a-be0b-f8ba1d7c0803 chain_id=1 from_address=0x2EAC739a1e05F4a05a5B8fD93D332c4353E5A7cD}: cortex::pipeline: nonce reserved elapsed_ms=287 nonce=22
2026-04-05T14:34:57.988143Z  INFO ThreadId(09) pipeline{execution_id=12077b33-8f37-4efc-9945-48c038d20815 chain_id=137 from_address=0x8AfE43fF49EBd5c4B8Cd1497ee77b437dd1711fc}: cortex::pipeline: transaction broadcasted: elapsed_ms=287 tx_hash=0x1f47e39b51ed453a2adcfeca68fe0fd4bd5359b4051f8441a118ace86b47002e
2026-04-05T14:34:57.988298Z  INFO ThreadId(16) pipeline{execution_id=132d3e07-554a-4733-9de2-6450bb41b291 chain_id=1 from_address=0x8AfE43fF49EBd5c4B8Cd1497ee77b437dd1711fc}: cortex::pipeline: transaction signed elapsed_ms=288
2026-04-05T14:34:57.988527Z  INFO ThreadId(03) pipeline{execution_id=cedc7ce1-a1a0-4dd8-af8e-8eb1fd8136cc chain_id=42161 from_address=0xfea6645D31443cF7Cf96eF1dB7823EB9365f98bf}: cortex::pipeline: nonce reserved elapsed_ms=288 nonce=20
2026-04-05T14:34:57.988780Z  INFO ThreadId(05) pipeline{execution_id=cc231a16-5899-418a-be0b-f8ba1d7c0803 chain_id=1 from_address=0x2EAC739a1e05F4a05a5B8fD93D332c4353E5A7cD}: cortex::pipeline: transaction signed elapsed_ms=288
2026-04-05T14:34:57.989068Z  INFO ThreadId(16) pipeline{execution_id=68266553-17d9-40a9-a254-35e0676e0a87 chain_id=137 from_address=0x8AfE43fF49EBd5c4B8Cd1497ee77b437dd1711fc}: cortex::pipeline: nonce reserved elapsed_ms=288 nonce=21
2026-04-05T14:34:57.989337Z  INFO ThreadId(16) pipeline{execution_id=cedc7ce1-a1a0-4dd8-af8e-8eb1fd8136cc chain_id=42161 from_address=0xfea6645D31443cF7Cf96eF1dB7823EB9365f98bf}: cortex::pipeline: transaction signed elapsed_ms=289
2026-04-05T14:34:57.989660Z  INFO ThreadId(05) pipeline{execution_id=de4b07ac-6e5f-4f96-a8dd-75d348c1a338 chain_id=1 from_address=0x8b172F820629b14cEAF859A6e159d1BcD3291Fe1}: cortex::pipeline: nonce reserved elapsed_ms=289 nonce=25
2026-04-05T14:34:57.989931Z  INFO ThreadId(05) pipeline{execution_id=68266553-17d9-40a9-a254-35e0676e0a87 chain_id=137 from_address=0x8AfE43fF49EBd5c4B8Cd1497ee77b437dd1711fc}: cortex::pipeline: transaction signed elapsed_ms=289
2026-04-05T14:34:57.990362Z  INFO ThreadId(06) pipeline{execution_id=26c027de-729c-402a-ae50-e960c4f80cb0 chain_id=1 from_address=0xfea6645D31443cF7Cf96eF1dB7823EB9365f98bf}: cortex::pipeline: nonce reserved elapsed_ms=290 nonce=15
2026-04-05T14:34:57.990862Z  INFO ThreadId(03) pipeline{execution_id=de4b07ac-6e5f-4f96-a8dd-75d348c1a338 chain_id=1 from_address=0x8b172F820629b14cEAF859A6e159d1BcD3291Fe1}: cortex::pipeline: transaction signed elapsed_ms=290
2026-04-05T14:34:57.991491Z  INFO ThreadId(16) pipeline{execution_id=ae3583fd-9f29-4ead-b283-0f08afe1f7c0 chain_id=1 from_address=0x8AfE43fF49EBd5c4B8Cd1497ee77b437dd1711fc}: cortex::pipeline: nonce reserved elapsed_ms=291 nonce=17
2026-04-05T14:34:57.991534Z  INFO ThreadId(13) pipeline{execution_id=68266553-17d9-40a9-a254-35e0676e0a87 chain_id=137 from_address=0x8AfE43fF49EBd5c4B8Cd1497ee77b437dd1711fc}: cortex::pipeline: transaction broadcasted: elapsed_ms=291 tx_hash=0x4b56777cdcff3b282218ddd4f1a05b0bcd706d25b82146964d109bc5e14488bc
2026-04-05T14:34:57.991800Z  INFO ThreadId(06) pipeline{execution_id=26c027de-729c-402a-ae50-e960c4f80cb0 chain_id=1 from_address=0xfea6645D31443cF7Cf96eF1dB7823EB9365f98bf}: cortex::pipeline: transaction signed elapsed_ms=291
2026-04-05T14:34:57.992083Z  INFO ThreadId(09) pipeline{execution_id=a9c6c9cf-77ce-4a83-89a7-5c4f0fad7508 chain_id=137 from_address=0xfea6645D31443cF7Cf96eF1dB7823EB9365f98bf}: cortex::pipeline: nonce reserved elapsed_ms=291 nonce=20
2026-04-05T14:34:57.992407Z  INFO ThreadId(05) pipeline{execution_id=ae3583fd-9f29-4ead-b283-0f08afe1f7c0 chain_id=1 from_address=0x8AfE43fF49EBd5c4B8Cd1497ee77b437dd1711fc}: cortex::pipeline: transaction signed elapsed_ms=292
2026-04-05T14:34:57.992600Z  INFO ThreadId(05) pipeline{execution_id=bc5fd64b-f16e-4419-8d6e-c26734d903cf chain_id=1 from_address=0x8AfE43fF49EBd5c4B8Cd1497ee77b437dd1711fc}: cortex::pipeline: nonce reserved elapsed_ms=292 nonce=18
2026-04-05T14:34:57.992890Z  INFO ThreadId(09) pipeline{execution_id=a9c6c9cf-77ce-4a83-89a7-5c4f0fad7508 chain_id=137 from_address=0xfea6645D31443cF7Cf96eF1dB7823EB9365f98bf}: cortex::pipeline: transaction signed elapsed_ms=292
2026-04-05T14:34:57.993116Z  INFO ThreadId(06) pipeline{execution_id=fb6192a7-c740-4a44-a628-921afec4611b chain_id=42161 from_address=0x8AfE43fF49EBd5c4B8Cd1497ee77b437dd1711fc}: cortex::pipeline: nonce reserved elapsed_ms=292 nonce=18
2026-04-05T14:34:57.993422Z  INFO ThreadId(09) pipeline{execution_id=bc5fd64b-f16e-4419-8d6e-c26734d903cf chain_id=1 from_address=0x8AfE43fF49EBd5c4B8Cd1497ee77b437dd1711fc}: cortex::pipeline: transaction signed elapsed_ms=292
2026-04-05T14:34:57.993674Z  INFO ThreadId(16) pipeline{execution_id=7d16b2a1-86f3-4e7d-b67f-8267fc929d1e chain_id=1 from_address=0xfea6645D31443cF7Cf96eF1dB7823EB9365f98bf}: cortex::pipeline: nonce reserved elapsed_ms=293 nonce=16
2026-04-05T14:34:57.993912Z  INFO ThreadId(09) pipeline{execution_id=fb6192a7-c740-4a44-a628-921afec4611b chain_id=42161 from_address=0x8AfE43fF49EBd5c4B8Cd1497ee77b437dd1711fc}: cortex::pipeline: transaction signed elapsed_ms=293
2026-04-05T14:34:57.994276Z  INFO ThreadId(06) pipeline{execution_id=06f4991b-3784-4760-89db-bd88125150d4 chain_id=1 from_address=0xfea6645D31443cF7Cf96eF1dB7823EB9365f98bf}: cortex::pipeline: nonce reserved elapsed_ms=293 nonce=17
2026-04-05T14:34:57.994463Z  INFO ThreadId(06) pipeline{execution_id=7d16b2a1-86f3-4e7d-b67f-8267fc929d1e chain_id=1 from_address=0xfea6645D31443cF7Cf96eF1dB7823EB9365f98bf}: cortex::pipeline: transaction signed elapsed_ms=293
2026-04-05T14:34:57.994591Z  INFO ThreadId(09) pipeline{execution_id=a9c6c9cf-77ce-4a83-89a7-5c4f0fad7508 chain_id=137 from_address=0xfea6645D31443cF7Cf96eF1dB7823EB9365f98bf}: cortex::pipeline: transaction broadcasted: elapsed_ms=294 tx_hash=0xd07400972fd0dca08836cce905a77a4b6023db7ecd95547718c76f0de190757f
2026-04-05T14:34:57.994935Z  INFO ThreadId(05) pipeline{execution_id=4aac2b91-cb4d-490a-8af7-29432a9f2d0b chain_id=42161 from_address=0x8b172F820629b14cEAF859A6e159d1BcD3291Fe1}: cortex::pipeline: nonce reserved elapsed_ms=294 nonce=17
2026-04-05T14:34:57.995100Z  INFO ThreadId(09) pipeline{execution_id=06f4991b-3784-4760-89db-bd88125150d4 chain_id=1 from_address=0xfea6645D31443cF7Cf96eF1dB7823EB9365f98bf}: cortex::pipeline: transaction signed elapsed_ms=294
2026-04-05T14:34:57.995460Z  INFO ThreadId(05) pipeline{execution_id=fcd00ab5-19cf-4054-bdb7-fa06768fb0de chain_id=42161 from_address=0xCFA80F1f22b0AD533F7d8e2CcC0A783aa4BCaFF3}: cortex::pipeline: nonce reserved elapsed_ms=294 nonce=14
2026-04-05T14:34:57.995746Z  INFO ThreadId(06) pipeline{execution_id=4aac2b91-cb4d-490a-8af7-29432a9f2d0b chain_id=42161 from_address=0x8b172F820629b14cEAF859A6e159d1BcD3291Fe1}: cortex::pipeline: transaction signed elapsed_ms=295
2026-04-05T14:34:57.996014Z  INFO ThreadId(09) pipeline{execution_id=f280d7a9-b1e0-4c38-a1cd-1717e8ca4917 chain_id=137 from_address=0xCFA80F1f22b0AD533F7d8e2CcC0A783aa4BCaFF3}: cortex::pipeline: nonce reserved elapsed_ms=295 nonce=17
2026-04-05T14:34:57.997443Z  INFO ThreadId(05) pipeline{execution_id=fcd00ab5-19cf-4054-bdb7-fa06768fb0de chain_id=42161 from_address=0xCFA80F1f22b0AD533F7d8e2CcC0A783aa4BCaFF3}: cortex::pipeline: transaction signed elapsed_ms=296
2026-04-05T14:34:57.997691Z  INFO ThreadId(13) pipeline{execution_id=8b6a6f2d-0a3b-4058-81c8-cc567f8e2655 chain_id=42161 from_address=0xCFA80F1f22b0AD533F7d8e2CcC0A783aa4BCaFF3}: cortex::pipeline: nonce reserved elapsed_ms=297 nonce=15
2026-04-05T14:34:57.997939Z  INFO ThreadId(09) pipeline{execution_id=f280d7a9-b1e0-4c38-a1cd-1717e8ca4917 chain_id=137 from_address=0xCFA80F1f22b0AD533F7d8e2CcC0A783aa4BCaFF3}: cortex::pipeline: transaction signed elapsed_ms=297
2026-04-05T14:34:57.998319Z  INFO ThreadId(05) pipeline{execution_id=f56a3643-8756-46cc-9b1d-c880cdc7b840 chain_id=42161 from_address=0xfea6645D31443cF7Cf96eF1dB7823EB9365f98bf}: cortex::pipeline: nonce reserved elapsed_ms=297 nonce=21
2026-04-05T14:34:57.998547Z  INFO ThreadId(05) pipeline{execution_id=8b6a6f2d-0a3b-4058-81c8-cc567f8e2655 chain_id=42161 from_address=0xCFA80F1f22b0AD533F7d8e2CcC0A783aa4BCaFF3}: cortex::pipeline: transaction signed elapsed_ms=297
2026-04-05T14:34:57.998930Z  INFO ThreadId(09) pipeline{execution_id=a53d037a-0d06-4d83-8abf-0adb384a8025 chain_id=137 from_address=0x2EAC739a1e05F4a05a5B8fD93D332c4353E5A7cD}: cortex::pipeline: nonce reserved elapsed_ms=298 nonce=18
2026-04-05T14:34:57.999195Z  INFO ThreadId(16) pipeline{execution_id=f56a3643-8756-46cc-9b1d-c880cdc7b840 chain_id=42161 from_address=0xfea6645D31443cF7Cf96eF1dB7823EB9365f98bf}: cortex::pipeline: transaction signed elapsed_ms=298
2026-04-05T14:34:57.999329Z  INFO ThreadId(16) pipeline{execution_id=f280d7a9-b1e0-4c38-a1cd-1717e8ca4917 chain_id=137 from_address=0xCFA80F1f22b0AD533F7d8e2CcC0A783aa4BCaFF3}: cortex::pipeline: transaction broadcasted: elapsed_ms=298 tx_hash=0xf9349b17a3c39718c9b03506f5bfe177891e16cd547fa7380b76dc97782d162d
2026-04-05T14:34:57.999511Z  INFO ThreadId(16) pipeline{execution_id=7227a85e-9067-4cf1-b625-e41f422bc247 chain_id=42161 from_address=0xCFA80F1f22b0AD533F7d8e2CcC0A783aa4BCaFF3}: cortex::pipeline: nonce reserved elapsed_ms=298 nonce=16
2026-04-05T14:34:57.999767Z  INFO ThreadId(18) pipeline{execution_id=a53d037a-0d06-4d83-8abf-0adb384a8025 chain_id=137 from_address=0x2EAC739a1e05F4a05a5B8fD93D332c4353E5A7cD}: cortex::pipeline: transaction signed elapsed_ms=298
2026-04-05T14:34:58.000016Z  INFO ThreadId(05) pipeline{execution_id=156803f0-2566-4272-a0b3-4d09baad2753 chain_id=42161 from_address=0xfea6645D31443cF7Cf96eF1dB7823EB9365f98bf}: cortex::pipeline: nonce reserved elapsed_ms=299 nonce=22
2026-04-05T14:34:58.000399Z  INFO ThreadId(09) pipeline{execution_id=7227a85e-9067-4cf1-b625-e41f422bc247 chain_id=42161 from_address=0xCFA80F1f22b0AD533F7d8e2CcC0A783aa4BCaFF3}: cortex::pipeline: transaction signed elapsed_ms=299
2026-04-05T14:34:58.000735Z  INFO ThreadId(09) pipeline{execution_id=7f0f4ac4-8abd-4e32-9514-75701571a94f chain_id=137 from_address=0xfea6645D31443cF7Cf96eF1dB7823EB9365f98bf}: cortex::pipeline: nonce reserved elapsed_ms=299 nonce=21
2026-04-05T14:34:58.000999Z  INFO ThreadId(09) pipeline{execution_id=156803f0-2566-4272-a0b3-4d09baad2753 chain_id=42161 from_address=0xfea6645D31443cF7Cf96eF1dB7823EB9365f98bf}: cortex::pipeline: transaction signed elapsed_ms=300
2026-04-05T14:34:58.001013Z  INFO ThreadId(16) pipeline{execution_id=a53d037a-0d06-4d83-8abf-0adb384a8025 chain_id=137 from_address=0x2EAC739a1e05F4a05a5B8fD93D332c4353E5A7cD}: cortex::pipeline: transaction broadcasted: elapsed_ms=300 tx_hash=0x5a07813cdaa2b214885b3a3b7a17f2109ec331b842647fb3747299f8890ef6a1
2026-04-05T14:34:58.001299Z  INFO ThreadId(06) pipeline{execution_id=6c5173a3-3f38-4d92-9192-53c932a06ec0 chain_id=137 from_address=0xCFA80F1f22b0AD533F7d8e2CcC0A783aa4BCaFF3}: cortex::pipeline: nonce reserved elapsed_ms=300 nonce=18
2026-04-05T14:34:58.001561Z  INFO ThreadId(18) pipeline{execution_id=7f0f4ac4-8abd-4e32-9514-75701571a94f chain_id=137 from_address=0xfea6645D31443cF7Cf96eF1dB7823EB9365f98bf}: cortex::pipeline: transaction signed elapsed_ms=300
2026-04-05T14:34:58.001817Z  INFO ThreadId(18) pipeline{execution_id=40085a80-303c-4d81-86ed-9e1aec637f49 chain_id=137 from_address=0x8b172F820629b14cEAF859A6e159d1BcD3291Fe1}: cortex::pipeline: nonce reserved elapsed_ms=300 nonce=20
2026-04-05T14:34:58.002023Z  INFO ThreadId(18) pipeline{execution_id=6c5173a3-3f38-4d92-9192-53c932a06ec0 chain_id=137 from_address=0xCFA80F1f22b0AD533F7d8e2CcC0A783aa4BCaFF3}: cortex::pipeline: transaction signed elapsed_ms=301
2026-04-05T14:34:58.002348Z  INFO ThreadId(09) pipeline{execution_id=629c56dc-becd-4120-8ad7-927d57e51e89 chain_id=137 from_address=0xCFA80F1f22b0AD533F7d8e2CcC0A783aa4BCaFF3}: cortex::pipeline: nonce reserved elapsed_ms=301 nonce=19
2026-04-05T14:34:58.002577Z  INFO ThreadId(13) pipeline{execution_id=40085a80-303c-4d81-86ed-9e1aec637f49 chain_id=137 from_address=0x8b172F820629b14cEAF859A6e159d1BcD3291Fe1}: cortex::pipeline: transaction signed elapsed_ms=301
2026-04-05T14:34:58.002894Z  INFO ThreadId(18) pipeline{execution_id=70753b02-5686-41a1-a3c1-dee7683fd599 chain_id=137 from_address=0xCFA80F1f22b0AD533F7d8e2CcC0A783aa4BCaFF3}: cortex::pipeline: nonce reserved elapsed_ms=302 nonce=20
2026-04-05T14:34:58.003171Z  INFO ThreadId(16) pipeline{execution_id=629c56dc-becd-4120-8ad7-927d57e51e89 chain_id=137 from_address=0xCFA80F1f22b0AD533F7d8e2CcC0A783aa4BCaFF3}: cortex::pipeline: transaction signed elapsed_ms=302
2026-04-05T14:34:58.003423Z  INFO ThreadId(16) pipeline{execution_id=7f0f4ac4-8abd-4e32-9514-75701571a94f chain_id=137 from_address=0xfea6645D31443cF7Cf96eF1dB7823EB9365f98bf}: cortex::pipeline: transaction broadcasted: elapsed_ms=302 tx_hash=0x82f3834ab1767e963a043e1f4ca3d4f4ff6e71496ba35be21daa60d4d9ac9da6
2026-04-05T14:34:58.003488Z  INFO ThreadId(05) pipeline{execution_id=fcad6a53-728e-436e-81ea-3add6488fb5c chain_id=1 from_address=0x8b172F820629b14cEAF859A6e159d1BcD3291Fe1}: cortex::pipeline: nonce reserved elapsed_ms=302 nonce=26
2026-04-05T14:34:58.003869Z  INFO ThreadId(16) pipeline{execution_id=70753b02-5686-41a1-a3c1-dee7683fd599 chain_id=137 from_address=0xCFA80F1f22b0AD533F7d8e2CcC0A783aa4BCaFF3}: cortex::pipeline: transaction signed elapsed_ms=302
2026-04-05T14:34:58.004131Z  INFO ThreadId(09) pipeline{execution_id=e185cf8b-5caa-4eaa-a43a-ef70637d4c5d chain_id=1 from_address=0x2EAC739a1e05F4a05a5B8fD93D332c4353E5A7cD}: cortex::pipeline: nonce reserved elapsed_ms=303 nonce=23
2026-04-05T14:34:58.004543Z  INFO ThreadId(16) pipeline{execution_id=fcad6a53-728e-436e-81ea-3add6488fb5c chain_id=1 from_address=0x8b172F820629b14cEAF859A6e159d1BcD3291Fe1}: cortex::pipeline: transaction signed elapsed_ms=303
2026-04-05T14:34:58.004852Z  INFO ThreadId(13) pipeline{execution_id=4482a52b-934f-4f19-a20c-425ba44693f8 chain_id=1 from_address=0xfea6645D31443cF7Cf96eF1dB7823EB9365f98bf}: cortex::pipeline: nonce reserved elapsed_ms=304 nonce=18
2026-04-05T14:34:58.005251Z  INFO ThreadId(09) pipeline{execution_id=e185cf8b-5caa-4eaa-a43a-ef70637d4c5d chain_id=1 from_address=0x2EAC739a1e05F4a05a5B8fD93D332c4353E5A7cD}: cortex::pipeline: transaction signed elapsed_ms=304
2026-04-05T14:34:58.005423Z  INFO ThreadId(03) pipeline{execution_id=6c5173a3-3f38-4d92-9192-53c932a06ec0 chain_id=137 from_address=0xCFA80F1f22b0AD533F7d8e2CcC0A783aa4BCaFF3}: cortex::pipeline: transaction broadcasted: elapsed_ms=304 tx_hash=0xd8d0033cb06666f0327f65bf39b69aa2f9b9d034a1e40ab9d66ecdabfb039be4
2026-04-05T14:34:58.005545Z  INFO ThreadId(18) pipeline{execution_id=f3029369-a301-47f9-b7de-2182363dd1e2 chain_id=137 from_address=0x2EAC739a1e05F4a05a5B8fD93D332c4353E5A7cD}: cortex::pipeline: nonce reserved elapsed_ms=304 nonce=19
2026-04-05T14:34:58.005885Z  INFO ThreadId(13) pipeline{execution_id=4482a52b-934f-4f19-a20c-425ba44693f8 chain_id=1 from_address=0xfea6645D31443cF7Cf96eF1dB7823EB9365f98bf}: cortex::pipeline: transaction signed elapsed_ms=305
2026-04-05T14:34:58.006228Z  INFO ThreadId(03) pipeline{execution_id=a8d6e8e7-2a0c-40f3-87df-a372068bfc49 chain_id=137 from_address=0xfea6645D31443cF7Cf96eF1dB7823EB9365f98bf}: cortex::pipeline: nonce reserved elapsed_ms=305 nonce=22
2026-04-05T14:34:58.006464Z  INFO ThreadId(06) pipeline{execution_id=f3029369-a301-47f9-b7de-2182363dd1e2 chain_id=137 from_address=0x2EAC739a1e05F4a05a5B8fD93D332c4353E5A7cD}: cortex::pipeline: transaction signed elapsed_ms=305
2026-04-05T14:34:58.006658Z  INFO ThreadId(06) pipeline{execution_id=40085a80-303c-4d81-86ed-9e1aec637f49 chain_id=137 from_address=0x8b172F820629b14cEAF859A6e159d1BcD3291Fe1}: cortex::pipeline: transaction broadcasted: elapsed_ms=305 tx_hash=0x1bb1c4f2667bae9a8993faf2ef1321b2b16ef111a16a77ed965170b0bcff8f46
2026-04-05T14:34:58.006798Z  INFO ThreadId(06) pipeline{execution_id=1eda9517-c33c-4e1a-95d8-4868eb614b3d chain_id=42161 from_address=0xfea6645D31443cF7Cf96eF1dB7823EB9365f98bf}: cortex::pipeline: nonce reserved elapsed_ms=305 nonce=23
2026-04-05T14:34:58.007080Z  INFO ThreadId(05) pipeline{execution_id=a8d6e8e7-2a0c-40f3-87df-a372068bfc49 chain_id=137 from_address=0xfea6645D31443cF7Cf96eF1dB7823EB9365f98bf}: cortex::pipeline: transaction signed elapsed_ms=306
2026-04-05T14:34:58.007349Z  INFO ThreadId(18) pipeline{execution_id=b17e3878-4db4-4ea8-8986-054734347a92 chain_id=137 from_address=0xfea6645D31443cF7Cf96eF1dB7823EB9365f98bf}: cortex::pipeline: nonce reserved elapsed_ms=306 nonce=23
2026-04-05T14:34:58.007612Z  INFO ThreadId(03) pipeline{execution_id=1eda9517-c33c-4e1a-95d8-4868eb614b3d chain_id=42161 from_address=0xfea6645D31443cF7Cf96eF1dB7823EB9365f98bf}: cortex::pipeline: transaction signed elapsed_ms=306
2026-04-05T14:34:58.007841Z  INFO ThreadId(09) pipeline{execution_id=0171e005-a1b6-4549-9e23-81119fde01d7 chain_id=1 from_address=0x8b172F820629b14cEAF859A6e159d1BcD3291Fe1}: cortex::pipeline: nonce reserved elapsed_ms=306 nonce=27
2026-04-05T14:34:58.007871Z  INFO ThreadId(03) pipeline{execution_id=629c56dc-becd-4120-8ad7-927d57e51e89 chain_id=137 from_address=0xCFA80F1f22b0AD533F7d8e2CcC0A783aa4BCaFF3}: cortex::pipeline: transaction broadcasted: elapsed_ms=306 tx_hash=0x11369819f972892d28974c3f55a8c554c3bbe1c39c99c54b5810490c8a1b1e0c
2026-04-05T14:34:58.008092Z  INFO ThreadId(18) pipeline{execution_id=b17e3878-4db4-4ea8-8986-054734347a92 chain_id=137 from_address=0xfea6645D31443cF7Cf96eF1dB7823EB9365f98bf}: cortex::pipeline: transaction signed elapsed_ms=306
2026-04-05T14:34:58.008383Z  INFO ThreadId(05) pipeline{execution_id=613edf0b-392a-4092-a9ea-fa78456fc325 chain_id=42161 from_address=0xCFA80F1f22b0AD533F7d8e2CcC0A783aa4BCaFF3}: cortex::pipeline: nonce reserved elapsed_ms=307 nonce=17
2026-04-05T14:34:58.008533Z  INFO ThreadId(03) pipeline{execution_id=0171e005-a1b6-4549-9e23-81119fde01d7 chain_id=1 from_address=0x8b172F820629b14cEAF859A6e159d1BcD3291Fe1}: cortex::pipeline: transaction signed elapsed_ms=307
2026-04-05T14:34:58.008909Z  INFO ThreadId(05) pipeline{execution_id=8f0ae135-8a70-4c4f-9344-321bb55e3887 chain_id=137 from_address=0x8b172F820629b14cEAF859A6e159d1BcD3291Fe1}: cortex::pipeline: nonce reserved elapsed_ms=307 nonce=21
2026-04-05T14:34:58.009037Z  INFO ThreadId(06) pipeline{execution_id=70753b02-5686-41a1-a3c1-dee7683fd599 chain_id=137 from_address=0xCFA80F1f22b0AD533F7d8e2CcC0A783aa4BCaFF3}: cortex::pipeline: transaction broadcasted: elapsed_ms=308 tx_hash=0x97d26d3336679058560e851fc21d56fcc39338c3a4086cf4435dcc184af8bc23
2026-04-05T14:34:58.009183Z  INFO ThreadId(05) pipeline{execution_id=613edf0b-392a-4092-a9ea-fa78456fc325 chain_id=42161 from_address=0xCFA80F1f22b0AD533F7d8e2CcC0A783aa4BCaFF3}: cortex::pipeline: transaction signed elapsed_ms=308
2026-04-05T14:34:58.009442Z  INFO ThreadId(05) pipeline{execution_id=25fe3c39-5615-47a7-8ac4-29b01910a106 chain_id=42161 from_address=0x8b172F820629b14cEAF859A6e159d1BcD3291Fe1}: cortex::pipeline: nonce reserved elapsed_ms=308 nonce=18
2026-04-05T14:34:58.009720Z  INFO ThreadId(05) pipeline{execution_id=8f0ae135-8a70-4c4f-9344-321bb55e3887 chain_id=137 from_address=0x8b172F820629b14cEAF859A6e159d1BcD3291Fe1}: cortex::pipeline: transaction signed elapsed_ms=308
2026-04-05T14:34:58.010062Z  INFO ThreadId(03) pipeline{execution_id=f3029369-a301-47f9-b7de-2182363dd1e2 chain_id=137 from_address=0x2EAC739a1e05F4a05a5B8fD93D332c4353E5A7cD}: cortex::pipeline: transaction broadcasted: elapsed_ms=308 tx_hash=0x7cbb9595b57343192c2b29027fafbf9f6534035fe901fb9289d7f157866eb2d1
2026-04-05T14:34:58.010070Z  INFO ThreadId(18) pipeline{execution_id=d3a0eacb-d9ca-45be-b12f-3abab0069181 chain_id=1 from_address=0x8AfE43fF49EBd5c4B8Cd1497ee77b437dd1711fc}: cortex::pipeline: nonce reserved elapsed_ms=308 nonce=19
2026-04-05T14:34:58.010357Z  INFO ThreadId(03) pipeline{execution_id=25fe3c39-5615-47a7-8ac4-29b01910a106 chain_id=42161 from_address=0x8b172F820629b14cEAF859A6e159d1BcD3291Fe1}: cortex::pipeline: transaction signed elapsed_ms=309
2026-04-05T14:34:58.010751Z  INFO ThreadId(09) pipeline{execution_id=692eb4f6-fb67-4c77-8949-f1444a942db1 chain_id=1 from_address=0xCFA80F1f22b0AD533F7d8e2CcC0A783aa4BCaFF3}: cortex::pipeline: nonce reserved elapsed_ms=309 nonce=18
2026-04-05T14:34:58.011068Z  INFO ThreadId(03) pipeline{execution_id=d3a0eacb-d9ca-45be-b12f-3abab0069181 chain_id=1 from_address=0x8AfE43fF49EBd5c4B8Cd1497ee77b437dd1711fc}: cortex::pipeline: transaction signed elapsed_ms=309
2026-04-05T14:34:58.011383Z  INFO ThreadId(09) pipeline{execution_id=41567d95-2cd9-4d45-a44b-29b357c7ac86 chain_id=1 from_address=0xCFA80F1f22b0AD533F7d8e2CcC0A783aa4BCaFF3}: cortex::pipeline: nonce reserved elapsed_ms=310 nonce=19
2026-04-05T14:34:58.011752Z  INFO ThreadId(09) pipeline{execution_id=692eb4f6-fb67-4c77-8949-f1444a942db1 chain_id=1 from_address=0xCFA80F1f22b0AD533F7d8e2CcC0A783aa4BCaFF3}: cortex::pipeline: transaction signed elapsed_ms=310
2026-04-05T14:34:58.011927Z  INFO ThreadId(05) pipeline{execution_id=a8d6e8e7-2a0c-40f3-87df-a372068bfc49 chain_id=137 from_address=0xfea6645D31443cF7Cf96eF1dB7823EB9365f98bf}: cortex::pipeline: transaction broadcasted: elapsed_ms=310 tx_hash=0x30f4f0bc0c8af2b794a1efefcc2d31d4f2900a3b12126cfcbebc675624530101
2026-04-05T14:34:58.012069Z  INFO ThreadId(05) pipeline{execution_id=0c4de39d-333e-4d44-a38a-15d5586fce21 chain_id=42161 from_address=0x8b172F820629b14cEAF859A6e159d1BcD3291Fe1}: cortex::pipeline: nonce reserved elapsed_ms=310 nonce=19
2026-04-05T14:34:58.012542Z  INFO ThreadId(09) pipeline{execution_id=41567d95-2cd9-4d45-a44b-29b357c7ac86 chain_id=1 from_address=0xCFA80F1f22b0AD533F7d8e2CcC0A783aa4BCaFF3}: cortex::pipeline: transaction signed elapsed_ms=311
2026-04-05T14:34:58.012650Z  INFO ThreadId(03) pipeline{execution_id=022abd4a-3bd2-44bd-9609-cd2efa43e520 chain_id=1 from_address=0x2EAC739a1e05F4a05a5B8fD93D332c4353E5A7cD}: cortex::pipeline: nonce reserved elapsed_ms=311 nonce=24
2026-04-05T14:34:58.012886Z  INFO ThreadId(05) pipeline{execution_id=252d7fcf-eb8c-4bf2-b40d-efad2f51bd07 chain_id=1 from_address=0xfea6645D31443cF7Cf96eF1dB7823EB9365f98bf}: cortex::pipeline: transaction broadcasted: elapsed_ms=335 tx_hash=0x248f09d43807a1180dd41dfb5356223918129e5d634bbd99e7d3477fb5fffa36
2026-04-05T14:34:58.013120Z  INFO ThreadId(13) pipeline{execution_id=0c4de39d-333e-4d44-a38a-15d5586fce21 chain_id=42161 from_address=0x8b172F820629b14cEAF859A6e159d1BcD3291Fe1}: cortex::pipeline: transaction signed elapsed_ms=311
2026-04-05T14:34:58.013438Z  INFO ThreadId(05) pipeline{execution_id=126dcb48-be19-4134-9dcd-3ab54a5bc9ca chain_id=137 from_address=0xfea6645D31443cF7Cf96eF1dB7823EB9365f98bf}: cortex::pipeline: nonce reserved elapsed_ms=312 nonce=24
2026-04-05T14:34:58.013503Z  INFO ThreadId(13) pipeline{execution_id=b17e3878-4db4-4ea8-8986-054734347a92 chain_id=137 from_address=0xfea6645D31443cF7Cf96eF1dB7823EB9365f98bf}: cortex::pipeline: transaction broadcasted: elapsed_ms=312 tx_hash=0x202ebcffe3541240e9a18fb7d87bce50a22ec390794769708c71493ccb7d1e2b
2026-04-05T14:34:58.013642Z  INFO ThreadId(18) pipeline{execution_id=022abd4a-3bd2-44bd-9609-cd2efa43e520 chain_id=1 from_address=0x2EAC739a1e05F4a05a5B8fD93D332c4353E5A7cD}: cortex::pipeline: transaction signed elapsed_ms=312
2026-04-05T14:34:58.014123Z  INFO ThreadId(16) pipeline{execution_id=4d5395ba-6e4e-413d-b7ff-228affd3589e chain_id=42161 from_address=0x2EAC739a1e05F4a05a5B8fD93D332c4353E5A7cD}: cortex::pipeline: nonce reserved elapsed_ms=312 nonce=14
2026-04-05T14:34:58.014233Z  INFO ThreadId(16) pipeline{execution_id=ca2faee7-13bc-4b89-9c8b-2d4069c0e430 chain_id=1 from_address=0x8AfE43fF49EBd5c4B8Cd1497ee77b437dd1711fc}: cortex::pipeline: transaction broadcasted: elapsed_ms=337 tx_hash=0xcf0ffcee32ecd3cdcdc4fb19c2d474e907101639697bae343a41e6073537c95c
2026-04-05T14:34:58.014411Z  INFO ThreadId(06) pipeline{execution_id=126dcb48-be19-4134-9dcd-3ab54a5bc9ca chain_id=137 from_address=0xfea6645D31443cF7Cf96eF1dB7823EB9365f98bf}: cortex::pipeline: transaction signed elapsed_ms=313
2026-04-05T14:34:58.014839Z  INFO ThreadId(05) pipeline{execution_id=7d8d2523-364e-4f05-99b4-ff211bd521f3 chain_id=1 from_address=0x2EAC739a1e05F4a05a5B8fD93D332c4353E5A7cD}: cortex::pipeline: nonce reserved elapsed_ms=313 nonce=25
2026-04-05T14:34:58.014903Z  INFO ThreadId(09) pipeline{execution_id=8f0ae135-8a70-4c4f-9344-321bb55e3887 chain_id=137 from_address=0x8b172F820629b14cEAF859A6e159d1BcD3291Fe1}: cortex::pipeline: transaction broadcasted: elapsed_ms=313 tx_hash=0xa3785948286c5df1aab24875cad86dd761e49cfeacbd6fd70355d4d5c137e16f
2026-04-05T14:34:58.015019Z  INFO ThreadId(09) pipeline{execution_id=4d5395ba-6e4e-413d-b7ff-228affd3589e chain_id=42161 from_address=0x2EAC739a1e05F4a05a5B8fD93D332c4353E5A7cD}: cortex::pipeline: transaction signed elapsed_ms=313
2026-04-05T14:34:58.015661Z  INFO ThreadId(18) pipeline{execution_id=d3cb766c-35e9-4e9a-8540-4eb5b94dded7 chain_id=1 from_address=0x8b172F820629b14cEAF859A6e159d1BcD3291Fe1}: cortex::pipeline: transaction broadcasted: elapsed_ms=338 tx_hash=0x0987403e98cf196ec47d632de8c6b2b6a6f1136169602307545f3d8ec402873d
2026-04-05T14:34:58.015833Z  INFO ThreadId(18) pipeline{execution_id=de0f08c8-ba39-45c5-93b4-77280c08da2f chain_id=42161 from_address=0xfea6645D31443cF7Cf96eF1dB7823EB9365f98bf}: cortex::pipeline: nonce reserved elapsed_ms=314 nonce=24
2026-04-05T14:34:58.016345Z  INFO ThreadId(18) pipeline{execution_id=7d8d2523-364e-4f05-99b4-ff211bd521f3 chain_id=1 from_address=0x2EAC739a1e05F4a05a5B8fD93D332c4353E5A7cD}: cortex::pipeline: transaction signed elapsed_ms=315
2026-04-05T14:34:58.016968Z  INFO ThreadId(18) pipeline{execution_id=631eb548-c3bb-427b-ad7b-ad58152e576c chain_id=137 from_address=0x8b172F820629b14cEAF859A6e159d1BcD3291Fe1}: cortex::pipeline: nonce reserved elapsed_ms=315 nonce=22
2026-04-05T14:34:58.017151Z  INFO ThreadId(18) pipeline{execution_id=126dcb48-be19-4134-9dcd-3ab54a5bc9ca chain_id=137 from_address=0xfea6645D31443cF7Cf96eF1dB7823EB9365f98bf}: cortex::pipeline: transaction broadcasted: elapsed_ms=315 tx_hash=0x5c6e2a0d64576c750b238c6f62b2aa4b6be3310526cf630534332ff16f7b1811
2026-04-05T14:34:58.017448Z  INFO ThreadId(18) pipeline{execution_id=de0f08c8-ba39-45c5-93b4-77280c08da2f chain_id=42161 from_address=0xfea6645D31443cF7Cf96eF1dB7823EB9365f98bf}: cortex::pipeline: transaction signed elapsed_ms=316
2026-04-05T14:34:58.018204Z  INFO ThreadId(03) pipeline{execution_id=4ac0e4a9-0fe0-40c4-b942-13d41a09e7c1 chain_id=1 from_address=0x2EAC739a1e05F4a05a5B8fD93D332c4353E5A7cD}: cortex::pipeline: transaction broadcasted: elapsed_ms=340 tx_hash=0x7a20d51da59d2b86c9931b5ac9783f7f3c43cee9babd2387a26bb5ec8fd946e7
2026-04-05T14:34:58.018524Z  INFO ThreadId(18) pipeline{execution_id=631eb548-c3bb-427b-ad7b-ad58152e576c chain_id=137 from_address=0x8b172F820629b14cEAF859A6e159d1BcD3291Fe1}: cortex::pipeline: transaction signed elapsed_ms=316
2026-04-05T14:34:58.019214Z  INFO ThreadId(18) pipeline{execution_id=0e03c340-f2de-41cc-839e-d5e296f9048a chain_id=1 from_address=0x8AfE43fF49EBd5c4B8Cd1497ee77b437dd1711fc}: cortex::pipeline: nonce reserved elapsed_ms=317 nonce=20
2026-04-05T14:34:58.020072Z  INFO ThreadId(03) pipeline{execution_id=229a2447-0396-4812-a9e3-aefdfca9c136 chain_id=42161 from_address=0x8b172F820629b14cEAF859A6e159d1BcD3291Fe1}: cortex::pipeline: nonce reserved elapsed_ms=318 nonce=20
2026-04-05T14:34:58.020399Z  INFO ThreadId(18) pipeline{execution_id=39bc186f-100f-4bdf-a6d0-783eda82aec2 chain_id=1 from_address=0x8b172F820629b14cEAF859A6e159d1BcD3291Fe1}: cortex::pipeline: transaction broadcasted: elapsed_ms=343 tx_hash=0x9cc1d319103f40c7b5781305e070e0e882028827eba30a969b168fa58365f83e
2026-04-05T14:34:58.020966Z  INFO ThreadId(18) pipeline{execution_id=0e03c340-f2de-41cc-839e-d5e296f9048a chain_id=1 from_address=0x8AfE43fF49EBd5c4B8Cd1497ee77b437dd1711fc}: cortex::pipeline: transaction signed elapsed_ms=319
2026-04-05T14:34:58.023144Z  INFO ThreadId(09) pipeline{execution_id=abbab915-8ca9-4d2c-8e17-3bac0500e387 chain_id=42161 from_address=0xCFA80F1f22b0AD533F7d8e2CcC0A783aa4BCaFF3}: cortex::pipeline: nonce reserved elapsed_ms=321 nonce=18
2026-04-05T14:34:58.023553Z  INFO ThreadId(06) pipeline{execution_id=229a2447-0396-4812-a9e3-aefdfca9c136 chain_id=42161 from_address=0x8b172F820629b14cEAF859A6e159d1BcD3291Fe1}: cortex::pipeline: transaction signed elapsed_ms=321
2026-04-05T14:34:58.023852Z  INFO ThreadId(06) pipeline{execution_id=631eb548-c3bb-427b-ad7b-ad58152e576c chain_id=137 from_address=0x8b172F820629b14cEAF859A6e159d1BcD3291Fe1}: cortex::pipeline: transaction broadcasted: elapsed_ms=322 tx_hash=0x9ce1f31840ef174f204fc960cd6a555104bc3ccdae4f3f9f8d44aad319e32a91
2026-04-05T14:34:58.024849Z  INFO ThreadId(05) pipeline{execution_id=abbab915-8ca9-4d2c-8e17-3bac0500e387 chain_id=42161 from_address=0xCFA80F1f22b0AD533F7d8e2CcC0A783aa4BCaFF3}: cortex::pipeline: transaction signed elapsed_ms=323
2026-04-05T14:34:58.024904Z  INFO ThreadId(06) pipeline{execution_id=e770c658-efd0-441d-bcbd-a8ef795e543f chain_id=1 from_address=0xCFA80F1f22b0AD533F7d8e2CcC0A783aa4BCaFF3}: cortex::pipeline: transaction broadcasted: elapsed_ms=347 tx_hash=0x0ce73e2f90a0321204c61bfd2139b33fedf8916a5a5c80a96a6d8a56a952c8e3
2026-04-05T14:34:58.024983Z  INFO ThreadId(06) pipeline{execution_id=c94862d6-da5e-400a-a069-418da23282c3 chain_id=137 from_address=0x8b172F820629b14cEAF859A6e159d1BcD3291Fe1}: cortex::pipeline: nonce reserved elapsed_ms=323 nonce=23
2026-04-05T14:34:58.025945Z  INFO ThreadId(06) pipeline{execution_id=946e677a-d8f1-416c-b327-f59c5994e129 chain_id=137 from_address=0xCFA80F1f22b0AD533F7d8e2CcC0A783aa4BCaFF3}: cortex::pipeline: nonce reserved elapsed_ms=324 nonce=21
2026-04-05T14:34:58.026346Z  INFO ThreadId(06) pipeline{execution_id=c94862d6-da5e-400a-a069-418da23282c3 chain_id=137 from_address=0x8b172F820629b14cEAF859A6e159d1BcD3291Fe1}: cortex::pipeline: transaction signed elapsed_ms=324
2026-04-05T14:34:58.027064Z  INFO ThreadId(16) pipeline{execution_id=a7167d85-53a1-4138-8032-55b5f2bf0ea5 chain_id=137 from_address=0xCFA80F1f22b0AD533F7d8e2CcC0A783aa4BCaFF3}: cortex::pipeline: nonce reserved elapsed_ms=325 nonce=22
2026-04-05T14:34:58.027242Z  INFO ThreadId(16) pipeline{execution_id=c609ca17-061d-48bf-b9a7-b4edfb0ad793 chain_id=1 from_address=0x2EAC739a1e05F4a05a5B8fD93D332c4353E5A7cD}: cortex::pipeline: transaction broadcasted: elapsed_ms=349 tx_hash=0x022367833b853c352b454a49b0917ae62ee785eb074cec004f7d311c00074087
2026-04-05T14:34:58.028159Z  INFO ThreadId(06) pipeline{execution_id=946e677a-d8f1-416c-b327-f59c5994e129 chain_id=137 from_address=0xCFA80F1f22b0AD533F7d8e2CcC0A783aa4BCaFF3}: cortex::pipeline: transaction signed elapsed_ms=326
2026-04-05T14:34:58.028545Z  INFO ThreadId(06) pipeline{execution_id=fb701dd6-6e3f-49e9-9c71-950015b8951d chain_id=42161 from_address=0x2EAC739a1e05F4a05a5B8fD93D332c4353E5A7cD}: cortex::pipeline: nonce reserved elapsed_ms=326 nonce=15
2026-04-05T14:34:58.028738Z  INFO ThreadId(06) pipeline{execution_id=c94862d6-da5e-400a-a069-418da23282c3 chain_id=137 from_address=0x8b172F820629b14cEAF859A6e159d1BcD3291Fe1}: cortex::pipeline: transaction broadcasted: elapsed_ms=327 tx_hash=0x9a9f608a712ed58da9ee6d883955bc62d2f004d90984e4056d9108745ea31226
2026-04-05T14:34:58.028888Z  INFO ThreadId(06) pipeline{execution_id=a7167d85-53a1-4138-8032-55b5f2bf0ea5 chain_id=137 from_address=0xCFA80F1f22b0AD533F7d8e2CcC0A783aa4BCaFF3}: cortex::pipeline: transaction signed elapsed_ms=327
2026-04-05T14:34:58.029658Z  INFO ThreadId(09) pipeline{execution_id=86e6eaf6-1ea9-4c5b-9c33-437096ca83b1 chain_id=42161 from_address=0x2EAC739a1e05F4a05a5B8fD93D332c4353E5A7cD}: cortex::pipeline: nonce reserved elapsed_ms=327 nonce=16
2026-04-05T14:34:58.029696Z  INFO ThreadId(13) pipeline{execution_id=c76d8410-a9a5-4a25-9c77-f0d224809b3f chain_id=1 from_address=0x8AfE43fF49EBd5c4B8Cd1497ee77b437dd1711fc}: cortex::pipeline: transaction broadcasted: elapsed_ms=351 tx_hash=0x213b40531c19ae87e2356ccce47bf46f6b98fea3914fdbfb55479c29732ecb7e
2026-04-05T14:34:58.030292Z  INFO ThreadId(03) pipeline{execution_id=fb701dd6-6e3f-49e9-9c71-950015b8951d chain_id=42161 from_address=0x2EAC739a1e05F4a05a5B8fD93D332c4353E5A7cD}: cortex::pipeline: transaction signed elapsed_ms=328
2026-04-05T14:34:58.030911Z  INFO ThreadId(03) pipeline{execution_id=946e677a-d8f1-416c-b327-f59c5994e129 chain_id=137 from_address=0xCFA80F1f22b0AD533F7d8e2CcC0A783aa4BCaFF3}: cortex::pipeline: transaction broadcasted: elapsed_ms=329 tx_hash=0x867c6c8608c2fb6e19cc6e757da62a101cc326227966c876d2dd06c02d5d5b39
2026-04-05T14:34:58.031389Z  INFO ThreadId(18) pipeline{execution_id=2ef7ef58-df64-4542-adf8-0401c45da273 chain_id=137 from_address=0x2EAC739a1e05F4a05a5B8fD93D332c4353E5A7cD}: cortex::pipeline: nonce reserved elapsed_ms=329 nonce=20
2026-04-05T14:34:58.031745Z  INFO ThreadId(03) pipeline{execution_id=17219a99-ebfc-480c-853d-217fe7740c71 chain_id=1 from_address=0xfea6645D31443cF7Cf96eF1dB7823EB9365f98bf}: cortex::pipeline: transaction broadcasted: elapsed_ms=353 tx_hash=0xd92e1045e20de628e0c8ff292337914b4604ab60624232174f39e4738d864f95
2026-04-05T14:34:58.032982Z  INFO ThreadId(13) pipeline{execution_id=12967906-c4d9-4b96-a559-b1be6fca49e5 chain_id=137 from_address=0x8AfE43fF49EBd5c4B8Cd1497ee77b437dd1711fc}: cortex::pipeline: nonce reserved elapsed_ms=331 nonce=22
2026-04-05T14:34:58.033147Z  INFO ThreadId(18) pipeline{execution_id=2ef7ef58-df64-4542-adf8-0401c45da273 chain_id=137 from_address=0x2EAC739a1e05F4a05a5B8fD93D332c4353E5A7cD}: cortex::pipeline: transaction signed elapsed_ms=331
2026-04-05T14:34:58.033147Z  INFO ThreadId(13) pipeline{execution_id=86e6eaf6-1ea9-4c5b-9c33-437096ca83b1 chain_id=42161 from_address=0x2EAC739a1e05F4a05a5B8fD93D332c4353E5A7cD}: cortex::pipeline: transaction signed elapsed_ms=331
2026-04-05T14:34:58.033553Z  INFO ThreadId(18) pipeline{execution_id=a7167d85-53a1-4138-8032-55b5f2bf0ea5 chain_id=137 from_address=0xCFA80F1f22b0AD533F7d8e2CcC0A783aa4BCaFF3}: cortex::pipeline: transaction broadcasted: elapsed_ms=331 tx_hash=0xc7765415265d3ae37c8402cf6dbab5057b840cbe6cf7119546338200c5a7be15
2026-04-05T14:34:58.033854Z  INFO ThreadId(18) pipeline{execution_id=49c3252e-e91b-4173-91b8-fb60e10c719d chain_id=1 from_address=0x8b172F820629b14cEAF859A6e159d1BcD3291Fe1}: cortex::pipeline: transaction broadcasted: elapsed_ms=356 tx_hash=0xbeceff55680994c387f70d3feffe8fc3e8553b554b3dbff988b5b29ffe5953b5
2026-04-05T14:34:58.034296Z  INFO ThreadId(13) pipeline{execution_id=efcba1de-0984-4f57-9d6a-8fefe0865277 chain_id=137 from_address=0x2EAC739a1e05F4a05a5B8fD93D332c4353E5A7cD}: cortex::pipeline: nonce reserved elapsed_ms=332 nonce=21
2026-04-05T14:34:58.035280Z  INFO ThreadId(17) pipeline{execution_id=12967906-c4d9-4b96-a559-b1be6fca49e5 chain_id=137 from_address=0x8AfE43fF49EBd5c4B8Cd1497ee77b437dd1711fc}: cortex::pipeline: transaction signed elapsed_ms=333
2026-04-05T14:34:58.035408Z  INFO ThreadId(06) pipeline{execution_id=4c656bd0-f6df-495b-99f5-5d4b6aa11fdb chain_id=1 from_address=0x8b172F820629b14cEAF859A6e159d1BcD3291Fe1}: cortex::pipeline: transaction broadcasted: elapsed_ms=357 tx_hash=0x575f015e93fadd0bb9bb39e99ebfc0e1f7702058f3ccc9f2d0b0e40358668d7f
2026-04-05T14:34:58.035760Z  INFO ThreadId(06) pipeline{execution_id=9ff4b3e8-be40-410d-997d-238a85485ac8 chain_id=1 from_address=0x8AfE43fF49EBd5c4B8Cd1497ee77b437dd1711fc}: cortex::pipeline: nonce reserved elapsed_ms=333 nonce=21
2026-04-05T14:34:58.036251Z  INFO ThreadId(05) pipeline{execution_id=2ef7ef58-df64-4542-adf8-0401c45da273 chain_id=137 from_address=0x2EAC739a1e05F4a05a5B8fD93D332c4353E5A7cD}: cortex::pipeline: transaction broadcasted: elapsed_ms=334 tx_hash=0xce3f08072942e380b0fe10c820c05b2ba2b97f5d0b39f6433b60e9b79da4bf5b
2026-04-05T14:34:58.036552Z  INFO ThreadId(05) pipeline{execution_id=efcba1de-0984-4f57-9d6a-8fefe0865277 chain_id=137 from_address=0x2EAC739a1e05F4a05a5B8fD93D332c4353E5A7cD}: cortex::pipeline: transaction signed elapsed_ms=334
2026-04-05T14:34:58.036847Z  INFO ThreadId(05) pipeline{execution_id=44407b64-e29d-43b5-b6a3-a43193bd160e chain_id=137 from_address=0xCFA80F1f22b0AD533F7d8e2CcC0A783aa4BCaFF3}: cortex::pipeline: nonce reserved elapsed_ms=334 nonce=23
2026-04-05T14:34:58.038208Z  INFO ThreadId(06) pipeline{execution_id=861bc838-3d78-4363-9cde-e6eeaa9dd255 chain_id=1 from_address=0x8b172F820629b14cEAF859A6e159d1BcD3291Fe1}: cortex::pipeline: transaction broadcasted: elapsed_ms=360 tx_hash=0xacd3325f77b89f15fe990b07837be94a99a8aeb2f9a30635287faf8fc03d2763
2026-04-05T14:34:58.038463Z  INFO ThreadId(18) pipeline{execution_id=44407b64-e29d-43b5-b6a3-a43193bd160e chain_id=137 from_address=0xCFA80F1f22b0AD533F7d8e2CcC0A783aa4BCaFF3}: cortex::pipeline: transaction signed elapsed_ms=336
2026-04-05T14:34:58.038471Z  INFO ThreadId(05) pipeline{execution_id=9ff4b3e8-be40-410d-997d-238a85485ac8 chain_id=1 from_address=0x8AfE43fF49EBd5c4B8Cd1497ee77b437dd1711fc}: cortex::pipeline: transaction signed elapsed_ms=336
2026-04-05T14:34:58.038620Z  INFO ThreadId(05) pipeline{execution_id=12967906-c4d9-4b96-a559-b1be6fca49e5 chain_id=137 from_address=0x8AfE43fF49EBd5c4B8Cd1497ee77b437dd1711fc}: cortex::pipeline: transaction broadcasted: elapsed_ms=336 tx_hash=0x63c54eea7b8ff8587a733664b7d1fe4baa1f387915956642b4eb1b27c7809213
2026-04-05T14:34:58.038999Z  INFO ThreadId(05) pipeline{execution_id=33762520-8522-4dde-9b77-4479a5efc60c chain_id=137 from_address=0xCFA80F1f22b0AD533F7d8e2CcC0A783aa4BCaFF3}: cortex::pipeline: nonce reserved elapsed_ms=337 nonce=24
2026-04-05T14:34:58.040725Z  INFO ThreadId(16) pipeline{execution_id=33762520-8522-4dde-9b77-4479a5efc60c chain_id=137 from_address=0xCFA80F1f22b0AD533F7d8e2CcC0A783aa4BCaFF3}: cortex::pipeline: transaction signed elapsed_ms=338
2026-04-05T14:34:58.040810Z  INFO ThreadId(03) pipeline{execution_id=efcba1de-0984-4f57-9d6a-8fefe0865277 chain_id=137 from_address=0x2EAC739a1e05F4a05a5B8fD93D332c4353E5A7cD}: cortex::pipeline: transaction broadcasted: elapsed_ms=338 tx_hash=0x4f25d210f3ff17bee91f6f925f82d0070f5b3a9cb7f990851fcce537dc993602
2026-04-05T14:34:58.040818Z  INFO ThreadId(13) pipeline{execution_id=dcf71d2d-cef5-4b18-8630-01b770ffb626 chain_id=1 from_address=0x8b172F820629b14cEAF859A6e159d1BcD3291Fe1}: cortex::pipeline: transaction broadcasted: elapsed_ms=362 tx_hash=0x1824d472d143bc12616d5302d7c922f1ba6577db60e9fda66b7f2724cf117f30
2026-04-05T14:34:58.040900Z  INFO ThreadId(17) pipeline{execution_id=82b7484c-269c-4a88-ba1d-d1634abd695b chain_id=1 from_address=0x8AfE43fF49EBd5c4B8Cd1497ee77b437dd1711fc}: cortex::pipeline: nonce reserved elapsed_ms=339 nonce=22
2026-04-05T14:34:58.041900Z  INFO ThreadId(18) pipeline{execution_id=8a692aac-148b-4759-ac1e-52f7971f4d7e chain_id=137 from_address=0x8b172F820629b14cEAF859A6e159d1BcD3291Fe1}: cortex::pipeline: nonce reserved elapsed_ms=339 nonce=24
2026-04-05T14:34:58.042668Z  INFO ThreadId(17) pipeline{execution_id=a69621f3-2f12-41bd-b5ea-8c1b2c367dba chain_id=42161 from_address=0x8AfE43fF49EBd5c4B8Cd1497ee77b437dd1711fc}: cortex::pipeline: nonce reserved elapsed_ms=340 nonce=19
2026-04-05T14:34:58.044244Z  INFO ThreadId(16) pipeline{execution_id=82b7484c-269c-4a88-ba1d-d1634abd695b chain_id=1 from_address=0x8AfE43fF49EBd5c4B8Cd1497ee77b437dd1711fc}: cortex::pipeline: transaction signed elapsed_ms=342
2026-04-05T14:34:58.044293Z  INFO ThreadId(13) pipeline{execution_id=44407b64-e29d-43b5-b6a3-a43193bd160e chain_id=137 from_address=0xCFA80F1f22b0AD533F7d8e2CcC0A783aa4BCaFF3}: cortex::pipeline: transaction broadcasted: elapsed_ms=342 tx_hash=0xe66fecebe9cb5af46947b211de700fa1b5064b66a8bc55e7a4c9b3ca97036af0
2026-04-05T14:34:58.044342Z  INFO ThreadId(03) pipeline{execution_id=176033d8-bdd5-4bb1-8cb7-a81a9dc27b54 chain_id=1 from_address=0x2EAC739a1e05F4a05a5B8fD93D332c4353E5A7cD}: cortex::pipeline: nonce reserved elapsed_ms=342 nonce=26
2026-04-05T14:34:58.044638Z  INFO ThreadId(16) pipeline{execution_id=8a692aac-148b-4759-ac1e-52f7971f4d7e chain_id=137 from_address=0x8b172F820629b14cEAF859A6e159d1BcD3291Fe1}: cortex::pipeline: transaction signed elapsed_ms=342
2026-04-05T14:34:58.045059Z  INFO ThreadId(18) pipeline{execution_id=a69621f3-2f12-41bd-b5ea-8c1b2c367dba chain_id=42161 from_address=0x8AfE43fF49EBd5c4B8Cd1497ee77b437dd1711fc}: cortex::pipeline: transaction signed elapsed_ms=343
2026-04-05T14:34:58.045103Z  INFO ThreadId(13) pipeline{execution_id=7e175645-ddfa-4b3d-a6ba-fbae9686b8ad chain_id=1 from_address=0x2EAC739a1e05F4a05a5B8fD93D332c4353E5A7cD}: cortex::pipeline: transaction broadcasted: elapsed_ms=367 tx_hash=0x169bec41a71f5adeb5cff13d454c66b88eb57679f45e4ccb01332a15d58f4666
2026-04-05T14:34:58.045953Z  INFO ThreadId(16) pipeline{execution_id=26a9b5f4-11a6-433c-ab55-2cbafb9bd367 chain_id=1 from_address=0x8b172F820629b14cEAF859A6e159d1BcD3291Fe1}: cortex::pipeline: nonce reserved elapsed_ms=343 nonce=28
2026-04-05T14:34:58.046676Z  INFO ThreadId(18) pipeline{execution_id=176033d8-bdd5-4bb1-8cb7-a81a9dc27b54 chain_id=1 from_address=0x2EAC739a1e05F4a05a5B8fD93D332c4353E5A7cD}: cortex::pipeline: transaction signed elapsed_ms=344
2026-04-05T14:34:58.047376Z  INFO ThreadId(18) pipeline{execution_id=fdac0e28-0133-4bbe-bd4c-2fc91e88faf7 chain_id=1 from_address=0x8AfE43fF49EBd5c4B8Cd1497ee77b437dd1711fc}: cortex::pipeline: transaction broadcasted: elapsed_ms=369 tx_hash=0xc18f589f5c8df96c199296895c00b30e0bc33a00acba10362d42af9c5648b283
2026-04-05T14:34:58.047419Z  INFO ThreadId(16) pipeline{execution_id=33762520-8522-4dde-9b77-4479a5efc60c chain_id=137 from_address=0xCFA80F1f22b0AD533F7d8e2CcC0A783aa4BCaFF3}: cortex::pipeline: transaction broadcasted: elapsed_ms=345 tx_hash=0x8b919ef057ddd6cddb8e308a1630438016885542e0c3ca087f70ae8082852742
2026-04-05T14:34:58.047737Z  INFO ThreadId(13) pipeline{execution_id=26a9b5f4-11a6-433c-ab55-2cbafb9bd367 chain_id=1 from_address=0x8b172F820629b14cEAF859A6e159d1BcD3291Fe1}: cortex::pipeline: transaction signed elapsed_ms=345
2026-04-05T14:34:58.047829Z  INFO ThreadId(13) pipeline{execution_id=eedb2ba0-6ceb-4226-ad4e-0a316c85b77d chain_id=137 from_address=0x8b172F820629b14cEAF859A6e159d1BcD3291Fe1}: cortex::pipeline: nonce reserved elapsed_ms=345 nonce=25
2026-04-05T14:34:58.049123Z  INFO ThreadId(13) pipeline{execution_id=eedb2ba0-6ceb-4226-ad4e-0a316c85b77d chain_id=137 from_address=0x8b172F820629b14cEAF859A6e159d1BcD3291Fe1}: cortex::pipeline: transaction signed elapsed_ms=347
2026-04-05T14:34:58.049258Z  INFO ThreadId(16) pipeline{execution_id=d3458d64-6760-4c68-9960-1640f11905a4 chain_id=1 from_address=0x2EAC739a1e05F4a05a5B8fD93D332c4353E5A7cD}: cortex::pipeline: transaction broadcasted: elapsed_ms=371 tx_hash=0x8d26916b182145b81f47427cb74ede17a382cb75f98e003c0c26a3a64a368275
2026-04-05T14:34:58.049268Z  INFO ThreadId(03) pipeline{execution_id=8a692aac-148b-4759-ac1e-52f7971f4d7e chain_id=137 from_address=0x8b172F820629b14cEAF859A6e159d1BcD3291Fe1}: cortex::pipeline: transaction broadcasted: elapsed_ms=347 tx_hash=0x234441c4b15a9b11aa1f93f480a5dc0edf9cfb4be7ccd9f99dbd66a461f7199f
2026-04-05T14:34:58.049432Z  INFO ThreadId(03) pipeline{execution_id=0e8c0047-ea85-4fe4-afed-6aa24f7897ac chain_id=1 from_address=0xfea6645D31443cF7Cf96eF1dB7823EB9365f98bf}: cortex::pipeline: nonce reserved elapsed_ms=347 nonce=19
2026-04-05T14:34:58.050986Z  INFO ThreadId(13) pipeline{execution_id=0e8c0047-ea85-4fe4-afed-6aa24f7897ac chain_id=1 from_address=0xfea6645D31443cF7Cf96eF1dB7823EB9365f98bf}: cortex::pipeline: transaction signed elapsed_ms=348
2026-04-05T14:34:58.050986Z  INFO ThreadId(16) pipeline{execution_id=109d205a-bee9-414c-a7de-b7b67423a7ed chain_id=1 from_address=0xCFA80F1f22b0AD533F7d8e2CcC0A783aa4BCaFF3}: cortex::pipeline: nonce reserved elapsed_ms=348 nonce=20
2026-04-05T14:34:58.052278Z  INFO ThreadId(03) pipeline{execution_id=eedb2ba0-6ceb-4226-ad4e-0a316c85b77d chain_id=137 from_address=0x8b172F820629b14cEAF859A6e159d1BcD3291Fe1}: cortex::pipeline: transaction broadcasted: elapsed_ms=350 tx_hash=0xaf4e7f58cf5117ca4d246994b13948432f06754d6d2a0b3b7b130ec0ab868c58
2026-04-05T14:34:58.052353Z  INFO ThreadId(16) pipeline{execution_id=9d097808-1582-4642-a38b-6e028901b177 chain_id=1 from_address=0x2EAC739a1e05F4a05a5B8fD93D332c4353E5A7cD}: cortex::pipeline: transaction broadcasted: elapsed_ms=373 tx_hash=0x4ba20ebe23fafef27dc375515cdf00802ac9a19d9146b0b7e49aa45a7f2d64fb
2026-04-05T14:34:58.052385Z  INFO ThreadId(13) pipeline{execution_id=6eb92738-d166-419b-ae5b-e2ea6df1f90c chain_id=42161 from_address=0x8AfE43fF49EBd5c4B8Cd1497ee77b437dd1711fc}: cortex::pipeline: nonce reserved elapsed_ms=350 nonce=20
2026-04-05T14:34:58.053151Z  INFO ThreadId(13) pipeline{execution_id=109d205a-bee9-414c-a7de-b7b67423a7ed chain_id=1 from_address=0xCFA80F1f22b0AD533F7d8e2CcC0A783aa4BCaFF3}: cortex::pipeline: transaction signed elapsed_ms=350
2026-04-05T14:34:58.054114Z  INFO ThreadId(16) pipeline{execution_id=54f3c147-bde7-4cdf-94b3-5d6b064c53d0 chain_id=1 from_address=0x2EAC739a1e05F4a05a5B8fD93D332c4353E5A7cD}: cortex::pipeline: nonce reserved elapsed_ms=351 nonce=27
2026-04-05T14:34:58.054480Z  INFO ThreadId(16) pipeline{execution_id=6eb92738-d166-419b-ae5b-e2ea6df1f90c chain_id=42161 from_address=0x8AfE43fF49EBd5c4B8Cd1497ee77b437dd1711fc}: cortex::pipeline: transaction signed elapsed_ms=352
2026-04-05T14:34:58.054537Z  INFO ThreadId(03) pipeline{execution_id=0946602b-83e7-4238-a1f1-271b0a61b639 chain_id=1 from_address=0x8AfE43fF49EBd5c4B8Cd1497ee77b437dd1711fc}: cortex::pipeline: transaction broadcasted: elapsed_ms=376 tx_hash=0xebe20a004815f5e8ea3190712536d9df02b31b543ffd9fc70493b2f5db4ba8bf
2026-04-05T14:34:58.055381Z  INFO ThreadId(06) pipeline{execution_id=54f3c147-bde7-4cdf-94b3-5d6b064c53d0 chain_id=1 from_address=0x2EAC739a1e05F4a05a5B8fD93D332c4353E5A7cD}: cortex::pipeline: transaction signed elapsed_ms=353
2026-04-05T14:34:58.055822Z  INFO ThreadId(16) pipeline{execution_id=15260e09-0aa1-4783-a6da-d3ec456b3b97 chain_id=42161 from_address=0x2EAC739a1e05F4a05a5B8fD93D332c4353E5A7cD}: cortex::pipeline: nonce reserved elapsed_ms=353 nonce=17
2026-04-05T14:34:58.056272Z  INFO ThreadId(17) pipeline{execution_id=feb859bb-6dc2-43c0-ad37-7ba41ace2bb9 chain_id=1 from_address=0x2EAC739a1e05F4a05a5B8fD93D332c4353E5A7cD}: cortex::pipeline: transaction broadcasted: elapsed_ms=377 tx_hash=0x54ab92f48d9249efe8da182ab2fbf137e2ce01cd56c6cd161edc3f09771ae27f
2026-04-05T14:34:58.056668Z  INFO ThreadId(17) pipeline{execution_id=47c2cf45-7411-4a96-b8ab-c37cc69abf4a chain_id=1 from_address=0xfea6645D31443cF7Cf96eF1dB7823EB9365f98bf}: cortex::pipeline: nonce reserved elapsed_ms=354 nonce=20
2026-04-05T14:34:58.057377Z  INFO ThreadId(17) pipeline{execution_id=15260e09-0aa1-4783-a6da-d3ec456b3b97 chain_id=42161 from_address=0x2EAC739a1e05F4a05a5B8fD93D332c4353E5A7cD}: cortex::pipeline: transaction signed elapsed_ms=355
2026-04-05T14:34:58.058108Z  INFO ThreadId(06) pipeline{execution_id=5de720ab-416e-4e8e-af91-19a847515c4e chain_id=42161 from_address=0x2EAC739a1e05F4a05a5B8fD93D332c4353E5A7cD}: cortex::pipeline: nonce reserved elapsed_ms=355 nonce=18
2026-04-05T14:34:58.058388Z  INFO ThreadId(16) pipeline{execution_id=47c2cf45-7411-4a96-b8ab-c37cc69abf4a chain_id=1 from_address=0xfea6645D31443cF7Cf96eF1dB7823EB9365f98bf}: cortex::pipeline: transaction signed elapsed_ms=356
2026-04-05T14:34:58.058917Z  INFO ThreadId(18) pipeline{execution_id=0f1d18c6-b624-4d2b-b97c-da4a0a2ca03f chain_id=1 from_address=0x8b172F820629b14cEAF859A6e159d1BcD3291Fe1}: cortex::pipeline: transaction broadcasted: elapsed_ms=380 tx_hash=0x4da8a779a669712b6960a6395a61b1d768ca825e788f7edd0513b66aede26606
2026-04-05T14:34:58.059341Z  INFO ThreadId(06) pipeline{execution_id=1b64de8c-b9d9-4db7-af49-d3d260764402 chain_id=137 from_address=0xCFA80F1f22b0AD533F7d8e2CcC0A783aa4BCaFF3}: cortex::pipeline: nonce reserved elapsed_ms=356 nonce=25
2026-04-05T14:34:58.059517Z  INFO ThreadId(06) pipeline{execution_id=5de720ab-416e-4e8e-af91-19a847515c4e chain_id=42161 from_address=0x2EAC739a1e05F4a05a5B8fD93D332c4353E5A7cD}: cortex::pipeline: transaction signed elapsed_ms=357
2026-04-05T14:34:58.060195Z  INFO ThreadId(17) pipeline{execution_id=14b55ffc-74ed-4d51-9ab5-520bf14cbd5c chain_id=42161 from_address=0xfea6645D31443cF7Cf96eF1dB7823EB9365f98bf}: cortex::pipeline: nonce reserved elapsed_ms=357 nonce=25
2026-04-05T14:34:58.061051Z  INFO ThreadId(13) pipeline{execution_id=7a69601f-a5c7-4cdb-b692-504a895817a0 chain_id=1 from_address=0xCFA80F1f22b0AD533F7d8e2CcC0A783aa4BCaFF3}: cortex::pipeline: transaction broadcasted: elapsed_ms=382 tx_hash=0x742e014afae55d95999c4e5c16f16cb7998d796af12878953d66357a2da95d1c
2026-04-05T14:34:58.061205Z  INFO ThreadId(13) pipeline{execution_id=826f8ac1-c73e-42f1-8021-2f095a695f38 chain_id=1 from_address=0xfea6645D31443cF7Cf96eF1dB7823EB9365f98bf}: cortex::pipeline: nonce reserved elapsed_ms=358 nonce=21
2026-04-05T14:34:58.061401Z  INFO ThreadId(05) pipeline{execution_id=1b64de8c-b9d9-4db7-af49-d3d260764402 chain_id=137 from_address=0xCFA80F1f22b0AD533F7d8e2CcC0A783aa4BCaFF3}: cortex::pipeline: transaction signed elapsed_ms=358
2026-04-05T14:34:58.062385Z  INFO ThreadId(05) pipeline{execution_id=14b55ffc-74ed-4d51-9ab5-520bf14cbd5c chain_id=42161 from_address=0xfea6645D31443cF7Cf96eF1dB7823EB9365f98bf}: cortex::pipeline: transaction signed elapsed_ms=359
2026-04-05T14:34:58.064174Z  INFO ThreadId(13) pipeline{execution_id=826f8ac1-c73e-42f1-8021-2f095a695f38 chain_id=1 from_address=0xfea6645D31443cF7Cf96eF1dB7823EB9365f98bf}: cortex::pipeline: transaction signed elapsed_ms=361
2026-04-05T14:34:58.064177Z  INFO ThreadId(03) pipeline{execution_id=f949fa0c-5a9e-457e-af23-28a18c743398 chain_id=137 from_address=0x8b172F820629b14cEAF859A6e159d1BcD3291Fe1}: cortex::pipeline: nonce reserved elapsed_ms=361 nonce=26
2026-04-05T14:34:58.064615Z  INFO ThreadId(05) pipeline{execution_id=3e327108-ec82-4478-8794-26f46bdefc22 chain_id=1 from_address=0xfea6645D31443cF7Cf96eF1dB7823EB9365f98bf}: cortex::pipeline: transaction broadcasted: elapsed_ms=385 tx_hash=0x47b8ab95e4f19d4afaf139c08b72d488d40c28092fff67fd27b13ee44249e888
2026-04-05T14:34:58.064735Z  INFO ThreadId(05) pipeline{execution_id=1b64de8c-b9d9-4db7-af49-d3d260764402 chain_id=137 from_address=0xCFA80F1f22b0AD533F7d8e2CcC0A783aa4BCaFF3}: cortex::pipeline: transaction broadcasted: elapsed_ms=362 tx_hash=0x2723de18dd2597c7c1047a1554ed00392892467c75d7846d7c17f7b223e1a5cc
2026-04-05T14:34:58.065535Z  INFO ThreadId(05) pipeline{execution_id=f949fa0c-5a9e-457e-af23-28a18c743398 chain_id=137 from_address=0x8b172F820629b14cEAF859A6e159d1BcD3291Fe1}: cortex::pipeline: transaction signed elapsed_ms=363
2026-04-05T14:34:58.066474Z  INFO ThreadId(13) pipeline{execution_id=595dd564-fd7c-4c64-bbe3-2c743e457fe8 chain_id=1 from_address=0x8b172F820629b14cEAF859A6e159d1BcD3291Fe1}: cortex::pipeline: transaction broadcasted: elapsed_ms=387 tx_hash=0xa87b87a538e59b1fc03e1c3ff4717875f022d915a2075af40b8b09dced1d7592
2026-04-05T14:34:58.067748Z  INFO ThreadId(18) pipeline{execution_id=57bcdf64-7e81-46cb-a2ce-5fd10f47b6bf chain_id=1 from_address=0x8b172F820629b14cEAF859A6e159d1BcD3291Fe1}: cortex::pipeline: nonce reserved elapsed_ms=365 nonce=29
2026-04-05T14:34:58.068950Z  INFO ThreadId(16) pipeline{execution_id=229003c4-e665-42da-a671-0a74a7f54e05 chain_id=1 from_address=0x8AfE43fF49EBd5c4B8Cd1497ee77b437dd1711fc}: cortex::pipeline: transaction broadcasted: elapsed_ms=390 tx_hash=0xae965a948d4d7e382ec5a0d5db805fc6ecad1b6c6cfb6d15d311b25fddf7f20c
2026-04-05T14:34:58.069097Z  INFO ThreadId(05) pipeline{execution_id=57bcdf64-7e81-46cb-a2ce-5fd10f47b6bf chain_id=1 from_address=0x8b172F820629b14cEAF859A6e159d1BcD3291Fe1}: cortex::pipeline: transaction signed elapsed_ms=366
2026-04-05T14:34:58.069158Z  INFO ThreadId(03) pipeline{execution_id=2ae4dc92-3254-4b18-84e4-6b7d889ea880 chain_id=1 from_address=0x2EAC739a1e05F4a05a5B8fD93D332c4353E5A7cD}: cortex::pipeline: nonce reserved elapsed_ms=366 nonce=28
2026-04-05T14:34:58.072445Z  INFO ThreadId(05) pipeline{execution_id=1464e45e-b6ad-45fa-9b68-d83f2f89ea3c chain_id=137 from_address=0xCFA80F1f22b0AD533F7d8e2CcC0A783aa4BCaFF3}: cortex::pipeline: nonce reserved elapsed_ms=369 nonce=26
2026-04-05T14:34:58.073795Z  INFO ThreadId(13) pipeline{execution_id=3e400ff6-a5ba-41f1-9689-8994e2a0a3e0 chain_id=1 from_address=0xCFA80F1f22b0AD533F7d8e2CcC0A783aa4BCaFF3}: cortex::pipeline: transaction broadcasted: elapsed_ms=395 tx_hash=0xb03709b5a0c0f70c2d5a4d6d52ed27e1de9307450718d50988726fdac2f5bf56
2026-04-05T14:34:58.074094Z  INFO ThreadId(18) pipeline{execution_id=39fbf951-d900-4876-8f92-14c8e5133942 chain_id=42161 from_address=0x8b172F820629b14cEAF859A6e159d1BcD3291Fe1}: cortex::pipeline: nonce reserved elapsed_ms=371 nonce=21
2026-04-05T14:34:58.074259Z  INFO ThreadId(03) pipeline{execution_id=2ae4dc92-3254-4b18-84e4-6b7d889ea880 chain_id=1 from_address=0x2EAC739a1e05F4a05a5B8fD93D332c4353E5A7cD}: cortex::pipeline: transaction signed elapsed_ms=371
2026-04-05T14:34:58.074296Z  INFO ThreadId(05) pipeline{execution_id=1464e45e-b6ad-45fa-9b68-d83f2f89ea3c chain_id=137 from_address=0xCFA80F1f22b0AD533F7d8e2CcC0A783aa4BCaFF3}: cortex::pipeline: transaction signed elapsed_ms=371
2026-04-05T14:34:58.075233Z  INFO ThreadId(06) pipeline{execution_id=39fbf951-d900-4876-8f92-14c8e5133942 chain_id=42161 from_address=0x8b172F820629b14cEAF859A6e159d1BcD3291Fe1}: cortex::pipeline: transaction signed elapsed_ms=372
2026-04-05T14:34:58.075300Z  INFO ThreadId(05) pipeline{execution_id=52f0640e-55d7-4461-b934-e6f7d10318b1 chain_id=1 from_address=0x8b172F820629b14cEAF859A6e159d1BcD3291Fe1}: cortex::pipeline: transaction broadcasted: elapsed_ms=396 tx_hash=0x3282caeaec82b743335a781727f0229b8f04b9aa0ecda08706a14a6f2fca25de
2026-04-05T14:34:58.075355Z  INFO ThreadId(18) pipeline{execution_id=7d6bcc89-7ec4-4d8e-b042-8894425b923d chain_id=1 from_address=0x8AfE43fF49EBd5c4B8Cd1497ee77b437dd1711fc}: cortex::pipeline: nonce reserved elapsed_ms=372 nonce=23
2026-04-05T14:34:58.076186Z  INFO ThreadId(18) pipeline{execution_id=5a32af21-4fa3-4ebf-b232-407af7a130ed chain_id=42161 from_address=0x8b172F820629b14cEAF859A6e159d1BcD3291Fe1}: cortex::pipeline: nonce reserved elapsed_ms=373 nonce=22
2026-04-05T14:34:58.076556Z  INFO ThreadId(18) pipeline{execution_id=7d6bcc89-7ec4-4d8e-b042-8894425b923d chain_id=1 from_address=0x8AfE43fF49EBd5c4B8Cd1497ee77b437dd1711fc}: cortex::pipeline: transaction signed elapsed_ms=373
2026-04-05T14:34:58.076787Z  INFO ThreadId(06) pipeline{execution_id=15c32e39-915f-44b6-b942-5a5d0e3354f8 chain_id=1 from_address=0x8AfE43fF49EBd5c4B8Cd1497ee77b437dd1711fc}: cortex::pipeline: transaction broadcasted: elapsed_ms=397 tx_hash=0x8c79c6cfc08dfacc68fafaa6eedf1f4ed3f99b1df863a0379c4d08b5b7c77ee5
2026-04-05T14:34:58.077034Z  INFO ThreadId(18) pipeline{execution_id=55206f0b-892e-4c72-86c2-feba2583c97d chain_id=42161 from_address=0xfea6645D31443cF7Cf96eF1dB7823EB9365f98bf}: cortex::pipeline: nonce reserved elapsed_ms=374 nonce=26
2026-04-05T14:34:58.077438Z  INFO ThreadId(16) pipeline{execution_id=5a32af21-4fa3-4ebf-b232-407af7a130ed chain_id=42161 from_address=0x8b172F820629b14cEAF859A6e159d1BcD3291Fe1}: cortex::pipeline: transaction signed elapsed_ms=374
2026-04-05T14:34:58.077650Z  INFO ThreadId(13) pipeline{execution_id=7433c8e0-c3e6-4945-8b04-b36805e1d7be chain_id=42161 from_address=0x8AfE43fF49EBd5c4B8Cd1497ee77b437dd1711fc}: cortex::pipeline: nonce reserved elapsed_ms=374 nonce=21
2026-04-05T14:34:58.078101Z  INFO ThreadId(16) pipeline{execution_id=55206f0b-892e-4c72-86c2-feba2583c97d chain_id=42161 from_address=0xfea6645D31443cF7Cf96eF1dB7823EB9365f98bf}: cortex::pipeline: transaction signed elapsed_ms=375
2026-04-05T14:34:58.078286Z  INFO ThreadId(13) pipeline{execution_id=9d7cc800-d054-419c-8e8b-8eafec250866 chain_id=1 from_address=0xCFA80F1f22b0AD533F7d8e2CcC0A783aa4BCaFF3}: cortex::pipeline: transaction broadcasted: elapsed_ms=399 tx_hash=0x7c8911283be3f5dac0072ace6c792130b1c17672522d3caf42335974f4654b10
2026-04-05T14:34:58.078433Z  INFO ThreadId(03) pipeline{execution_id=4eb9f39b-b7c8-47db-871d-e7b0c0a19354 chain_id=42161 from_address=0x8b172F820629b14cEAF859A6e159d1BcD3291Fe1}: cortex::pipeline: nonce reserved elapsed_ms=375 nonce=23
2026-04-05T14:34:58.078687Z  INFO ThreadId(06) pipeline{execution_id=7433c8e0-c3e6-4945-8b04-b36805e1d7be chain_id=42161 from_address=0x8AfE43fF49EBd5c4B8Cd1497ee77b437dd1711fc}: cortex::pipeline: transaction signed elapsed_ms=376
2026-04-05T14:34:58.079102Z  INFO ThreadId(16) pipeline{execution_id=c5974ba3-c051-4223-a67e-bbe8c9bc01c9 chain_id=137 from_address=0x2EAC739a1e05F4a05a5B8fD93D332c4353E5A7cD}: cortex::pipeline: nonce reserved elapsed_ms=376 nonce=22
2026-04-05T14:34:58.079361Z  INFO ThreadId(16) pipeline{execution_id=4eb9f39b-b7c8-47db-871d-e7b0c0a19354 chain_id=42161 from_address=0x8b172F820629b14cEAF859A6e159d1BcD3291Fe1}: cortex::pipeline: transaction signed elapsed_ms=376
2026-04-05T14:34:58.079796Z  INFO ThreadId(06) pipeline{execution_id=ff25dade-2950-45be-8c2b-e878dd9311c3 chain_id=1 from_address=0x8b172F820629b14cEAF859A6e159d1BcD3291Fe1}: cortex::pipeline: transaction broadcasted: elapsed_ms=400 tx_hash=0xe5987522efda6dc23c8cf7089cafd0936b65a2e24976f642cb123075cc980541
2026-04-05T14:34:58.079809Z  INFO ThreadId(03) pipeline{execution_id=99ba0ddd-962f-490e-8df7-d17da613d8f8 chain_id=137 from_address=0x8AfE43fF49EBd5c4B8Cd1497ee77b437dd1711fc}: cortex::pipeline: nonce reserved elapsed_ms=377 nonce=23
2026-04-05T14:34:58.080080Z  INFO ThreadId(05) pipeline{execution_id=c5974ba3-c051-4223-a67e-bbe8c9bc01c9 chain_id=137 from_address=0x2EAC739a1e05F4a05a5B8fD93D332c4353E5A7cD}: cortex::pipeline: transaction signed elapsed_ms=377
2026-04-05T14:34:58.080536Z  INFO ThreadId(03) pipeline{execution_id=b3510c62-f047-48a2-ac87-189c347904a0 chain_id=1 from_address=0xfea6645D31443cF7Cf96eF1dB7823EB9365f98bf}: cortex::pipeline: nonce reserved elapsed_ms=377 nonce=22
2026-04-05T14:34:58.080799Z  INFO ThreadId(06) pipeline{execution_id=99ba0ddd-962f-490e-8df7-d17da613d8f8 chain_id=137 from_address=0x8AfE43fF49EBd5c4B8Cd1497ee77b437dd1711fc}: cortex::pipeline: transaction signed elapsed_ms=378
2026-04-05T14:34:58.081239Z  INFO ThreadId(13) pipeline{execution_id=480d1a5c-4181-474c-af4b-354f8665f593 chain_id=137 from_address=0xfea6645D31443cF7Cf96eF1dB7823EB9365f98bf}: cortex::pipeline: nonce reserved elapsed_ms=378 nonce=25
2026-04-05T14:34:58.081285Z  INFO ThreadId(18) pipeline{execution_id=9a3546f1-e14d-44a3-80e3-e45a7b76a2b9 chain_id=1 from_address=0xfea6645D31443cF7Cf96eF1dB7823EB9365f98bf}: cortex::pipeline: transaction broadcasted: elapsed_ms=401 tx_hash=0xbab36c6ba438e14bcf91356d455293f34e15e082beb397fefa74177cd7319e65
2026-04-05T14:34:58.081595Z  INFO ThreadId(18) pipeline{execution_id=b3510c62-f047-48a2-ac87-189c347904a0 chain_id=1 from_address=0xfea6645D31443cF7Cf96eF1dB7823EB9365f98bf}: cortex::pipeline: transaction signed elapsed_ms=378
2026-04-05T14:34:58.081908Z  INFO ThreadId(16) pipeline{execution_id=f270d7f3-19c4-49fa-b821-7c398d598259 chain_id=137 from_address=0xfea6645D31443cF7Cf96eF1dB7823EB9365f98bf}: cortex::pipeline: nonce reserved elapsed_ms=379 nonce=26
2026-04-05T14:34:58.082286Z  INFO ThreadId(18) pipeline{execution_id=480d1a5c-4181-474c-af4b-354f8665f593 chain_id=137 from_address=0xfea6645D31443cF7Cf96eF1dB7823EB9365f98bf}: cortex::pipeline: transaction signed elapsed_ms=379
2026-04-05T14:34:58.082586Z  INFO ThreadId(05) pipeline{execution_id=68d90cb5-3b03-49e4-a5c6-dc491b477456 chain_id=42161 from_address=0x8AfE43fF49EBd5c4B8Cd1497ee77b437dd1711fc}: cortex::pipeline: nonce reserved elapsed_ms=379 nonce=22
2026-04-05T14:34:58.082955Z  INFO ThreadId(16) pipeline{execution_id=ce932809-2f46-4f42-8617-2a92ecb125a3 chain_id=1 from_address=0x2EAC739a1e05F4a05a5B8fD93D332c4353E5A7cD}: cortex::pipeline: transaction broadcasted: elapsed_ms=403 tx_hash=0x0270ec1e2aac7193445e7275f3391846a79db724bd2098d9accba584b52ec1dd
2026-04-05T14:34:58.083027Z  INFO ThreadId(06) pipeline{execution_id=f270d7f3-19c4-49fa-b821-7c398d598259 chain_id=137 from_address=0xfea6645D31443cF7Cf96eF1dB7823EB9365f98bf}: cortex::pipeline: transaction signed elapsed_ms=380
2026-04-05T14:34:58.083441Z  INFO ThreadId(13) pipeline{execution_id=d8cf2439-e50e-47e4-985d-a939a5b0ad45 chain_id=1 from_address=0x8AfE43fF49EBd5c4B8Cd1497ee77b437dd1711fc}: cortex::pipeline: nonce reserved elapsed_ms=380 nonce=24
2026-04-05T14:34:58.083660Z  INFO ThreadId(05) pipeline{execution_id=68d90cb5-3b03-49e4-a5c6-dc491b477456 chain_id=42161 from_address=0x8AfE43fF49EBd5c4B8Cd1497ee77b437dd1711fc}: cortex::pipeline: transaction signed elapsed_ms=380
2026-04-05T14:34:58.084101Z  INFO ThreadId(13) pipeline{execution_id=bdc4378b-7dca-48c4-b873-6dd2efbfae4e chain_id=42161 from_address=0x8AfE43fF49EBd5c4B8Cd1497ee77b437dd1711fc}: cortex::pipeline: nonce reserved elapsed_ms=381 nonce=23
2026-04-05T14:34:58.084423Z  INFO ThreadId(06) pipeline{execution_id=d8cf2439-e50e-47e4-985d-a939a5b0ad45 chain_id=1 from_address=0x8AfE43fF49EBd5c4B8Cd1497ee77b437dd1711fc}: cortex::pipeline: transaction signed elapsed_ms=381
2026-04-05T14:34:58.084537Z  INFO ThreadId(03) pipeline{execution_id=cf5a13d8-5397-475f-8098-e23560eef5b7 chain_id=1 from_address=0x2EAC739a1e05F4a05a5B8fD93D332c4353E5A7cD}: cortex::pipeline: transaction broadcasted: elapsed_ms=405 tx_hash=0x7ec49a144939a56469d9d561399f53f406577954f96f1bb87c6de3cc3e8032d2
2026-04-05T14:34:58.084781Z  INFO ThreadId(13) pipeline{execution_id=2136ad7e-2b78-4b2c-90a1-ce86d05e7a67 chain_id=137 from_address=0x2EAC739a1e05F4a05a5B8fD93D332c4353E5A7cD}: cortex::pipeline: nonce reserved elapsed_ms=381 nonce=23
2026-04-05T14:34:58.084992Z  INFO ThreadId(18) pipeline{execution_id=bdc4378b-7dca-48c4-b873-6dd2efbfae4e chain_id=42161 from_address=0x8AfE43fF49EBd5c4B8Cd1497ee77b437dd1711fc}: cortex::pipeline: transaction signed elapsed_ms=382
2026-04-05T14:34:58.085228Z  INFO ThreadId(18) pipeline{execution_id=74c8d672-f0b4-459b-b7ae-5a014fc43d93 chain_id=1 from_address=0xCFA80F1f22b0AD533F7d8e2CcC0A783aa4BCaFF3}: cortex::pipeline: nonce reserved elapsed_ms=382 nonce=21
2026-04-05T14:34:58.085868Z  INFO ThreadId(16) pipeline{execution_id=2d7ff386-89b1-4052-87ab-3cd17d40dc7d chain_id=42161 from_address=0x8b172F820629b14cEAF859A6e159d1BcD3291Fe1}: cortex::pipeline: nonce reserved elapsed_ms=382 nonce=24
2026-04-05T14:34:58.085876Z  INFO ThreadId(18) pipeline{execution_id=2136ad7e-2b78-4b2c-90a1-ce86d05e7a67 chain_id=137 from_address=0x2EAC739a1e05F4a05a5B8fD93D332c4353E5A7cD}: cortex::pipeline: transaction signed elapsed_ms=382
2026-04-05T14:34:58.085920Z  INFO ThreadId(03) pipeline{execution_id=ec4e8eb6-993c-430d-be20-dc4a17b64af5 chain_id=1 from_address=0x8b172F820629b14cEAF859A6e159d1BcD3291Fe1}: cortex::pipeline: transaction broadcasted: elapsed_ms=406 tx_hash=0xf9a4179eb241f5f8e01ff551b848dd703522cab2d40cccde1d8ac3b649ab6f13
2026-04-05T14:34:58.086254Z  INFO ThreadId(13) pipeline{execution_id=74c8d672-f0b4-459b-b7ae-5a014fc43d93 chain_id=1 from_address=0xCFA80F1f22b0AD533F7d8e2CcC0A783aa4BCaFF3}: cortex::pipeline: transaction signed elapsed_ms=383
2026-04-05T14:34:58.086544Z  INFO ThreadId(03) pipeline{execution_id=ce52e28d-5fcf-4cde-807a-6a00a7efb262 chain_id=137 from_address=0xCFA80F1f22b0AD533F7d8e2CcC0A783aa4BCaFF3}: cortex::pipeline: nonce reserved elapsed_ms=383 nonce=27
2026-04-05T14:34:58.086753Z  INFO ThreadId(03) pipeline{execution_id=2d7ff386-89b1-4052-87ab-3cd17d40dc7d chain_id=42161 from_address=0x8b172F820629b14cEAF859A6e159d1BcD3291Fe1}: cortex::pipeline: transaction signed elapsed_ms=383
2026-04-05T14:34:58.087089Z  INFO ThreadId(03) pipeline{execution_id=166a522e-a7cc-48da-99be-e132242d7ed2 chain_id=42161 from_address=0xCFA80F1f22b0AD533F7d8e2CcC0A783aa4BCaFF3}: cortex::pipeline: nonce reserved elapsed_ms=384 nonce=19
2026-04-05T14:34:58.087385Z  INFO ThreadId(13) pipeline{execution_id=ce52e28d-5fcf-4cde-807a-6a00a7efb262 chain_id=137 from_address=0xCFA80F1f22b0AD533F7d8e2CcC0A783aa4BCaFF3}: cortex::pipeline: transaction signed elapsed_ms=384
2026-04-05T14:34:58.087406Z  INFO ThreadId(18) pipeline{execution_id=b7b6194d-0e32-4f78-aa1d-6e9a73392827 chain_id=1 from_address=0xfea6645D31443cF7Cf96eF1dB7823EB9365f98bf}: cortex::pipeline: transaction broadcasted: elapsed_ms=407 tx_hash=0x7928e71506910c32eea3d75532220a7df1908e7ea8dcf1612a54ab3990a87537
2026-04-05T14:34:58.087668Z  INFO ThreadId(18) pipeline{execution_id=a36eed8f-e6b3-4f33-825a-41364eb2520b chain_id=1 from_address=0x2EAC739a1e05F4a05a5B8fD93D332c4353E5A7cD}: cortex::pipeline: nonce reserved elapsed_ms=384 nonce=29
2026-04-05T14:34:58.087990Z  INFO ThreadId(13) pipeline{execution_id=166a522e-a7cc-48da-99be-e132242d7ed2 chain_id=42161 from_address=0xCFA80F1f22b0AD533F7d8e2CcC0A783aa4BCaFF3}: cortex::pipeline: transaction signed elapsed_ms=384
2026-04-05T14:34:58.088300Z  INFO ThreadId(13) pipeline{execution_id=8769c0ed-e05b-44f1-bfab-c0fc93cb227f chain_id=1 from_address=0xCFA80F1f22b0AD533F7d8e2CcC0A783aa4BCaFF3}: cortex::pipeline: nonce reserved elapsed_ms=385 nonce=22
2026-04-05T14:34:58.088773Z  INFO ThreadId(17) pipeline{execution_id=a36eed8f-e6b3-4f33-825a-41364eb2520b chain_id=1 from_address=0x2EAC739a1e05F4a05a5B8fD93D332c4353E5A7cD}: cortex::pipeline: transaction signed elapsed_ms=385
2026-04-05T14:34:58.089453Z  INFO ThreadId(17) pipeline{execution_id=3babb02d-d66b-4e0e-a12f-d4babb58f102 chain_id=1 from_address=0x2EAC739a1e05F4a05a5B8fD93D332c4353E5A7cD}: cortex::pipeline: transaction broadcasted: elapsed_ms=409 tx_hash=0x8480ec5779196861c9d21259291e4693491515de16df05259182193b983cd6aa
2026-04-05T14:34:58.089873Z  INFO ThreadId(06) pipeline{execution_id=8769c0ed-e05b-44f1-bfab-c0fc93cb227f chain_id=1 from_address=0xCFA80F1f22b0AD533F7d8e2CcC0A783aa4BCaFF3}: cortex::pipeline: transaction signed elapsed_ms=386
2026-04-05T14:34:58.089901Z  INFO ThreadId(05) pipeline{execution_id=55e326fe-4c84-44df-897c-ecc0316ce038 chain_id=137 from_address=0xfea6645D31443cF7Cf96eF1dB7823EB9365f98bf}: cortex::pipeline: nonce reserved elapsed_ms=386 nonce=27
2026-04-05T14:34:58.090582Z  INFO ThreadId(13) pipeline{execution_id=41228874-545d-4d04-a3b8-14b1dab76e8a chain_id=1 from_address=0x2EAC739a1e05F4a05a5B8fD93D332c4353E5A7cD}: cortex::pipeline: nonce reserved elapsed_ms=387 nonce=30
2026-04-05T14:34:58.090899Z  INFO ThreadId(13) pipeline{execution_id=55e326fe-4c84-44df-897c-ecc0316ce038 chain_id=137 from_address=0xfea6645D31443cF7Cf96eF1dB7823EB9365f98bf}: cortex::pipeline: transaction signed elapsed_ms=387
2026-04-05T14:34:58.091049Z  INFO ThreadId(17) pipeline{execution_id=366675cc-96aa-47fd-bcec-b0d8836c4409 chain_id=1 from_address=0x8AfE43fF49EBd5c4B8Cd1497ee77b437dd1711fc}: cortex::pipeline: transaction broadcasted: elapsed_ms=411 tx_hash=0x167e4f1b4e1f00a32e42b8bf6493a75c76f7161a5f1a2edab7efe5a84cd88c30
2026-04-05T14:34:58.091187Z  INFO ThreadId(05) pipeline{execution_id=56864c79-0395-40ff-9756-d7a5519dd7b0 chain_id=137 from_address=0xCFA80F1f22b0AD533F7d8e2CcC0A783aa4BCaFF3}: cortex::pipeline: nonce reserved elapsed_ms=386 nonce=28
2026-04-05T14:34:58.091777Z  INFO ThreadId(05) pipeline{execution_id=41228874-545d-4d04-a3b8-14b1dab76e8a chain_id=1 from_address=0x2EAC739a1e05F4a05a5B8fD93D332c4353E5A7cD}: cortex::pipeline: transaction signed elapsed_ms=388
2026-04-05T14:34:58.091826Z  INFO ThreadId(06) pipeline{execution_id=3a2db5ca-fd67-4837-b25a-e25557d3180d chain_id=137 from_address=0x2EAC739a1e05F4a05a5B8fD93D332c4353E5A7cD}: cortex::pipeline: nonce reserved elapsed_ms=387 nonce=24
2026-04-05T14:34:58.092053Z  INFO ThreadId(06) pipeline{execution_id=56864c79-0395-40ff-9756-d7a5519dd7b0 chain_id=137 from_address=0xCFA80F1f22b0AD533F7d8e2CcC0A783aa4BCaFF3}: cortex::pipeline: transaction signed elapsed_ms=387
2026-04-05T14:34:58.092404Z  INFO ThreadId(17) pipeline{execution_id=4359ae7e-5c9d-4cd2-a9c1-65af4a122303 chain_id=137 from_address=0x2EAC739a1e05F4a05a5B8fD93D332c4353E5A7cD}: cortex::pipeline: nonce reserved elapsed_ms=387 nonce=25
2026-04-05T14:34:58.092418Z  INFO ThreadId(18) pipeline{execution_id=185be67e-cc66-4f60-a582-756addc0bdbc chain_id=1 from_address=0x2EAC739a1e05F4a05a5B8fD93D332c4353E5A7cD}: cortex::pipeline: transaction broadcasted: elapsed_ms=412 tx_hash=0x0af384d4c25511b153dd98b7bd277df85e09e021a00bc7ea48459e30a419f769
2026-04-05T14:34:58.092712Z  INFO ThreadId(09) pipeline{execution_id=3a2db5ca-fd67-4837-b25a-e25557d3180d chain_id=137 from_address=0x2EAC739a1e05F4a05a5B8fD93D332c4353E5A7cD}: cortex::pipeline: transaction signed elapsed_ms=388
2026-04-05T14:34:58.093007Z  INFO ThreadId(09) pipeline{execution_id=74dcf919-40a6-435e-a91a-0abc1a6fe9e2 chain_id=42161 from_address=0x8b172F820629b14cEAF859A6e159d1BcD3291Fe1}: cortex::pipeline: nonce reserved elapsed_ms=388 nonce=25
2026-04-05T14:34:58.093543Z  INFO ThreadId(03) pipeline{execution_id=4359ae7e-5c9d-4cd2-a9c1-65af4a122303 chain_id=137 from_address=0x2EAC739a1e05F4a05a5B8fD93D332c4353E5A7cD}: cortex::pipeline: transaction signed elapsed_ms=388
2026-04-05T14:34:58.093784Z  INFO ThreadId(13) pipeline{execution_id=124ce61f-fd60-48c9-88f6-725d9aecb65a chain_id=42161 from_address=0x2EAC739a1e05F4a05a5B8fD93D332c4353E5A7cD}: cortex::pipeline: nonce reserved elapsed_ms=389 nonce=19
2026-04-05T14:34:58.093832Z  INFO ThreadId(09) pipeline{execution_id=06a858dd-1089-4643-bd1d-0cfb1526f85c chain_id=1 from_address=0x2EAC739a1e05F4a05a5B8fD93D332c4353E5A7cD}: cortex::pipeline: transaction broadcasted: elapsed_ms=414 tx_hash=0xd2ce0d586e09510d43b234f788bf6eb8ee4d3232abd42864fa378dd023df0c9b
2026-04-05T14:34:58.094111Z  INFO ThreadId(13) pipeline{execution_id=74dcf919-40a6-435e-a91a-0abc1a6fe9e2 chain_id=42161 from_address=0x8b172F820629b14cEAF859A6e159d1BcD3291Fe1}: cortex::pipeline: transaction signed elapsed_ms=389
2026-04-05T14:34:58.094478Z  INFO ThreadId(05) pipeline{execution_id=23883318-6a36-417d-8612-73e617d43b6d chain_id=137 from_address=0x8AfE43fF49EBd5c4B8Cd1497ee77b437dd1711fc}: cortex::pipeline: nonce reserved elapsed_ms=389 nonce=24
2026-04-05T14:34:58.094774Z  INFO ThreadId(05) pipeline{execution_id=124ce61f-fd60-48c9-88f6-725d9aecb65a chain_id=42161 from_address=0x2EAC739a1e05F4a05a5B8fD93D332c4353E5A7cD}: cortex::pipeline: transaction signed elapsed_ms=389
2026-04-05T14:34:58.095052Z  INFO ThreadId(13) pipeline{execution_id=ee4cba95-25ec-433a-8238-ca6d5b390787 chain_id=42161 from_address=0x8b172F820629b14cEAF859A6e159d1BcD3291Fe1}: cortex::pipeline: nonce reserved elapsed_ms=374 nonce=26
2026-04-05T14:34:58.095304Z  INFO ThreadId(17) pipeline{execution_id=23883318-6a36-417d-8612-73e617d43b6d chain_id=137 from_address=0x8AfE43fF49EBd5c4B8Cd1497ee77b437dd1711fc}: cortex::pipeline: transaction signed elapsed_ms=390
2026-04-05T14:34:58.095324Z  INFO ThreadId(06) pipeline{execution_id=c886998c-8ed8-44aa-a659-1c588ea64c1e chain_id=1 from_address=0x8AfE43fF49EBd5c4B8Cd1497ee77b437dd1711fc}: cortex::pipeline: transaction broadcasted: elapsed_ms=415 tx_hash=0x5b29068a7c991b9c3c2e297a9811b931615c7ef849c48d77741eb2d251adf2f8
2026-04-05T14:34:58.095650Z  INFO ThreadId(13) pipeline{execution_id=e9405f16-df70-4c71-bdda-6a281ddb630e chain_id=42161 from_address=0xfea6645D31443cF7Cf96eF1dB7823EB9365f98bf}: cortex::pipeline: nonce reserved elapsed_ms=375 nonce=27
2026-04-05T14:34:58.095952Z  INFO ThreadId(18) pipeline{execution_id=ee4cba95-25ec-433a-8238-ca6d5b390787 chain_id=42161 from_address=0x8b172F820629b14cEAF859A6e159d1BcD3291Fe1}: cortex::pipeline: transaction signed elapsed_ms=375
2026-04-05T14:34:58.096241Z  INFO ThreadId(17) pipeline{execution_id=edb803be-9786-4dc8-9c9d-8a2125e108c7 chain_id=42161 from_address=0xCFA80F1f22b0AD533F7d8e2CcC0A783aa4BCaFF3}: cortex::pipeline: nonce reserved elapsed_ms=375 nonce=20
2026-04-05T14:34:58.096505Z  INFO ThreadId(06) pipeline{execution_id=cf1b3b65-e21b-41d6-9dd2-8fc80fd96fe5 chain_id=1 from_address=0x8b172F820629b14cEAF859A6e159d1BcD3291Fe1}: cortex::pipeline: transaction broadcasted: elapsed_ms=416 tx_hash=0xbaa75273d0e3c51dd16e34ab90d87e750be35ee9d7ec296beeaac9533769e038
2026-04-05T14:34:58.096607Z  INFO ThreadId(17) pipeline{execution_id=e9405f16-df70-4c71-bdda-6a281ddb630e chain_id=42161 from_address=0xfea6645D31443cF7Cf96eF1dB7823EB9365f98bf}: cortex::pipeline: transaction signed elapsed_ms=376
2026-04-05T14:34:58.096736Z  INFO ThreadId(05) pipeline{execution_id=67f0d0ad-7444-4283-b4e9-24b472647d23 chain_id=137 from_address=0x2EAC739a1e05F4a05a5B8fD93D332c4353E5A7cD}: cortex::pipeline: nonce reserved elapsed_ms=394 nonce=26
2026-04-05T14:34:58.097216Z  INFO ThreadId(05) pipeline{execution_id=edb803be-9786-4dc8-9c9d-8a2125e108c7 chain_id=42161 from_address=0xCFA80F1f22b0AD533F7d8e2CcC0A783aa4BCaFF3}: cortex::pipeline: transaction signed elapsed_ms=376
2026-04-05T14:34:58.097443Z  INFO ThreadId(03) pipeline{execution_id=ce285697-3fd4-4d65-b750-811f02014255 chain_id=137 from_address=0x8AfE43fF49EBd5c4B8Cd1497ee77b437dd1711fc}: cortex::pipeline: nonce reserved elapsed_ms=376 nonce=25
2026-04-05T14:34:58.098128Z  INFO ThreadId(06) pipeline{execution_id=35257fd1-2162-4687-be72-4a6d87c810cc chain_id=1 from_address=0x2EAC739a1e05F4a05a5B8fD93D332c4353E5A7cD}: cortex::pipeline: transaction broadcasted: elapsed_ms=418 tx_hash=0xe3ad2d02dc63b4546567af0ce1255d7b0f7e7b2000d16ad5ed11c2415da74bf1
2026-04-05T14:34:58.098139Z  INFO ThreadId(05) pipeline{execution_id=67f0d0ad-7444-4283-b4e9-24b472647d23 chain_id=137 from_address=0x2EAC739a1e05F4a05a5B8fD93D332c4353E5A7cD}: cortex::pipeline: transaction signed elapsed_ms=396
2026-04-05T14:34:58.098829Z  INFO ThreadId(18) pipeline{execution_id=ce285697-3fd4-4d65-b750-811f02014255 chain_id=137 from_address=0x8AfE43fF49EBd5c4B8Cd1497ee77b437dd1711fc}: cortex::pipeline: transaction signed elapsed_ms=378
2026-04-05T14:34:58.100438Z  INFO ThreadId(05) pipeline{execution_id=2d449c74-6b21-4590-b8d3-07778f75d1b6 chain_id=42161 from_address=0xCFA80F1f22b0AD533F7d8e2CcC0A783aa4BCaFF3}: cortex::pipeline: nonce reserved elapsed_ms=379 nonce=21
2026-04-05T14:34:58.100463Z  INFO ThreadId(03) pipeline{execution_id=15034379-f674-4ea2-92fc-c78185be6b36 chain_id=1 from_address=0x2EAC739a1e05F4a05a5B8fD93D332c4353E5A7cD}: cortex::pipeline: nonce reserved elapsed_ms=380 nonce=31
2026-04-05T14:34:58.100471Z  INFO ThreadId(17) pipeline{execution_id=7eaa6d23-4a54-4964-bf22-af4a0b599579 chain_id=1 from_address=0xfea6645D31443cF7Cf96eF1dB7823EB9365f98bf}: cortex::pipeline: transaction broadcasted: elapsed_ms=420 tx_hash=0x35a1ecf5e5ef485aaf10622750f9ec2f59a03f3c3eb36848787826605b56ee86
2026-04-05T14:34:58.102244Z  INFO ThreadId(17) pipeline{execution_id=2d449c74-6b21-4590-b8d3-07778f75d1b6 chain_id=42161 from_address=0xCFA80F1f22b0AD533F7d8e2CcC0A783aa4BCaFF3}: cortex::pipeline: transaction signed elapsed_ms=381
2026-04-05T14:34:58.102348Z  INFO ThreadId(18) pipeline{execution_id=3894f87f-f686-471f-98c2-aa6082f5d06e chain_id=137 from_address=0x2EAC739a1e05F4a05a5B8fD93D332c4353E5A7cD}: cortex::pipeline: nonce reserved elapsed_ms=382 nonce=27
2026-04-05T14:34:58.103171Z  INFO ThreadId(06) pipeline{execution_id=15034379-f674-4ea2-92fc-c78185be6b36 chain_id=1 from_address=0x2EAC739a1e05F4a05a5B8fD93D332c4353E5A7cD}: cortex::pipeline: transaction signed elapsed_ms=382
2026-04-05T14:34:58.103518Z  INFO ThreadId(17) pipeline{execution_id=a54a0d9f-86c7-4c62-8e2e-024594888e0b chain_id=137 from_address=0xfea6645D31443cF7Cf96eF1dB7823EB9365f98bf}: cortex::pipeline: nonce reserved elapsed_ms=382 nonce=28
2026-04-05T14:34:58.104076Z  INFO ThreadId(06) pipeline{execution_id=045490d7-0443-40e1-bec7-c1b8af4a457e chain_id=1 from_address=0x8b172F820629b14cEAF859A6e159d1BcD3291Fe1}: cortex::pipeline: transaction broadcasted: elapsed_ms=424 tx_hash=0xb681fbb23ad8d844d8ad25e43eba3fa5e0db57f0b130a0c413c35c0021371e5e
2026-04-05T14:34:58.104259Z  INFO ThreadId(03) pipeline{execution_id=3894f87f-f686-471f-98c2-aa6082f5d06e chain_id=137 from_address=0x2EAC739a1e05F4a05a5B8fD93D332c4353E5A7cD}: cortex::pipeline: transaction signed elapsed_ms=383
2026-04-05T14:34:58.104556Z  INFO ThreadId(03) pipeline{execution_id=5c575255-d9b2-4407-b104-334c6ee1c5dd chain_id=137 from_address=0x2EAC739a1e05F4a05a5B8fD93D332c4353E5A7cD}: cortex::pipeline: nonce reserved elapsed_ms=384 nonce=28
2026-04-05T14:34:58.104767Z  INFO ThreadId(03) pipeline{execution_id=08fe1700-5060-44e7-b7de-552cc659f494 chain_id=1 from_address=0xfea6645D31443cF7Cf96eF1dB7823EB9365f98bf}: cortex::pipeline: nonce reserved elapsed_ms=384 nonce=23
2026-04-05T14:34:58.105637Z  INFO ThreadId(06) pipeline{execution_id=a54a0d9f-86c7-4c62-8e2e-024594888e0b chain_id=137 from_address=0xfea6645D31443cF7Cf96eF1dB7823EB9365f98bf}: cortex::pipeline: transaction signed elapsed_ms=385
2026-04-05T14:34:58.106562Z  INFO ThreadId(03) pipeline{execution_id=77482b54-d303-4cef-ab19-c1e32c8d435b chain_id=137 from_address=0x2EAC739a1e05F4a05a5B8fD93D332c4353E5A7cD}: cortex::pipeline: nonce reserved elapsed_ms=385 nonce=29
2026-04-05T14:34:58.106702Z  INFO ThreadId(03) pipeline{execution_id=5c575255-d9b2-4407-b104-334c6ee1c5dd chain_id=137 from_address=0x2EAC739a1e05F4a05a5B8fD93D332c4353E5A7cD}: cortex::pipeline: transaction signed elapsed_ms=386
2026-04-05T14:34:58.106854Z  INFO ThreadId(17) pipeline{execution_id=08fe1700-5060-44e7-b7de-552cc659f494 chain_id=1 from_address=0xfea6645D31443cF7Cf96eF1dB7823EB9365f98bf}: cortex::pipeline: transaction signed elapsed_ms=386
2026-04-05T14:34:58.107520Z  INFO ThreadId(06) pipeline{execution_id=cb52525f-65d6-40e7-9041-19bf72d6d3ae chain_id=1 from_address=0x8AfE43fF49EBd5c4B8Cd1497ee77b437dd1711fc}: cortex::pipeline: transaction broadcasted: elapsed_ms=427 tx_hash=0xa0535106712cb34e508aab974ef9d7a5ec41e0cf748196b50b722d947a90fcf2
2026-04-05T14:34:58.107996Z  INFO ThreadId(03) pipeline{execution_id=2f80cd87-4e64-4762-98ac-dbf5c16e73ca chain_id=1 from_address=0x2EAC739a1e05F4a05a5B8fD93D332c4353E5A7cD}: cortex::pipeline: nonce reserved elapsed_ms=387 nonce=32
2026-04-05T14:34:58.108359Z  INFO ThreadId(03) pipeline{execution_id=77482b54-d303-4cef-ab19-c1e32c8d435b chain_id=137 from_address=0x2EAC739a1e05F4a05a5B8fD93D332c4353E5A7cD}: cortex::pipeline: transaction signed elapsed_ms=387
2026-04-05T14:34:58.109085Z  INFO ThreadId(13) pipeline{execution_id=2050f101-087f-4b7c-9548-0655d1c17033 chain_id=42161 from_address=0x8b172F820629b14cEAF859A6e159d1BcD3291Fe1}: cortex::pipeline: nonce reserved elapsed_ms=388 nonce=27
2026-04-05T14:34:58.109413Z  INFO ThreadId(13) pipeline{execution_id=6245c4bf-e9e6-47c7-b4af-f172a9ce3845 chain_id=1 from_address=0x8b172F820629b14cEAF859A6e159d1BcD3291Fe1}: cortex::pipeline: transaction broadcasted: elapsed_ms=429 tx_hash=0x6c444030459d2b1e3f0107c98859a54ee53649beef65ebc6c0e5903cd4d13dc2
2026-04-05T14:34:58.109643Z  INFO ThreadId(06) pipeline{execution_id=2f80cd87-4e64-4762-98ac-dbf5c16e73ca chain_id=1 from_address=0x2EAC739a1e05F4a05a5B8fD93D332c4353E5A7cD}: cortex::pipeline: transaction signed elapsed_ms=389
2026-04-05T14:34:58.110202Z  INFO ThreadId(13) pipeline{execution_id=accb85a0-01ce-4cc3-ac98-4cc167effdaf chain_id=137 from_address=0xfea6645D31443cF7Cf96eF1dB7823EB9365f98bf}: cortex::pipeline: nonce reserved elapsed_ms=389 nonce=29
2026-04-05T14:34:58.110385Z  INFO ThreadId(13) pipeline{execution_id=2050f101-087f-4b7c-9548-0655d1c17033 chain_id=42161 from_address=0x8b172F820629b14cEAF859A6e159d1BcD3291Fe1}: cortex::pipeline: transaction signed elapsed_ms=389
2026-04-05T14:34:58.111063Z  INFO ThreadId(17) pipeline{execution_id=6d80f28b-7f71-4a1b-bc2d-412fc0e37b13 chain_id=137 from_address=0x8AfE43fF49EBd5c4B8Cd1497ee77b437dd1711fc}: cortex::pipeline: nonce reserved elapsed_ms=390 nonce=26
2026-04-05T14:34:58.111132Z  INFO ThreadId(06) pipeline{execution_id=ecde9761-0790-4400-8b50-ee411ae5760d chain_id=1 from_address=0xfea6645D31443cF7Cf96eF1dB7823EB9365f98bf}: cortex::pipeline: transaction broadcasted: elapsed_ms=430 tx_hash=0xe56b0dac24002a920b2cc70ac7a7d6a657f84b362d4b5579f6aaf886abdb1dca
2026-04-05T14:34:58.111391Z  INFO ThreadId(03) pipeline{execution_id=accb85a0-01ce-4cc3-ac98-4cc167effdaf chain_id=137 from_address=0xfea6645D31443cF7Cf96eF1dB7823EB9365f98bf}: cortex::pipeline: transaction signed elapsed_ms=390
2026-04-05T14:34:58.112227Z  INFO ThreadId(17) pipeline{execution_id=cb6675df-e8f8-4902-b543-44d56e0eca85 chain_id=137 from_address=0xfea6645D31443cF7Cf96eF1dB7823EB9365f98bf}: cortex::pipeline: nonce reserved elapsed_ms=391 nonce=30
2026-04-05T14:34:58.112849Z  INFO ThreadId(05) pipeline{execution_id=6d80f28b-7f71-4a1b-bc2d-412fc0e37b13 chain_id=137 from_address=0x8AfE43fF49EBd5c4B8Cd1497ee77b437dd1711fc}: cortex::pipeline: transaction signed elapsed_ms=392
2026-04-05T14:34:58.112896Z  INFO ThreadId(17) pipeline{execution_id=ae7288a6-4b51-441d-8bcb-15ffa4d287dd chain_id=1 from_address=0x8b172F820629b14cEAF859A6e159d1BcD3291Fe1}: cortex::pipeline: transaction broadcasted: elapsed_ms=432 tx_hash=0x2374a27c7ca4a7ae27999f928c21f6a3330c8a58b1d596fc6db57a0d3ae0d971
2026-04-05T14:34:58.113161Z  INFO ThreadId(18) pipeline{execution_id=695c7cb9-576a-48c9-aeb6-5e87b053ec7a chain_id=137 from_address=0x2EAC739a1e05F4a05a5B8fD93D332c4353E5A7cD}: cortex::pipeline: nonce reserved elapsed_ms=392 nonce=30
2026-04-05T14:34:58.113429Z  INFO ThreadId(06) pipeline{execution_id=cb6675df-e8f8-4902-b543-44d56e0eca85 chain_id=137 from_address=0xfea6645D31443cF7Cf96eF1dB7823EB9365f98bf}: cortex::pipeline: transaction signed elapsed_ms=392
2026-04-05T14:34:58.113860Z  INFO ThreadId(06) pipeline{execution_id=75862d83-4f65-439e-8829-ad32055d0b61 chain_id=1 from_address=0xCFA80F1f22b0AD533F7d8e2CcC0A783aa4BCaFF3}: cortex::pipeline: nonce reserved elapsed_ms=393 nonce=23
2026-04-05T14:34:58.114060Z  INFO ThreadId(13) pipeline{execution_id=695c7cb9-576a-48c9-aeb6-5e87b053ec7a chain_id=137 from_address=0x2EAC739a1e05F4a05a5B8fD93D332c4353E5A7cD}: cortex::pipeline: transaction signed elapsed_ms=393
2026-04-05T14:34:58.114293Z  INFO ThreadId(06) pipeline{execution_id=6e300485-5067-4acf-8664-862ac45c1e73 chain_id=1 from_address=0x8b172F820629b14cEAF859A6e159d1BcD3291Fe1}: cortex::pipeline: transaction broadcasted: elapsed_ms=434 tx_hash=0x2ef243d43364a7f3305974196df8beaceaf0073bb6189b59a30d079ff7d2290c
2026-04-05T14:34:58.114394Z  INFO ThreadId(03) pipeline{execution_id=4b498b1f-bcf5-41d3-a4e6-4d6127f8e68a chain_id=1 from_address=0xCFA80F1f22b0AD533F7d8e2CcC0A783aa4BCaFF3}: cortex::pipeline: nonce reserved elapsed_ms=393 nonce=24
2026-04-05T14:34:58.114867Z  INFO ThreadId(03) pipeline{execution_id=75862d83-4f65-439e-8829-ad32055d0b61 chain_id=1 from_address=0xCFA80F1f22b0AD533F7d8e2CcC0A783aa4BCaFF3}: cortex::pipeline: transaction signed elapsed_ms=394
2026-04-05T14:34:58.114960Z  INFO ThreadId(13) pipeline{execution_id=1c5dce34-ff55-4785-ab32-4c2b7122aa7d chain_id=42161 from_address=0x2EAC739a1e05F4a05a5B8fD93D332c4353E5A7cD}: cortex::pipeline: nonce reserved elapsed_ms=394 nonce=20
2026-04-05T14:34:58.115428Z  INFO ThreadId(17) pipeline{execution_id=4b498b1f-bcf5-41d3-a4e6-4d6127f8e68a chain_id=1 from_address=0xCFA80F1f22b0AD533F7d8e2CcC0A783aa4BCaFF3}: cortex::pipeline: transaction signed elapsed_ms=394
2026-04-05T14:34:58.115574Z  INFO ThreadId(17) pipeline{execution_id=109a3147-1db1-4fe9-a6f4-e0666ed1a5b7 chain_id=42161 from_address=0x2EAC739a1e05F4a05a5B8fD93D332c4353E5A7cD}: cortex::pipeline: nonce reserved elapsed_ms=394 nonce=21
2026-04-05T14:34:58.115780Z  INFO ThreadId(13) pipeline{execution_id=461e6181-c954-4179-a206-aa9bd4bbd4fc chain_id=1 from_address=0x8AfE43fF49EBd5c4B8Cd1497ee77b437dd1711fc}: cortex::pipeline: transaction broadcasted: elapsed_ms=435 tx_hash=0xf61d32c4fe570a2cbc23998573499ab2e9aaad1f2d7c10a106b04b669d999d17
2026-04-05T14:34:58.115985Z  INFO ThreadId(13) pipeline{execution_id=1c5dce34-ff55-4785-ab32-4c2b7122aa7d chain_id=42161 from_address=0x2EAC739a1e05F4a05a5B8fD93D332c4353E5A7cD}: cortex::pipeline: transaction signed elapsed_ms=395
2026-04-05T14:34:58.116459Z  INFO ThreadId(03) pipeline{execution_id=667f5175-8e3f-4571-8ffa-2db36c0e04f0 chain_id=137 from_address=0x8AfE43fF49EBd5c4B8Cd1497ee77b437dd1711fc}: cortex::pipeline: nonce reserved elapsed_ms=395 nonce=27
2026-04-05T14:34:58.116802Z  INFO ThreadId(18) pipeline{execution_id=109a3147-1db1-4fe9-a6f4-e0666ed1a5b7 chain_id=42161 from_address=0x2EAC739a1e05F4a05a5B8fD93D332c4353E5A7cD}: cortex::pipeline: transaction signed elapsed_ms=395
2026-04-05T14:34:58.117274Z  INFO ThreadId(18) pipeline{execution_id=42f57cc0-381b-4f73-94b1-3bc31b62614a chain_id=137 from_address=0xCFA80F1f22b0AD533F7d8e2CcC0A783aa4BCaFF3}: cortex::pipeline: nonce reserved elapsed_ms=396 nonce=29
2026-04-05T14:34:58.117423Z  INFO ThreadId(18) pipeline{execution_id=a61f132e-b035-44e1-bd5b-c4de39457115 chain_id=1 from_address=0xCFA80F1f22b0AD533F7d8e2CcC0A783aa4BCaFF3}: cortex::pipeline: transaction broadcasted: elapsed_ms=437 tx_hash=0x5048ad13f34a03bc13f0b5c99d40286c91b778076d850cdc41d00f4daf45420a
2026-04-05T14:34:58.117637Z  INFO ThreadId(05) pipeline{execution_id=667f5175-8e3f-4571-8ffa-2db36c0e04f0 chain_id=137 from_address=0x8AfE43fF49EBd5c4B8Cd1497ee77b437dd1711fc}: cortex::pipeline: transaction signed elapsed_ms=396
2026-04-05T14:34:58.117946Z  INFO ThreadId(05) pipeline{execution_id=01a92783-6532-4173-96b3-b30226c82f2a chain_id=42161 from_address=0x2EAC739a1e05F4a05a5B8fD93D332c4353E5A7cD}: cortex::pipeline: nonce reserved elapsed_ms=397 nonce=22
2026-04-05T14:34:58.118571Z  INFO ThreadId(17) pipeline{execution_id=331b3be0-7739-4115-9fb1-6237d4f92528 chain_id=137 from_address=0xCFA80F1f22b0AD533F7d8e2CcC0A783aa4BCaFF3}: cortex::pipeline: nonce reserved elapsed_ms=397 nonce=30
2026-04-05T14:34:58.118580Z  INFO ThreadId(03) pipeline{execution_id=42f57cc0-381b-4f73-94b1-3bc31b62614a chain_id=137 from_address=0xCFA80F1f22b0AD533F7d8e2CcC0A783aa4BCaFF3}: cortex::pipeline: transaction signed elapsed_ms=397
2026-04-05T14:34:58.118853Z  INFO ThreadId(06) pipeline{execution_id=67347a58-26d1-4405-ad21-0bb7d8ce9e5a chain_id=1 from_address=0x8AfE43fF49EBd5c4B8Cd1497ee77b437dd1711fc}: cortex::pipeline: transaction broadcasted: elapsed_ms=438 tx_hash=0xb2c959674cd577772b59ec2708ee1e8eca2c9ef2adb1f56cf3c28e209ebd79e9
2026-04-05T14:34:58.118857Z  INFO ThreadId(05) pipeline{execution_id=01a92783-6532-4173-96b3-b30226c82f2a chain_id=42161 from_address=0x2EAC739a1e05F4a05a5B8fD93D332c4353E5A7cD}: cortex::pipeline: transaction signed elapsed_ms=397
2026-04-05T14:34:58.119436Z  INFO ThreadId(09) pipeline{execution_id=eb0fa17d-127a-45a4-a5fa-07f49bd6f076 chain_id=1 from_address=0xCFA80F1f22b0AD533F7d8e2CcC0A783aa4BCaFF3}: cortex::pipeline: nonce reserved elapsed_ms=398 nonce=25
2026-04-05T14:34:58.119469Z  INFO ThreadId(05) pipeline{execution_id=331b3be0-7739-4115-9fb1-6237d4f92528 chain_id=137 from_address=0xCFA80F1f22b0AD533F7d8e2CcC0A783aa4BCaFF3}: cortex::pipeline: transaction signed elapsed_ms=398
2026-04-05T14:34:58.120087Z  INFO ThreadId(17) pipeline{execution_id=8747e0ac-7150-4dfa-89d6-a980843b9110 chain_id=1 from_address=0xCFA80F1f22b0AD533F7d8e2CcC0A783aa4BCaFF3}: cortex::pipeline: transaction broadcasted: elapsed_ms=439 tx_hash=0xb0172dca34decca5c46c193f0dfca5aa482dc6ecc85e8c10bb243c63474164d3
2026-04-05T14:34:58.120088Z  INFO ThreadId(03) pipeline{execution_id=4fd9200f-d9e6-48d8-8197-4cbaba1dc3cb chain_id=137 from_address=0xCFA80F1f22b0AD533F7d8e2CcC0A783aa4BCaFF3}: cortex::pipeline: nonce reserved elapsed_ms=399 nonce=31
2026-04-05T14:34:58.120313Z  INFO ThreadId(05) pipeline{execution_id=eb0fa17d-127a-45a4-a5fa-07f49bd6f076 chain_id=1 from_address=0xCFA80F1f22b0AD533F7d8e2CcC0A783aa4BCaFF3}: cortex::pipeline: transaction signed elapsed_ms=399
2026-04-05T14:34:58.120592Z  INFO ThreadId(09) pipeline{execution_id=b428cc32-9ab7-4dbb-bc50-f8ffd8b33d15 chain_id=1 from_address=0xfea6645D31443cF7Cf96eF1dB7823EB9365f98bf}: cortex::pipeline: nonce reserved elapsed_ms=399 nonce=24
2026-04-05T14:34:58.120996Z  INFO ThreadId(13) pipeline{execution_id=4fd9200f-d9e6-48d8-8197-4cbaba1dc3cb chain_id=137 from_address=0xCFA80F1f22b0AD533F7d8e2CcC0A783aa4BCaFF3}: cortex::pipeline: transaction signed elapsed_ms=400
2026-04-05T14:34:58.121150Z  INFO ThreadId(06) pipeline{execution_id=29cd1180-2bf0-4491-869b-bc6ba2527e5b chain_id=1 from_address=0xCFA80F1f22b0AD533F7d8e2CcC0A783aa4BCaFF3}: cortex::pipeline: nonce reserved elapsed_ms=400 nonce=26
2026-04-05T14:34:58.121287Z  INFO ThreadId(03) pipeline{execution_id=af81b8df-cec6-4ed9-ae6f-f3f8e3d1d47d chain_id=1 from_address=0x8AfE43fF49EBd5c4B8Cd1497ee77b437dd1711fc}: cortex::pipeline: transaction broadcasted: elapsed_ms=440 tx_hash=0xd25f788e7f3b2d10f4845227ab2a9127bb9ed98e8f7344184d926569120c6524
2026-04-05T14:34:58.121530Z  INFO ThreadId(17) pipeline{execution_id=b428cc32-9ab7-4dbb-bc50-f8ffd8b33d15 chain_id=1 from_address=0xfea6645D31443cF7Cf96eF1dB7823EB9365f98bf}: cortex::pipeline: transaction signed elapsed_ms=400
2026-04-05T14:34:58.121797Z  INFO ThreadId(03) pipeline{execution_id=0a278dd8-bb1f-4c08-8dfb-e0551d4f540c chain_id=1 from_address=0x2EAC739a1e05F4a05a5B8fD93D332c4353E5A7cD}: cortex::pipeline: nonce reserved elapsed_ms=400 nonce=33
2026-04-05T14:34:58.122265Z  INFO ThreadId(05) pipeline{execution_id=29cd1180-2bf0-4491-869b-bc6ba2527e5b chain_id=1 from_address=0xCFA80F1f22b0AD533F7d8e2CcC0A783aa4BCaFF3}: cortex::pipeline: transaction signed elapsed_ms=401
2026-04-05T14:34:58.122413Z  INFO ThreadId(17) pipeline{execution_id=d0e10f12-41f8-479a-ab1a-e6ad5cb683dc chain_id=42161 from_address=0x8b172F820629b14cEAF859A6e159d1BcD3291Fe1}: cortex::pipeline: nonce reserved elapsed_ms=401 nonce=28
2026-04-05T14:34:58.122657Z  INFO ThreadId(13) pipeline{execution_id=d9347358-73c9-4523-a3f3-a9b3bdc5ced0 chain_id=1 from_address=0x8b172F820629b14cEAF859A6e159d1BcD3291Fe1}: cortex::pipeline: transaction broadcasted: elapsed_ms=442 tx_hash=0x8bf9e224a84f111be71d0b6bff341348a73947979c405907be2fbd5ff233fd25
2026-04-05T14:34:58.122688Z  INFO ThreadId(17) pipeline{execution_id=0a278dd8-bb1f-4c08-8dfb-e0551d4f540c chain_id=1 from_address=0x2EAC739a1e05F4a05a5B8fD93D332c4353E5A7cD}: cortex::pipeline: transaction signed elapsed_ms=401
2026-04-05T14:34:58.123050Z  INFO ThreadId(17) pipeline{execution_id=2aae21b7-abf4-474b-8380-a42b233f5891 chain_id=137 from_address=0xCFA80F1f22b0AD533F7d8e2CcC0A783aa4BCaFF3}: cortex::pipeline: nonce reserved elapsed_ms=401 nonce=32
2026-04-05T14:34:58.123399Z  INFO ThreadId(05) pipeline{execution_id=d0e10f12-41f8-479a-ab1a-e6ad5cb683dc chain_id=42161 from_address=0x8b172F820629b14cEAF859A6e159d1BcD3291Fe1}: cortex::pipeline: transaction signed elapsed_ms=402
2026-04-05T14:34:58.123896Z  INFO ThreadId(13) pipeline{execution_id=d415afd5-1f4a-45d3-bf15-2f7ebc789fbc chain_id=137 from_address=0xfea6645D31443cF7Cf96eF1dB7823EB9365f98bf}: cortex::pipeline: nonce reserved elapsed_ms=402 nonce=31
2026-04-05T14:34:58.123956Z  INFO ThreadId(09) pipeline{execution_id=370dc8da-5091-4276-8064-a4e735b8a206 chain_id=1 from_address=0xCFA80F1f22b0AD533F7d8e2CcC0A783aa4BCaFF3}: cortex::pipeline: transaction broadcasted: elapsed_ms=425 tx_hash=0xb56ef4b248c39d312c68883d2a9f7e6ab3b24f2814838d252bae9c3ee553059f
2026-04-05T14:34:58.124219Z  INFO ThreadId(06) pipeline{execution_id=2aae21b7-abf4-474b-8380-a42b233f5891 chain_id=137 from_address=0xCFA80F1f22b0AD533F7d8e2CcC0A783aa4BCaFF3}: cortex::pipeline: transaction signed elapsed_ms=403
2026-04-05T14:34:58.124866Z  INFO ThreadId(06) pipeline{execution_id=d415afd5-1f4a-45d3-bf15-2f7ebc789fbc chain_id=137 from_address=0xfea6645D31443cF7Cf96eF1dB7823EB9365f98bf}: cortex::pipeline: transaction signed elapsed_ms=403
2026-04-05T14:34:58.124912Z  INFO ThreadId(03) pipeline{execution_id=d2321373-f877-4211-8197-2ed152594472 chain_id=137 from_address=0xCFA80F1f22b0AD533F7d8e2CcC0A783aa4BCaFF3}: cortex::pipeline: nonce reserved elapsed_ms=403 nonce=33
2026-04-05T14:34:58.125261Z  INFO ThreadId(09) pipeline{execution_id=26dfb0ba-231b-414d-ba2b-2684485839d2 chain_id=1 from_address=0xfea6645D31443cF7Cf96eF1dB7823EB9365f98bf}: cortex::pipeline: transaction broadcasted: elapsed_ms=426 tx_hash=0x64adf02b8a53c416dcbb4991fb6e53e8ff21a3a6bb2fac6dbeaefffd1d7669a8
2026-04-05T14:34:58.125461Z  INFO ThreadId(09) pipeline{execution_id=1a1c56df-bb45-46f5-85ca-1759e340b98c chain_id=42161 from_address=0x2EAC739a1e05F4a05a5B8fD93D332c4353E5A7cD}: cortex::pipeline: nonce reserved elapsed_ms=404 nonce=23
2026-04-05T14:34:58.125843Z  INFO ThreadId(18) pipeline{execution_id=d2321373-f877-4211-8197-2ed152594472 chain_id=137 from_address=0xCFA80F1f22b0AD533F7d8e2CcC0A783aa4BCaFF3}: cortex::pipeline: transaction signed elapsed_ms=404
2026-04-05T14:34:58.126021Z  INFO ThreadId(18) pipeline{execution_id=e3cee264-a538-452a-b895-bb16ebc4cc24 chain_id=42161 from_address=0xCFA80F1f22b0AD533F7d8e2CcC0A783aa4BCaFF3}: cortex::pipeline: nonce reserved elapsed_ms=404 nonce=22
2026-04-05T14:34:58.126318Z  INFO ThreadId(05) pipeline{execution_id=1a1c56df-bb45-46f5-85ca-1759e340b98c chain_id=42161 from_address=0x2EAC739a1e05F4a05a5B8fD93D332c4353E5A7cD}: cortex::pipeline: transaction signed elapsed_ms=405
2026-04-05T14:34:58.126649Z  INFO ThreadId(03) pipeline{execution_id=51697497-9afb-4bed-8066-ce2a98bbae6b chain_id=1 from_address=0x8AfE43fF49EBd5c4B8Cd1497ee77b437dd1711fc}: cortex::pipeline: nonce reserved elapsed_ms=405 nonce=25
2026-04-05T14:34:58.126747Z  INFO ThreadId(09) pipeline{execution_id=5ee94608-342d-43fd-9ca1-edd8daec9b5c chain_id=1 from_address=0xCFA80F1f22b0AD533F7d8e2CcC0A783aa4BCaFF3}: cortex::pipeline: transaction broadcasted: elapsed_ms=428 tx_hash=0x27ece40411290ba24c8a6a25c6244af8ff4dbe6b986651e8f9d82a022d8e399c
2026-04-05T14:34:58.127203Z  INFO ThreadId(03) pipeline{execution_id=e3cee264-a538-452a-b895-bb16ebc4cc24 chain_id=42161 from_address=0xCFA80F1f22b0AD533F7d8e2CcC0A783aa4BCaFF3}: cortex::pipeline: transaction signed elapsed_ms=406
2026-04-05T14:34:58.127297Z  INFO ThreadId(09) pipeline{execution_id=972eba48-fdc0-44fc-b3fb-6e99a049657d chain_id=1 from_address=0xCFA80F1f22b0AD533F7d8e2CcC0A783aa4BCaFF3}: cortex::pipeline: nonce reserved elapsed_ms=406 nonce=27
2026-04-05T14:34:58.127730Z  INFO ThreadId(06) pipeline{execution_id=51697497-9afb-4bed-8066-ce2a98bbae6b chain_id=1 from_address=0x8AfE43fF49EBd5c4B8Cd1497ee77b437dd1711fc}: cortex::pipeline: transaction signed elapsed_ms=406
2026-04-05T14:34:58.127935Z  INFO ThreadId(17) pipeline{execution_id=bec3213c-5788-49dc-b25e-a5a968d43525 chain_id=1 from_address=0xCFA80F1f22b0AD533F7d8e2CcC0A783aa4BCaFF3}: cortex::pipeline: nonce reserved elapsed_ms=406 nonce=28
2026-04-05T14:34:58.128263Z  INFO ThreadId(18) pipeline{execution_id=972eba48-fdc0-44fc-b3fb-6e99a049657d chain_id=1 from_address=0xCFA80F1f22b0AD533F7d8e2CcC0A783aa4BCaFF3}: cortex::pipeline: transaction signed elapsed_ms=407
2026-04-05T14:34:58.128331Z  INFO ThreadId(05) pipeline{execution_id=c7987cf2-127c-4cd6-944a-f41bd76cffc2 chain_id=1 from_address=0x2EAC739a1e05F4a05a5B8fD93D332c4353E5A7cD}: cortex::pipeline: transaction broadcasted: elapsed_ms=429 tx_hash=0x89fc018d57cbeed4138a94950d6442c52abab05767234d9df82199dd752ca1bc
2026-04-05T14:34:58.128653Z  INFO ThreadId(18) pipeline{execution_id=b15222ea-dd09-49d2-8c5a-f7562e0a662d chain_id=1 from_address=0x2EAC739a1e05F4a05a5B8fD93D332c4353E5A7cD}: cortex::pipeline: nonce reserved elapsed_ms=407 nonce=34
2026-04-05T14:34:58.128873Z  INFO ThreadId(18) pipeline{execution_id=bec3213c-5788-49dc-b25e-a5a968d43525 chain_id=1 from_address=0xCFA80F1f22b0AD533F7d8e2CcC0A783aa4BCaFF3}: cortex::pipeline: transaction signed elapsed_ms=407
2026-04-05T14:34:58.129193Z  INFO ThreadId(06) pipeline{execution_id=409d45c8-72f9-4fbb-a0a1-72c453b34384 chain_id=1 from_address=0xCFA80F1f22b0AD533F7d8e2CcC0A783aa4BCaFF3}: cortex::pipeline: nonce reserved elapsed_ms=407 nonce=29
2026-04-05T14:34:58.129731Z  INFO ThreadId(09) pipeline{execution_id=cdc57cee-e0f3-4c39-b510-6e3720da26b9 chain_id=1 from_address=0xCFA80F1f22b0AD533F7d8e2CcC0A783aa4BCaFF3}: cortex::pipeline: transaction broadcasted: elapsed_ms=430 tx_hash=0xcde9b84bddbf12da63326d0058aca04ed72b5acf577834004d1e7e0327cee053
2026-04-05T14:34:58.129794Z  INFO ThreadId(13) pipeline{execution_id=b15222ea-dd09-49d2-8c5a-f7562e0a662d chain_id=1 from_address=0x2EAC739a1e05F4a05a5B8fD93D332c4353E5A7cD}: cortex::pipeline: transaction signed elapsed_ms=408
2026-04-05T14:34:58.129964Z  INFO ThreadId(13) pipeline{execution_id=3361fa14-35da-4aed-aa99-d6ec149e3b67 chain_id=42161 from_address=0xCFA80F1f22b0AD533F7d8e2CcC0A783aa4BCaFF3}: cortex::pipeline: nonce reserved elapsed_ms=408 nonce=23
2026-04-05T14:34:58.130406Z  INFO ThreadId(13) pipeline{execution_id=409d45c8-72f9-4fbb-a0a1-72c453b34384 chain_id=1 from_address=0xCFA80F1f22b0AD533F7d8e2CcC0A783aa4BCaFF3}: cortex::pipeline: transaction signed elapsed_ms=409
2026-04-05T14:34:58.130686Z  INFO ThreadId(05) pipeline{execution_id=4908762a-ea35-44b0-96ca-e9445fdfb1f4 chain_id=137 from_address=0x8AfE43fF49EBd5c4B8Cd1497ee77b437dd1711fc}: cortex::pipeline: nonce reserved elapsed_ms=409 nonce=28
2026-04-05T14:34:58.131192Z  INFO ThreadId(18) pipeline{execution_id=3361fa14-35da-4aed-aa99-d6ec149e3b67 chain_id=42161 from_address=0xCFA80F1f22b0AD533F7d8e2CcC0A783aa4BCaFF3}: cortex::pipeline: transaction signed elapsed_ms=409
2026-04-05T14:34:58.131277Z  INFO ThreadId(09) pipeline{execution_id=ac259ffe-767d-4157-a4c3-c993fdcd31fa chain_id=1 from_address=0xfea6645D31443cF7Cf96eF1dB7823EB9365f98bf}: cortex::pipeline: transaction broadcasted: elapsed_ms=432 tx_hash=0x504cb9ad8d5e2e012d48daf5332749392a2f63448fe120a3c9437b47f990353a
2026-04-05T14:34:58.131440Z  INFO ThreadId(06) pipeline{execution_id=7122a995-18b1-44cf-a7af-5a3e46ca778a chain_id=137 from_address=0x8AfE43fF49EBd5c4B8Cd1497ee77b437dd1711fc}: cortex::pipeline: nonce reserved elapsed_ms=410 nonce=29
2026-04-05T14:34:58.131944Z  INFO ThreadId(13) pipeline{execution_id=4908762a-ea35-44b0-96ca-e9445fdfb1f4 chain_id=137 from_address=0x8AfE43fF49EBd5c4B8Cd1497ee77b437dd1711fc}: cortex::pipeline: transaction signed elapsed_ms=410
2026-04-05T14:34:58.132400Z  INFO ThreadId(05) pipeline{execution_id=9c256c15-bd56-4370-9558-9991ce27ac26 chain_id=42161 from_address=0x8AfE43fF49EBd5c4B8Cd1497ee77b437dd1711fc}: cortex::pipeline: nonce reserved elapsed_ms=411 nonce=24
2026-04-05T14:34:58.132715Z  INFO ThreadId(13) pipeline{execution_id=7122a995-18b1-44cf-a7af-5a3e46ca778a chain_id=137 from_address=0x8AfE43fF49EBd5c4B8Cd1497ee77b437dd1711fc}: cortex::pipeline: transaction signed elapsed_ms=411
2026-04-05T14:34:58.132778Z  INFO ThreadId(09) pipeline{execution_id=75fdf190-9c84-42a9-8365-847b5515db4f chain_id=1 from_address=0x8AfE43fF49EBd5c4B8Cd1497ee77b437dd1711fc}: cortex::pipeline: transaction broadcasted: elapsed_ms=433 tx_hash=0x6dd461a1ae5aea297b2f1be9630894a43d96bf5a3ff4b96b1a2654a27be0ebb4
2026-04-05T14:34:58.133019Z  INFO ThreadId(17) pipeline{execution_id=0091899c-8631-422c-bd1c-d3a26a77c8c7 chain_id=137 from_address=0xCFA80F1f22b0AD533F7d8e2CcC0A783aa4BCaFF3}: cortex::pipeline: nonce reserved elapsed_ms=411 nonce=34
2026-04-05T14:34:58.133353Z  INFO ThreadId(18) pipeline{execution_id=9c256c15-bd56-4370-9558-9991ce27ac26 chain_id=42161 from_address=0x8AfE43fF49EBd5c4B8Cd1497ee77b437dd1711fc}: cortex::pipeline: transaction signed elapsed_ms=412
2026-04-05T14:34:58.133621Z  INFO ThreadId(06) pipeline{execution_id=4dc3d410-d133-47c0-aa0f-28b0822ff61b chain_id=137 from_address=0x8b172F820629b14cEAF859A6e159d1BcD3291Fe1}: cortex::pipeline: nonce reserved elapsed_ms=412 nonce=27
2026-04-05T14:34:58.133998Z  INFO ThreadId(18) pipeline{execution_id=bd388ee7-19fa-448d-8516-ebc360f051b7 chain_id=1 from_address=0xfea6645D31443cF7Cf96eF1dB7823EB9365f98bf}: cortex::pipeline: transaction broadcasted: elapsed_ms=434 tx_hash=0xe0ffe189ef2506b6afb6c50c86d89745501689045b50544b9c42f35eac02a1e6
2026-04-05T14:34:58.134090Z  INFO ThreadId(13) pipeline{execution_id=0091899c-8631-422c-bd1c-d3a26a77c8c7 chain_id=137 from_address=0xCFA80F1f22b0AD533F7d8e2CcC0A783aa4BCaFF3}: cortex::pipeline: transaction signed elapsed_ms=412
2026-04-05T14:34:58.134174Z  INFO ThreadId(18) pipeline{execution_id=b68c46fa-ede2-4982-822d-3b84636dc9f9 chain_id=137 from_address=0x8b172F820629b14cEAF859A6e159d1BcD3291Fe1}: cortex::pipeline: nonce reserved elapsed_ms=412 nonce=28
2026-04-05T14:34:58.134462Z  INFO ThreadId(06) pipeline{execution_id=4dc3d410-d133-47c0-aa0f-28b0822ff61b chain_id=137 from_address=0x8b172F820629b14cEAF859A6e159d1BcD3291Fe1}: cortex::pipeline: transaction signed elapsed_ms=413
2026-04-05T14:34:58.134700Z  INFO ThreadId(09) pipeline{execution_id=3209efef-4e14-4a5e-ab67-015da9109311 chain_id=1 from_address=0xfea6645D31443cF7Cf96eF1dB7823EB9365f98bf}: cortex::pipeline: nonce reserved elapsed_ms=413 nonce=25
2026-04-05T14:34:58.134976Z  INFO ThreadId(06) pipeline{execution_id=b68c46fa-ede2-4982-822d-3b84636dc9f9 chain_id=137 from_address=0x8b172F820629b14cEAF859A6e159d1BcD3291Fe1}: cortex::pipeline: transaction signed elapsed_ms=413
2026-04-05T14:34:58.135118Z  INFO ThreadId(06) pipeline{execution_id=c4167fc8-574f-4527-befb-fd254df88b2a chain_id=1 from_address=0xCFA80F1f22b0AD533F7d8e2CcC0A783aa4BCaFF3}: cortex::pipeline: transaction broadcasted: elapsed_ms=435 tx_hash=0xa3ac49ddb781233fe22605fb420e7dc61c0420ed8048c6a01246da35df70ac52
2026-04-05T14:34:58.135282Z  INFO ThreadId(17) pipeline{execution_id=e669d500-7281-4fa1-99a3-4605d2043c51 chain_id=42161 from_address=0xCFA80F1f22b0AD533F7d8e2CcC0A783aa4BCaFF3}: cortex::pipeline: nonce reserved elapsed_ms=413 nonce=24
2026-04-05T14:34:58.135671Z  INFO ThreadId(18) pipeline{execution_id=3209efef-4e14-4a5e-ab67-015da9109311 chain_id=1 from_address=0xfea6645D31443cF7Cf96eF1dB7823EB9365f98bf}: cortex::pipeline: transaction signed elapsed_ms=414
2026-04-05T14:34:58.135999Z  INFO ThreadId(06) pipeline{execution_id=47628575-eb6d-40e6-a0bf-f6a9220ccc8f chain_id=1 from_address=0xCFA80F1f22b0AD533F7d8e2CcC0A783aa4BCaFF3}: cortex::pipeline: nonce reserved elapsed_ms=414 nonce=30
2026-04-05T14:34:58.136348Z  INFO ThreadId(18) pipeline{execution_id=e669d500-7281-4fa1-99a3-4605d2043c51 chain_id=42161 from_address=0xCFA80F1f22b0AD533F7d8e2CcC0A783aa4BCaFF3}: cortex::pipeline: transaction signed elapsed_ms=414
2026-04-05T14:34:58.136649Z  INFO ThreadId(09) pipeline{execution_id=5cff7a63-54e0-4a77-a07d-9daf66950789 chain_id=137 from_address=0xfea6645D31443cF7Cf96eF1dB7823EB9365f98bf}: cortex::pipeline: nonce reserved elapsed_ms=415 nonce=32
2026-04-05T14:34:58.136853Z  INFO ThreadId(06) pipeline{execution_id=a3d62bc5-0eac-45cd-8712-d48d721ad6c9 chain_id=1 from_address=0xfea6645D31443cF7Cf96eF1dB7823EB9365f98bf}: cortex::pipeline: transaction broadcasted: elapsed_ms=437 tx_hash=0x49ad5cda31666f3c17a116744fa94f37b700ba2e213ee43cd58baae0ecba6007
2026-04-05T14:34:58.137263Z  INFO ThreadId(09) pipeline{execution_id=47628575-eb6d-40e6-a0bf-f6a9220ccc8f chain_id=1 from_address=0xCFA80F1f22b0AD533F7d8e2CcC0A783aa4BCaFF3}: cortex::pipeline: transaction signed elapsed_ms=415
2026-04-05T14:34:58.137752Z  INFO ThreadId(13) pipeline{execution_id=45d4e570-e05c-4a7f-960f-bac5c866af1b chain_id=42161 from_address=0xfea6645D31443cF7Cf96eF1dB7823EB9365f98bf}: cortex::pipeline: nonce reserved elapsed_ms=416 nonce=28
2026-04-05T14:34:58.137772Z  INFO ThreadId(06) pipeline{execution_id=5cff7a63-54e0-4a77-a07d-9daf66950789 chain_id=137 from_address=0xfea6645D31443cF7Cf96eF1dB7823EB9365f98bf}: cortex::pipeline: transaction signed elapsed_ms=416
2026-04-05T14:34:58.138211Z  INFO ThreadId(18) pipeline{execution_id=010ed797-e678-4bcb-902b-5b0d385ec0ca chain_id=1 from_address=0xCFA80F1f22b0AD533F7d8e2CcC0A783aa4BCaFF3}: cortex::pipeline: transaction broadcasted: elapsed_ms=438 tx_hash=0x55496c62d7c9fd7f680f24487a0d79c5d890b2bb86bb1b662ed552838007edd4
2026-04-05T14:34:58.138392Z  INFO ThreadId(09) pipeline{execution_id=832db3e7-1304-4efd-908e-47866a7293a2 chain_id=137 from_address=0x8AfE43fF49EBd5c4B8Cd1497ee77b437dd1711fc}: cortex::pipeline: nonce reserved elapsed_ms=416 nonce=30
2026-04-05T14:34:58.138728Z  INFO ThreadId(17) pipeline{execution_id=45d4e570-e05c-4a7f-960f-bac5c866af1b chain_id=42161 from_address=0xfea6645D31443cF7Cf96eF1dB7823EB9365f98bf}: cortex::pipeline: transaction signed elapsed_ms=417
2026-04-05T14:34:58.138991Z  INFO ThreadId(09) pipeline{execution_id=26175ddc-003b-449c-bea7-395618259d46 chain_id=1 from_address=0x8b172F820629b14cEAF859A6e159d1BcD3291Fe1}: cortex::pipeline: nonce reserved elapsed_ms=417 nonce=30
2026-04-05T14:34:58.139650Z  INFO ThreadId(03) pipeline{execution_id=41a7fcad-f85b-41a5-9559-386dc65d0228 chain_id=1 from_address=0x2EAC739a1e05F4a05a5B8fD93D332c4353E5A7cD}: cortex::pipeline: nonce reserved elapsed_ms=417 nonce=35
2026-04-05T14:34:58.139689Z  INFO ThreadId(06) pipeline{execution_id=ebcaa24e-6d7f-488d-868b-03e275531496 chain_id=1 from_address=0x2EAC739a1e05F4a05a5B8fD93D332c4353E5A7cD}: cortex::pipeline: transaction broadcasted: elapsed_ms=440 tx_hash=0x6beef9c39417b39c69d760a722ee2e94be69d8bc6dc47a03623251be637d940f
2026-04-05T14:34:58.139718Z  INFO ThreadId(13) pipeline{execution_id=832db3e7-1304-4efd-908e-47866a7293a2 chain_id=137 from_address=0x8AfE43fF49EBd5c4B8Cd1497ee77b437dd1711fc}: cortex::pipeline: transaction signed elapsed_ms=418
2026-04-05T14:34:58.140043Z  INFO ThreadId(05) pipeline{execution_id=26175ddc-003b-449c-bea7-395618259d46 chain_id=1 from_address=0x8b172F820629b14cEAF859A6e159d1BcD3291Fe1}: cortex::pipeline: transaction signed elapsed_ms=418
2026-04-05T14:34:58.140557Z  INFO ThreadId(18) pipeline{execution_id=48bfd117-5930-4ae0-9290-7b84a49d23f9 chain_id=1 from_address=0xfea6645D31443cF7Cf96eF1dB7823EB9365f98bf}: cortex::pipeline: nonce reserved elapsed_ms=419 nonce=26
2026-04-05T14:34:58.140828Z  INFO ThreadId(18) pipeline{execution_id=41a7fcad-f85b-41a5-9559-386dc65d0228 chain_id=1 from_address=0x2EAC739a1e05F4a05a5B8fD93D332c4353E5A7cD}: cortex::pipeline: transaction signed elapsed_ms=419
2026-04-05T14:34:58.141264Z  INFO ThreadId(17) pipeline{execution_id=160ed42c-cd88-4fb0-9fd3-99aea523b5ba chain_id=137 from_address=0x8b172F820629b14cEAF859A6e159d1BcD3291Fe1}: cortex::pipeline: nonce reserved elapsed_ms=419 nonce=29
2026-04-05T14:34:58.141345Z  INFO ThreadId(09) pipeline{execution_id=7cce9c7e-fe39-48c9-9ed8-ee601a29805d chain_id=1 from_address=0xfea6645D31443cF7Cf96eF1dB7823EB9365f98bf}: cortex::pipeline: transaction broadcasted: elapsed_ms=441 tx_hash=0x6fc0b554d23127c85f2af698b35a0c2199e7fea592b4332f8f76dc207ba5682c
2026-04-05T14:34:58.141601Z  INFO ThreadId(18) pipeline{execution_id=48bfd117-5930-4ae0-9290-7b84a49d23f9 chain_id=1 from_address=0xfea6645D31443cF7Cf96eF1dB7823EB9365f98bf}: cortex::pipeline: transaction signed elapsed_ms=420
2026-04-05T14:34:58.141916Z  INFO ThreadId(06) pipeline{execution_id=4dc88355-a2c3-4e73-99af-5dc88164ab7d chain_id=42161 from_address=0x8b172F820629b14cEAF859A6e159d1BcD3291Fe1}: cortex::pipeline: nonce reserved elapsed_ms=420 nonce=29
2026-04-05T14:34:58.142243Z  INFO ThreadId(18) pipeline{execution_id=160ed42c-cd88-4fb0-9fd3-99aea523b5ba chain_id=137 from_address=0x8b172F820629b14cEAF859A6e159d1BcD3291Fe1}: cortex::pipeline: transaction signed elapsed_ms=420
2026-04-05T14:34:58.142715Z  INFO ThreadId(16) pipeline{execution_id=65b499a2-0025-4c16-b7ce-f8fef784d913 chain_id=137 from_address=0x8AfE43fF49EBd5c4B8Cd1497ee77b437dd1711fc}: cortex::pipeline: nonce reserved elapsed_ms=420 nonce=31
2026-04-05T14:34:58.142891Z  INFO ThreadId(09) pipeline{execution_id=b2730545-5cc9-4cc3-b624-af26abf00b4f chain_id=1 from_address=0x2EAC739a1e05F4a05a5B8fD93D332c4353E5A7cD}: cortex::pipeline: transaction broadcasted: elapsed_ms=443 tx_hash=0xf833d6b4981e47526f727fd3414718168eba91e91afaa0bc7e411221256775ba
2026-04-05T14:34:58.142947Z  INFO ThreadId(05) pipeline{execution_id=4dc88355-a2c3-4e73-99af-5dc88164ab7d chain_id=42161 from_address=0x8b172F820629b14cEAF859A6e159d1BcD3291Fe1}: cortex::pipeline: transaction signed elapsed_ms=421
2026-04-05T14:34:58.143488Z  INFO ThreadId(05) pipeline{execution_id=8bc664a4-2b91-49f4-9d10-e9a9dd7394ed chain_id=42161 from_address=0xfea6645D31443cF7Cf96eF1dB7823EB9365f98bf}: cortex::pipeline: nonce reserved elapsed_ms=421 nonce=29
2026-04-05T14:34:58.143796Z  INFO ThreadId(09) pipeline{execution_id=65b499a2-0025-4c16-b7ce-f8fef784d913 chain_id=137 from_address=0x8AfE43fF49EBd5c4B8Cd1497ee77b437dd1711fc}: cortex::pipeline: transaction signed elapsed_ms=421
2026-04-05T14:34:58.144475Z  INFO ThreadId(17) pipeline{execution_id=c2ee9171-b4f4-4e28-9f06-aea64e8351c2 chain_id=1 from_address=0x8b172F820629b14cEAF859A6e159d1BcD3291Fe1}: cortex::pipeline: transaction broadcasted: elapsed_ms=444 tx_hash=0xe4e5d802499b033b9359f347fc8397193e0343257e40b11689e80cdd1fdc984f
2026-04-05T14:34:58.144648Z  INFO ThreadId(17) pipeline{execution_id=8bc664a4-2b91-49f4-9d10-e9a9dd7394ed chain_id=42161 from_address=0xfea6645D31443cF7Cf96eF1dB7823EB9365f98bf}: cortex::pipeline: transaction signed elapsed_ms=422
2026-04-05T14:34:58.144645Z  INFO ThreadId(16) pipeline{execution_id=40dd29cf-5e5b-4cf0-9875-2ce4c41ea2b5 chain_id=42161 from_address=0xCFA80F1f22b0AD533F7d8e2CcC0A783aa4BCaFF3}: cortex::pipeline: nonce reserved elapsed_ms=422 nonce=25
2026-04-05T14:34:58.145057Z  INFO ThreadId(18) pipeline{execution_id=a12c7cda-db24-4a3d-bca8-c03a59ca7e74 chain_id=42161 from_address=0x8AfE43fF49EBd5c4B8Cd1497ee77b437dd1711fc}: cortex::pipeline: nonce reserved elapsed_ms=423 nonce=25
2026-04-05T14:34:58.145788Z  INFO ThreadId(18) pipeline{execution_id=40dd29cf-5e5b-4cf0-9875-2ce4c41ea2b5 chain_id=42161 from_address=0xCFA80F1f22b0AD533F7d8e2CcC0A783aa4BCaFF3}: cortex::pipeline: transaction signed elapsed_ms=423
2026-04-05T14:34:58.145938Z  INFO ThreadId(16) pipeline{execution_id=84d5a456-5bd4-4b76-b304-a8c34ba3ec8f chain_id=1 from_address=0x2EAC739a1e05F4a05a5B8fD93D332c4353E5A7cD}: cortex::pipeline: transaction broadcasted: elapsed_ms=446 tx_hash=0xb24544f50d97db98330525c8ee154c5462e958c5346eaea03e3f0e16c1cf5271
2026-04-05T14:34:58.145940Z  INFO ThreadId(09) pipeline{execution_id=dc961968-ae82-4802-81d3-8da212eeed64 chain_id=137 from_address=0xfea6645D31443cF7Cf96eF1dB7823EB9365f98bf}: cortex::pipeline: nonce reserved elapsed_ms=423 nonce=33
2026-04-05T14:34:58.146284Z  INFO ThreadId(09) pipeline{execution_id=a12c7cda-db24-4a3d-bca8-c03a59ca7e74 chain_id=42161 from_address=0x8AfE43fF49EBd5c4B8Cd1497ee77b437dd1711fc}: cortex::pipeline: transaction signed elapsed_ms=424
2026-04-05T14:34:58.146861Z  INFO ThreadId(17) pipeline{execution_id=73e88fd0-c41d-4e6f-ada8-3803c59655e5 chain_id=137 from_address=0x2EAC739a1e05F4a05a5B8fD93D332c4353E5A7cD}: cortex::pipeline: nonce reserved elapsed_ms=424 nonce=31
2026-04-05T14:34:58.147067Z  INFO ThreadId(16) pipeline{execution_id=dc961968-ae82-4802-81d3-8da212eeed64 chain_id=137 from_address=0xfea6645D31443cF7Cf96eF1dB7823EB9365f98bf}: cortex::pipeline: transaction signed elapsed_ms=425
2026-04-05T14:34:58.147109Z  INFO ThreadId(17) pipeline{execution_id=5c8087c5-f67d-4457-ad37-c76f274b7ce2 chain_id=1 from_address=0xCFA80F1f22b0AD533F7d8e2CcC0A783aa4BCaFF3}: cortex::pipeline: transaction broadcasted: elapsed_ms=447 tx_hash=0x402610e9d8cfc51f4e6b17897c8650430f7e3c74168812153a427799673e5d73
2026-04-05T14:34:58.147505Z  INFO ThreadId(17) pipeline{execution_id=01e0be84-79f0-466c-bffd-b719ea8bd8fb chain_id=137 from_address=0x8AfE43fF49EBd5c4B8Cd1497ee77b437dd1711fc}: cortex::pipeline: nonce reserved elapsed_ms=425 nonce=32
2026-04-05T14:34:58.147743Z  INFO ThreadId(09) pipeline{execution_id=73e88fd0-c41d-4e6f-ada8-3803c59655e5 chain_id=137 from_address=0x2EAC739a1e05F4a05a5B8fD93D332c4353E5A7cD}: cortex::pipeline: transaction signed elapsed_ms=425
2026-04-05T14:34:58.148080Z  INFO ThreadId(03) pipeline{execution_id=21711bad-3002-4674-ab79-c3c8280e7e77 chain_id=42161 from_address=0x8b172F820629b14cEAF859A6e159d1BcD3291Fe1}: cortex::pipeline: nonce reserved elapsed_ms=426 nonce=30
2026-04-05T14:34:58.148344Z  INFO ThreadId(06) pipeline{execution_id=46f06d09-2e71-4bf7-9364-f1df703287f9 chain_id=1 from_address=0xCFA80F1f22b0AD533F7d8e2CcC0A783aa4BCaFF3}: cortex::pipeline: transaction broadcasted: elapsed_ms=448 tx_hash=0x95d188d7dfcac4bc90dec37e5450ada45d8d3aa2d93dd18d95e002922ff166c0
2026-04-05T14:34:58.148354Z  INFO ThreadId(03) pipeline{execution_id=01e0be84-79f0-466c-bffd-b719ea8bd8fb chain_id=137 from_address=0x8AfE43fF49EBd5c4B8Cd1497ee77b437dd1711fc}: cortex::pipeline: transaction signed elapsed_ms=426
2026-04-05T14:34:58.148618Z  INFO ThreadId(18) pipeline{execution_id=f3432cfd-9db1-4c7e-a0e3-5d07593e9674 chain_id=42161 from_address=0x2EAC739a1e05F4a05a5B8fD93D332c4353E5A7cD}: cortex::pipeline: nonce reserved elapsed_ms=426 nonce=24
2026-04-05T14:34:58.148881Z  INFO ThreadId(09) pipeline{execution_id=21711bad-3002-4674-ab79-c3c8280e7e77 chain_id=42161 from_address=0x8b172F820629b14cEAF859A6e159d1BcD3291Fe1}: cortex::pipeline: transaction signed elapsed_ms=426
2026-04-05T14:34:58.149174Z  INFO ThreadId(16) pipeline{execution_id=c9654dfc-b1f5-4ad8-a7aa-3f39bb7c146d chain_id=137 from_address=0xCFA80F1f22b0AD533F7d8e2CcC0A783aa4BCaFF3}: cortex::pipeline: nonce reserved elapsed_ms=427 nonce=35
2026-04-05T14:34:58.149538Z  INFO ThreadId(17) pipeline{execution_id=6778b9b7-fb6d-4887-ac51-d3494a72bb75 chain_id=1 from_address=0x8b172F820629b14cEAF859A6e159d1BcD3291Fe1}: cortex::pipeline: transaction broadcasted: elapsed_ms=449 tx_hash=0x43f6236bc8f63454926856fa4af6bc3e8411107a329d353a9505b3fd71537216
2026-04-05T14:34:58.149633Z  INFO ThreadId(17) pipeline{execution_id=f3432cfd-9db1-4c7e-a0e3-5d07593e9674 chain_id=42161 from_address=0x2EAC739a1e05F4a05a5B8fD93D332c4353E5A7cD}: cortex::pipeline: transaction signed elapsed_ms=427
2026-04-05T14:34:58.149955Z  INFO ThreadId(17) pipeline{execution_id=408956dd-a074-4068-b25f-224d509874cb chain_id=42161 from_address=0xfea6645D31443cF7Cf96eF1dB7823EB9365f98bf}: cortex::pipeline: nonce reserved elapsed_ms=428 nonce=30
2026-04-05T14:34:58.150249Z  INFO ThreadId(05) pipeline{execution_id=c9654dfc-b1f5-4ad8-a7aa-3f39bb7c146d chain_id=137 from_address=0xCFA80F1f22b0AD533F7d8e2CcC0A783aa4BCaFF3}: cortex::pipeline: transaction signed elapsed_ms=428
2026-04-05T14:34:58.150903Z  INFO ThreadId(03) pipeline{execution_id=c956483d-ca44-4224-8261-859ce32d1806 chain_id=1 from_address=0x2EAC739a1e05F4a05a5B8fD93D332c4353E5A7cD}: cortex::pipeline: transaction broadcasted: elapsed_ms=450 tx_hash=0xf8f277cc60c67a2ab8a6640fb3a196697c806a4723e1b239134ef7b4bad8c08a
2026-04-05T14:34:58.150958Z  INFO ThreadId(05) pipeline{execution_id=484cf38d-1020-4f4c-a7f9-cda4d767e6d0 chain_id=42161 from_address=0x8b172F820629b14cEAF859A6e159d1BcD3291Fe1}: cortex::pipeline: nonce reserved elapsed_ms=429 nonce=31
2026-04-05T14:34:58.151038Z  INFO ThreadId(17) pipeline{execution_id=408956dd-a074-4068-b25f-224d509874cb chain_id=42161 from_address=0xfea6645D31443cF7Cf96eF1dB7823EB9365f98bf}: cortex::pipeline: transaction signed elapsed_ms=429
2026-04-05T14:34:58.151316Z  INFO ThreadId(03) pipeline{execution_id=fc23b9aa-cf44-4510-a116-65d51c98d3dc chain_id=42161 from_address=0xCFA80F1f22b0AD533F7d8e2CcC0A783aa4BCaFF3}: cortex::pipeline: nonce reserved elapsed_ms=429 nonce=26
2026-04-05T14:34:58.152007Z  INFO ThreadId(18) pipeline{execution_id=484cf38d-1020-4f4c-a7f9-cda4d767e6d0 chain_id=42161 from_address=0x8b172F820629b14cEAF859A6e159d1BcD3291Fe1}: cortex::pipeline: transaction signed elapsed_ms=430
2026-04-05T14:34:58.152026Z  INFO ThreadId(16) pipeline{execution_id=0d1cc793-adb6-4ec2-a3fc-efe5779d7326 chain_id=1 from_address=0x8AfE43fF49EBd5c4B8Cd1497ee77b437dd1711fc}: cortex::pipeline: nonce reserved elapsed_ms=429 nonce=26
2026-04-05T14:34:58.152367Z  INFO ThreadId(06) pipeline{execution_id=fc23b9aa-cf44-4510-a116-65d51c98d3dc chain_id=42161 from_address=0xCFA80F1f22b0AD533F7d8e2CcC0A783aa4BCaFF3}: cortex::pipeline: transaction signed elapsed_ms=430
2026-04-05T14:34:58.152529Z  INFO ThreadId(03) pipeline{execution_id=99e3c0eb-b1e6-4f94-9683-f69dfbfbe266 chain_id=1 from_address=0xfea6645D31443cF7Cf96eF1dB7823EB9365f98bf}: cortex::pipeline: transaction broadcasted: elapsed_ms=452 tx_hash=0x9f983469b4f2a4a90d21e97f5665fa3d61950caa655fdba2771fd1cd1859aa06
2026-04-05T14:34:58.152696Z  INFO ThreadId(16) pipeline{execution_id=e12956ee-c7e6-47bc-a973-a011604e51a2 chain_id=42161 from_address=0xCFA80F1f22b0AD533F7d8e2CcC0A783aa4BCaFF3}: cortex::pipeline: nonce reserved elapsed_ms=430 nonce=27
2026-04-05T14:34:58.153124Z  INFO ThreadId(03) pipeline{execution_id=0d1cc793-adb6-4ec2-a3fc-efe5779d7326 chain_id=1 from_address=0x8AfE43fF49EBd5c4B8Cd1497ee77b437dd1711fc}: cortex::pipeline: transaction signed elapsed_ms=430
2026-04-05T14:34:58.153281Z  INFO ThreadId(17) pipeline{execution_id=110bf31b-dafa-443f-a820-7a0419d532b8 chain_id=42161 from_address=0x8AfE43fF49EBd5c4B8Cd1497ee77b437dd1711fc}: cortex::pipeline: nonce reserved elapsed_ms=431 nonce=26
2026-04-05T14:34:58.153673Z  INFO ThreadId(06) pipeline{execution_id=e12956ee-c7e6-47bc-a973-a011604e51a2 chain_id=42161 from_address=0xCFA80F1f22b0AD533F7d8e2CcC0A783aa4BCaFF3}: cortex::pipeline: transaction signed elapsed_ms=431
2026-04-05T14:34:58.153884Z  INFO ThreadId(16) pipeline{execution_id=468cc092-3bb5-4dfc-866d-c9a255770c56 chain_id=1 from_address=0xfea6645D31443cF7Cf96eF1dB7823EB9365f98bf}: cortex::pipeline: transaction broadcasted: elapsed_ms=454 tx_hash=0x06972d77f0c719268606e9698d024a4f43e3d3526bb63ec228e575a9ce227c0a
2026-04-05T14:34:58.153961Z  INFO ThreadId(18) pipeline{execution_id=34dc995f-1fd8-478c-ba6b-6ffe89e45de2 chain_id=1 from_address=0xfea6645D31443cF7Cf96eF1dB7823EB9365f98bf}: cortex::pipeline: nonce reserved elapsed_ms=431 nonce=27
2026-04-05T14:34:58.154112Z  INFO ThreadId(18) pipeline{execution_id=110bf31b-dafa-443f-a820-7a0419d532b8 chain_id=42161 from_address=0x8AfE43fF49EBd5c4B8Cd1497ee77b437dd1711fc}: cortex::pipeline: transaction signed elapsed_ms=431
2026-04-05T14:34:58.154496Z  INFO ThreadId(05) pipeline{execution_id=b6fd56c9-5c0d-4c6e-a659-ffcbe7961aff chain_id=1 from_address=0x8AfE43fF49EBd5c4B8Cd1497ee77b437dd1711fc}: cortex::pipeline: nonce reserved elapsed_ms=432 nonce=27
2026-04-05T14:34:58.154904Z  INFO ThreadId(17) pipeline{execution_id=34dc995f-1fd8-478c-ba6b-6ffe89e45de2 chain_id=1 from_address=0xfea6645D31443cF7Cf96eF1dB7823EB9365f98bf}: cortex::pipeline: transaction signed elapsed_ms=432
2026-04-05T14:34:58.155140Z  INFO ThreadId(17) pipeline{execution_id=8d95b4e5-6195-4169-8311-2d7d93b21bfd chain_id=42161 from_address=0x8b172F820629b14cEAF859A6e159d1BcD3291Fe1}: cortex::pipeline: nonce reserved elapsed_ms=432 nonce=32
2026-04-05T14:34:58.155197Z  INFO ThreadId(05) pipeline{execution_id=55f4ddca-e60c-4fba-9812-c7e8736ba0d4 chain_id=1 from_address=0xCFA80F1f22b0AD533F7d8e2CcC0A783aa4BCaFF3}: cortex::pipeline: transaction broadcasted: elapsed_ms=455 tx_hash=0xf0d7f882c006780387c6c66df1f8e9e2251c0681be4641d10863f4bfad5ce131
2026-04-05T14:34:58.155410Z  INFO ThreadId(05) pipeline{execution_id=b6fd56c9-5c0d-4c6e-a659-ffcbe7961aff chain_id=1 from_address=0x8AfE43fF49EBd5c4B8Cd1497ee77b437dd1711fc}: cortex::pipeline: transaction signed elapsed_ms=433
2026-04-05T14:34:58.155806Z  INFO ThreadId(18) pipeline{execution_id=196a39b3-5175-4d71-9197-bf0fe339b83b chain_id=42161 from_address=0xCFA80F1f22b0AD533F7d8e2CcC0A783aa4BCaFF3}: cortex::pipeline: nonce reserved elapsed_ms=433 nonce=28
2026-04-05T14:34:58.156116Z  INFO ThreadId(05) pipeline{execution_id=8d95b4e5-6195-4169-8311-2d7d93b21bfd chain_id=42161 from_address=0x8b172F820629b14cEAF859A6e159d1BcD3291Fe1}: cortex::pipeline: transaction signed elapsed_ms=433
2026-04-05T14:34:58.156492Z  INFO ThreadId(05) pipeline{execution_id=6a02fac5-6302-4ec4-9f77-34699b91d0ab chain_id=42161 from_address=0xCFA80F1f22b0AD533F7d8e2CcC0A783aa4BCaFF3}: cortex::pipeline: nonce reserved elapsed_ms=434 nonce=29
2026-04-05T14:34:58.156751Z  INFO ThreadId(03) pipeline{execution_id=9f6719b7-4c6f-4298-948d-c88b137e3a12 chain_id=1 from_address=0x8AfE43fF49EBd5c4B8Cd1497ee77b437dd1711fc}: cortex::pipeline: transaction broadcasted: elapsed_ms=456 tx_hash=0x9162a0f82fbedc036ee0bde5177c35e0836ced636dbb58837b335ffc76833b42
2026-04-05T14:34:58.157069Z  INFO ThreadId(03) pipeline{execution_id=196a39b3-5175-4d71-9197-bf0fe339b83b chain_id=42161 from_address=0xCFA80F1f22b0AD533F7d8e2CcC0A783aa4BCaFF3}: cortex::pipeline: transaction signed elapsed_ms=434
2026-04-05T14:34:58.157104Z  INFO ThreadId(17) pipeline{execution_id=6202e46d-c208-43dd-87c9-f55b2afb9ec8 chain_id=1 from_address=0x8b172F820629b14cEAF859A6e159d1BcD3291Fe1}: cortex::pipeline: nonce reserved elapsed_ms=434 nonce=31
2026-04-05T14:34:58.157916Z  INFO ThreadId(05) pipeline{execution_id=9a776693-8856-4dd6-8423-e693af90c962 chain_id=1 from_address=0x2EAC739a1e05F4a05a5B8fD93D332c4353E5A7cD}: cortex::pipeline: nonce reserved elapsed_ms=435 nonce=36
2026-04-05T14:34:58.158133Z  INFO ThreadId(09) pipeline{execution_id=6a02fac5-6302-4ec4-9f77-34699b91d0ab chain_id=42161 from_address=0xCFA80F1f22b0AD533F7d8e2CcC0A783aa4BCaFF3}: cortex::pipeline: transaction signed elapsed_ms=436
2026-04-05T14:34:58.158277Z  INFO ThreadId(05) pipeline{execution_id=132d3e07-554a-4733-9de2-6450bb41b291 chain_id=1 from_address=0x8AfE43fF49EBd5c4B8Cd1497ee77b437dd1711fc}: cortex::pipeline: transaction broadcasted: elapsed_ms=458 tx_hash=0x144c6ed070f637b86af3bb6e568afafe72d2efeaa3e3a4cf3f55c32f1bfad84a
2026-04-05T14:34:58.158390Z  INFO ThreadId(09) pipeline{execution_id=6202e46d-c208-43dd-87c9-f55b2afb9ec8 chain_id=1 from_address=0x8b172F820629b14cEAF859A6e159d1BcD3291Fe1}: cortex::pipeline: transaction signed elapsed_ms=436
2026-04-05T14:34:58.158751Z  INFO ThreadId(05) pipeline{execution_id=ff0a2d75-1597-4e24-9620-ad81326fd8a1 chain_id=1 from_address=0x8AfE43fF49EBd5c4B8Cd1497ee77b437dd1711fc}: cortex::pipeline: nonce reserved elapsed_ms=436 nonce=28
2026-04-05T14:34:58.158881Z  INFO ThreadId(03) pipeline{execution_id=9a776693-8856-4dd6-8423-e693af90c962 chain_id=1 from_address=0x2EAC739a1e05F4a05a5B8fD93D332c4353E5A7cD}: cortex::pipeline: transaction signed elapsed_ms=436
2026-04-05T14:34:58.159350Z  INFO ThreadId(09) pipeline{execution_id=91984427-6a50-4d41-8d5e-401715bde02e chain_id=1 from_address=0xfea6645D31443cF7Cf96eF1dB7823EB9365f98bf}: cortex::pipeline: nonce reserved elapsed_ms=436 nonce=28
2026-04-05T14:34:58.159643Z  INFO ThreadId(09) pipeline{execution_id=ff0a2d75-1597-4e24-9620-ad81326fd8a1 chain_id=1 from_address=0x8AfE43fF49EBd5c4B8Cd1497ee77b437dd1711fc}: cortex::pipeline: transaction signed elapsed_ms=437
2026-04-05T14:34:58.159665Z  INFO ThreadId(05) pipeline{execution_id=cc231a16-5899-418a-be0b-f8ba1d7c0803 chain_id=1 from_address=0x2EAC739a1e05F4a05a5B8fD93D332c4353E5A7cD}: cortex::pipeline: transaction broadcasted: elapsed_ms=459 tx_hash=0xcbae3032a223fec2a5e28e5f74c77179978aacb0310e752f039042c0eab5d55b
2026-04-05T14:34:58.160178Z  INFO ThreadId(16) pipeline{execution_id=e8b81c23-4d19-4f0f-b442-a516e5f90ced chain_id=1 from_address=0xCFA80F1f22b0AD533F7d8e2CcC0A783aa4BCaFF3}: cortex::pipeline: nonce reserved elapsed_ms=437 nonce=31
2026-04-05T14:34:58.160426Z  INFO ThreadId(03) pipeline{execution_id=91984427-6a50-4d41-8d5e-401715bde02e chain_id=1 from_address=0xfea6645D31443cF7Cf96eF1dB7823EB9365f98bf}: cortex::pipeline: transaction signed elapsed_ms=438
2026-04-05T14:34:58.160804Z  INFO ThreadId(03) pipeline{execution_id=8cbba123-b756-4a1a-880a-1224c83dc8a6 chain_id=42161 from_address=0x8b172F820629b14cEAF859A6e159d1BcD3291Fe1}: cortex::pipeline: nonce reserved elapsed_ms=438 nonce=33
2026-04-05T14:34:58.160980Z  INFO ThreadId(17) pipeline{execution_id=de4b07ac-6e5f-4f96-a8dd-75d348c1a338 chain_id=1 from_address=0x8b172F820629b14cEAF859A6e159d1BcD3291Fe1}: cortex::pipeline: transaction broadcasted: elapsed_ms=460 tx_hash=0x7de163852fb4129f95dbaf278a71d0588875db14dd57f3dfd7f15af589cec430
2026-04-05T14:34:58.161143Z  INFO ThreadId(03) pipeline{execution_id=e8b81c23-4d19-4f0f-b442-a516e5f90ced chain_id=1 from_address=0xCFA80F1f22b0AD533F7d8e2CcC0A783aa4BCaFF3}: cortex::pipeline: transaction signed elapsed_ms=438
2026-04-05T14:34:58.161461Z  INFO ThreadId(18) pipeline{execution_id=6f0a8582-1e07-4105-a628-589d3e3217d3 chain_id=137 from_address=0x8AfE43fF49EBd5c4B8Cd1497ee77b437dd1711fc}: cortex::pipeline: nonce reserved elapsed_ms=439 nonce=33
2026-04-05T14:34:58.161731Z  INFO ThreadId(05) pipeline{execution_id=8cbba123-b756-4a1a-880a-1224c83dc8a6 chain_id=42161 from_address=0x8b172F820629b14cEAF859A6e159d1BcD3291Fe1}: cortex::pipeline: transaction signed elapsed_ms=439
2026-04-05T14:34:58.162100Z  INFO ThreadId(05) pipeline{execution_id=6cc15b26-c9b3-427e-8b4b-3e39a9c45f6e chain_id=42161 from_address=0x8b172F820629b14cEAF859A6e159d1BcD3291Fe1}: cortex::pipeline: nonce reserved elapsed_ms=439 nonce=34
2026-04-05T14:34:58.162341Z  INFO ThreadId(03) pipeline{execution_id=6f0a8582-1e07-4105-a628-589d3e3217d3 chain_id=137 from_address=0x8AfE43fF49EBd5c4B8Cd1497ee77b437dd1711fc}: cortex::pipeline: transaction signed elapsed_ms=440
2026-04-05T14:34:58.162454Z  INFO ThreadId(03) pipeline{execution_id=26c027de-729c-402a-ae50-e960c4f80cb0 chain_id=1 from_address=0xfea6645D31443cF7Cf96eF1dB7823EB9365f98bf}: cortex::pipeline: transaction broadcasted: elapsed_ms=462 tx_hash=0x6eb34806b6b9a94166117ffb80a94690529ca67e4fc1eb4b911723d0bf8e3cab
2026-04-05T14:34:58.162680Z  INFO ThreadId(17) pipeline{execution_id=815afb20-3335-472c-898b-609752dce267 chain_id=42161 from_address=0x8AfE43fF49EBd5c4B8Cd1497ee77b437dd1711fc}: cortex::pipeline: nonce reserved elapsed_ms=440 nonce=27
2026-04-05T14:34:58.163094Z  INFO ThreadId(03) pipeline{execution_id=6cc15b26-c9b3-427e-8b4b-3e39a9c45f6e chain_id=42161 from_address=0x8b172F820629b14cEAF859A6e159d1BcD3291Fe1}: cortex::pipeline: transaction signed elapsed_ms=440
2026-04-05T14:34:58.163377Z  INFO ThreadId(05) pipeline{execution_id=169a93dc-0b55-4aef-b9c0-70cd152d83fd chain_id=42161 from_address=0x8AfE43fF49EBd5c4B8Cd1497ee77b437dd1711fc}: cortex::pipeline: nonce reserved elapsed_ms=440 nonce=28
2026-04-05T14:34:58.163781Z  INFO ThreadId(03) pipeline{execution_id=815afb20-3335-472c-898b-609752dce267 chain_id=42161 from_address=0x8AfE43fF49EBd5c4B8Cd1497ee77b437dd1711fc}: cortex::pipeline: transaction signed elapsed_ms=441
2026-04-05T14:34:58.163875Z  INFO ThreadId(05) pipeline{execution_id=ae3583fd-9f29-4ead-b283-0f08afe1f7c0 chain_id=1 from_address=0x8AfE43fF49EBd5c4B8Cd1497ee77b437dd1711fc}: cortex::pipeline: transaction broadcasted: elapsed_ms=463 tx_hash=0xa801b2123c9196dacbd0f286fca930fc1fd3be1a7ea5eed3c9881db72563d0e9
2026-04-05T14:34:58.164115Z  INFO ThreadId(09) pipeline{execution_id=8cd799a2-f222-4d83-b442-419b3a63da96 chain_id=137 from_address=0x2EAC739a1e05F4a05a5B8fD93D332c4353E5A7cD}: cortex::pipeline: nonce reserved elapsed_ms=441 nonce=32
2026-04-05T14:34:58.164415Z  INFO ThreadId(17) pipeline{execution_id=169a93dc-0b55-4aef-b9c0-70cd152d83fd chain_id=42161 from_address=0x8AfE43fF49EBd5c4B8Cd1497ee77b437dd1711fc}: cortex::pipeline: transaction signed elapsed_ms=441
2026-04-05T14:34:58.164795Z  INFO ThreadId(09) pipeline{execution_id=0f5a7ccf-f194-4917-a32d-5109793acb43 chain_id=137 from_address=0x8AfE43fF49EBd5c4B8Cd1497ee77b437dd1711fc}: cortex::pipeline: nonce reserved elapsed_ms=442 nonce=34
2026-04-05T14:34:58.165092Z  INFO ThreadId(09) pipeline{execution_id=8cd799a2-f222-4d83-b442-419b3a63da96 chain_id=137 from_address=0x2EAC739a1e05F4a05a5B8fD93D332c4353E5A7cD}: cortex::pipeline: transaction signed elapsed_ms=442
2026-04-05T14:34:58.165266Z  INFO ThreadId(17) pipeline{execution_id=bc5fd64b-f16e-4419-8d6e-c26734d903cf chain_id=1 from_address=0x8AfE43fF49EBd5c4B8Cd1497ee77b437dd1711fc}: cortex::pipeline: transaction broadcasted: elapsed_ms=464 tx_hash=0x747ee2e63494536a250064dacd8c34d3da599ed07e18c792a9751be7cddb84c4
2026-04-05T14:34:58.165379Z  INFO ThreadId(17) pipeline{execution_id=129a6162-c51f-46e9-882e-9a76b8f6b713 chain_id=137 from_address=0x2EAC739a1e05F4a05a5B8fD93D332c4353E5A7cD}: cortex::pipeline: nonce reserved elapsed_ms=442 nonce=33
2026-04-05T14:34:58.165783Z  INFO ThreadId(03) pipeline{execution_id=0f5a7ccf-f194-4917-a32d-5109793acb43 chain_id=137 from_address=0x8AfE43fF49EBd5c4B8Cd1497ee77b437dd1711fc}: cortex::pipeline: transaction signed elapsed_ms=443
2026-04-05T14:34:58.166056Z  INFO ThreadId(06) pipeline{execution_id=85220360-1959-4522-8509-af2fb5f90796 chain_id=1 from_address=0xCFA80F1f22b0AD533F7d8e2CcC0A783aa4BCaFF3}: cortex::pipeline: nonce reserved elapsed_ms=443 nonce=32
2026-04-05T14:34:58.166387Z  INFO ThreadId(17) pipeline{execution_id=129a6162-c51f-46e9-882e-9a76b8f6b713 chain_id=137 from_address=0x2EAC739a1e05F4a05a5B8fD93D332c4353E5A7cD}: cortex::pipeline: transaction signed elapsed_ms=443
2026-04-05T14:34:58.166734Z  INFO ThreadId(05) pipeline{execution_id=7d16b2a1-86f3-4e7d-b67f-8267fc929d1e chain_id=1 from_address=0xfea6645D31443cF7Cf96eF1dB7823EB9365f98bf}: cortex::pipeline: transaction broadcasted: elapsed_ms=466 tx_hash=0x75c2fc7a3a97d21e934e1141e8717eab23832ffa0fcca2640de1a99d0fc16ce3
2026-04-05T14:34:58.166733Z  INFO ThreadId(06) pipeline{execution_id=65d8d86e-27da-47c4-8377-12fff13bda51 chain_id=137 from_address=0x2EAC739a1e05F4a05a5B8fD93D332c4353E5A7cD}: cortex::pipeline: nonce reserved elapsed_ms=444 nonce=34
2026-04-05T14:34:58.167181Z  INFO ThreadId(16) pipeline{execution_id=85220360-1959-4522-8509-af2fb5f90796 chain_id=1 from_address=0xCFA80F1f22b0AD533F7d8e2CcC0A783aa4BCaFF3}: cortex::pipeline: transaction signed elapsed_ms=444
2026-04-05T14:34:58.167454Z  INFO ThreadId(09) pipeline{execution_id=69352a8d-03a9-488c-b9ae-c5181a769635 chain_id=137 from_address=0x8AfE43fF49EBd5c4B8Cd1497ee77b437dd1711fc}: cortex::pipeline: nonce reserved elapsed_ms=445 nonce=35
2026-04-05T14:34:58.167738Z  INFO ThreadId(16) pipeline{execution_id=65d8d86e-27da-47c4-8377-12fff13bda51 chain_id=137 from_address=0x2EAC739a1e05F4a05a5B8fD93D332c4353E5A7cD}: cortex::pipeline: transaction signed elapsed_ms=445
2026-04-05T14:34:58.168002Z  INFO ThreadId(16) pipeline{execution_id=19e368be-7ef3-4609-91bd-e66ce80d013b chain_id=137 from_address=0x2EAC739a1e05F4a05a5B8fD93D332c4353E5A7cD}: cortex::pipeline: nonce reserved elapsed_ms=445 nonce=35
2026-04-05T14:34:58.168111Z  INFO ThreadId(16) pipeline{execution_id=06f4991b-3784-4760-89db-bd88125150d4 chain_id=1 from_address=0xfea6645D31443cF7Cf96eF1dB7823EB9365f98bf}: cortex::pipeline: transaction broadcasted: elapsed_ms=467 tx_hash=0x6218b3bcc2d206210e03ab14cdd145ec7062c2113490bcc37fe9f732848c2de3
2026-04-05T14:34:58.168403Z  INFO ThreadId(06) pipeline{execution_id=69352a8d-03a9-488c-b9ae-c5181a769635 chain_id=137 from_address=0x8AfE43fF49EBd5c4B8Cd1497ee77b437dd1711fc}: cortex::pipeline: transaction signed elapsed_ms=446
2026-04-05T14:34:58.168573Z  INFO ThreadId(06) pipeline{execution_id=b75e889a-342a-4062-9bdf-98087da69726 chain_id=42161 from_address=0x8b172F820629b14cEAF859A6e159d1BcD3291Fe1}: cortex::pipeline: nonce reserved elapsed_ms=445 nonce=35
2026-04-05T14:34:58.168908Z  INFO ThreadId(09) pipeline{execution_id=19e368be-7ef3-4609-91bd-e66ce80d013b chain_id=137 from_address=0x2EAC739a1e05F4a05a5B8fD93D332c4353E5A7cD}: cortex::pipeline: transaction signed elapsed_ms=446
2026-04-05T14:34:58.169027Z  INFO ThreadId(18) pipeline{execution_id=d84ddb20-13f0-4484-8b7b-fc5aa0e95cd9 chain_id=42161 from_address=0x2EAC739a1e05F4a05a5B8fD93D332c4353E5A7cD}: cortex::pipeline: nonce reserved elapsed_ms=446 nonce=25
2026-04-05T14:34:58.169302Z  INFO ThreadId(06) pipeline{execution_id=fcad6a53-728e-436e-81ea-3add6488fb5c chain_id=1 from_address=0x8b172F820629b14cEAF859A6e159d1BcD3291Fe1}: cortex::pipeline: transaction broadcasted: elapsed_ms=468 tx_hash=0x734829455a925a6ff6c6fd77993b368239813d45761e0c0db6f53d17da93aaff
2026-04-05T14:34:58.169451Z  INFO ThreadId(09) pipeline{execution_id=b75e889a-342a-4062-9bdf-98087da69726 chain_id=42161 from_address=0x8b172F820629b14cEAF859A6e159d1BcD3291Fe1}: cortex::pipeline: transaction signed elapsed_ms=446
2026-04-05T14:34:58.169630Z  INFO ThreadId(18) pipeline{execution_id=81dcc4c9-b6f5-4091-8fe9-1773baedac42 chain_id=137 from_address=0xfea6645D31443cF7Cf96eF1dB7823EB9365f98bf}: cortex::pipeline: nonce reserved elapsed_ms=447 nonce=34
2026-04-05T14:34:58.169899Z  INFO ThreadId(05) pipeline{execution_id=d84ddb20-13f0-4484-8b7b-fc5aa0e95cd9 chain_id=42161 from_address=0x2EAC739a1e05F4a05a5B8fD93D332c4353E5A7cD}: cortex::pipeline: transaction signed elapsed_ms=447
2026-04-05T14:34:58.170329Z  INFO ThreadId(18) pipeline{execution_id=fb221eca-a942-4aa0-8276-1ed62961711a chain_id=42161 from_address=0xfea6645D31443cF7Cf96eF1dB7823EB9365f98bf}: cortex::pipeline: nonce reserved elapsed_ms=447 nonce=31
2026-04-05T14:34:58.170793Z  INFO ThreadId(06) pipeline{execution_id=e185cf8b-5caa-4eaa-a43a-ef70637d4c5d chain_id=1 from_address=0x2EAC739a1e05F4a05a5B8fD93D332c4353E5A7cD}: cortex::pipeline: transaction broadcasted: elapsed_ms=469 tx_hash=0x9d0185c1d97114203e9cb3da41e51ce2e8d9c178e2c6ce1913b2b97a274eeaa3
2026-04-05T14:34:58.170799Z  INFO ThreadId(18) pipeline{execution_id=81dcc4c9-b6f5-4091-8fe9-1773baedac42 chain_id=137 from_address=0xfea6645D31443cF7Cf96eF1dB7823EB9365f98bf}: cortex::pipeline: transaction signed elapsed_ms=448
2026-04-05T14:34:58.171295Z  INFO ThreadId(03) pipeline{execution_id=fb221eca-a942-4aa0-8276-1ed62961711a chain_id=42161 from_address=0xfea6645D31443cF7Cf96eF1dB7823EB9365f98bf}: cortex::pipeline: transaction signed elapsed_ms=448
2026-04-05T14:34:58.171297Z  INFO ThreadId(06) pipeline{execution_id=1c61cee0-1f55-44ea-9fa2-bda0ef70fc2d chain_id=137 from_address=0xfea6645D31443cF7Cf96eF1dB7823EB9365f98bf}: cortex::pipeline: nonce reserved elapsed_ms=448 nonce=35
2026-04-05T14:34:58.171953Z  INFO ThreadId(17) pipeline{execution_id=377f3c3c-db01-41b4-9259-bd05911b6d63 chain_id=42161 from_address=0xCFA80F1f22b0AD533F7d8e2CcC0A783aa4BCaFF3}: cortex::pipeline: nonce reserved elapsed_ms=449 nonce=30
2026-04-05T14:34:58.172100Z  INFO ThreadId(03) pipeline{execution_id=4482a52b-934f-4f19-a20c-425ba44693f8 chain_id=1 from_address=0xfea6645D31443cF7Cf96eF1dB7823EB9365f98bf}: cortex::pipeline: transaction broadcasted: elapsed_ms=471 tx_hash=0x951348ae8e76b93c4a759ba51dc20401d932145333444e657bfc1ff42cafac56
2026-04-05T14:34:58.172384Z  INFO ThreadId(05) pipeline{execution_id=1c61cee0-1f55-44ea-9fa2-bda0ef70fc2d chain_id=137 from_address=0xfea6645D31443cF7Cf96eF1dB7823EB9365f98bf}: cortex::pipeline: transaction signed elapsed_ms=449
2026-04-05T14:34:58.172588Z  INFO ThreadId(03) pipeline{execution_id=5e4765e9-2468-424d-acee-5c153424d899 chain_id=1 from_address=0x8b172F820629b14cEAF859A6e159d1BcD3291Fe1}: cortex::pipeline: nonce reserved elapsed_ms=449 nonce=32
2026-04-05T14:34:58.172948Z  INFO ThreadId(05) pipeline{execution_id=377f3c3c-db01-41b4-9259-bd05911b6d63 chain_id=42161 from_address=0xCFA80F1f22b0AD533F7d8e2CcC0A783aa4BCaFF3}: cortex::pipeline: transaction signed elapsed_ms=450
2026-04-05T14:34:58.173408Z  INFO ThreadId(06) pipeline{execution_id=0171e005-a1b6-4549-9e23-81119fde01d7 chain_id=1 from_address=0x8b172F820629b14cEAF859A6e159d1BcD3291Fe1}: cortex::pipeline: transaction broadcasted: elapsed_ms=472 tx_hash=0xbbb162f7f23f5c24604467cf5e4d70ef4404c4ab1ea27134eb53875b0bbf1685
2026-04-05T14:34:58.173407Z  INFO ThreadId(17) pipeline{execution_id=886b1494-79ec-48f8-86c3-ebbb436ebcce chain_id=1 from_address=0xfea6645D31443cF7Cf96eF1dB7823EB9365f98bf}: cortex::pipeline: nonce reserved elapsed_ms=450 nonce=29
2026-04-05T14:34:58.173815Z  INFO ThreadId(05) pipeline{execution_id=5e4765e9-2468-424d-acee-5c153424d899 chain_id=1 from_address=0x8b172F820629b14cEAF859A6e159d1BcD3291Fe1}: cortex::pipeline: transaction signed elapsed_ms=451
2026-04-05T14:34:58.174050Z  INFO ThreadId(06) pipeline{execution_id=ff0cafa3-089e-425f-b118-74ed98185420 chain_id=1 from_address=0x8AfE43fF49EBd5c4B8Cd1497ee77b437dd1711fc}: cortex::pipeline: nonce reserved elapsed_ms=451 nonce=29
2026-04-05T14:34:58.174361Z  INFO ThreadId(17) pipeline{execution_id=886b1494-79ec-48f8-86c3-ebbb436ebcce chain_id=1 from_address=0xfea6645D31443cF7Cf96eF1dB7823EB9365f98bf}: cortex::pipeline: transaction signed elapsed_ms=451
2026-04-05T14:34:58.174689Z  INFO ThreadId(03) pipeline{execution_id=6ba82b54-6f42-4ae9-8902-2b8bddf33b64 chain_id=137 from_address=0x8AfE43fF49EBd5c4B8Cd1497ee77b437dd1711fc}: cortex::pipeline: nonce reserved elapsed_ms=451 nonce=36
2026-04-05T14:34:58.174702Z  INFO ThreadId(06) pipeline{execution_id=d3a0eacb-d9ca-45be-b12f-3abab0069181 chain_id=1 from_address=0x8AfE43fF49EBd5c4B8Cd1497ee77b437dd1711fc}: cortex::pipeline: transaction broadcasted: elapsed_ms=473 tx_hash=0x1dc26036149b70d4ee5bd2e5acc547937de07a7cfcf7592d52bb272e5f96f627
2026-04-05T14:34:58.174968Z  INFO ThreadId(09) pipeline{execution_id=ff0cafa3-089e-425f-b118-74ed98185420 chain_id=1 from_address=0x8AfE43fF49EBd5c4B8Cd1497ee77b437dd1711fc}: cortex::pipeline: transaction signed elapsed_ms=452
2026-04-05T14:34:58.175209Z  INFO ThreadId(17) pipeline{execution_id=6d689104-d0af-49f7-a25c-148d0b0a4e8c chain_id=1 from_address=0x8b172F820629b14cEAF859A6e159d1BcD3291Fe1}: cortex::pipeline: nonce reserved elapsed_ms=452 nonce=33
2026-04-05T14:34:58.175547Z  INFO ThreadId(17) pipeline{execution_id=6ba82b54-6f42-4ae9-8902-2b8bddf33b64 chain_id=137 from_address=0x8AfE43fF49EBd5c4B8Cd1497ee77b437dd1711fc}: cortex::pipeline: transaction signed elapsed_ms=452
2026-04-05T14:34:58.175773Z  INFO ThreadId(06) pipeline{execution_id=aac7c9a3-e4b7-4e0e-9367-bfa64002a6c4 chain_id=42161 from_address=0x8AfE43fF49EBd5c4B8Cd1497ee77b437dd1711fc}: cortex::pipeline: nonce reserved elapsed_ms=453 nonce=29
2026-04-05T14:34:58.176022Z  INFO ThreadId(16) pipeline{execution_id=6d689104-d0af-49f7-a25c-148d0b0a4e8c chain_id=1 from_address=0x8b172F820629b14cEAF859A6e159d1BcD3291Fe1}: cortex::pipeline: transaction signed elapsed_ms=453
2026-04-05T14:34:58.176059Z  INFO ThreadId(17) pipeline{execution_id=692eb4f6-fb67-4c77-8949-f1444a942db1 chain_id=1 from_address=0xCFA80F1f22b0AD533F7d8e2CcC0A783aa4BCaFF3}: cortex::pipeline: transaction broadcasted: elapsed_ms=474 tx_hash=0xa6613517f1a59180a567b82e1799d3ea76fb3f6033213cb2cb98e5640575099c
2026-04-05T14:34:58.176255Z  INFO ThreadId(16) pipeline{execution_id=c5a0277d-3ffc-4076-bb80-cad0d67398bf chain_id=42161 from_address=0x8AfE43fF49EBd5c4B8Cd1497ee77b437dd1711fc}: cortex::pipeline: nonce reserved elapsed_ms=453 nonce=30
2026-04-05T14:34:58.176576Z  INFO ThreadId(09) pipeline{execution_id=aac7c9a3-e4b7-4e0e-9367-bfa64002a6c4 chain_id=42161 from_address=0x8AfE43fF49EBd5c4B8Cd1497ee77b437dd1711fc}: cortex::pipeline: transaction signed elapsed_ms=453
2026-04-05T14:34:58.176776Z  INFO ThreadId(16) pipeline{execution_id=471e7a1d-45f6-43e0-8991-774557aa823c chain_id=1 from_address=0x8b172F820629b14cEAF859A6e159d1BcD3291Fe1}: cortex::pipeline: nonce reserved elapsed_ms=453 nonce=34
2026-04-05T14:34:58.177260Z  INFO ThreadId(16) pipeline{execution_id=c5a0277d-3ffc-4076-bb80-cad0d67398bf chain_id=42161 from_address=0x8AfE43fF49EBd5c4B8Cd1497ee77b437dd1711fc}: cortex::pipeline: transaction signed elapsed_ms=454
2026-04-05T14:34:58.177409Z  INFO ThreadId(16) pipeline{execution_id=e9a27149-ac87-4fcf-8482-f885337e0244 chain_id=42161 from_address=0xfea6645D31443cF7Cf96eF1dB7823EB9365f98bf}: cortex::pipeline: nonce reserved elapsed_ms=454 nonce=32
2026-04-05T14:34:58.177802Z  INFO ThreadId(16) pipeline{execution_id=471e7a1d-45f6-43e0-8991-774557aa823c chain_id=1 from_address=0x8b172F820629b14cEAF859A6e159d1BcD3291Fe1}: cortex::pipeline: transaction signed elapsed_ms=454
2026-04-05T14:34:58.178057Z  INFO ThreadId(06) pipeline{execution_id=72394633-291c-4ed9-bf6d-48e412539456 chain_id=137 from_address=0xCFA80F1f22b0AD533F7d8e2CcC0A783aa4BCaFF3}: cortex::pipeline: nonce reserved elapsed_ms=454 nonce=36
2026-04-05T14:34:58.178458Z  INFO ThreadId(06) pipeline{execution_id=e9a27149-ac87-4fcf-8482-f885337e0244 chain_id=42161 from_address=0xfea6645D31443cF7Cf96eF1dB7823EB9365f98bf}: cortex::pipeline: transaction signed elapsed_ms=455
2026-04-05T14:34:58.178680Z  INFO ThreadId(06) pipeline{execution_id=beec67a6-525a-413e-8800-e83f39bb60b0 chain_id=1 from_address=0xfea6645D31443cF7Cf96eF1dB7823EB9365f98bf}: cortex::pipeline: nonce reserved elapsed_ms=455 nonce=30
2026-04-05T14:34:58.179118Z  INFO ThreadId(05) pipeline{execution_id=72394633-291c-4ed9-bf6d-48e412539456 chain_id=137 from_address=0xCFA80F1f22b0AD533F7d8e2CcC0A783aa4BCaFF3}: cortex::pipeline: transaction signed elapsed_ms=455
2026-04-05T14:34:58.179383Z  INFO ThreadId(05) pipeline{execution_id=1fbdeb63-b9a5-4514-87d2-bb51d1ce31e9 chain_id=1 from_address=0xfea6645D31443cF7Cf96eF1dB7823EB9365f98bf}: cortex::pipeline: nonce reserved elapsed_ms=456 nonce=31
2026-04-05T14:34:58.179642Z  INFO ThreadId(18) pipeline{execution_id=beec67a6-525a-413e-8800-e83f39bb60b0 chain_id=1 from_address=0xfea6645D31443cF7Cf96eF1dB7823EB9365f98bf}: cortex::pipeline: transaction signed elapsed_ms=456
2026-04-05T14:34:58.180217Z  INFO ThreadId(06) pipeline{execution_id=1fbdeb63-b9a5-4514-87d2-bb51d1ce31e9 chain_id=1 from_address=0xfea6645D31443cF7Cf96eF1dB7823EB9365f98bf}: cortex::pipeline: transaction signed elapsed_ms=457
2026-04-05T14:34:58.220852Z  INFO ThreadId(18) pipeline{execution_id=b2c12086-fdba-41d9-9a2e-db6202b5fdbb chain_id=42161 from_address=0x8b172F820629b14cEAF859A6e159d1BcD3291Fe1}: cortex::pipeline: transaction broadcasted: elapsed_ms=544 tx_hash=0xcfae4de5d48dc6a7bb47da5adb25f26c24bebd5571ddf44e348ace4bab644713
2026-04-05T14:34:58.221794Z  INFO ThreadId(06) pipeline{execution_id=f949fa0c-5a9e-457e-af23-28a18c743398 chain_id=137 from_address=0x8b172F820629b14cEAF859A6e159d1BcD3291Fe1}: cortex::pipeline: transaction broadcasted: elapsed_ms=519 tx_hash=0x7ba5ba8a511b2176738de6b1cdb2b0840cebaeb225f3fc83af6d981b5158701c
2026-04-05T14:34:58.222854Z  INFO ThreadId(06) pipeline{execution_id=1464e45e-b6ad-45fa-9b68-d83f2f89ea3c chain_id=137 from_address=0xCFA80F1f22b0AD533F7d8e2CcC0A783aa4BCaFF3}: cortex::pipeline: transaction broadcasted: elapsed_ms=520 tx_hash=0xf92895e3498c4fcf9dac6e6b7085122425559f0d085f1c7086670d5c8a8f78fd
2026-04-05T14:34:58.224245Z  INFO ThreadId(06) pipeline{execution_id=c5974ba3-c051-4223-a67e-bbe8c9bc01c9 chain_id=137 from_address=0x2EAC739a1e05F4a05a5B8fD93D332c4353E5A7cD}: cortex::pipeline: transaction broadcasted: elapsed_ms=521 tx_hash=0xe4b705369868bb4bafc5cef51da59570ba633f81bd35e0b1abbf25e78707cea3
2026-04-05T14:34:58.225537Z  INFO ThreadId(06) pipeline{execution_id=99ba0ddd-962f-490e-8df7-d17da613d8f8 chain_id=137 from_address=0x8AfE43fF49EBd5c4B8Cd1497ee77b437dd1711fc}: cortex::pipeline: transaction broadcasted: elapsed_ms=522 tx_hash=0xde8085ecbcc3daf572bebb1530f0706f708fbfac33fe5ff731f45335f91407b7
2026-04-05T14:34:58.226682Z  INFO ThreadId(06) pipeline{execution_id=480d1a5c-4181-474c-af4b-354f8665f593 chain_id=137 from_address=0xfea6645D31443cF7Cf96eF1dB7823EB9365f98bf}: cortex::pipeline: transaction broadcasted: elapsed_ms=523 tx_hash=0xa40ea1193dcf0867e26465d912876615f361a79237ad3c09bfdc610b1bee71ef
2026-04-05T14:34:58.227862Z  INFO ThreadId(18) pipeline{execution_id=f270d7f3-19c4-49fa-b821-7c398d598259 chain_id=137 from_address=0xfea6645D31443cF7Cf96eF1dB7823EB9365f98bf}: cortex::pipeline: transaction broadcasted: elapsed_ms=524 tx_hash=0xcc10bd295ed16fbe30b4172c8e40c4814f2c7713d2ee07ed309bcfe119828764
2026-04-05T14:34:58.229244Z  INFO ThreadId(09) pipeline{execution_id=2136ad7e-2b78-4b2c-90a1-ce86d05e7a67 chain_id=137 from_address=0x2EAC739a1e05F4a05a5B8fD93D332c4353E5A7cD}: cortex::pipeline: transaction broadcasted: elapsed_ms=526 tx_hash=0xebf5fa1e74300f3051e7a5d30faad129a5901fb41a7e479c2ffb726e16f92d85
2026-04-05T14:34:58.230198Z  INFO ThreadId(09) pipeline{execution_id=ce52e28d-5fcf-4cde-807a-6a00a7efb262 chain_id=137 from_address=0xCFA80F1f22b0AD533F7d8e2CcC0A783aa4BCaFF3}: cortex::pipeline: transaction broadcasted: elapsed_ms=527 tx_hash=0x9867923ee553db7a8c12f96045ab39148f980c0e256f84ac9e3142134edd27b1
2026-04-05T14:34:58.231230Z  INFO ThreadId(09) pipeline{execution_id=55e326fe-4c84-44df-897c-ecc0316ce038 chain_id=137 from_address=0xfea6645D31443cF7Cf96eF1dB7823EB9365f98bf}: cortex::pipeline: transaction broadcasted: elapsed_ms=528 tx_hash=0xc0cdefdabcec7afa305a76391be0cc1cae9605a68b859560cd6aa2c61c2aca59
2026-04-05T14:34:58.232387Z  INFO ThreadId(09) pipeline{execution_id=56864c79-0395-40ff-9756-d7a5519dd7b0 chain_id=137 from_address=0xCFA80F1f22b0AD533F7d8e2CcC0A783aa4BCaFF3}: cortex::pipeline: transaction broadcasted: elapsed_ms=527 tx_hash=0x8ffbf497d3d8fb60adbfe4495d6776243323df310e942c029fa662c5ce561c51
2026-04-05T14:34:58.233353Z  INFO ThreadId(09) pipeline{execution_id=3a2db5ca-fd67-4837-b25a-e25557d3180d chain_id=137 from_address=0x2EAC739a1e05F4a05a5B8fD93D332c4353E5A7cD}: cortex::pipeline: transaction broadcasted: elapsed_ms=528 tx_hash=0xff80fa7b956517c564bbdf0911d51991b4e79ea972f79a68491b5d1d6eca3a44
2026-04-05T14:34:58.234685Z  INFO ThreadId(09) pipeline{execution_id=4359ae7e-5c9d-4cd2-a9c1-65af4a122303 chain_id=137 from_address=0x2EAC739a1e05F4a05a5B8fD93D332c4353E5A7cD}: cortex::pipeline: transaction broadcasted: elapsed_ms=529 tx_hash=0x83a9859df3d32bb0eab1e1aafff15d9f90503ad971a682cbff3d6d117265a831
2026-04-05T14:34:58.235724Z  INFO ThreadId(06) pipeline{execution_id=23883318-6a36-417d-8612-73e617d43b6d chain_id=137 from_address=0x8AfE43fF49EBd5c4B8Cd1497ee77b437dd1711fc}: cortex::pipeline: transaction broadcasted: elapsed_ms=530 tx_hash=0x476436655c2a43b451716a6d379c0c04fcbc22f16640bc432c4fb572c387e6c8
2026-04-05T14:34:58.236596Z  INFO ThreadId(18) pipeline{execution_id=67f0d0ad-7444-4283-b4e9-24b472647d23 chain_id=137 from_address=0x2EAC739a1e05F4a05a5B8fD93D332c4353E5A7cD}: cortex::pipeline: transaction broadcasted: elapsed_ms=534 tx_hash=0x3bd7784347b5f3a79d597a2148ab86ec21c11b97701c5bb6e2485d834288643b
2026-04-05T14:34:58.237601Z  INFO ThreadId(09) pipeline{execution_id=ce285697-3fd4-4d65-b750-811f02014255 chain_id=137 from_address=0x8AfE43fF49EBd5c4B8Cd1497ee77b437dd1711fc}: cortex::pipeline: transaction broadcasted: elapsed_ms=517 tx_hash=0xb6979db7474d950e3e94007c71dcc0d5390df36620d1aec68ff9f241acd65784
2026-04-05T14:34:58.238879Z  INFO ThreadId(09) pipeline{execution_id=3894f87f-f686-471f-98c2-aa6082f5d06e chain_id=137 from_address=0x2EAC739a1e05F4a05a5B8fD93D332c4353E5A7cD}: cortex::pipeline: transaction broadcasted: elapsed_ms=518 tx_hash=0x6f40eb69ce8d99ee797bffb4284c904e5ea5d34998f1a7ce9d8f25fe0701e735
2026-04-05T14:34:58.240110Z  INFO ThreadId(09) pipeline{execution_id=a54a0d9f-86c7-4c62-8e2e-024594888e0b chain_id=137 from_address=0xfea6645D31443cF7Cf96eF1dB7823EB9365f98bf}: cortex::pipeline: transaction broadcasted: elapsed_ms=519 tx_hash=0x773a200f9b22d5dd44315c076aaaa1a2b5822a679e36c05d891902b05b473c63
2026-04-05T14:34:58.241216Z  INFO ThreadId(06) pipeline{execution_id=5c575255-d9b2-4407-b104-334c6ee1c5dd chain_id=137 from_address=0x2EAC739a1e05F4a05a5B8fD93D332c4353E5A7cD}: cortex::pipeline: transaction broadcasted: elapsed_ms=520 tx_hash=0xa3e6e088081fe6087a9ff47ee1fe2da16274ddfc08803b6ca5bd65b13125d9a6
2026-04-05T14:34:58.242390Z  INFO ThreadId(18) pipeline{execution_id=77482b54-d303-4cef-ab19-c1e32c8d435b chain_id=137 from_address=0x2EAC739a1e05F4a05a5B8fD93D332c4353E5A7cD}: cortex::pipeline: transaction broadcasted: elapsed_ms=521 tx_hash=0x944cfc704e573ae9be77395ffcf2da3d78ceaea202925e40c36f2c982343fcff
2026-04-05T14:34:58.243665Z  INFO ThreadId(09) pipeline{execution_id=accb85a0-01ce-4cc3-ac98-4cc167effdaf chain_id=137 from_address=0xfea6645D31443cF7Cf96eF1dB7823EB9365f98bf}: cortex::pipeline: transaction broadcasted: elapsed_ms=522 tx_hash=0xf4dc4ca07c5dd5473064e04506a858939f45d173d4dbcdde0c12ad9b78fb2006
2026-04-05T14:34:58.244846Z  INFO ThreadId(06) pipeline{execution_id=6d80f28b-7f71-4a1b-bc2d-412fc0e37b13 chain_id=137 from_address=0x8AfE43fF49EBd5c4B8Cd1497ee77b437dd1711fc}: cortex::pipeline: transaction broadcasted: elapsed_ms=524 tx_hash=0xe6c64ccf097420068db9394dd14dea44d50c2965c3ee34b6007c23820ace963a
2026-04-05T14:34:58.246120Z  INFO ThreadId(18) pipeline{execution_id=cb6675df-e8f8-4902-b543-44d56e0eca85 chain_id=137 from_address=0xfea6645D31443cF7Cf96eF1dB7823EB9365f98bf}: cortex::pipeline: transaction broadcasted: elapsed_ms=525 tx_hash=0xba591ba74497a1b5d59082a2551c98f39a8b0cb0f9eb5411a67a6c7d6e539eed
2026-04-05T14:34:58.247368Z  INFO ThreadId(09) pipeline{execution_id=695c7cb9-576a-48c9-aeb6-5e87b053ec7a chain_id=137 from_address=0x2EAC739a1e05F4a05a5B8fD93D332c4353E5A7cD}: cortex::pipeline: transaction broadcasted: elapsed_ms=526 tx_hash=0x685496277ebb5d4a7e1853f92dc72a9d7973ccdf7279cec2192aa50544223bd2
2026-04-05T14:34:58.248382Z  INFO ThreadId(06) pipeline{execution_id=667f5175-8e3f-4571-8ffa-2db36c0e04f0 chain_id=137 from_address=0x8AfE43fF49EBd5c4B8Cd1497ee77b437dd1711fc}: cortex::pipeline: transaction broadcasted: elapsed_ms=527 tx_hash=0x017634f52742154946e1e89dab073e473c5a701e7d352099358b0fbbb206f17c
2026-04-05T14:34:58.249580Z  INFO ThreadId(09) pipeline{execution_id=42f57cc0-381b-4f73-94b1-3bc31b62614a chain_id=137 from_address=0xCFA80F1f22b0AD533F7d8e2CcC0A783aa4BCaFF3}: cortex::pipeline: transaction broadcasted: elapsed_ms=528 tx_hash=0xcde37e06b9490f74cc16a0ad45dc2593345fcc75bd28b78eadbff97bc672184f
2026-04-05T14:34:58.250669Z  INFO ThreadId(09) pipeline{execution_id=331b3be0-7739-4115-9fb1-6237d4f92528 chain_id=137 from_address=0xCFA80F1f22b0AD533F7d8e2CcC0A783aa4BCaFF3}: cortex::pipeline: transaction broadcasted: elapsed_ms=529 tx_hash=0x6ad5cb06bf03083fb1d04395aa7add3f3ade372ecf606c578a7bbc8c8f05e01d
2026-04-05T14:34:58.251576Z  INFO ThreadId(09) pipeline{execution_id=4fd9200f-d9e6-48d8-8197-4cbaba1dc3cb chain_id=137 from_address=0xCFA80F1f22b0AD533F7d8e2CcC0A783aa4BCaFF3}: cortex::pipeline: transaction broadcasted: elapsed_ms=530 tx_hash=0x4c21272addb99a2a6296c7dab7783f0b045473f76f713809be68e4ba224eacbf
2026-04-05T14:34:58.252429Z  INFO ThreadId(18) pipeline{execution_id=2aae21b7-abf4-474b-8380-a42b233f5891 chain_id=137 from_address=0xCFA80F1f22b0AD533F7d8e2CcC0A783aa4BCaFF3}: cortex::pipeline: transaction broadcasted: elapsed_ms=531 tx_hash=0x9b54d5db7dfaeda1741b8495c89c1d3ca4552698764cd602458e58d5d10d9a9c
2026-04-05T14:34:58.253698Z  INFO ThreadId(09) pipeline{execution_id=d415afd5-1f4a-45d3-bf15-2f7ebc789fbc chain_id=137 from_address=0xfea6645D31443cF7Cf96eF1dB7823EB9365f98bf}: cortex::pipeline: transaction broadcasted: elapsed_ms=532 tx_hash=0xc1b37c2a13b6713ffa58b6ef6f3169aa2a67efc6dd0320c304bdfb4556e99273
2026-04-05T14:34:58.254670Z  INFO ThreadId(09) pipeline{execution_id=d2321373-f877-4211-8197-2ed152594472 chain_id=137 from_address=0xCFA80F1f22b0AD533F7d8e2CcC0A783aa4BCaFF3}: cortex::pipeline: transaction broadcasted: elapsed_ms=533 tx_hash=0x75b6b2f5be893295669652a3687db625a8270a3416a5009fa086dbc2eb63d0ee
2026-04-05T14:34:58.256029Z  INFO ThreadId(09) pipeline{execution_id=4908762a-ea35-44b0-96ca-e9445fdfb1f4 chain_id=137 from_address=0x8AfE43fF49EBd5c4B8Cd1497ee77b437dd1711fc}: cortex::pipeline: transaction broadcasted: elapsed_ms=534 tx_hash=0x9dbf073d665156bd8bc9864b9ee78391cbab4fde56517b77f0a03b12c7317baf
2026-04-05T14:34:58.257118Z  INFO ThreadId(18) pipeline{execution_id=7122a995-18b1-44cf-a7af-5a3e46ca778a chain_id=137 from_address=0x8AfE43fF49EBd5c4B8Cd1497ee77b437dd1711fc}: cortex::pipeline: transaction broadcasted: elapsed_ms=535 tx_hash=0xbf5d56c7ee78db7dadb270e028f94cf51d02bd6a1c6eafd664ce63595ec6b6a8
2026-04-05T14:34:58.258360Z  INFO ThreadId(09) pipeline{execution_id=0091899c-8631-422c-bd1c-d3a26a77c8c7 chain_id=137 from_address=0xCFA80F1f22b0AD533F7d8e2CcC0A783aa4BCaFF3}: cortex::pipeline: transaction broadcasted: elapsed_ms=536 tx_hash=0x7afe5fda3be0aae6f0423d088f5e25d6bfe3f7dfa070e29349d3e31e0e2c2ac6
2026-04-05T14:34:58.259670Z  INFO ThreadId(18) pipeline{execution_id=4dc3d410-d133-47c0-aa0f-28b0822ff61b chain_id=137 from_address=0x8b172F820629b14cEAF859A6e159d1BcD3291Fe1}: cortex::pipeline: transaction broadcasted: elapsed_ms=538 tx_hash=0x702d248cd60f979dce87712d46053ad55cca5d945825e13e65883ebc50725cd0
2026-04-05T14:34:58.260609Z  INFO ThreadId(09) pipeline{execution_id=b68c46fa-ede2-4982-822d-3b84636dc9f9 chain_id=137 from_address=0x8b172F820629b14cEAF859A6e159d1BcD3291Fe1}: cortex::pipeline: transaction broadcasted: elapsed_ms=539 tx_hash=0x6e618ac9d450d0e24df3bb2c181fc25643a235d30772fc6b8aaf75521ba1cc68
2026-04-05T14:34:58.262000Z  INFO ThreadId(09) pipeline{execution_id=5cff7a63-54e0-4a77-a07d-9daf66950789 chain_id=137 from_address=0xfea6645D31443cF7Cf96eF1dB7823EB9365f98bf}: cortex::pipeline: transaction broadcasted: elapsed_ms=540 tx_hash=0x2b6c391ebd926ba459440ed1b6a12b2045931c944113a808e9b866def28a6350
2026-04-05T14:34:58.263302Z  INFO ThreadId(18) pipeline{execution_id=832db3e7-1304-4efd-908e-47866a7293a2 chain_id=137 from_address=0x8AfE43fF49EBd5c4B8Cd1497ee77b437dd1711fc}: cortex::pipeline: transaction broadcasted: elapsed_ms=541 tx_hash=0xf27d6c57c49938e854766d8c16ac8e077e8d23c9130746e8835bd52044649828
2026-04-05T14:34:58.264432Z  INFO ThreadId(06) pipeline{execution_id=160ed42c-cd88-4fb0-9fd3-99aea523b5ba chain_id=137 from_address=0x8b172F820629b14cEAF859A6e159d1BcD3291Fe1}: cortex::pipeline: transaction broadcasted: elapsed_ms=542 tx_hash=0xf50795c7b6b5888225cc76d3962814f5cf48627ed79470273348fe6a0657bb80
2026-04-05T14:34:58.265733Z  INFO ThreadId(09) pipeline{execution_id=65b499a2-0025-4c16-b7ce-f8fef784d913 chain_id=137 from_address=0x8AfE43fF49EBd5c4B8Cd1497ee77b437dd1711fc}: cortex::pipeline: transaction broadcasted: elapsed_ms=543 tx_hash=0x06e1c343edde6c900486a5fecff6703ad10c3437598f4ca4299a8aa60384fbe3
2026-04-05T14:34:58.266720Z  INFO ThreadId(09) pipeline{execution_id=dc961968-ae82-4802-81d3-8da212eeed64 chain_id=137 from_address=0xfea6645D31443cF7Cf96eF1dB7823EB9365f98bf}: cortex::pipeline: transaction broadcasted: elapsed_ms=544 tx_hash=0x8a846aca102f373c307ff62a5fe9e2211d41fadf382e20ff5001305db576c492
2026-04-05T14:34:58.267782Z  INFO ThreadId(09) pipeline{execution_id=73e88fd0-c41d-4e6f-ada8-3803c59655e5 chain_id=137 from_address=0x2EAC739a1e05F4a05a5B8fD93D332c4353E5A7cD}: cortex::pipeline: transaction broadcasted: elapsed_ms=545 tx_hash=0x26950389ed10c26b96337336b6ba4a9757e4cdc8fbcee24475714e62211bf342
2026-04-05T14:34:58.269062Z  INFO ThreadId(09) pipeline{execution_id=01e0be84-79f0-466c-bffd-b719ea8bd8fb chain_id=137 from_address=0x8AfE43fF49EBd5c4B8Cd1497ee77b437dd1711fc}: cortex::pipeline: transaction broadcasted: elapsed_ms=547 tx_hash=0xf6faaa5cbace496bbabc3cd3ac07aa1bf62d5b213bbd43ec89056a897fcc1d64
2026-04-05T14:34:58.270235Z  INFO ThreadId(09) pipeline{execution_id=c9654dfc-b1f5-4ad8-a7aa-3f39bb7c146d chain_id=137 from_address=0xCFA80F1f22b0AD533F7d8e2CcC0A783aa4BCaFF3}: cortex::pipeline: transaction broadcasted: elapsed_ms=548 tx_hash=0x3543848826ddc0b7638b370cdd92f168015585edf2036e251071c68c01f22978
2026-04-05T14:34:58.271255Z  INFO ThreadId(09) pipeline{execution_id=6f0a8582-1e07-4105-a628-589d3e3217d3 chain_id=137 from_address=0x8AfE43fF49EBd5c4B8Cd1497ee77b437dd1711fc}: cortex::pipeline: transaction broadcasted: elapsed_ms=549 tx_hash=0x8f5c5c8201fb32aaff9302a897c0657a38379439a6e947a99e10076a619b81e6
2026-04-05T14:34:58.272250Z  INFO ThreadId(09) pipeline{execution_id=8cd799a2-f222-4d83-b442-419b3a63da96 chain_id=137 from_address=0x2EAC739a1e05F4a05a5B8fD93D332c4353E5A7cD}: cortex::pipeline: transaction broadcasted: elapsed_ms=549 tx_hash=0x2538957871c34e193888d8318437a953350efd9489ab2e1df1e41829e7912661
2026-04-05T14:34:58.273266Z  INFO ThreadId(18) pipeline{execution_id=0f5a7ccf-f194-4917-a32d-5109793acb43 chain_id=137 from_address=0x8AfE43fF49EBd5c4B8Cd1497ee77b437dd1711fc}: cortex::pipeline: transaction broadcasted: elapsed_ms=550 tx_hash=0xef546622b58bce52fefb6e2759b6b1bf2a359e6f31c37a6fe152242a1da37c3f
2026-04-05T14:34:58.274283Z  INFO ThreadId(18) pipeline{execution_id=129a6162-c51f-46e9-882e-9a76b8f6b713 chain_id=137 from_address=0x2EAC739a1e05F4a05a5B8fD93D332c4353E5A7cD}: cortex::pipeline: transaction broadcasted: elapsed_ms=551 tx_hash=0x515c140a7d7868d5062e4e412f96110ba9bbee217bbbd86a84a56386b0109a79
2026-04-05T14:34:58.275743Z  INFO ThreadId(18) pipeline{execution_id=65d8d86e-27da-47c4-8377-12fff13bda51 chain_id=137 from_address=0x2EAC739a1e05F4a05a5B8fD93D332c4353E5A7cD}: cortex::pipeline: transaction broadcasted: elapsed_ms=553 tx_hash=0xc40e5e1d26c37294ff94eea6e9482902a525ab41ce1107f15df199e75374b96c
2026-04-05T14:34:58.276741Z  INFO ThreadId(18) pipeline{execution_id=69352a8d-03a9-488c-b9ae-c5181a769635 chain_id=137 from_address=0x8AfE43fF49EBd5c4B8Cd1497ee77b437dd1711fc}: cortex::pipeline: transaction broadcasted: elapsed_ms=554 tx_hash=0xf0d80a36a319e49ca766f6fd8e9a5367190a604b64d0fc6b7bb5a62c00327d54
2026-04-05T14:34:58.277745Z  INFO ThreadId(18) pipeline{execution_id=19e368be-7ef3-4609-91bd-e66ce80d013b chain_id=137 from_address=0x2EAC739a1e05F4a05a5B8fD93D332c4353E5A7cD}: cortex::pipeline: transaction broadcasted: elapsed_ms=555 tx_hash=0xc01cf112977ed3dd001265cd8c46db62ed89ccf1d24f88cc5c898e58234a0893
2026-04-05T14:34:58.279042Z  INFO ThreadId(06) pipeline{execution_id=81dcc4c9-b6f5-4091-8fe9-1773baedac42 chain_id=137 from_address=0xfea6645D31443cF7Cf96eF1dB7823EB9365f98bf}: cortex::pipeline: transaction broadcasted: elapsed_ms=556 tx_hash=0xec8afc9ee2a89ac17dd4bd1dd22fc6bd2dcd41ddfa57f6fd74e44eb9c695e43a
2026-04-05T14:34:58.280201Z  INFO ThreadId(06) pipeline{execution_id=1c61cee0-1f55-44ea-9fa2-bda0ef70fc2d chain_id=137 from_address=0xfea6645D31443cF7Cf96eF1dB7823EB9365f98bf}: cortex::pipeline: transaction broadcasted: elapsed_ms=557 tx_hash=0x132af5739ce3c01a512464c0f3e3382f5e407babb07e91d6ad32ac3bab03332e
2026-04-05T14:34:58.281295Z  INFO ThreadId(06) pipeline{execution_id=6ba82b54-6f42-4ae9-8902-2b8bddf33b64 chain_id=137 from_address=0x8AfE43fF49EBd5c4B8Cd1497ee77b437dd1711fc}: cortex::pipeline: transaction broadcasted: elapsed_ms=558 tx_hash=0xede2829d0a9c9d30784318089c5fadb8b5ffd72cdc40dc3234c6d828ccb46d4d
2026-04-05T14:34:58.282716Z  INFO ThreadId(18) pipeline{execution_id=72394633-291c-4ed9-bf6d-48e412539456 chain_id=137 from_address=0xCFA80F1f22b0AD533F7d8e2CcC0A783aa4BCaFF3}: cortex::pipeline: transaction broadcasted: elapsed_ms=559 tx_hash=0xa0a985158264dbdf26aab1470f41652c7400d84a7b77de6c92b609061389a540
2026-04-05T14:34:58.431397Z  INFO ThreadId(06) pipeline{execution_id=41567d95-2cd9-4d45-a44b-29b357c7ac86 chain_id=1 from_address=0xCFA80F1f22b0AD533F7d8e2CcC0A783aa4BCaFF3}: cortex::pipeline: transaction broadcasted: elapsed_ms=730 tx_hash=0x129fc1a4dcadec6b7696da2e329383e74fa03401dd67dafbf9ccdcc7f3c4159e
2026-04-05T14:34:58.433004Z  INFO ThreadId(06) pipeline{execution_id=022abd4a-3bd2-44bd-9609-cd2efa43e520 chain_id=1 from_address=0x2EAC739a1e05F4a05a5B8fD93D332c4353E5A7cD}: cortex::pipeline: transaction broadcasted: elapsed_ms=731 tx_hash=0x5d5558a05f57eff6000f34f893fc25dac15d5e20821a1aab85d61c724eb3da9a
2026-04-05T14:34:58.433966Z  INFO ThreadId(18) pipeline{execution_id=7d8d2523-364e-4f05-99b4-ff211bd521f3 chain_id=1 from_address=0x2EAC739a1e05F4a05a5B8fD93D332c4353E5A7cD}: cortex::pipeline: transaction broadcasted: elapsed_ms=732 tx_hash=0x561211ceeb55e3cc98d3ef787cd7d219812bf094df3e037829844d4dab695921
2026-04-05T14:34:58.435083Z  INFO ThreadId(06) pipeline{execution_id=0e03c340-f2de-41cc-839e-d5e296f9048a chain_id=1 from_address=0x8AfE43fF49EBd5c4B8Cd1497ee77b437dd1711fc}: cortex::pipeline: transaction broadcasted: elapsed_ms=733 tx_hash=0x179740884f06ff5131be0914fb8059004e4e662ec9f30373a1e87b37160dfb06
2026-04-05T14:34:58.435902Z  INFO ThreadId(09) pipeline{execution_id=9ff4b3e8-be40-410d-997d-238a85485ac8 chain_id=1 from_address=0x8AfE43fF49EBd5c4B8Cd1497ee77b437dd1711fc}: cortex::pipeline: transaction broadcasted: elapsed_ms=734 tx_hash=0xbb9672081d7234ff6bb87d24206c13d304a9f2fed9cadf698d438be1a068dc37
2026-04-05T14:34:58.437028Z  INFO ThreadId(09) pipeline{execution_id=82b7484c-269c-4a88-ba1d-d1634abd695b chain_id=1 from_address=0x8AfE43fF49EBd5c4B8Cd1497ee77b437dd1711fc}: cortex::pipeline: transaction broadcasted: elapsed_ms=735 tx_hash=0xcdc7b4d319f51f8b893b222ff1e50ab081ad2d896a602e245096a86d27b8521a
2026-04-05T14:34:58.437958Z  INFO ThreadId(06) pipeline{execution_id=176033d8-bdd5-4bb1-8cb7-a81a9dc27b54 chain_id=1 from_address=0x2EAC739a1e05F4a05a5B8fD93D332c4353E5A7cD}: cortex::pipeline: transaction broadcasted: elapsed_ms=736 tx_hash=0x7db955cf3eb3e0c69c0b12b7d5ec35ae86ec5581eba8ada73613af28c4afed55
2026-04-05T14:34:58.439345Z  INFO ThreadId(06) pipeline{execution_id=26a9b5f4-11a6-433c-ab55-2cbafb9bd367 chain_id=1 from_address=0x8b172F820629b14cEAF859A6e159d1BcD3291Fe1}: cortex::pipeline: transaction broadcasted: elapsed_ms=737 tx_hash=0x5862fca7a8c326ba00c09d7d6f66d1ced766a2350ca0b6df036b679528024776
2026-04-05T14:34:58.440492Z  INFO ThreadId(09) pipeline{execution_id=0e8c0047-ea85-4fe4-afed-6aa24f7897ac chain_id=1 from_address=0xfea6645D31443cF7Cf96eF1dB7823EB9365f98bf}: cortex::pipeline: transaction broadcasted: elapsed_ms=738 tx_hash=0xe994b69158ed15a7129d0bae99601663fe3e342efd9306260761930b417dcdd9
2026-04-05T14:34:58.441759Z  INFO ThreadId(09) pipeline{execution_id=109d205a-bee9-414c-a7de-b7b67423a7ed chain_id=1 from_address=0xCFA80F1f22b0AD533F7d8e2CcC0A783aa4BCaFF3}: cortex::pipeline: transaction broadcasted: elapsed_ms=739 tx_hash=0x8779db86a340b41d6132eaf8ec9f4f60764bd8bbad0aeea97880478060f0310e
2026-04-05T14:34:58.442991Z  INFO ThreadId(06) pipeline{execution_id=54f3c147-bde7-4cdf-94b3-5d6b064c53d0 chain_id=1 from_address=0x2EAC739a1e05F4a05a5B8fD93D332c4353E5A7cD}: cortex::pipeline: transaction broadcasted: elapsed_ms=740 tx_hash=0x12c5246ee94c8365dc40a400601188bb8d07342c1b4d38f216032b2660e5f517
2026-04-05T14:34:58.444083Z  INFO ThreadId(18) pipeline{execution_id=47c2cf45-7411-4a96-b8ab-c37cc69abf4a chain_id=1 from_address=0xfea6645D31443cF7Cf96eF1dB7823EB9365f98bf}: cortex::pipeline: transaction broadcasted: elapsed_ms=741 tx_hash=0x2f232c9f3b19cc1b310f6bcd36f4c30cc5dbca7974d7c560bfb996a541d6af99
2026-04-05T14:34:58.445068Z  INFO ThreadId(06) pipeline{execution_id=826f8ac1-c73e-42f1-8021-2f095a695f38 chain_id=1 from_address=0xfea6645D31443cF7Cf96eF1dB7823EB9365f98bf}: cortex::pipeline: transaction broadcasted: elapsed_ms=742 tx_hash=0xf91fbe50aa045b0f72f474f1bc79ca27e3aa34edc4f91c212f437f28c2b95bff
2026-04-05T14:34:58.445952Z  INFO ThreadId(06) pipeline{execution_id=57bcdf64-7e81-46cb-a2ce-5fd10f47b6bf chain_id=1 from_address=0x8b172F820629b14cEAF859A6e159d1BcD3291Fe1}: cortex::pipeline: transaction broadcasted: elapsed_ms=743 tx_hash=0x7fb7355318fbd17f02ddc9f5d17658cce25374bab58833df769d97d136337570
2026-04-05T14:34:58.447155Z  INFO ThreadId(09) pipeline{execution_id=2ae4dc92-3254-4b18-84e4-6b7d889ea880 chain_id=1 from_address=0x2EAC739a1e05F4a05a5B8fD93D332c4353E5A7cD}: cortex::pipeline: transaction broadcasted: elapsed_ms=744 tx_hash=0x23c9750525dbb61b8b535ba1d563f92dd3a660dc6e85b7397923c328aae86742
2026-04-05T14:34:58.448378Z  INFO ThreadId(06) pipeline{execution_id=7d6bcc89-7ec4-4d8e-b042-8894425b923d chain_id=1 from_address=0x8AfE43fF49EBd5c4B8Cd1497ee77b437dd1711fc}: cortex::pipeline: transaction broadcasted: elapsed_ms=745 tx_hash=0xee10e385f3a01157a2bdd2e6180398af3035de718528beed717f130fe824e918
2026-04-05T14:34:58.449718Z  INFO ThreadId(06) pipeline{execution_id=b3510c62-f047-48a2-ac87-189c347904a0 chain_id=1 from_address=0xfea6645D31443cF7Cf96eF1dB7823EB9365f98bf}: cortex::pipeline: transaction broadcasted: elapsed_ms=746 tx_hash=0x6a755d925638ec19ef54228eb41eec22fa130470e725df0b73e841c4e78c68ff
2026-04-05T14:34:58.451101Z  INFO ThreadId(18) pipeline{execution_id=d8cf2439-e50e-47e4-985d-a939a5b0ad45 chain_id=1 from_address=0x8AfE43fF49EBd5c4B8Cd1497ee77b437dd1711fc}: cortex::pipeline: transaction broadcasted: elapsed_ms=748 tx_hash=0xed5c1a3fef71ec8b6ed42a5cd286856bb094c3442bf8f97ad238c5b24afab0da
2026-04-05T14:34:58.452244Z  INFO ThreadId(18) pipeline{execution_id=74c8d672-f0b4-459b-b7ae-5a014fc43d93 chain_id=1 from_address=0xCFA80F1f22b0AD533F7d8e2CcC0A783aa4BCaFF3}: cortex::pipeline: transaction broadcasted: elapsed_ms=749 tx_hash=0x50584162a58d01b1c5680c3fff773e04a923c4ec9aa18a419aafdd24eea2d2d4
2026-04-05T14:34:58.453151Z  INFO ThreadId(18) pipeline{execution_id=a36eed8f-e6b3-4f33-825a-41364eb2520b chain_id=1 from_address=0x2EAC739a1e05F4a05a5B8fD93D332c4353E5A7cD}: cortex::pipeline: transaction broadcasted: elapsed_ms=750 tx_hash=0x75929fcf020a686eb0f2030880db676a93074ab1f6834cb4013eed3689ee7e8b
2026-04-05T14:34:58.454491Z  INFO ThreadId(09) pipeline{execution_id=8769c0ed-e05b-44f1-bfab-c0fc93cb227f chain_id=1 from_address=0xCFA80F1f22b0AD533F7d8e2CcC0A783aa4BCaFF3}: cortex::pipeline: transaction broadcasted: elapsed_ms=751 tx_hash=0xb42f7fd71c540241b9bc04d6c932846f084f5042172d4c7e4e8d01a1e714ddab
2026-04-05T14:34:58.455635Z  INFO ThreadId(18) pipeline{execution_id=41228874-545d-4d04-a3b8-14b1dab76e8a chain_id=1 from_address=0x2EAC739a1e05F4a05a5B8fD93D332c4353E5A7cD}: cortex::pipeline: transaction broadcasted: elapsed_ms=752 tx_hash=0x0c3cfb0fed8ec75155f1340f289957b3be7b9b56579b80476ce9d4dc91994dcc
2026-04-05T14:34:58.457002Z  INFO ThreadId(18) pipeline{execution_id=15034379-f674-4ea2-92fc-c78185be6b36 chain_id=1 from_address=0x2EAC739a1e05F4a05a5B8fD93D332c4353E5A7cD}: cortex::pipeline: transaction broadcasted: elapsed_ms=736 tx_hash=0x468a9e90e1df2f6e7c98eacc410a00c86ce13211971129fe0fa5ce8f06d2329e
2026-04-05T14:34:58.457998Z  INFO ThreadId(06) pipeline{execution_id=08fe1700-5060-44e7-b7de-552cc659f494 chain_id=1 from_address=0xfea6645D31443cF7Cf96eF1dB7823EB9365f98bf}: cortex::pipeline: transaction broadcasted: elapsed_ms=737 tx_hash=0x8d5b688da39ba85fdbd2d11ac9568e1de32720a64b5b6c9ef92675ad0cfdf4f8
2026-04-05T14:34:58.459043Z  INFO ThreadId(09) pipeline{execution_id=2f80cd87-4e64-4762-98ac-dbf5c16e73ca chain_id=1 from_address=0x2EAC739a1e05F4a05a5B8fD93D332c4353E5A7cD}: cortex::pipeline: transaction broadcasted: elapsed_ms=738 tx_hash=0x2bddb36d589390565677fe1b1ac42095b09ab218994dd5e70ce1310600e4b537
2026-04-05T14:34:58.460001Z  INFO ThreadId(06) pipeline{execution_id=75862d83-4f65-439e-8829-ad32055d0b61 chain_id=1 from_address=0xCFA80F1f22b0AD533F7d8e2CcC0A783aa4BCaFF3}: cortex::pipeline: transaction broadcasted: elapsed_ms=739 tx_hash=0x7f84da3617c98552384e1cbf7cac9e6c9dd39f4a8a012d7295ef2bed96a7b248
2026-04-05T14:34:58.460961Z  INFO ThreadId(06) pipeline{execution_id=4b498b1f-bcf5-41d3-a4e6-4d6127f8e68a chain_id=1 from_address=0xCFA80F1f22b0AD533F7d8e2CcC0A783aa4BCaFF3}: cortex::pipeline: transaction broadcasted: elapsed_ms=740 tx_hash=0x6cceda87f89fad93630fbcc4909cb5106ae779fa52c97d432edf88ddbc34c650
2026-04-05T14:34:58.461827Z  INFO ThreadId(06) pipeline{execution_id=eb0fa17d-127a-45a4-a5fa-07f49bd6f076 chain_id=1 from_address=0xCFA80F1f22b0AD533F7d8e2CcC0A783aa4BCaFF3}: cortex::pipeline: transaction broadcasted: elapsed_ms=740 tx_hash=0xcd1f296e36218a7779c7e5eb47b29a54842381cec988bf140d84ebaf33ed3c64
2026-04-05T14:34:58.462918Z  INFO ThreadId(06) pipeline{execution_id=b428cc32-9ab7-4dbb-bc50-f8ffd8b33d15 chain_id=1 from_address=0xfea6645D31443cF7Cf96eF1dB7823EB9365f98bf}: cortex::pipeline: transaction broadcasted: elapsed_ms=742 tx_hash=0xa5d35bf628950f31aec731c0565f1c08635ce805eb505aa74ab5d04fc6d30a34
2026-04-05T14:34:58.463989Z  INFO ThreadId(09) pipeline{execution_id=29cd1180-2bf0-4491-869b-bc6ba2527e5b chain_id=1 from_address=0xCFA80F1f22b0AD533F7d8e2CcC0A783aa4BCaFF3}: cortex::pipeline: transaction broadcasted: elapsed_ms=742 tx_hash=0x8f150241679c24f65668a121160bb8400f9c98f2709214556e1d3c7baf34ea72
2026-04-05T14:34:58.464880Z  INFO ThreadId(09) pipeline{execution_id=0a278dd8-bb1f-4c08-8dfb-e0551d4f540c chain_id=1 from_address=0x2EAC739a1e05F4a05a5B8fD93D332c4353E5A7cD}: cortex::pipeline: transaction broadcasted: elapsed_ms=743 tx_hash=0xddef6965957f63fa1c1d1e68380c06eb27593554147743213bea09dc4c3018b0
2026-04-05T14:34:58.466148Z  INFO ThreadId(09) pipeline{execution_id=51697497-9afb-4bed-8066-ce2a98bbae6b chain_id=1 from_address=0x8AfE43fF49EBd5c4B8Cd1497ee77b437dd1711fc}: cortex::pipeline: transaction broadcasted: elapsed_ms=744 tx_hash=0xb89fb94e2b6caf2dcb2332113417e4c390adc4c9e0793f452bcaff56d7a7fe7f
2026-04-05T14:34:58.467389Z  INFO ThreadId(09) pipeline{execution_id=972eba48-fdc0-44fc-b3fb-6e99a049657d chain_id=1 from_address=0xCFA80F1f22b0AD533F7d8e2CcC0A783aa4BCaFF3}: cortex::pipeline: transaction broadcasted: elapsed_ms=746 tx_hash=0xe8c6344b9d22600de2c0c9b9bc4147c23f752e3437b44bd4c7660ef36f093130
2026-04-05T14:34:58.468273Z  INFO ThreadId(18) pipeline{execution_id=bec3213c-5788-49dc-b25e-a5a968d43525 chain_id=1 from_address=0xCFA80F1f22b0AD533F7d8e2CcC0A783aa4BCaFF3}: cortex::pipeline: transaction broadcasted: elapsed_ms=747 tx_hash=0xe10b49c4e932cd766552403e845f5de3c78a9677ef242891de5a360107c45f42
2026-04-05T14:34:58.469253Z  INFO ThreadId(09) pipeline{execution_id=b15222ea-dd09-49d2-8c5a-f7562e0a662d chain_id=1 from_address=0x2EAC739a1e05F4a05a5B8fD93D332c4353E5A7cD}: cortex::pipeline: transaction broadcasted: elapsed_ms=748 tx_hash=0xcad2aed3e51a6bf1b7592b42f9e8eddfed1cef03e7fa5e405713c21fdb216bed
2026-04-05T14:34:58.470292Z  INFO ThreadId(09) pipeline{execution_id=409d45c8-72f9-4fbb-a0a1-72c453b34384 chain_id=1 from_address=0xCFA80F1f22b0AD533F7d8e2CcC0A783aa4BCaFF3}: cortex::pipeline: transaction broadcasted: elapsed_ms=749 tx_hash=0x8593771a022b7de36fbdb6376ecfab634b65d8222fcb142443bd3d5150d3e628
2026-04-05T14:34:58.471583Z  INFO ThreadId(09) pipeline{execution_id=3209efef-4e14-4a5e-ab67-015da9109311 chain_id=1 from_address=0xfea6645D31443cF7Cf96eF1dB7823EB9365f98bf}: cortex::pipeline: transaction broadcasted: elapsed_ms=750 tx_hash=0xdef5218616f9e61d18aacedf83a94e4ed3c389d07fc613d7057218c02c83ae11
2026-04-05T14:34:58.472635Z  INFO ThreadId(09) pipeline{execution_id=47628575-eb6d-40e6-a0bf-f6a9220ccc8f chain_id=1 from_address=0xCFA80F1f22b0AD533F7d8e2CcC0A783aa4BCaFF3}: cortex::pipeline: transaction broadcasted: elapsed_ms=751 tx_hash=0xdeda37164d46149d2c2e1c551c7598485ef3e6c8457f788c3a49b2137592ad4d
2026-04-05T14:34:58.473752Z  INFO ThreadId(09) pipeline{execution_id=26175ddc-003b-449c-bea7-395618259d46 chain_id=1 from_address=0x8b172F820629b14cEAF859A6e159d1BcD3291Fe1}: cortex::pipeline: transaction broadcasted: elapsed_ms=752 tx_hash=0x0ce18ceca761bc391353cc10a3379c11bec1cb359f2489aef96c4038a1203edc
2026-04-05T14:34:58.475019Z  INFO ThreadId(09) pipeline{execution_id=41a7fcad-f85b-41a5-9559-386dc65d0228 chain_id=1 from_address=0x2EAC739a1e05F4a05a5B8fD93D332c4353E5A7cD}: cortex::pipeline: transaction broadcasted: elapsed_ms=753 tx_hash=0x229f369c9ea96da1c3ff1c3d68eec699eacfc0832f25012ba46c4821d4124815
2026-04-05T14:34:58.475994Z  INFO ThreadId(18) pipeline{execution_id=48bfd117-5930-4ae0-9290-7b84a49d23f9 chain_id=1 from_address=0xfea6645D31443cF7Cf96eF1dB7823EB9365f98bf}: cortex::pipeline: transaction broadcasted: elapsed_ms=755 tx_hash=0xec6b5f0e705964ba2d2639a0f031cce08d1e7f8e98a37fdac5e6ce433e739c18
2026-04-05T14:34:58.476821Z  INFO ThreadId(09) pipeline{execution_id=0d1cc793-adb6-4ec2-a3fc-efe5779d7326 chain_id=1 from_address=0x8AfE43fF49EBd5c4B8Cd1497ee77b437dd1711fc}: cortex::pipeline: transaction broadcasted: elapsed_ms=754 tx_hash=0xeacfdbea529b1b2e5be3a600daad3ef91c93df631b425765024d8649509bc1f1
2026-04-05T14:34:58.478056Z  INFO ThreadId(06) pipeline{execution_id=34dc995f-1fd8-478c-ba6b-6ffe89e45de2 chain_id=1 from_address=0xfea6645D31443cF7Cf96eF1dB7823EB9365f98bf}: cortex::pipeline: transaction broadcasted: elapsed_ms=755 tx_hash=0x96b465e90312339bd5242ef97ef2d8c7d5528d672db1ce41fd9f7270566f85f1
2026-04-05T14:34:58.479183Z  INFO ThreadId(06) pipeline{execution_id=b6fd56c9-5c0d-4c6e-a659-ffcbe7961aff chain_id=1 from_address=0x8AfE43fF49EBd5c4B8Cd1497ee77b437dd1711fc}: cortex::pipeline: transaction broadcasted: elapsed_ms=756 tx_hash=0x2caac0a2075552e8f8f601f68e942618ce123e654a82a9aa53c93a984b1bf7ca
2026-04-05T14:34:58.480290Z  INFO ThreadId(09) pipeline{execution_id=6202e46d-c208-43dd-87c9-f55b2afb9ec8 chain_id=1 from_address=0x8b172F820629b14cEAF859A6e159d1BcD3291Fe1}: cortex::pipeline: transaction broadcasted: elapsed_ms=757 tx_hash=0xcc0985b9da2a8342f4f06ed1e195a98c4db87425541ab66fddf98f036636a131
2026-04-05T14:34:58.481301Z  INFO ThreadId(09) pipeline{execution_id=9a776693-8856-4dd6-8423-e693af90c962 chain_id=1 from_address=0x2EAC739a1e05F4a05a5B8fD93D332c4353E5A7cD}: cortex::pipeline: transaction broadcasted: elapsed_ms=758 tx_hash=0x333c2c8d7b8091ece2b625474a6ede1e31dcedd1a9b5b2114c885531a903f9a7
2026-04-05T14:34:58.482368Z  INFO ThreadId(18) pipeline{execution_id=ff0a2d75-1597-4e24-9620-ad81326fd8a1 chain_id=1 from_address=0x8AfE43fF49EBd5c4B8Cd1497ee77b437dd1711fc}: cortex::pipeline: transaction broadcasted: elapsed_ms=759 tx_hash=0x263eb08e50b39d58a9735425b53576de2fb60eea3278246492ca74791a8f81fb
2026-04-05T14:34:58.483704Z  INFO ThreadId(09) pipeline{execution_id=91984427-6a50-4d41-8d5e-401715bde02e chain_id=1 from_address=0xfea6645D31443cF7Cf96eF1dB7823EB9365f98bf}: cortex::pipeline: transaction broadcasted: elapsed_ms=761 tx_hash=0x6ddfad8329b48c001b6e21e10f23f1e09744941c0a360d20150b477a318794ad
2026-04-05T14:34:58.484925Z  INFO ThreadId(18) pipeline{execution_id=e8b81c23-4d19-4f0f-b442-a516e5f90ced chain_id=1 from_address=0xCFA80F1f22b0AD533F7d8e2CcC0A783aa4BCaFF3}: cortex::pipeline: transaction broadcasted: elapsed_ms=762 tx_hash=0x9afd85b958d61b36f8c4d18a68c8c8c90590dff2b2e81053e1b9aa28e4155846
2026-04-05T14:34:58.486057Z  INFO ThreadId(09) pipeline{execution_id=85220360-1959-4522-8509-af2fb5f90796 chain_id=1 from_address=0xCFA80F1f22b0AD533F7d8e2CcC0A783aa4BCaFF3}: cortex::pipeline: transaction broadcasted: elapsed_ms=763 tx_hash=0xac44a2373011f29a5ee07460e3e8be1c98d0d2e0f72aa494bb0de7a4d904e5b5
2026-04-05T14:34:58.487153Z  INFO ThreadId(18) pipeline{execution_id=5e4765e9-2468-424d-acee-5c153424d899 chain_id=1 from_address=0x8b172F820629b14cEAF859A6e159d1BcD3291Fe1}: cortex::pipeline: transaction broadcasted: elapsed_ms=764 tx_hash=0xa2ff8029a8ecffd84e94b10b8c7c8c943d17ece99d3f58f57c1077fb29c8dc49
2026-04-05T14:34:58.488187Z  INFO ThreadId(18) pipeline{execution_id=886b1494-79ec-48f8-86c3-ebbb436ebcce chain_id=1 from_address=0xfea6645D31443cF7Cf96eF1dB7823EB9365f98bf}: cortex::pipeline: transaction broadcasted: elapsed_ms=765 tx_hash=0x315f0b3d66fa25d0bc827067b6760359c4a68c49b6f34c12d42dbc200030c4bd
2026-04-05T14:34:58.489143Z  INFO ThreadId(18) pipeline{execution_id=ff0cafa3-089e-425f-b118-74ed98185420 chain_id=1 from_address=0x8AfE43fF49EBd5c4B8Cd1497ee77b437dd1711fc}: cortex::pipeline: transaction broadcasted: elapsed_ms=766 tx_hash=0xe8662645ea58a5d9aa06eb63d0400f38f130388f8cdf1f6c9887401f084e480a
2026-04-05T14:34:58.490172Z  INFO ThreadId(18) pipeline{execution_id=6d689104-d0af-49f7-a25c-148d0b0a4e8c chain_id=1 from_address=0x8b172F820629b14cEAF859A6e159d1BcD3291Fe1}: cortex::pipeline: transaction broadcasted: elapsed_ms=767 tx_hash=0x2a3a3eedb7a3b744c587c18d017d7c843e71c6f00d5c3309f2b887f79b740772
2026-04-05T14:34:58.491043Z  INFO ThreadId(18) pipeline{execution_id=471e7a1d-45f6-43e0-8991-774557aa823c chain_id=1 from_address=0x8b172F820629b14cEAF859A6e159d1BcD3291Fe1}: cortex::pipeline: transaction broadcasted: elapsed_ms=767 tx_hash=0xce8bf06a2e386864907173c9c9646b0ac62cc44120a774792be073b6151a8a48
2026-04-05T14:34:58.492183Z  INFO ThreadId(06) pipeline{execution_id=beec67a6-525a-413e-8800-e83f39bb60b0 chain_id=1 from_address=0xfea6645D31443cF7Cf96eF1dB7823EB9365f98bf}: cortex::pipeline: transaction broadcasted: elapsed_ms=769 tx_hash=0x4ef8d7aee8e92476f3bf14b6d18cfce756ee24cce8ffbcc50aafa2ea1952bae5
2026-04-05T14:34:58.493263Z  INFO ThreadId(06) pipeline{execution_id=1fbdeb63-b9a5-4514-87d2-bb51d1ce31e9 chain_id=1 from_address=0xfea6645D31443cF7Cf96eF1dB7823EB9365f98bf}: cortex::pipeline: transaction broadcasted: elapsed_ms=770 tx_hash=0x49443d1fc5eb38079648b784af4c4d4fb50c9a40059f3d3e9c4b839d274e7ad6
2026-04-05T14:34:58.645054Z  INFO ThreadId(18) pipeline{execution_id=8c309e3a-e3fd-453b-8498-3361a45c87c7 chain_id=42161 from_address=0x8AfE43fF49EBd5c4B8Cd1497ee77b437dd1711fc}: cortex::pipeline: transaction broadcasted: elapsed_ms=968 tx_hash=0x4523af8a9a8b9430e65bb505c6ed82d5d373e72436bbcf4947a8a2f1660f36f3
2026-04-05T14:34:58.854438Z  INFO ThreadId(14) pipeline{execution_id=fd386471-42e0-4d2f-a06e-ab0c4dc94c49 chain_id=42161 from_address=0xCFA80F1f22b0AD533F7d8e2CcC0A783aa4BCaFF3}: cortex::pipeline: transaction broadcasted: elapsed_ms=1177 tx_hash=0x79d69cdae89a7d99969dc204deffcc76638ddabc94f2f5664fcbe57d7f76c9a8
2026-04-05T14:34:58.855981Z  INFO ThreadId(14) pipeline{execution_id=de9f7ad3-d56d-48ee-88f5-9ce28b6cc4df chain_id=42161 from_address=0xCFA80F1f22b0AD533F7d8e2CcC0A783aa4BCaFF3}: cortex::pipeline: transaction broadcasted: elapsed_ms=1179 tx_hash=0x616fe8d638c553c7b4a750bfb5df2f4bd1e7a8d5eb3d79d3fb4535128da63077
2026-04-05T14:34:58.857438Z  INFO ThreadId(14) pipeline{execution_id=19c3f07a-70eb-4af7-bae7-30311e3d7077 chain_id=42161 from_address=0x8AfE43fF49EBd5c4B8Cd1497ee77b437dd1711fc}: cortex::pipeline: transaction broadcasted: elapsed_ms=1180 tx_hash=0x5bc78a5bb275a723cbac8cad732484aeeecf4d19aa0fd4596ed1c368a4860b64
2026-04-05T14:34:58.858315Z  INFO ThreadId(14) pipeline{execution_id=64e59c5b-ca22-45c3-b8c9-b0b79cafe246 chain_id=42161 from_address=0xCFA80F1f22b0AD533F7d8e2CcC0A783aa4BCaFF3}: cortex::pipeline: transaction broadcasted: elapsed_ms=1181 tx_hash=0x63b5c306bf2cdf774149542f101c0c63c520d22ab57323db25a6b62a93af2824
2026-04-05T14:34:58.859356Z  INFO ThreadId(14) pipeline{execution_id=d6ad9453-156a-4132-a2f2-691ddbf75302 chain_id=42161 from_address=0x8AfE43fF49EBd5c4B8Cd1497ee77b437dd1711fc}: cortex::pipeline: transaction broadcasted: elapsed_ms=1182 tx_hash=0x982f590f33243700808525238772424f1b511c9c261ebf438d47f0f87b4db424
2026-04-05T14:34:58.860549Z  INFO ThreadId(03) pipeline{execution_id=6bc967bb-7376-44d6-b2f2-9b520cff1a27 chain_id=42161 from_address=0x8b172F820629b14cEAF859A6e159d1BcD3291Fe1}: cortex::pipeline: transaction broadcasted: elapsed_ms=1183 tx_hash=0x5ca6f83ea1f3627d9023630fcb4e98691a05e49607f9bdfecc7bda12e174279f
2026-04-05T14:34:58.861836Z  INFO ThreadId(07) pipeline{execution_id=d318fe64-914e-4a32-8474-4c18c192d5de chain_id=42161 from_address=0xfea6645D31443cF7Cf96eF1dB7823EB9365f98bf}: cortex::pipeline: transaction broadcasted: elapsed_ms=1184 tx_hash=0x9e803ad90b0eda9f60bec8215553ee35f389c9f0eb2a7aff5c55efcf570c6e4f
2026-04-05T14:34:58.863023Z  INFO ThreadId(14) pipeline{execution_id=8c3f9e99-d8b4-449b-bcd0-48c9099de05d chain_id=42161 from_address=0xfea6645D31443cF7Cf96eF1dB7823EB9365f98bf}: cortex::pipeline: transaction broadcasted: elapsed_ms=1185 tx_hash=0xc70d45be160dde05ed2a40016e607d790490065c8c6654d4092581351fe4a355
2026-04-05T14:34:58.863981Z  INFO ThreadId(07) pipeline{execution_id=b3271309-f366-40cd-a77a-f3b34f31dfae chain_id=42161 from_address=0xfea6645D31443cF7Cf96eF1dB7823EB9365f98bf}: cortex::pipeline: transaction broadcasted: elapsed_ms=1186 tx_hash=0x844fe0fd914c44b9c103ca308549303dc7cca9bdd1d19a007e9934253cd70ebd
2026-04-05T14:34:58.864820Z  INFO ThreadId(07) pipeline{execution_id=5f87f67c-7a22-49f2-a20d-bf7f15b2654b chain_id=42161 from_address=0x2EAC739a1e05F4a05a5B8fD93D332c4353E5A7cD}: cortex::pipeline: transaction broadcasted: elapsed_ms=1187 tx_hash=0x8f7a32097e01e6375e55566b33e576025611e428a803b1db4638af9a318f506f
2026-04-05T14:34:58.866066Z  INFO ThreadId(07) pipeline{execution_id=091e59b4-d033-4346-81e9-77668e5cbfea chain_id=42161 from_address=0x8AfE43fF49EBd5c4B8Cd1497ee77b437dd1711fc}: cortex::pipeline: transaction broadcasted: elapsed_ms=1188 tx_hash=0x3a6e9e0066b6a8d19f91fcd1643d50b7d160aea75aaa95116bf00bb4e78aa44c
2026-04-05T14:34:58.867363Z  INFO ThreadId(07) pipeline{execution_id=1efabeb9-4809-4bab-b186-a750498c0046 chain_id=42161 from_address=0x8b172F820629b14cEAF859A6e159d1BcD3291Fe1}: cortex::pipeline: transaction broadcasted: elapsed_ms=1189 tx_hash=0xac66c2b2ebd52ecd27b863eae88180a564991bb19d19f7a7e2e8307dee5256ba
2026-04-05T14:34:58.868583Z  INFO ThreadId(07) pipeline{execution_id=098a8f58-dee4-46fd-9e02-0dd75286a38c chain_id=42161 from_address=0x2EAC739a1e05F4a05a5B8fD93D332c4353E5A7cD}: cortex::pipeline: transaction broadcasted: elapsed_ms=1191 tx_hash=0x3cf683897a71afabffb1d534154fc3f85e1090a3203d82cf9a2945a84b9c4b4b
2026-04-05T14:34:58.869566Z  INFO ThreadId(07) pipeline{execution_id=cd562bfc-078e-4b5f-a41f-abbc5e22f8ff chain_id=42161 from_address=0xfea6645D31443cF7Cf96eF1dB7823EB9365f98bf}: cortex::pipeline: transaction broadcasted: elapsed_ms=1191 tx_hash=0x1b8d2d089095e5b4c0bd731885b255c856444cedc8967341eaaef51982ea09e1
2026-04-05T14:34:58.870457Z  INFO ThreadId(03) pipeline{execution_id=8ec1a75f-5d8e-4c5b-95af-e4f85b570853 chain_id=42161 from_address=0x8b172F820629b14cEAF859A6e159d1BcD3291Fe1}: cortex::pipeline: transaction broadcasted: elapsed_ms=1192 tx_hash=0x873a590eb53e46e944a022f2dcebe38b2440776f5a2e86ab3aedfcf7aed7463c
2026-04-05T14:34:58.871578Z  INFO ThreadId(03) pipeline{execution_id=778c9503-cd0e-4be3-8e6d-7cde683759b8 chain_id=42161 from_address=0xfea6645D31443cF7Cf96eF1dB7823EB9365f98bf}: cortex::pipeline: transaction broadcasted: elapsed_ms=1193 tx_hash=0xecc74bad49d361a51b8510fed76c4f7bed68a43613f78452bbc7a6c60ed9784a
2026-04-05T14:34:58.872604Z  INFO ThreadId(07) pipeline{execution_id=ecfbd8a9-3144-4728-84c6-1ccf240d180f chain_id=42161 from_address=0xCFA80F1f22b0AD533F7d8e2CcC0A783aa4BCaFF3}: cortex::pipeline: transaction broadcasted: elapsed_ms=1194 tx_hash=0xf0259557910bf320f666965a86f49f9a146a1a8873a33fcc0fe20c9790fed965
2026-04-05T14:34:58.873597Z  INFO ThreadId(03) pipeline{execution_id=c5fdfdbc-1e78-4177-acfc-b7bd47a5e977 chain_id=42161 from_address=0xfea6645D31443cF7Cf96eF1dB7823EB9365f98bf}: cortex::pipeline: transaction broadcasted: elapsed_ms=1195 tx_hash=0xa4345af1584e85cc1d5bd8f7229f71a7ac33d1368adf217d5a1562ea599a2dda
2026-04-05T14:34:58.874551Z  INFO ThreadId(03) pipeline{execution_id=1a1dbb00-32fb-4ea2-9b04-1c959e77ea01 chain_id=42161 from_address=0x8AfE43fF49EBd5c4B8Cd1497ee77b437dd1711fc}: cortex::pipeline: transaction broadcasted: elapsed_ms=1196 tx_hash=0xe9a5ca32deb3d08e541179f3e3b3a6a8f12dced7ef737945b46aa32e8ee74d3f
2026-04-05T14:34:58.875629Z  INFO ThreadId(07) pipeline{execution_id=ed59899f-93ee-431e-91ad-d842d8ef1147 chain_id=42161 from_address=0x2EAC739a1e05F4a05a5B8fD93D332c4353E5A7cD}: cortex::pipeline: transaction broadcasted: elapsed_ms=1197 tx_hash=0x0b22c82ce12e330b94278ae2a5b9ffdcf434f4aedc7007db2ecb5f756c31ff1f
2026-04-05T14:34:58.876633Z  INFO ThreadId(07) pipeline{execution_id=3ab5eb21-dc61-4425-8328-b84341a10630 chain_id=42161 from_address=0x2EAC739a1e05F4a05a5B8fD93D332c4353E5A7cD}: cortex::pipeline: transaction broadcasted: elapsed_ms=1198 tx_hash=0x4f114cc6fe4c2b25844a0ceabd29296d2b83b1190dc11439b3af45355ce5dbec
2026-04-05T14:34:58.877810Z  INFO ThreadId(07) pipeline{execution_id=7adcd22a-5a6f-4b92-a146-3b38b60dd6fd chain_id=42161 from_address=0x2EAC739a1e05F4a05a5B8fD93D332c4353E5A7cD}: cortex::pipeline: transaction broadcasted: elapsed_ms=1199 tx_hash=0xabe2b8cca98a1b410c6fadaf5fb1e6466833535200391f5cb40cedbbcfc3ea4f
2026-04-05T14:34:58.878713Z  INFO ThreadId(07) pipeline{execution_id=54d9bc9f-31ae-4e18-9b16-01aa676b13ae chain_id=42161 from_address=0x2EAC739a1e05F4a05a5B8fD93D332c4353E5A7cD}: cortex::pipeline: transaction broadcasted: elapsed_ms=1200 tx_hash=0x9edbb461f8bcff815e1cb897d23cb0781e1b7f79f59a93033d60bd8a68b92084
2026-04-05T14:34:58.879851Z  INFO ThreadId(07) pipeline{execution_id=d1ad20eb-9ef2-4c5f-8097-d12b7086e671 chain_id=42161 from_address=0x8AfE43fF49EBd5c4B8Cd1497ee77b437dd1711fc}: cortex::pipeline: transaction broadcasted: elapsed_ms=1201 tx_hash=0x7506c4c0a23667e88197a23d039235522bd652f4822b5c6f3395454a259d4e30
2026-04-05T14:34:58.881226Z  INFO ThreadId(07) pipeline{execution_id=fb39accb-1843-4dd0-8fb9-bba17d7cdd72 chain_id=42161 from_address=0x2EAC739a1e05F4a05a5B8fD93D332c4353E5A7cD}: cortex::pipeline: transaction broadcasted: elapsed_ms=1202 tx_hash=0x32fae680c431397ae0c5b55eb3531bf6ebadb6252020389fc28a70ac4b0d7473
2026-04-05T14:34:58.882486Z  INFO ThreadId(07) pipeline{execution_id=5f5aa1ed-d85f-4533-88eb-270b218239c9 chain_id=42161 from_address=0xfea6645D31443cF7Cf96eF1dB7823EB9365f98bf}: cortex::pipeline: transaction broadcasted: elapsed_ms=1204 tx_hash=0x746ad58d5217f1065034fcc82ac5e8898220f1e53ef2978581db626ece1530d0
2026-04-05T14:34:58.883876Z  INFO ThreadId(07) pipeline{execution_id=809fd1f1-9bb7-4514-8cd8-ab202ed6e264 chain_id=42161 from_address=0x8b172F820629b14cEAF859A6e159d1BcD3291Fe1}: cortex::pipeline: transaction broadcasted: elapsed_ms=1205 tx_hash=0xa3dbca7b6bf7a4699e2fffb63b8a9cd9c656d826865b8c3ddd4d434fed316791
2026-04-05T14:34:58.885015Z  INFO ThreadId(07) pipeline{execution_id=1930b73f-c185-41cf-817e-c18ceed3690e chain_id=42161 from_address=0x8AfE43fF49EBd5c4B8Cd1497ee77b437dd1711fc}: cortex::pipeline: transaction broadcasted: elapsed_ms=1206 tx_hash=0xde7ec9f934ebaac89c55711e74e8310af12362d88341f822727c9be8408e4680
2026-04-05T14:34:58.885953Z  INFO ThreadId(07) pipeline{execution_id=58e645c8-7b2c-427d-9745-ba401135d004 chain_id=42161 from_address=0x8AfE43fF49EBd5c4B8Cd1497ee77b437dd1711fc}: cortex::pipeline: transaction broadcasted: elapsed_ms=1208 tx_hash=0x2ee3a266b0a6d52890badaf3e77a18f17fe8e38088ffeaf2e77d54925c1f92f9
2026-04-05T14:34:58.886834Z  INFO ThreadId(07) pipeline{execution_id=47ff4f10-a011-4c66-9da1-db9487af0615 chain_id=42161 from_address=0x8b172F820629b14cEAF859A6e159d1BcD3291Fe1}: cortex::pipeline: transaction broadcasted: elapsed_ms=1208 tx_hash=0xf213fbd2ced730dabea87bf3019a1748c66dc592f4a9d6190960337c7101440f
2026-04-05T14:34:58.887960Z  INFO ThreadId(03) pipeline{execution_id=159e3ff1-4b57-4ba1-a46a-c7469ad4e998 chain_id=42161 from_address=0xfea6645D31443cF7Cf96eF1dB7823EB9365f98bf}: cortex::pipeline: transaction broadcasted: elapsed_ms=1209 tx_hash=0x46904bbcec69f0a2ee4fa33a5e73f461eafd7c58bd7b8bff74aae6818fb135e1
2026-04-05T14:34:58.889302Z  INFO ThreadId(14) pipeline{execution_id=3aecead3-3c53-40ea-8b00-393f0d8c3be8 chain_id=42161 from_address=0x8b172F820629b14cEAF859A6e159d1BcD3291Fe1}: cortex::pipeline: transaction broadcasted: elapsed_ms=1211 tx_hash=0x0431e68978ca94a598ff841e55bbd3e56817eb5a231e0d06aa2facc2388930e1
2026-04-05T14:34:58.890586Z  INFO ThreadId(07) pipeline{execution_id=12e6372f-c384-4a7a-8957-682066654218 chain_id=42161 from_address=0x2EAC739a1e05F4a05a5B8fD93D332c4353E5A7cD}: cortex::pipeline: transaction broadcasted: elapsed_ms=1212 tx_hash=0x7327a447840bbce9106c19035d0585e344caef00ac537a381918c5ee173920f1
2026-04-05T14:34:58.891810Z  INFO ThreadId(07) pipeline{execution_id=2fb79264-99bb-402d-acaf-022d8ffed209 chain_id=42161 from_address=0xfea6645D31443cF7Cf96eF1dB7823EB9365f98bf}: cortex::pipeline: transaction broadcasted: elapsed_ms=1213 tx_hash=0xd489da4a7dc9d33bbe28fc63c5e8bd27e19924a420a7585484fec661405cefc6
2026-04-05T14:34:58.892764Z  INFO ThreadId(07) pipeline{execution_id=9b4f42f3-c848-4afa-bd4a-06503f310955 chain_id=42161 from_address=0x8AfE43fF49EBd5c4B8Cd1497ee77b437dd1711fc}: cortex::pipeline: transaction broadcasted: elapsed_ms=1213 tx_hash=0x1fb37b05cb6c23d33e8c52beb678ad27d319f14bfd0a33a0ba9e2dfcace64f71
2026-04-05T14:34:58.893699Z  INFO ThreadId(07) pipeline{execution_id=836e8ded-8d6b-4289-b98b-bb34ec51cc0c chain_id=42161 from_address=0xCFA80F1f22b0AD533F7d8e2CcC0A783aa4BCaFF3}: cortex::pipeline: transaction broadcasted: elapsed_ms=1214 tx_hash=0x3d85c61a31960900f1c2618ef94b1f26e7db7cfa6c9f407d40d640676f432c94
2026-04-05T14:34:58.894747Z  INFO ThreadId(07) pipeline{execution_id=09e62266-b8d6-49fc-bbaf-750539c64e5b chain_id=42161 from_address=0x2EAC739a1e05F4a05a5B8fD93D332c4353E5A7cD}: cortex::pipeline: transaction broadcasted: elapsed_ms=1215 tx_hash=0x5e83fcb80db00ea80ada0b98e3aa53dfb6c2d494266d0a3181e8817ff8ec6f18
2026-04-05T14:34:58.896128Z  INFO ThreadId(07) pipeline{execution_id=3ae51dcf-92de-4f8f-a322-ee05223d04fa chain_id=42161 from_address=0xCFA80F1f22b0AD533F7d8e2CcC0A783aa4BCaFF3}: cortex::pipeline: transaction broadcasted: elapsed_ms=1217 tx_hash=0x9b980c9690bdb6c3d92a2c881cc1867734d1b3ed882a900a7edc61f4baf1b047
2026-04-05T14:34:58.897338Z  INFO ThreadId(14) pipeline{execution_id=4a684cac-e9d5-4840-8e49-7c12df9d5b6e chain_id=42161 from_address=0x8b172F820629b14cEAF859A6e159d1BcD3291Fe1}: cortex::pipeline: transaction broadcasted: elapsed_ms=1218 tx_hash=0xc36612664671161c8aaf84f634b400da9649c92b5223f14362f60ca802de5b21
2026-04-05T14:34:58.898506Z  INFO ThreadId(07) pipeline{execution_id=0b865c4b-b370-41d2-ab68-6d05a9f52415 chain_id=42161 from_address=0x8AfE43fF49EBd5c4B8Cd1497ee77b437dd1711fc}: cortex::pipeline: transaction broadcasted: elapsed_ms=1219 tx_hash=0xba47397a288279a569c15b7cdc15928942cb109047bffadae07ff3824072d377
2026-04-05T14:34:58.899684Z  INFO ThreadId(07) pipeline{execution_id=9e50087c-74f2-488a-b58a-d31b9405d4f5 chain_id=42161 from_address=0x8AfE43fF49EBd5c4B8Cd1497ee77b437dd1711fc}: cortex::pipeline: transaction broadcasted: elapsed_ms=1220 tx_hash=0xeddc474b8ba364729c2be5fad9dd473ae6a7a7aadf16bb01ca164f360184e029
2026-04-05T14:34:58.900656Z  INFO ThreadId(07) pipeline{execution_id=48c6d3ad-9506-4a6a-91e4-7ae5cf1abd9c chain_id=42161 from_address=0x8AfE43fF49EBd5c4B8Cd1497ee77b437dd1711fc}: cortex::pipeline: transaction broadcasted: elapsed_ms=1221 tx_hash=0x79f45b7688ef2da80d9436f599dd6d087d9d07ed0f7b70ea30b12f115fa0fc50
2026-04-05T14:34:58.901867Z  INFO ThreadId(07) pipeline{execution_id=e7ae0de2-1a82-4ffd-b856-632621583135 chain_id=42161 from_address=0x8AfE43fF49EBd5c4B8Cd1497ee77b437dd1711fc}: cortex::pipeline: transaction broadcasted: elapsed_ms=1222 tx_hash=0x82d3a5e93ee9ae54f7a104054198036105b8345c8c327889bf4e384658bf0a72
2026-04-05T14:34:58.902973Z  INFO ThreadId(03) pipeline{execution_id=418e2ebc-0b26-4313-8a2b-d1b2427a7349 chain_id=42161 from_address=0x8b172F820629b14cEAF859A6e159d1BcD3291Fe1}: cortex::pipeline: transaction broadcasted: elapsed_ms=1223 tx_hash=0x2bbd08706ab15ea3549b8998e2a7e9b29b4b40a187fc400dc0bfb08216126943
2026-04-05T14:34:58.903952Z  INFO ThreadId(14) pipeline{execution_id=3c909b5c-a496-4023-9b50-3646bc47becd chain_id=42161 from_address=0x2EAC739a1e05F4a05a5B8fD93D332c4353E5A7cD}: cortex::pipeline: transaction broadcasted: elapsed_ms=1224 tx_hash=0x732e50f7c3d121cfff75eeb491feda194570448891c6820919ffb7b850ed3a1e
2026-04-05T14:34:58.905059Z  INFO ThreadId(14) pipeline{execution_id=45d44939-aad9-45d6-8526-a88540263511 chain_id=42161 from_address=0xfea6645D31443cF7Cf96eF1dB7823EB9365f98bf}: cortex::pipeline: transaction broadcasted: elapsed_ms=1224 tx_hash=0x2719e9b07d8d0af0833e3cd7329342fbbc0c67a31acccf339ef230e3aa69894a
2026-04-05T14:34:58.906083Z  INFO ThreadId(14) pipeline{execution_id=6f0a74a4-38d8-4727-bd79-cb020293e0d5 chain_id=42161 from_address=0x2EAC739a1e05F4a05a5B8fD93D332c4353E5A7cD}: cortex::pipeline: transaction broadcasted: elapsed_ms=1225 tx_hash=0x4e1c81374de1034ba390712125109e668e86394115b4967fb952dcabcb79ae55
2026-04-05T14:34:58.907057Z  INFO ThreadId(14) pipeline{execution_id=bdb9cb93-6ebd-4b22-9820-6c5676425c83 chain_id=42161 from_address=0xCFA80F1f22b0AD533F7d8e2CcC0A783aa4BCaFF3}: cortex::pipeline: transaction broadcasted: elapsed_ms=1226 tx_hash=0xb17bc8b6623f8977f880dc291e66fa0e5460a98e01ba56ef2815bda6608af011
2026-04-05T14:34:58.908368Z  INFO ThreadId(14) pipeline{execution_id=facd2814-034f-4b3d-9763-a16438478d08 chain_id=42161 from_address=0xCFA80F1f22b0AD533F7d8e2CcC0A783aa4BCaFF3}: cortex::pipeline: transaction broadcasted: elapsed_ms=1227 tx_hash=0xd6c8d2e944df73bcb6d6bb758e1c995d12fce5c4ac55e12ed50107de6a7d9514
2026-04-05T14:34:58.909524Z  INFO ThreadId(07) pipeline{execution_id=6863236f-11b5-44d6-b10e-60b11964b121 chain_id=42161 from_address=0xfea6645D31443cF7Cf96eF1dB7823EB9365f98bf}: cortex::pipeline: transaction broadcasted: elapsed_ms=1229 tx_hash=0x935497b281009341917afc168491c3407a7bff3e6c0c5a909a74bcf12ab54732
2026-04-05T14:34:58.910495Z  INFO ThreadId(03) pipeline{execution_id=797487b0-0d90-4831-bacd-637f1ed0b338 chain_id=42161 from_address=0xfea6645D31443cF7Cf96eF1dB7823EB9365f98bf}: cortex::pipeline: transaction broadcasted: elapsed_ms=1230 tx_hash=0x4ceeac3b7fb4e09fd4f3d059b3a50bc22745392a446bf9e9d90063171c8f19d6
2026-04-05T14:34:58.911381Z  INFO ThreadId(03) pipeline{execution_id=93daf78c-a023-4d8f-b79e-d94e9c8dd893 chain_id=42161 from_address=0x8AfE43fF49EBd5c4B8Cd1497ee77b437dd1711fc}: cortex::pipeline: transaction broadcasted: elapsed_ms=1231 tx_hash=0xdc9f3756054c8d85814a0b827632c990046f26d5ebb3cfb46f56f916eb1faa8a
2026-04-05T14:34:58.912438Z  INFO ThreadId(14) pipeline{execution_id=0e0d0061-4976-4bd1-8d5e-9a8c632f25ce chain_id=42161 from_address=0xCFA80F1f22b0AD533F7d8e2CcC0A783aa4BCaFF3}: cortex::pipeline: transaction broadcasted: elapsed_ms=1232 tx_hash=0x3924a06b5761e3ba5fa6b940484ef3e15db3d012f60558d74bf9c732daefdd2f
2026-04-05T14:34:58.913577Z  INFO ThreadId(03) pipeline{execution_id=7e3ead72-f0de-4ff9-a69f-abecf5162726 chain_id=42161 from_address=0x2EAC739a1e05F4a05a5B8fD93D332c4353E5A7cD}: cortex::pipeline: transaction broadcasted: elapsed_ms=1233 tx_hash=0x8c7003e51f75df9cc4b59091d9f7baad87a1da1a80cff67529d53ba8c6fd3dc2
2026-04-05T14:34:58.915017Z  INFO ThreadId(14) pipeline{execution_id=525d538b-d54e-4efe-967d-bf025d291fc1 chain_id=42161 from_address=0x8AfE43fF49EBd5c4B8Cd1497ee77b437dd1711fc}: cortex::pipeline: transaction broadcasted: elapsed_ms=1216 tx_hash=0xe8e136b63c566908fd634315ba1866e2fb1b129129087fc7c17af3d6af5053e8
2026-04-05T14:34:58.916445Z  INFO ThreadId(03) pipeline{execution_id=59cac1af-3a80-4614-b983-4f4225277534 chain_id=42161 from_address=0x2EAC739a1e05F4a05a5B8fD93D332c4353E5A7cD}: cortex::pipeline: transaction broadcasted: elapsed_ms=1217 tx_hash=0x851da4219ed5493c79bc00cb0046856f6d1adbccf2efb522b2b0619155562c6f
2026-04-05T14:34:58.917722Z  INFO ThreadId(14) pipeline{execution_id=d14a56c9-35c5-45df-abf3-a59d2c674975 chain_id=42161 from_address=0xCFA80F1f22b0AD533F7d8e2CcC0A783aa4BCaFF3}: cortex::pipeline: transaction broadcasted: elapsed_ms=1219 tx_hash=0x8e7b4e3a690d05ad34b21f35ca43663dc79ee1a5b8894f45d190e2e84e3aae55
2026-04-05T14:34:58.918957Z  INFO ThreadId(07) pipeline{execution_id=399fb190-ec64-40e9-aeb7-77ce34ee534d chain_id=42161 from_address=0x8b172F820629b14cEAF859A6e159d1BcD3291Fe1}: cortex::pipeline: transaction broadcasted: elapsed_ms=1220 tx_hash=0xf1e7061f038729a1c90f1293150340a23ab083e0aae935b2da8bd10bbd08120c
2026-04-05T14:34:58.920146Z  INFO ThreadId(14) pipeline{execution_id=305d0635-a857-4f56-bdb3-2ee0afb35fbc chain_id=42161 from_address=0xCFA80F1f22b0AD533F7d8e2CcC0A783aa4BCaFF3}: cortex::pipeline: transaction broadcasted: elapsed_ms=1221 tx_hash=0x752d6b6c30d86df94f15fe7257ca608a903c98c7ee7ddfe07027f42940f22508
2026-04-05T14:34:58.921156Z  INFO ThreadId(14) pipeline{execution_id=41dbdd74-4f54-4755-a0f7-4bb4b154d04e chain_id=42161 from_address=0x8b172F820629b14cEAF859A6e159d1BcD3291Fe1}: cortex::pipeline: transaction broadcasted: elapsed_ms=1222 tx_hash=0x8b5576b274907699ae004da38ed029f8e7b4b2a36a475a6c09719fc2d512d26a
2026-04-05T14:34:58.922248Z  INFO ThreadId(14) pipeline{execution_id=c09775c6-1b1e-4903-9238-f30354701c95 chain_id=42161 from_address=0xfea6645D31443cF7Cf96eF1dB7823EB9365f98bf}: cortex::pipeline: transaction broadcasted: elapsed_ms=1223 tx_hash=0x6a8ef998924ac5b1abea8fc8e692bf74606cd0e36834df9d34d8110cacf2fad3
2026-04-05T14:34:58.923274Z  INFO ThreadId(14) pipeline{execution_id=d342c4f1-33a9-4f86-9a31-fa6687907e5a chain_id=42161 from_address=0xCFA80F1f22b0AD533F7d8e2CcC0A783aa4BCaFF3}: cortex::pipeline: transaction broadcasted: elapsed_ms=1224 tx_hash=0xad653a1f3302dbd73a5409c21d628e44335d0d1ad47d383c2aa5c296917932d2
2026-04-05T14:34:58.924647Z  INFO ThreadId(07) pipeline{execution_id=85ad8b44-e02a-43e0-8d4e-f2b60a6e8db0 chain_id=42161 from_address=0xfea6645D31443cF7Cf96eF1dB7823EB9365f98bf}: cortex::pipeline: transaction broadcasted: elapsed_ms=1225 tx_hash=0x77f7f68bc2211c820b4a5c2aecc9b667911ee1bc718ab790997cd13b264f3f0c
2026-04-05T14:34:58.925717Z  INFO ThreadId(14) pipeline{execution_id=76ec9c7b-80a1-4bd0-9102-e6325afd8efc chain_id=42161 from_address=0xfea6645D31443cF7Cf96eF1dB7823EB9365f98bf}: cortex::pipeline: transaction broadcasted: elapsed_ms=1226 tx_hash=0x11c07bc32a1c2789d94e440aad95897bc47a89236bf398187962e54c9c3fb5a5
2026-04-05T14:34:58.927209Z  INFO ThreadId(17) pipeline{execution_id=954c0d14-4806-445d-9ff1-3ba8b4cfc1c4 chain_id=42161 from_address=0x8b172F820629b14cEAF859A6e159d1BcD3291Fe1}: cortex::pipeline: transaction broadcasted: elapsed_ms=1228 tx_hash=0x04cb5905a088151f7568f33848d3b2c9970263ec711cb284bb68904c6ab4dbd4
2026-04-05T14:34:58.928162Z  INFO ThreadId(14) pipeline{execution_id=cd995919-ec9e-48bf-a4ba-6573f299e74d chain_id=42161 from_address=0x8b172F820629b14cEAF859A6e159d1BcD3291Fe1}: cortex::pipeline: transaction broadcasted: elapsed_ms=1228 tx_hash=0x0ced8e702cf66f57efc82314a7cedb5a9ec726fb59d8b80073e8dd1e5f086a55
2026-04-05T14:34:58.929453Z  INFO ThreadId(03) pipeline{execution_id=f4bc7a7f-2004-4dda-b7fa-97a7ce795047 chain_id=42161 from_address=0xfea6645D31443cF7Cf96eF1dB7823EB9365f98bf}: cortex::pipeline: transaction broadcasted: elapsed_ms=1230 tx_hash=0x8d3079fbd58d9632f1f825e2839a1b3427981b8b10188cdb2dc5b461cd1114ea
2026-04-05T14:34:58.930630Z  INFO ThreadId(14) pipeline{execution_id=07dd9f3c-1df4-4dfe-a395-289b0ab47724 chain_id=42161 from_address=0x8b172F820629b14cEAF859A6e159d1BcD3291Fe1}: cortex::pipeline: transaction broadcasted: elapsed_ms=1231 tx_hash=0x094a340c266760e13c2ef33e96f569a53060e576b20d4c4ad11eeace56b0b209
2026-04-05T14:34:58.931546Z  INFO ThreadId(14) pipeline{execution_id=4e00c204-188d-42b1-8365-a668a376edb6 chain_id=42161 from_address=0xfea6645D31443cF7Cf96eF1dB7823EB9365f98bf}: cortex::pipeline: transaction broadcasted: elapsed_ms=1231 tx_hash=0xfc7fb59dd92c8949af4d9c324d39aca8b4214b7770b6f3d90942d8c856b465e7
2026-04-05T14:34:58.932470Z  INFO ThreadId(14) pipeline{execution_id=7a6ce361-6fdd-43ac-85a8-2cbb3c3d9b1a chain_id=42161 from_address=0x8b172F820629b14cEAF859A6e159d1BcD3291Fe1}: cortex::pipeline: transaction broadcasted: elapsed_ms=1232 tx_hash=0x74325f7f98d589e9fbb23d9a3a38501234a9dfa21d3bc64672e1a9c2e2e3404b
2026-04-05T14:34:58.933603Z  INFO ThreadId(14) pipeline{execution_id=e3f07370-3f92-4427-a314-fd8065876d47 chain_id=42161 from_address=0x8AfE43fF49EBd5c4B8Cd1497ee77b437dd1711fc}: cortex::pipeline: transaction broadcasted: elapsed_ms=1233 tx_hash=0xaee26b96d3c2f249004fb455a38b24c2cee7e1f1b05c599b9f95ac93cc5d73b2
2026-04-05T14:34:58.934542Z  INFO ThreadId(03) pipeline{execution_id=fe8b180e-480d-4a33-9ed6-eb99b1806f1e chain_id=42161 from_address=0x8AfE43fF49EBd5c4B8Cd1497ee77b437dd1711fc}: cortex::pipeline: transaction broadcasted: elapsed_ms=1234 tx_hash=0x04268b3a7f42bfd613c3c912ea819e9a692a963bac78bfc65e608692b81f4466
2026-04-05T14:34:58.935707Z  INFO ThreadId(17) pipeline{execution_id=860bc43f-358a-411a-83ad-9e2e6387013d chain_id=42161 from_address=0x8AfE43fF49EBd5c4B8Cd1497ee77b437dd1711fc}: cortex::pipeline: transaction broadcasted: elapsed_ms=1235 tx_hash=0xaa9bb074da442cbec05863c3909b7a83fd6c836a7b81b568b2399f2b34267ba8
2026-04-05T14:34:58.937053Z  INFO ThreadId(03) pipeline{execution_id=d67fba38-e1c8-4bb5-801e-2306582bfe0a chain_id=42161 from_address=0x8b172F820629b14cEAF859A6e159d1BcD3291Fe1}: cortex::pipeline: transaction broadcasted: elapsed_ms=1236 tx_hash=0xd2dd7adcd409ddf5ca3fd397a64c8b7693b069dd47d0aaec6c552c19365150b0
2026-04-05T14:34:58.938032Z  INFO ThreadId(14) pipeline{execution_id=7406e18e-97ef-4213-83cd-609d9f90d795 chain_id=42161 from_address=0xfea6645D31443cF7Cf96eF1dB7823EB9365f98bf}: cortex::pipeline: transaction broadcasted: elapsed_ms=1237 tx_hash=0xf3129cc2a93a5b15e76d3928aec160ed16bc694dcb4114321da39f2a05c62ece
2026-04-05T14:34:58.938937Z  INFO ThreadId(14) pipeline{execution_id=cedc7ce1-a1a0-4dd8-af8e-8eb1fd8136cc chain_id=42161 from_address=0xfea6645D31443cF7Cf96eF1dB7823EB9365f98bf}: cortex::pipeline: transaction broadcasted: elapsed_ms=1238 tx_hash=0x9cd9560b742be740f91a21b922a975cba41beccd373feeac8aca30ab6690091b
2026-04-05T14:34:58.939928Z  INFO ThreadId(14) pipeline{execution_id=fb6192a7-c740-4a44-a628-921afec4611b chain_id=42161 from_address=0x8AfE43fF49EBd5c4B8Cd1497ee77b437dd1711fc}: cortex::pipeline: transaction broadcasted: elapsed_ms=1239 tx_hash=0x5ae7d6af9690c3d3da44da634fb9e57278cdb6ec1c6eea9f14844ec05d4f3ed4
2026-04-05T14:34:58.941319Z  INFO ThreadId(14) pipeline{execution_id=4aac2b91-cb4d-490a-8af7-29432a9f2d0b chain_id=42161 from_address=0x8b172F820629b14cEAF859A6e159d1BcD3291Fe1}: cortex::pipeline: transaction broadcasted: elapsed_ms=1240 tx_hash=0xbc27bcde5a1e03ae1939223defd0cf099922cf51729777c16a371e898bf6b015
2026-04-05T14:34:58.942372Z  INFO ThreadId(14) pipeline{execution_id=fcd00ab5-19cf-4054-bdb7-fa06768fb0de chain_id=42161 from_address=0xCFA80F1f22b0AD533F7d8e2CcC0A783aa4BCaFF3}: cortex::pipeline: transaction broadcasted: elapsed_ms=1241 tx_hash=0x3f21ffa9d612da7d9cd3da1b065200f18b69a0d40472bf3f0f790d9c0a4cfc6a
2026-04-05T14:34:58.943541Z  INFO ThreadId(14) pipeline{execution_id=8b6a6f2d-0a3b-4058-81c8-cc567f8e2655 chain_id=42161 from_address=0xCFA80F1f22b0AD533F7d8e2CcC0A783aa4BCaFF3}: cortex::pipeline: transaction broadcasted: elapsed_ms=1242 tx_hash=0xa2c9795b94f1b7e5f9930d44aa025c78dcde5a510fc04325e15838180f507c0c
2026-04-05T14:34:58.945066Z  INFO ThreadId(03) pipeline{execution_id=f56a3643-8756-46cc-9b1d-c880cdc7b840 chain_id=42161 from_address=0xfea6645D31443cF7Cf96eF1dB7823EB9365f98bf}: cortex::pipeline: transaction broadcasted: elapsed_ms=1244 tx_hash=0xe7eeb1dde77ac7858967c58f2096c19f4d71b2d88eafff0bc008445617cb808f
2026-04-05T14:34:58.946185Z  INFO ThreadId(14) pipeline{execution_id=7227a85e-9067-4cf1-b625-e41f422bc247 chain_id=42161 from_address=0xCFA80F1f22b0AD533F7d8e2CcC0A783aa4BCaFF3}: cortex::pipeline: transaction broadcasted: elapsed_ms=1245 tx_hash=0x0b7654253d879bc9a6da276238bafbbc4beef5bf7042ae763e68bc57021d13b0
2026-04-05T14:34:58.947485Z  INFO ThreadId(14) pipeline{execution_id=156803f0-2566-4272-a0b3-4d09baad2753 chain_id=42161 from_address=0xfea6645D31443cF7Cf96eF1dB7823EB9365f98bf}: cortex::pipeline: transaction broadcasted: elapsed_ms=1247 tx_hash=0x3ad8f48b151e94a446d5e4c02c98fd609f23b883105f76a5273ca181c9ef6e42
2026-04-05T14:34:58.948769Z  INFO ThreadId(14) pipeline{execution_id=1eda9517-c33c-4e1a-95d8-4868eb614b3d chain_id=42161 from_address=0xfea6645D31443cF7Cf96eF1dB7823EB9365f98bf}: cortex::pipeline: transaction broadcasted: elapsed_ms=1247 tx_hash=0xfbb610a01af27d1721ca1d490163c6a7cd586d0c320875bb522580d21efad225
2026-04-05T14:34:58.949901Z  INFO ThreadId(03) pipeline{execution_id=613edf0b-392a-4092-a9ea-fa78456fc325 chain_id=42161 from_address=0xCFA80F1f22b0AD533F7d8e2CcC0A783aa4BCaFF3}: cortex::pipeline: transaction broadcasted: elapsed_ms=1248 tx_hash=0x3a79ce8f3c695a137ac0824aea431ab5c9adffb7556d3310a4b40930f7118f57
2026-04-05T14:34:58.950929Z  INFO ThreadId(17) pipeline{execution_id=25fe3c39-5615-47a7-8ac4-29b01910a106 chain_id=42161 from_address=0x8b172F820629b14cEAF859A6e159d1BcD3291Fe1}: cortex::pipeline: transaction broadcasted: elapsed_ms=1249 tx_hash=0x7652f09c8951e0b5441b8bedad134d06d4ec582cbfd12aaed3118f95f1107e26
2026-04-05T14:34:58.951845Z  INFO ThreadId(17) pipeline{execution_id=0c4de39d-333e-4d44-a38a-15d5586fce21 chain_id=42161 from_address=0x8b172F820629b14cEAF859A6e159d1BcD3291Fe1}: cortex::pipeline: transaction broadcasted: elapsed_ms=1250 tx_hash=0x6f058fb1a55f09e4282e9492f93aec14fe4841e39320b6312c14e1779e680b4b
2026-04-05T14:34:58.952795Z  INFO ThreadId(17) pipeline{execution_id=4d5395ba-6e4e-413d-b7ff-228affd3589e chain_id=42161 from_address=0x2EAC739a1e05F4a05a5B8fD93D332c4353E5A7cD}: cortex::pipeline: transaction broadcasted: elapsed_ms=1251 tx_hash=0x40b2003a9feee9bbea9c88401b31ba114f903a5ea2ed5537bda6be4e547b76ac
2026-04-05T14:34:58.953945Z  INFO ThreadId(14) pipeline{execution_id=de0f08c8-ba39-45c5-93b4-77280c08da2f chain_id=42161 from_address=0xfea6645D31443cF7Cf96eF1dB7823EB9365f98bf}: cortex::pipeline: transaction broadcasted: elapsed_ms=1252 tx_hash=0x25d74c082e54d4b8a8a40681f6c7c20d5f0b79efff85e49bebeec822e3db86a2
2026-04-05T14:34:58.955249Z  INFO ThreadId(14) pipeline{execution_id=229a2447-0396-4812-a9e3-aefdfca9c136 chain_id=42161 from_address=0x8b172F820629b14cEAF859A6e159d1BcD3291Fe1}: cortex::pipeline: transaction broadcasted: elapsed_ms=1253 tx_hash=0x07c48fc7dfe44ece4f1784836707d2cf6bf847d5798c56c73a5cf6bce3b01def
2026-04-05T14:34:58.956573Z  INFO ThreadId(14) pipeline{execution_id=abbab915-8ca9-4d2c-8e17-3bac0500e387 chain_id=42161 from_address=0xCFA80F1f22b0AD533F7d8e2CcC0A783aa4BCaFF3}: cortex::pipeline: transaction broadcasted: elapsed_ms=1254 tx_hash=0xb57424177924105c090f4ab7d31be3fd314eefa6b4b3fcbb05ff5aa930369605
2026-04-05T14:34:58.957486Z  INFO ThreadId(03) pipeline{execution_id=fb701dd6-6e3f-49e9-9c71-950015b8951d chain_id=42161 from_address=0x2EAC739a1e05F4a05a5B8fD93D332c4353E5A7cD}: cortex::pipeline: transaction broadcasted: elapsed_ms=1255 tx_hash=0xc07ef1d9e47fe06856730e7df479999bfa152dfdc40bc64bdb59fff2373abc82
2026-04-05T14:34:58.958367Z  INFO ThreadId(03) pipeline{execution_id=86e6eaf6-1ea9-4c5b-9c33-437096ca83b1 chain_id=42161 from_address=0x2EAC739a1e05F4a05a5B8fD93D332c4353E5A7cD}: cortex::pipeline: transaction broadcasted: elapsed_ms=1256 tx_hash=0x0360cd3c1aa17075f9ce075510a234e1a295b444414cce74474828158bf543f2
2026-04-05T14:34:58.959342Z  INFO ThreadId(03) pipeline{execution_id=a69621f3-2f12-41bd-b5ea-8c1b2c367dba chain_id=42161 from_address=0x8AfE43fF49EBd5c4B8Cd1497ee77b437dd1711fc}: cortex::pipeline: transaction broadcasted: elapsed_ms=1257 tx_hash=0x0345c275af26d366f78f5bb46fefa7a80cc095f0095d3e39ee7ae3b14e46e8bd
2026-04-05T14:34:58.960347Z  INFO ThreadId(03) pipeline{execution_id=6eb92738-d166-419b-ae5b-e2ea6df1f90c chain_id=42161 from_address=0x8AfE43fF49EBd5c4B8Cd1497ee77b437dd1711fc}: cortex::pipeline: transaction broadcasted: elapsed_ms=1258 tx_hash=0x80fd48805124c22a3d5deed0df2d4678cc6b171841664f5903d84b0bd41fccd9
2026-04-05T14:34:58.961214Z  INFO ThreadId(03) pipeline{execution_id=15260e09-0aa1-4783-a6da-d3ec456b3b97 chain_id=42161 from_address=0x2EAC739a1e05F4a05a5B8fD93D332c4353E5A7cD}: cortex::pipeline: transaction broadcasted: elapsed_ms=1258 tx_hash=0xa23410340f9ad9e1c2a478bb9581114f23c72433709c9afdd10357491aa62437
2026-04-05T14:34:58.962183Z  INFO ThreadId(03) pipeline{execution_id=5de720ab-416e-4e8e-af91-19a847515c4e chain_id=42161 from_address=0x2EAC739a1e05F4a05a5B8fD93D332c4353E5A7cD}: cortex::pipeline: transaction broadcasted: elapsed_ms=1259 tx_hash=0xb78de707b7726527f363fb0abc8454418dc8f4c218ea66d2a3b388c1aa60b77f
2026-04-05T14:34:58.963243Z  INFO ThreadId(03) pipeline{execution_id=14b55ffc-74ed-4d51-9ab5-520bf14cbd5c chain_id=42161 from_address=0xfea6645D31443cF7Cf96eF1dB7823EB9365f98bf}: cortex::pipeline: transaction broadcasted: elapsed_ms=1260 tx_hash=0x66fca21d7f19c8195b21ea326b2b279679bdb35ee7c755abcce9bc7ed73405d5
2026-04-05T14:34:58.964487Z  INFO ThreadId(17) pipeline{execution_id=39fbf951-d900-4876-8f92-14c8e5133942 chain_id=42161 from_address=0x8b172F820629b14cEAF859A6e159d1BcD3291Fe1}: cortex::pipeline: transaction broadcasted: elapsed_ms=1261 tx_hash=0xad14fc17f6126154533a526d586000b680430062681c2707d6a046775690158e
2026-04-05T14:34:58.965693Z  INFO ThreadId(03) pipeline{execution_id=5a32af21-4fa3-4ebf-b232-407af7a130ed chain_id=42161 from_address=0x8b172F820629b14cEAF859A6e159d1BcD3291Fe1}: cortex::pipeline: transaction broadcasted: elapsed_ms=1263 tx_hash=0x564ab3678d5eb44805b9203b26b5f7af4072a247d8a38a3a2c801fc91c314819
2026-04-05T14:34:58.967049Z  INFO ThreadId(14) pipeline{execution_id=55206f0b-892e-4c72-86c2-feba2583c97d chain_id=42161 from_address=0xfea6645D31443cF7Cf96eF1dB7823EB9365f98bf}: cortex::pipeline: transaction broadcasted: elapsed_ms=1264 tx_hash=0x6410cca7e3bf860c2d73db1d23754fdc18014b8b7a82fbb316b04b0c06f0683a
2026-04-05T14:34:58.967911Z  INFO ThreadId(17) pipeline{execution_id=7433c8e0-c3e6-4945-8b04-b36805e1d7be chain_id=42161 from_address=0x8AfE43fF49EBd5c4B8Cd1497ee77b437dd1711fc}: cortex::pipeline: transaction broadcasted: elapsed_ms=1265 tx_hash=0xc3eec305c64d030ea721a01521e43f221986596ef2840c8978b415b03ebff141
2026-04-05T14:34:58.969118Z  INFO ThreadId(17) pipeline{execution_id=4eb9f39b-b7c8-47db-871d-e7b0c0a19354 chain_id=42161 from_address=0x8b172F820629b14cEAF859A6e159d1BcD3291Fe1}: cortex::pipeline: transaction broadcasted: elapsed_ms=1266 tx_hash=0x48e8690f4cc1e76def13fc8e224a12246e3e0b38e655f8789707fa0ad641b19f
2026-04-05T14:34:58.970381Z  INFO ThreadId(03) pipeline{execution_id=68d90cb5-3b03-49e4-a5c6-dc491b477456 chain_id=42161 from_address=0x8AfE43fF49EBd5c4B8Cd1497ee77b437dd1711fc}: cortex::pipeline: transaction broadcasted: elapsed_ms=1267 tx_hash=0x2684297ee9d1fd0c6d2d192dd2062b5e4f8ec22c04b172de49f156e0aa370b5f
2026-04-05T14:34:58.971403Z  INFO ThreadId(14) pipeline{execution_id=bdc4378b-7dca-48c4-b873-6dd2efbfae4e chain_id=42161 from_address=0x8AfE43fF49EBd5c4B8Cd1497ee77b437dd1711fc}: cortex::pipeline: transaction broadcasted: elapsed_ms=1268 tx_hash=0xb238bbb080b4e807f744f5e44768fd8ea857b6d90775edf2011f44bedf9ea8f0
2026-04-05T14:34:58.972513Z  INFO ThreadId(17) pipeline{execution_id=2d7ff386-89b1-4052-87ab-3cd17d40dc7d chain_id=42161 from_address=0x8b172F820629b14cEAF859A6e159d1BcD3291Fe1}: cortex::pipeline: transaction broadcasted: elapsed_ms=1269 tx_hash=0x62617c483890124e41a8b775887d0d01b89fff4fc7b49152df222a332789459c
2026-04-05T14:34:58.973499Z  INFO ThreadId(03) pipeline{execution_id=166a522e-a7cc-48da-99be-e132242d7ed2 chain_id=42161 from_address=0xCFA80F1f22b0AD533F7d8e2CcC0A783aa4BCaFF3}: cortex::pipeline: transaction broadcasted: elapsed_ms=1270 tx_hash=0x8f30fecc75a2e6343ed24373b37ac18c24c8703c030d4defa4ec2c2c32dc31e7
2026-04-05T14:34:58.974520Z  INFO ThreadId(03) pipeline{execution_id=74dcf919-40a6-435e-a91a-0abc1a6fe9e2 chain_id=42161 from_address=0x8b172F820629b14cEAF859A6e159d1BcD3291Fe1}: cortex::pipeline: transaction broadcasted: elapsed_ms=1269 tx_hash=0x51447316030c9ce1f18a89bafb0bc6c3aa0823b8f8c071c234266c171125c551
2026-04-05T14:34:58.975576Z  INFO ThreadId(03) pipeline{execution_id=124ce61f-fd60-48c9-88f6-725d9aecb65a chain_id=42161 from_address=0x2EAC739a1e05F4a05a5B8fD93D332c4353E5A7cD}: cortex::pipeline: transaction broadcasted: elapsed_ms=1270 tx_hash=0x2c22bdcde108ac3da1a2f2e057388e51128af6a58baf849ce9011c620241d93b
2026-04-05T14:34:58.977028Z  INFO ThreadId(17) pipeline{execution_id=ee4cba95-25ec-433a-8238-ca6d5b390787 chain_id=42161 from_address=0x8b172F820629b14cEAF859A6e159d1BcD3291Fe1}: cortex::pipeline: transaction broadcasted: elapsed_ms=1256 tx_hash=0x7c2d45ba8952804fab31ed38f4690cf7e47d49e197d1a38ea5adeb7e6f1c3b25
2026-04-05T14:34:58.978160Z  INFO ThreadId(14) pipeline{execution_id=e9405f16-df70-4c71-bdda-6a281ddb630e chain_id=42161 from_address=0xfea6645D31443cF7Cf96eF1dB7823EB9365f98bf}: cortex::pipeline: transaction broadcasted: elapsed_ms=1257 tx_hash=0x2a1039fa1760883314daed2e08fbcbc13f54778b4ddf4a2ae81ed4ec5e7f3202
2026-04-05T14:34:58.979195Z  INFO ThreadId(14) pipeline{execution_id=edb803be-9786-4dc8-9c9d-8a2125e108c7 chain_id=42161 from_address=0xCFA80F1f22b0AD533F7d8e2CcC0A783aa4BCaFF3}: cortex::pipeline: transaction broadcasted: elapsed_ms=1258 tx_hash=0xc7f92f35d8c23b5ff82aa3d12b47bc3297c45ff162359716e0b7501bcd94df4a
2026-04-05T14:34:58.980020Z  INFO ThreadId(14) pipeline{execution_id=2d449c74-6b21-4590-b8d3-07778f75d1b6 chain_id=42161 from_address=0xCFA80F1f22b0AD533F7d8e2CcC0A783aa4BCaFF3}: cortex::pipeline: transaction broadcasted: elapsed_ms=1259 tx_hash=0xf1cde2ad617edd3bdd5f93302f1753ee103d1a8fa1bd00e9a08876f81367a2a0
2026-04-05T14:34:58.980969Z  INFO ThreadId(14) pipeline{execution_id=2050f101-087f-4b7c-9548-0655d1c17033 chain_id=42161 from_address=0x8b172F820629b14cEAF859A6e159d1BcD3291Fe1}: cortex::pipeline: transaction broadcasted: elapsed_ms=1260 tx_hash=0x36c602a27795ab05ab6e1f64727075c0c64aa5f9969983197e57c3f62141fbac
2026-04-05T14:34:58.982283Z  INFO ThreadId(17) pipeline{execution_id=1c5dce34-ff55-4785-ab32-4c2b7122aa7d chain_id=42161 from_address=0x2EAC739a1e05F4a05a5B8fD93D332c4353E5A7cD}: cortex::pipeline: transaction broadcasted: elapsed_ms=1261 tx_hash=0x1bfa360c97737bc8c11c853649a5715ad0a42dd5df2bb04b420604ee12b2598b
2026-04-05T14:34:58.983370Z  INFO ThreadId(14) pipeline{execution_id=109a3147-1db1-4fe9-a6f4-e0666ed1a5b7 chain_id=42161 from_address=0x2EAC739a1e05F4a05a5B8fD93D332c4353E5A7cD}: cortex::pipeline: transaction broadcasted: elapsed_ms=1262 tx_hash=0x5fc84e8366dc7946b4d31c730969b86e5c5d176a68bbca2d717433f584c8b028
2026-04-05T14:34:58.984547Z  INFO ThreadId(14) pipeline{execution_id=01a92783-6532-4173-96b3-b30226c82f2a chain_id=42161 from_address=0x2EAC739a1e05F4a05a5B8fD93D332c4353E5A7cD}: cortex::pipeline: transaction broadcasted: elapsed_ms=1263 tx_hash=0xf4751a0e1b08c415c83356c15524f439a674cac89455372d230e4e47f0a3271a
2026-04-05T14:34:58.985930Z  INFO ThreadId(03) pipeline{execution_id=d0e10f12-41f8-479a-ab1a-e6ad5cb683dc chain_id=42161 from_address=0x8b172F820629b14cEAF859A6e159d1BcD3291Fe1}: cortex::pipeline: transaction broadcasted: elapsed_ms=1264 tx_hash=0xe91859b86c4d3881c36bee5d52e5208cae72f8fb6650f22b99789e559d0d8f27
2026-04-05T14:34:58.987437Z  INFO ThreadId(03) pipeline{execution_id=1a1c56df-bb45-46f5-85ca-1759e340b98c chain_id=42161 from_address=0x2EAC739a1e05F4a05a5B8fD93D332c4353E5A7cD}: cortex::pipeline: transaction broadcasted: elapsed_ms=1266 tx_hash=0xa0e476e78280f2a68d133eb88b91f70f866a3933dd3dad1159e21246aabf45a2
2026-04-05T14:34:58.988551Z  INFO ThreadId(17) pipeline{execution_id=e3cee264-a538-452a-b895-bb16ebc4cc24 chain_id=42161 from_address=0xCFA80F1f22b0AD533F7d8e2CcC0A783aa4BCaFF3}: cortex::pipeline: transaction broadcasted: elapsed_ms=1267 tx_hash=0x84a70d46928dad5b208ec9a88df3f0c87a7ee8172d17eaf3421e99664926dac9
2026-04-05T14:34:58.989682Z  INFO ThreadId(03) pipeline{execution_id=3361fa14-35da-4aed-aa99-d6ec149e3b67 chain_id=42161 from_address=0xCFA80F1f22b0AD533F7d8e2CcC0A783aa4BCaFF3}: cortex::pipeline: transaction broadcasted: elapsed_ms=1268 tx_hash=0x56b1603cd7002c1b7fee683c306b43093a8bedef719d3abe12d536de596cd37d
2026-04-05T14:34:58.991064Z  INFO ThreadId(03) pipeline{execution_id=9c256c15-bd56-4370-9558-9991ce27ac26 chain_id=42161 from_address=0x8AfE43fF49EBd5c4B8Cd1497ee77b437dd1711fc}: cortex::pipeline: transaction broadcasted: elapsed_ms=1269 tx_hash=0x3401f3cd772b1476c6a1274809396167bb84df1debbb6e1554b5cc9b0bc37353
2026-04-05T14:34:58.992437Z  INFO ThreadId(03) pipeline{execution_id=e669d500-7281-4fa1-99a3-4605d2043c51 chain_id=42161 from_address=0xCFA80F1f22b0AD533F7d8e2CcC0A783aa4BCaFF3}: cortex::pipeline: transaction broadcasted: elapsed_ms=1271 tx_hash=0xe76133be8a0d47a8913f0726ef4fde94b7b04b7bfc302362c854e0b9ce8a9bd1
2026-04-05T14:34:58.993812Z  INFO ThreadId(07) pipeline{execution_id=45d4e570-e05c-4a7f-960f-bac5c866af1b chain_id=42161 from_address=0xfea6645D31443cF7Cf96eF1dB7823EB9365f98bf}: cortex::pipeline: transaction broadcasted: elapsed_ms=1272 tx_hash=0x201d3583846de6c7f9f2dd107ffc0accb5392a70d6aca4ab5dc7f312ba377806
2026-04-05T14:34:58.995226Z  INFO ThreadId(07) pipeline{execution_id=4dc88355-a2c3-4e73-99af-5dc88164ab7d chain_id=42161 from_address=0x8b172F820629b14cEAF859A6e159d1BcD3291Fe1}: cortex::pipeline: transaction broadcasted: elapsed_ms=1273 tx_hash=0xda34936f73b0cde90a4f31a4bba04b4eb9c943970166d61471f38fc2d75dbc20
2026-04-05T14:34:58.996562Z  INFO ThreadId(17) pipeline{execution_id=8bc664a4-2b91-49f4-9d10-e9a9dd7394ed chain_id=42161 from_address=0xfea6645D31443cF7Cf96eF1dB7823EB9365f98bf}: cortex::pipeline: transaction broadcasted: elapsed_ms=1274 tx_hash=0x9e16c3ca74aeafdf248bc0f7b57f5f065fa224a15a555984fc19fae746c0389a
2026-04-05T14:34:58.997535Z  INFO ThreadId(17) pipeline{execution_id=40dd29cf-5e5b-4cf0-9875-2ce4c41ea2b5 chain_id=42161 from_address=0xCFA80F1f22b0AD533F7d8e2CcC0A783aa4BCaFF3}: cortex::pipeline: transaction broadcasted: elapsed_ms=1275 tx_hash=0xeaf0a786be6936d0254ebdef9a802a9aecbf77c02964172e513216bd59b327b0
2026-04-05T14:34:58.998735Z  INFO ThreadId(14) pipeline{execution_id=a12c7cda-db24-4a3d-bca8-c03a59ca7e74 chain_id=42161 from_address=0x8AfE43fF49EBd5c4B8Cd1497ee77b437dd1711fc}: cortex::pipeline: transaction broadcasted: elapsed_ms=1276 tx_hash=0x22f6bdab9b581d9b585ab2f4fa993e27087cb8606b30d09761eee1f1cc7f77d6
2026-04-05T14:34:59.000209Z  INFO ThreadId(14) pipeline{execution_id=21711bad-3002-4674-ab79-c3c8280e7e77 chain_id=42161 from_address=0x8b172F820629b14cEAF859A6e159d1BcD3291Fe1}: cortex::pipeline: transaction broadcasted: elapsed_ms=1278 tx_hash=0x22d584546f9a57dbee41426d6c8de83324fe2664d3bf3d85d3c3f84fd3498016
2026-04-05T14:34:59.001454Z  INFO ThreadId(14) pipeline{execution_id=f3432cfd-9db1-4c7e-a0e3-5d07593e9674 chain_id=42161 from_address=0x2EAC739a1e05F4a05a5B8fD93D332c4353E5A7cD}: cortex::pipeline: transaction broadcasted: elapsed_ms=1279 tx_hash=0xceb8488d12cb83c8d49088b20bf763909689ea1f33dd9707d515275c015f97a1
2026-04-05T14:34:59.002738Z  INFO ThreadId(17) pipeline{execution_id=408956dd-a074-4068-b25f-224d509874cb chain_id=42161 from_address=0xfea6645D31443cF7Cf96eF1dB7823EB9365f98bf}: cortex::pipeline: transaction broadcasted: elapsed_ms=1280 tx_hash=0x5d741a536df0b1f82a1fa7fb9022b99c876fddbb55eafc318e89b41dda17c718
2026-04-05T14:34:59.003862Z  INFO ThreadId(14) pipeline{execution_id=484cf38d-1020-4f4c-a7f9-cda4d767e6d0 chain_id=42161 from_address=0x8b172F820629b14cEAF859A6e159d1BcD3291Fe1}: cortex::pipeline: transaction broadcasted: elapsed_ms=1281 tx_hash=0x2e0792fbc8a401acb1c3778af164b56862f3cee6d3ca1588b3903cfc101f9805
2026-04-05T14:34:59.005096Z  INFO ThreadId(07) pipeline{execution_id=fc23b9aa-cf44-4510-a116-65d51c98d3dc chain_id=42161 from_address=0xCFA80F1f22b0AD533F7d8e2CcC0A783aa4BCaFF3}: cortex::pipeline: transaction broadcasted: elapsed_ms=1282 tx_hash=0xb9c8460503593292b0ba7f5b3055c5d919cb1f99e685d2dbf411b803318af81e
2026-04-05T14:34:59.006298Z  INFO ThreadId(07) pipeline{execution_id=e12956ee-c7e6-47bc-a973-a011604e51a2 chain_id=42161 from_address=0xCFA80F1f22b0AD533F7d8e2CcC0A783aa4BCaFF3}: cortex::pipeline: transaction broadcasted: elapsed_ms=1284 tx_hash=0x2432c371f29c8d6674d42bad5cf06a94c987c32f5e81f7a96fd5c155519ef970
2026-04-05T14:34:59.007497Z  INFO ThreadId(14) pipeline{execution_id=110bf31b-dafa-443f-a820-7a0419d532b8 chain_id=42161 from_address=0x8AfE43fF49EBd5c4B8Cd1497ee77b437dd1711fc}: cortex::pipeline: transaction broadcasted: elapsed_ms=1285 tx_hash=0xb3ce15e3a82ec1f1a95b1325d266768be438786018e21fdd3a52c5b311e8cf6c
2026-04-05T14:34:59.008537Z  INFO ThreadId(14) pipeline{execution_id=8d95b4e5-6195-4169-8311-2d7d93b21bfd chain_id=42161 from_address=0x8b172F820629b14cEAF859A6e159d1BcD3291Fe1}: cortex::pipeline: transaction broadcasted: elapsed_ms=1286 tx_hash=0x8d2c4c60e3779541fde86c0ddd8e32a060d11ac33000bf9e6576c706e8fee1b7
2026-04-05T14:34:59.009530Z  INFO ThreadId(07) pipeline{execution_id=196a39b3-5175-4d71-9197-bf0fe339b83b chain_id=42161 from_address=0xCFA80F1f22b0AD533F7d8e2CcC0A783aa4BCaFF3}: cortex::pipeline: transaction broadcasted: elapsed_ms=1287 tx_hash=0xe98c95eb405968fc5ec6ba6e46bc93c1f8bd83d11672f0785884be145633b191
2026-04-05T14:34:59.010616Z  INFO ThreadId(17) pipeline{execution_id=6a02fac5-6302-4ec4-9f77-34699b91d0ab chain_id=42161 from_address=0xCFA80F1f22b0AD533F7d8e2CcC0A783aa4BCaFF3}: cortex::pipeline: transaction broadcasted: elapsed_ms=1288 tx_hash=0xa74c5f7e7d217226714d1f41f274bdd737ac16b1e4e6875d8d161ada7624f6f6
2026-04-05T14:34:59.011713Z  INFO ThreadId(14) pipeline{execution_id=8cbba123-b756-4a1a-880a-1224c83dc8a6 chain_id=42161 from_address=0x8b172F820629b14cEAF859A6e159d1BcD3291Fe1}: cortex::pipeline: transaction broadcasted: elapsed_ms=1289 tx_hash=0xd4ea90ede1ad744c6b4347d0af24d52207d82687c26848d5c4fee2b9efa17d66
2026-04-05T14:34:59.012944Z  INFO ThreadId(14) pipeline{execution_id=6cc15b26-c9b3-427e-8b4b-3e39a9c45f6e chain_id=42161 from_address=0x8b172F820629b14cEAF859A6e159d1BcD3291Fe1}: cortex::pipeline: transaction broadcasted: elapsed_ms=1290 tx_hash=0x71050f1b2708b46fdb8075c4a950987b8ed061c2822ef3547950a1d7232715c8
2026-04-05T14:34:59.013878Z  INFO ThreadId(17) pipeline{execution_id=815afb20-3335-472c-898b-609752dce267 chain_id=42161 from_address=0x8AfE43fF49EBd5c4B8Cd1497ee77b437dd1711fc}: cortex::pipeline: transaction broadcasted: elapsed_ms=1291 tx_hash=0x4e398e7316532d3a868fe9c1bbe00a9b106f37bac6471e4cca4e176559fd50a6
2026-04-05T14:34:59.014709Z  INFO ThreadId(17) pipeline{execution_id=169a93dc-0b55-4aef-b9c0-70cd152d83fd chain_id=42161 from_address=0x8AfE43fF49EBd5c4B8Cd1497ee77b437dd1711fc}: cortex::pipeline: transaction broadcasted: elapsed_ms=1292 tx_hash=0xacebd2086a27279ee6dd6409b246de2093709281db459da06ba4c75bab4c8e6b
2026-04-05T14:34:59.015634Z  INFO ThreadId(17) pipeline{execution_id=b75e889a-342a-4062-9bdf-98087da69726 chain_id=42161 from_address=0x8b172F820629b14cEAF859A6e159d1BcD3291Fe1}: cortex::pipeline: transaction broadcasted: elapsed_ms=1293 tx_hash=0xa49c33e8b2c33f8a706814d7515213913c576719cbb7b837132533b25bbb3ab4
2026-04-05T14:34:59.016792Z  INFO ThreadId(17) pipeline{execution_id=d84ddb20-13f0-4484-8b7b-fc5aa0e95cd9 chain_id=42161 from_address=0x2EAC739a1e05F4a05a5B8fD93D332c4353E5A7cD}: cortex::pipeline: transaction broadcasted: elapsed_ms=1294 tx_hash=0x76e46ee03daee290b74c6ab6fdd52f4f14ea724658112f4a922ccbcf23579561
2026-04-05T14:34:59.017786Z  INFO ThreadId(17) pipeline{execution_id=fb221eca-a942-4aa0-8276-1ed62961711a chain_id=42161 from_address=0xfea6645D31443cF7Cf96eF1dB7823EB9365f98bf}: cortex::pipeline: transaction broadcasted: elapsed_ms=1295 tx_hash=0x2425630f59a1935a1c1cea24776b2165d97622276028e6375af93523166c0bd1
2026-04-05T14:34:59.018694Z  INFO ThreadId(17) pipeline{execution_id=377f3c3c-db01-41b4-9259-bd05911b6d63 chain_id=42161 from_address=0xCFA80F1f22b0AD533F7d8e2CcC0A783aa4BCaFF3}: cortex::pipeline: transaction broadcasted: elapsed_ms=1296 tx_hash=0xcf3d2b792dc70a06b130d920b5175f89f26f52541af6f1c2c1a6888a7a9426f5
2026-04-05T14:34:59.019854Z  INFO ThreadId(17) pipeline{execution_id=aac7c9a3-e4b7-4e0e-9367-bfa64002a6c4 chain_id=42161 from_address=0x8AfE43fF49EBd5c4B8Cd1497ee77b437dd1711fc}: cortex::pipeline: transaction broadcasted: elapsed_ms=1297 tx_hash=0x67aae18988d14dabe30bb5909c0c50b63cc39fee8aca11bf1e7d9fd3d20c99a1
2026-04-05T14:34:59.020948Z  INFO ThreadId(17) pipeline{execution_id=c5a0277d-3ffc-4076-bb80-cad0d67398bf chain_id=42161 from_address=0x8AfE43fF49EBd5c4B8Cd1497ee77b437dd1711fc}: cortex::pipeline: transaction broadcasted: elapsed_ms=1297 tx_hash=0xff13e9ad549ec8ba560bcdc0296a294015e57c0031bdda7dc1fd984d3d40d2d4
2026-04-05T14:34:59.021948Z  INFO ThreadId(17) pipeline{execution_id=e9a27149-ac87-4fcf-8482-f885337e0244 chain_id=42161 from_address=0xfea6645D31443cF7Cf96eF1dB7823EB9365f98bf}: cortex::pipeline: transaction broadcasted: elapsed_ms=1298 tx_hash=0xe53ec3671ca2aaea9789ea65e6017f546c6f80ec3fffc72695e10aae48a1fb42
2026-04-05T14:34:59.915259Z  INFO ThreadId(11) pipeline{execution_id=49fc9a53-0a73-4124-ac15-8e16e122aab5 chain_id=1 from_address=0x8AfE43fF49EBd5c4B8Cd1497ee77b437dd1711fc}: cortex::pipeline: transaction confirmed on-chain elapsed_ms=2238 block_number=24814114 confirmations=2
2026-04-05T14:34:59.915319Z  INFO ThreadId(11) pipeline{execution_id=49fc9a53-0a73-4124-ac15-8e16e122aab5 chain_id=1 from_address=0x8AfE43fF49EBd5c4B8Cd1497ee77b437dd1711fc}: cortex::pipeline: pipeline completed elapsed_ms=2239
2026-04-05T14:34:59.915515Z  INFO ThreadId(16) pipeline{execution_id=1cb26c68-7692-44da-8daf-424a5b0da776 chain_id=42161 from_address=0x2EAC739a1e05F4a05a5B8fD93D332c4353E5A7cD}: cortex::pipeline: transaction confirmed on-chain elapsed_ms=2239 block_number=449326580 confirmations=1
2026-04-05T14:34:59.915556Z  INFO ThreadId(16) pipeline{execution_id=1cb26c68-7692-44da-8daf-424a5b0da776 chain_id=42161 from_address=0x2EAC739a1e05F4a05a5B8fD93D332c4353E5A7cD}: cortex::pipeline: pipeline completed elapsed_ms=2239
2026-04-05T14:34:59.918503Z  INFO ThreadId(03) pipeline{execution_id=1eb2eaf1-8e8b-4886-b3a1-2be0e802a47d chain_id=137 from_address=0x8AfE43fF49EBd5c4B8Cd1497ee77b437dd1711fc}: cortex::pipeline: transaction confirmed on-chain elapsed_ms=2242 block_number=85139841 confirmations=1
2026-04-05T14:34:59.918561Z  INFO ThreadId(03) pipeline{execution_id=1eb2eaf1-8e8b-4886-b3a1-2be0e802a47d chain_id=137 from_address=0x8AfE43fF49EBd5c4B8Cd1497ee77b437dd1711fc}: cortex::pipeline: pipeline completed elapsed_ms=2242
2026-04-05T14:34:59.919921Z  INFO ThreadId(09) pipeline{execution_id=c9f3c959-abea-4164-870e-2777d3f997e4 chain_id=42161 from_address=0xCFA80F1f22b0AD533F7d8e2CcC0A783aa4BCaFF3}: cortex::pipeline: transaction confirmed on-chain elapsed_ms=2244 block_number=449326580 confirmations=1
2026-04-05T14:34:59.919964Z  INFO ThreadId(09) pipeline{execution_id=c9f3c959-abea-4164-870e-2777d3f997e4 chain_id=42161 from_address=0xCFA80F1f22b0AD533F7d8e2CcC0A783aa4BCaFF3}: cortex::pipeline: pipeline completed elapsed_ms=2244
2026-04-05T14:34:59.920339Z  INFO ThreadId(11) pipeline{execution_id=6e63eae1-0a95-45aa-8f13-1fcd19fc1639 chain_id=1 from_address=0x8b172F820629b14cEAF859A6e159d1BcD3291Fe1}: cortex::pipeline: transaction confirmed on-chain elapsed_ms=2244 block_number=24814115 confirmations=2
2026-04-05T14:34:59.920393Z  INFO ThreadId(11) pipeline{execution_id=6e63eae1-0a95-45aa-8f13-1fcd19fc1639 chain_id=1 from_address=0x8b172F820629b14cEAF859A6e159d1BcD3291Fe1}: cortex::pipeline: pipeline completed elapsed_ms=2244
2026-04-05T14:34:59.921232Z  INFO ThreadId(09) pipeline{execution_id=436e18b9-8d9c-4f7f-9029-35b7221506b7 chain_id=137 from_address=0x8b172F820629b14cEAF859A6e159d1BcD3291Fe1}: cortex::pipeline: transaction confirmed on-chain elapsed_ms=2244 block_number=85139842 confirmations=1
2026-04-05T14:34:59.921277Z  INFO ThreadId(09) pipeline{execution_id=436e18b9-8d9c-4f7f-9029-35b7221506b7 chain_id=137 from_address=0x8b172F820629b14cEAF859A6e159d1BcD3291Fe1}: cortex::pipeline: pipeline completed elapsed_ms=2244
2026-04-05T14:34:59.922422Z  INFO ThreadId(16) pipeline{execution_id=80bb0b26-58c3-44bc-bb93-a9033ff65f9a chain_id=137 from_address=0x2EAC739a1e05F4a05a5B8fD93D332c4353E5A7cD}: cortex::pipeline: transaction confirmed on-chain elapsed_ms=2246 block_number=85139841 confirmations=1
2026-04-05T14:34:59.922466Z  INFO ThreadId(16) pipeline{execution_id=80bb0b26-58c3-44bc-bb93-a9033ff65f9a chain_id=137 from_address=0x2EAC739a1e05F4a05a5B8fD93D332c4353E5A7cD}: cortex::pipeline: pipeline completed elapsed_ms=2246
2026-04-05T14:34:59.924214Z  INFO ThreadId(07) pipeline{execution_id=182a4b84-a091-42bf-a590-80bd754be6ff chain_id=42161 from_address=0xfea6645D31443cF7Cf96eF1dB7823EB9365f98bf}: cortex::pipeline: transaction confirmed on-chain elapsed_ms=2247 block_number=449326573 confirmations=1
2026-04-05T14:34:59.924268Z  INFO ThreadId(07) pipeline{execution_id=182a4b84-a091-42bf-a590-80bd754be6ff chain_id=42161 from_address=0xfea6645D31443cF7Cf96eF1dB7823EB9365f98bf}: cortex::pipeline: pipeline completed elapsed_ms=2248
2026-04-05T14:34:59.924443Z  INFO ThreadId(16) pipeline{execution_id=863b572b-dc72-4551-bc57-82f422a1a409 chain_id=1 from_address=0xCFA80F1f22b0AD533F7d8e2CcC0A783aa4BCaFF3}: cortex::pipeline: transaction confirmed on-chain elapsed_ms=2248 block_number=24814113 confirmations=1
2026-04-05T14:34:59.924488Z  INFO ThreadId(16) pipeline{execution_id=863b572b-dc72-4551-bc57-82f422a1a409 chain_id=1 from_address=0xCFA80F1f22b0AD533F7d8e2CcC0A783aa4BCaFF3}: cortex::pipeline: pipeline completed elapsed_ms=2248
2026-04-05T14:34:59.925431Z  INFO ThreadId(03) pipeline{execution_id=0a1d0cdf-c3aa-4d8d-9046-8ce26b9ce369 chain_id=42161 from_address=0xfea6645D31443cF7Cf96eF1dB7823EB9365f98bf}: cortex::pipeline: transaction confirmed on-chain elapsed_ms=2249 block_number=449326573 confirmations=1
2026-04-05T14:34:59.925491Z  INFO ThreadId(03) pipeline{execution_id=0a1d0cdf-c3aa-4d8d-9046-8ce26b9ce369 chain_id=42161 from_address=0xfea6645D31443cF7Cf96eF1dB7823EB9365f98bf}: cortex::pipeline: pipeline completed elapsed_ms=2249
2026-04-05T14:34:59.927901Z  INFO ThreadId(03) pipeline{execution_id=c54b9261-52f0-402d-88f2-50ca1b5b7ec3 chain_id=137 from_address=0xCFA80F1f22b0AD533F7d8e2CcC0A783aa4BCaFF3}: cortex::pipeline: transaction confirmed on-chain elapsed_ms=2252 block_number=85139841 confirmations=1
2026-04-05T14:34:59.927958Z  INFO ThreadId(03) pipeline{execution_id=c54b9261-52f0-402d-88f2-50ca1b5b7ec3 chain_id=137 from_address=0xCFA80F1f22b0AD533F7d8e2CcC0A783aa4BCaFF3}: cortex::pipeline: pipeline completed elapsed_ms=2252
2026-04-05T14:34:59.929209Z  INFO ThreadId(07) pipeline{execution_id=bb28a153-543f-492f-9d65-13bea08000b6 chain_id=1 from_address=0x8b172F820629b14cEAF859A6e159d1BcD3291Fe1}: cortex::pipeline: transaction confirmed on-chain elapsed_ms=2253 block_number=24814115 confirmations=2
2026-04-05T14:34:59.929219Z  INFO ThreadId(03) pipeline{execution_id=4f69ad43-c813-40f8-ab82-da776e708d0b chain_id=137 from_address=0xCFA80F1f22b0AD533F7d8e2CcC0A783aa4BCaFF3}: cortex::pipeline: transaction confirmed on-chain elapsed_ms=2253 block_number=85139841 confirmations=1
2026-04-05T14:34:59.929275Z  INFO ThreadId(07) pipeline{execution_id=bb28a153-543f-492f-9d65-13bea08000b6 chain_id=1 from_address=0x8b172F820629b14cEAF859A6e159d1BcD3291Fe1}: cortex::pipeline: pipeline completed elapsed_ms=2253
2026-04-05T14:34:59.929295Z  INFO ThreadId(03) pipeline{execution_id=4f69ad43-c813-40f8-ab82-da776e708d0b chain_id=137 from_address=0xCFA80F1f22b0AD533F7d8e2CcC0A783aa4BCaFF3}: cortex::pipeline: pipeline completed elapsed_ms=2253
2026-04-05T14:34:59.929390Z  INFO ThreadId(09) pipeline{execution_id=1e82d929-b1f1-42f0-ae53-3dc62bc8d834 chain_id=1 from_address=0xfea6645D31443cF7Cf96eF1dB7823EB9365f98bf}: cortex::pipeline: transaction confirmed on-chain elapsed_ms=2253 block_number=24814114 confirmations=2
2026-04-05T14:34:59.929434Z  INFO ThreadId(09) pipeline{execution_id=1e82d929-b1f1-42f0-ae53-3dc62bc8d834 chain_id=1 from_address=0xfea6645D31443cF7Cf96eF1dB7823EB9365f98bf}: cortex::pipeline: pipeline completed elapsed_ms=2253
2026-04-05T14:34:59.930235Z  INFO ThreadId(11) pipeline{execution_id=f3235736-0175-4252-98ad-3748c7b3865c chain_id=42161 from_address=0x8b172F820629b14cEAF859A6e159d1BcD3291Fe1}: cortex::pipeline: transaction confirmed on-chain elapsed_ms=2253 block_number=449326565 confirmations=2
2026-04-05T14:34:59.930282Z  INFO ThreadId(11) pipeline{execution_id=f3235736-0175-4252-98ad-3748c7b3865c chain_id=42161 from_address=0x8b172F820629b14cEAF859A6e159d1BcD3291Fe1}: cortex::pipeline: pipeline completed elapsed_ms=2253
2026-04-05T14:34:59.932685Z  INFO ThreadId(03) pipeline{execution_id=f101e1ed-2ad7-4623-a3e6-b9ba037f7078 chain_id=42161 from_address=0xCFA80F1f22b0AD533F7d8e2CcC0A783aa4BCaFF3}: cortex::pipeline: transaction confirmed on-chain elapsed_ms=2256 block_number=449326580 confirmations=1
2026-04-05T14:34:59.932690Z  INFO ThreadId(07) pipeline{execution_id=16cd92e8-d4bd-4446-99b0-dbf828449ed1 chain_id=137 from_address=0x2EAC739a1e05F4a05a5B8fD93D332c4353E5A7cD}: cortex::pipeline: transaction confirmed on-chain elapsed_ms=2256 block_number=85139841 confirmations=1
2026-04-05T14:34:59.932751Z  INFO ThreadId(03) pipeline{execution_id=f101e1ed-2ad7-4623-a3e6-b9ba037f7078 chain_id=42161 from_address=0xCFA80F1f22b0AD533F7d8e2CcC0A783aa4BCaFF3}: cortex::pipeline: pipeline completed elapsed_ms=2256
2026-04-05T14:34:59.932771Z  INFO ThreadId(07) pipeline{execution_id=16cd92e8-d4bd-4446-99b0-dbf828449ed1 chain_id=137 from_address=0x2EAC739a1e05F4a05a5B8fD93D332c4353E5A7cD}: cortex::pipeline: pipeline completed elapsed_ms=2256
2026-04-05T14:34:59.934760Z  INFO ThreadId(10) pipeline{execution_id=6ed12513-4ddd-412b-ac45-a47f6871c611 chain_id=1 from_address=0x8b172F820629b14cEAF859A6e159d1BcD3291Fe1}: cortex::pipeline: transaction confirmed on-chain elapsed_ms=2258 block_number=24814115 confirmations=2
2026-04-05T14:34:59.934816Z  INFO ThreadId(10) pipeline{execution_id=6ed12513-4ddd-412b-ac45-a47f6871c611 chain_id=1 from_address=0x8b172F820629b14cEAF859A6e159d1BcD3291Fe1}: cortex::pipeline: pipeline completed elapsed_ms=2258
2026-04-05T14:34:59.935676Z  INFO ThreadId(07) pipeline{execution_id=b2c12086-fdba-41d9-9a2e-db6202b5fdbb chain_id=42161 from_address=0x8b172F820629b14cEAF859A6e159d1BcD3291Fe1}: cortex::pipeline: transaction confirmed on-chain elapsed_ms=2259 block_number=449326566 confirmations=1
2026-04-05T14:34:59.935731Z  INFO ThreadId(07) pipeline{execution_id=b2c12086-fdba-41d9-9a2e-db6202b5fdbb chain_id=42161 from_address=0x8b172F820629b14cEAF859A6e159d1BcD3291Fe1}: cortex::pipeline: pipeline completed elapsed_ms=2259
2026-04-05T14:34:59.936426Z  INFO ThreadId(10) pipeline{execution_id=3c656089-5684-48dc-b724-d0e9fd54a7a7 chain_id=137 from_address=0xCFA80F1f22b0AD533F7d8e2CcC0A783aa4BCaFF3}: cortex::pipeline: transaction confirmed on-chain elapsed_ms=2260 block_number=85139841 confirmations=1
2026-04-05T14:34:59.936484Z  INFO ThreadId(10) pipeline{execution_id=3c656089-5684-48dc-b724-d0e9fd54a7a7 chain_id=137 from_address=0xCFA80F1f22b0AD533F7d8e2CcC0A783aa4BCaFF3}: cortex::pipeline: pipeline completed elapsed_ms=2260
2026-04-05T14:34:59.937591Z  INFO ThreadId(07) pipeline{execution_id=05f370fb-5f52-4c5e-9c68-23d7d9d6e7d6 chain_id=1 from_address=0x2EAC739a1e05F4a05a5B8fD93D332c4353E5A7cD}: cortex::pipeline: transaction confirmed on-chain elapsed_ms=2261 block_number=24814113 confirmations=1
2026-04-05T14:34:59.937642Z  INFO ThreadId(07) pipeline{execution_id=05f370fb-5f52-4c5e-9c68-23d7d9d6e7d6 chain_id=1 from_address=0x2EAC739a1e05F4a05a5B8fD93D332c4353E5A7cD}: cortex::pipeline: pipeline completed elapsed_ms=2261
2026-04-05T14:34:59.938573Z  INFO ThreadId(10) pipeline{execution_id=e1a0648a-34b9-4025-8e9f-d93b979be554 chain_id=1 from_address=0xCFA80F1f22b0AD533F7d8e2CcC0A783aa4BCaFF3}: cortex::pipeline: transaction confirmed on-chain elapsed_ms=2262 block_number=24814113 confirmations=1
2026-04-05T14:34:59.938622Z  INFO ThreadId(10) pipeline{execution_id=e1a0648a-34b9-4025-8e9f-d93b979be554 chain_id=1 from_address=0xCFA80F1f22b0AD533F7d8e2CcC0A783aa4BCaFF3}: cortex::pipeline: pipeline completed elapsed_ms=2262
2026-04-05T14:34:59.939629Z  INFO ThreadId(07) pipeline{execution_id=72b1e922-5080-4931-907c-9f40d14c1af8 chain_id=137 from_address=0x2EAC739a1e05F4a05a5B8fD93D332c4353E5A7cD}: cortex::pipeline: transaction confirmed on-chain elapsed_ms=2263 block_number=85139841 confirmations=1
2026-04-05T14:34:59.939675Z  INFO ThreadId(07) pipeline{execution_id=72b1e922-5080-4931-907c-9f40d14c1af8 chain_id=137 from_address=0x2EAC739a1e05F4a05a5B8fD93D332c4353E5A7cD}: cortex::pipeline: pipeline completed elapsed_ms=2263
2026-04-05T14:34:59.941824Z  INFO ThreadId(10) pipeline{execution_id=abde9434-2ef0-47ba-aa6b-a67a6dcc4bc2 chain_id=1 from_address=0x8b172F820629b14cEAF859A6e159d1BcD3291Fe1}: cortex::pipeline: transaction confirmed on-chain elapsed_ms=2265 block_number=24814115 confirmations=2
2026-04-05T14:34:59.941876Z  INFO ThreadId(10) pipeline{execution_id=abde9434-2ef0-47ba-aa6b-a67a6dcc4bc2 chain_id=1 from_address=0x8b172F820629b14cEAF859A6e159d1BcD3291Fe1}: cortex::pipeline: pipeline completed elapsed_ms=2265
2026-04-05T14:34:59.942671Z  INFO ThreadId(07) pipeline{execution_id=9dd55a20-5909-43f8-8acb-7b259c059e99 chain_id=137 from_address=0x8b172F820629b14cEAF859A6e159d1BcD3291Fe1}: cortex::pipeline: transaction confirmed on-chain elapsed_ms=2265 block_number=85139842 confirmations=1
2026-04-05T14:34:59.942715Z  INFO ThreadId(07) pipeline{execution_id=9dd55a20-5909-43f8-8acb-7b259c059e99 chain_id=137 from_address=0x8b172F820629b14cEAF859A6e159d1BcD3291Fe1}: cortex::pipeline: pipeline completed elapsed_ms=2266
2026-04-05T14:34:59.945351Z  INFO ThreadId(07) pipeline{execution_id=24e779c0-0030-4587-91cf-92b0ba54bd62 chain_id=137 from_address=0x8b172F820629b14cEAF859A6e159d1BcD3291Fe1}: cortex::pipeline: transaction confirmed on-chain elapsed_ms=2268 block_number=85139842 confirmations=1
2026-04-05T14:34:59.945418Z  INFO ThreadId(07) pipeline{execution_id=24e779c0-0030-4587-91cf-92b0ba54bd62 chain_id=137 from_address=0x8b172F820629b14cEAF859A6e159d1BcD3291Fe1}: cortex::pipeline: pipeline completed elapsed_ms=2268
2026-04-05T14:34:59.946287Z  INFO ThreadId(07) pipeline{execution_id=e29d1508-6553-4189-a4fa-fca797ff6b76 chain_id=1 from_address=0x8b172F820629b14cEAF859A6e159d1BcD3291Fe1}: cortex::pipeline: transaction confirmed on-chain elapsed_ms=2269 block_number=24814115 confirmations=2
2026-04-05T14:34:59.946352Z  INFO ThreadId(07) pipeline{execution_id=e29d1508-6553-4189-a4fa-fca797ff6b76 chain_id=1 from_address=0x8b172F820629b14cEAF859A6e159d1BcD3291Fe1}: cortex::pipeline: pipeline completed elapsed_ms=2269
2026-04-05T14:34:59.948366Z  INFO ThreadId(16) pipeline{execution_id=4cb18162-fa97-4906-b8ff-51cc64ffc472 chain_id=137 from_address=0xfea6645D31443cF7Cf96eF1dB7823EB9365f98bf}: cortex::pipeline: transaction confirmed on-chain elapsed_ms=2271 block_number=85139841 confirmations=1
2026-04-05T14:34:59.948400Z  INFO ThreadId(07) pipeline{execution_id=e58be19f-f014-4e10-a610-c503ec9b6af4 chain_id=1 from_address=0x2EAC739a1e05F4a05a5B8fD93D332c4353E5A7cD}: cortex::pipeline: transaction confirmed on-chain elapsed_ms=2272 block_number=24814113 confirmations=1
2026-04-05T14:34:59.948412Z  INFO ThreadId(16) pipeline{execution_id=4cb18162-fa97-4906-b8ff-51cc64ffc472 chain_id=137 from_address=0xfea6645D31443cF7Cf96eF1dB7823EB9365f98bf}: cortex::pipeline: pipeline completed elapsed_ms=2271
2026-04-05T14:34:59.948426Z  INFO ThreadId(07) pipeline{execution_id=e58be19f-f014-4e10-a610-c503ec9b6af4 chain_id=1 from_address=0x2EAC739a1e05F4a05a5B8fD93D332c4353E5A7cD}: cortex::pipeline: pipeline completed elapsed_ms=2272
2026-04-05T14:34:59.950864Z  INFO ThreadId(10) pipeline{execution_id=04fc3d69-2aa3-4c49-bf73-ac897e53b8ec chain_id=1 from_address=0x2EAC739a1e05F4a05a5B8fD93D332c4353E5A7cD}: cortex::pipeline: transaction confirmed on-chain elapsed_ms=2274 block_number=24814113 confirmations=1
2026-04-05T14:34:59.950921Z  INFO ThreadId(10) pipeline{execution_id=04fc3d69-2aa3-4c49-bf73-ac897e53b8ec chain_id=1 from_address=0x2EAC739a1e05F4a05a5B8fD93D332c4353E5A7cD}: cortex::pipeline: pipeline completed elapsed_ms=2274
2026-04-05T14:34:59.953291Z  INFO ThreadId(16) pipeline{execution_id=ee5aff92-89c0-478a-bafe-484ca75acda5 chain_id=137 from_address=0xfea6645D31443cF7Cf96eF1dB7823EB9365f98bf}: cortex::pipeline: transaction confirmed on-chain elapsed_ms=2276 block_number=85139841 confirmations=1
2026-04-05T14:34:59.953359Z  INFO ThreadId(16) pipeline{execution_id=ee5aff92-89c0-478a-bafe-484ca75acda5 chain_id=137 from_address=0xfea6645D31443cF7Cf96eF1dB7823EB9365f98bf}: cortex::pipeline: pipeline completed elapsed_ms=2276
2026-04-05T14:34:59.953596Z  INFO ThreadId(10) pipeline{execution_id=7dab7d92-5827-4dc7-86a9-33b5435ab962 chain_id=1 from_address=0xCFA80F1f22b0AD533F7d8e2CcC0A783aa4BCaFF3}: cortex::pipeline: transaction confirmed on-chain elapsed_ms=2276 block_number=24814113 confirmations=1
2026-04-05T14:34:59.953644Z  INFO ThreadId(10) pipeline{execution_id=7dab7d92-5827-4dc7-86a9-33b5435ab962 chain_id=1 from_address=0xCFA80F1f22b0AD533F7d8e2CcC0A783aa4BCaFF3}: cortex::pipeline: pipeline completed elapsed_ms=2276
2026-04-05T14:34:59.954201Z  INFO ThreadId(16) pipeline{execution_id=ac359539-b2f8-4756-833f-228bd401c8b9 chain_id=137 from_address=0xfea6645D31443cF7Cf96eF1dB7823EB9365f98bf}: cortex::pipeline: transaction confirmed on-chain elapsed_ms=2277 block_number=85139841 confirmations=1
2026-04-05T14:34:59.954242Z  INFO ThreadId(16) pipeline{execution_id=ac359539-b2f8-4756-833f-228bd401c8b9 chain_id=137 from_address=0xfea6645D31443cF7Cf96eF1dB7823EB9365f98bf}: cortex::pipeline: pipeline completed elapsed_ms=2277
2026-04-05T14:34:59.956004Z  INFO ThreadId(10) pipeline{execution_id=2a6a0394-a8db-434a-a7c4-3f1739a1169c chain_id=137 from_address=0x8AfE43fF49EBd5c4B8Cd1497ee77b437dd1711fc}: cortex::pipeline: transaction confirmed on-chain elapsed_ms=2279 block_number=85139841 confirmations=1
2026-04-05T14:34:59.956038Z  INFO ThreadId(10) pipeline{execution_id=2a6a0394-a8db-434a-a7c4-3f1739a1169c chain_id=137 from_address=0x8AfE43fF49EBd5c4B8Cd1497ee77b437dd1711fc}: cortex::pipeline: pipeline completed elapsed_ms=2279
2026-04-05T14:34:59.958619Z  INFO ThreadId(11) pipeline{execution_id=502cf952-3566-441e-8e45-462984535698 chain_id=137 from_address=0xCFA80F1f22b0AD533F7d8e2CcC0A783aa4BCaFF3}: cortex::pipeline: transaction confirmed on-chain elapsed_ms=2281 block_number=85139841 confirmations=1
2026-04-05T14:34:59.958652Z  INFO ThreadId(10) pipeline{execution_id=fd1f1c6a-bcfd-4399-bca3-8be947b65380 chain_id=1 from_address=0x2EAC739a1e05F4a05a5B8fD93D332c4353E5A7cD}: cortex::pipeline: transaction confirmed on-chain elapsed_ms=2281 block_number=24814113 confirmations=1
2026-04-05T14:34:59.958666Z  INFO ThreadId(11) pipeline{execution_id=502cf952-3566-441e-8e45-462984535698 chain_id=137 from_address=0xCFA80F1f22b0AD533F7d8e2CcC0A783aa4BCaFF3}: cortex::pipeline: pipeline completed elapsed_ms=2281
2026-04-05T14:34:59.958693Z  INFO ThreadId(10) pipeline{execution_id=fd1f1c6a-bcfd-4399-bca3-8be947b65380 chain_id=1 from_address=0x2EAC739a1e05F4a05a5B8fD93D332c4353E5A7cD}: cortex::pipeline: pipeline completed elapsed_ms=2281
2026-04-05T14:34:59.959262Z  INFO ThreadId(10) pipeline{execution_id=0550ec4c-11c0-49fd-8824-736a379b3a1f chain_id=1 from_address=0x8AfE43fF49EBd5c4B8Cd1497ee77b437dd1711fc}: cortex::pipeline: transaction confirmed on-chain elapsed_ms=2282 block_number=24814114 confirmations=2
2026-04-05T14:34:59.959330Z  INFO ThreadId(10) pipeline{execution_id=0550ec4c-11c0-49fd-8824-736a379b3a1f chain_id=1 from_address=0x8AfE43fF49EBd5c4B8Cd1497ee77b437dd1711fc}: cortex::pipeline: pipeline completed elapsed_ms=2282
2026-04-05T14:34:59.961331Z  INFO ThreadId(07) pipeline{execution_id=9476b498-6616-4629-b156-01ec674d8d03 chain_id=137 from_address=0x8b172F820629b14cEAF859A6e159d1BcD3291Fe1}: cortex::pipeline: transaction confirmed on-chain elapsed_ms=2284 block_number=85139842 confirmations=1
2026-04-05T14:34:59.961376Z  INFO ThreadId(07) pipeline{execution_id=9476b498-6616-4629-b156-01ec674d8d03 chain_id=137 from_address=0x8b172F820629b14cEAF859A6e159d1BcD3291Fe1}: cortex::pipeline: pipeline completed elapsed_ms=2284
2026-04-05T14:34:59.963652Z  INFO ThreadId(07) pipeline{execution_id=86ef76c7-5358-4c1b-b27c-69d7c4ddb148 chain_id=1 from_address=0x2EAC739a1e05F4a05a5B8fD93D332c4353E5A7cD}: cortex::pipeline: transaction confirmed on-chain elapsed_ms=2286 block_number=24814113 confirmations=1
2026-04-05T14:34:59.963695Z  INFO ThreadId(07) pipeline{execution_id=86ef76c7-5358-4c1b-b27c-69d7c4ddb148 chain_id=1 from_address=0x2EAC739a1e05F4a05a5B8fD93D332c4353E5A7cD}: cortex::pipeline: pipeline completed elapsed_ms=2286
2026-04-05T14:34:59.963849Z  INFO ThreadId(11) pipeline{execution_id=a9b75ab4-a36b-4408-890d-f871e52a9efb chain_id=137 from_address=0x8b172F820629b14cEAF859A6e159d1BcD3291Fe1}: cortex::pipeline: transaction confirmed on-chain elapsed_ms=2286 block_number=85139842 confirmations=1
2026-04-05T14:34:59.963887Z  INFO ThreadId(11) pipeline{execution_id=a9b75ab4-a36b-4408-890d-f871e52a9efb chain_id=137 from_address=0x8b172F820629b14cEAF859A6e159d1BcD3291Fe1}: cortex::pipeline: pipeline completed elapsed_ms=2286
2026-04-05T14:34:59.964653Z  INFO ThreadId(10) pipeline{execution_id=f688969c-2d73-4a16-b089-7be65cf9d3d6 chain_id=1 from_address=0x8b172F820629b14cEAF859A6e159d1BcD3291Fe1}: cortex::pipeline: transaction confirmed on-chain elapsed_ms=2287 block_number=24814116 confirmations=1
2026-04-05T14:34:59.964698Z  INFO ThreadId(10) pipeline{execution_id=f688969c-2d73-4a16-b089-7be65cf9d3d6 chain_id=1 from_address=0x8b172F820629b14cEAF859A6e159d1BcD3291Fe1}: cortex::pipeline: pipeline completed elapsed_ms=2287
2026-04-05T14:34:59.966412Z  INFO ThreadId(16) pipeline{execution_id=c2fec9d7-fd1a-4d88-9613-0b76e90ef21a chain_id=137 from_address=0x8b172F820629b14cEAF859A6e159d1BcD3291Fe1}: cortex::pipeline: transaction confirmed on-chain elapsed_ms=2289 block_number=85139842 confirmations=1
2026-04-05T14:34:59.966460Z  INFO ThreadId(16) pipeline{execution_id=c2fec9d7-fd1a-4d88-9613-0b76e90ef21a chain_id=137 from_address=0x8b172F820629b14cEAF859A6e159d1BcD3291Fe1}: cortex::pipeline: pipeline completed elapsed_ms=2289
2026-04-05T14:34:59.966463Z  INFO ThreadId(09) pipeline{execution_id=911bd503-b4d3-432f-8b40-620730c935fc chain_id=1 from_address=0xCFA80F1f22b0AD533F7d8e2CcC0A783aa4BCaFF3}: cortex::pipeline: transaction confirmed on-chain elapsed_ms=2289 block_number=24814113 confirmations=1
2026-04-05T14:34:59.966501Z  INFO ThreadId(09) pipeline{execution_id=911bd503-b4d3-432f-8b40-620730c935fc chain_id=1 from_address=0xCFA80F1f22b0AD533F7d8e2CcC0A783aa4BCaFF3}: cortex::pipeline: pipeline completed elapsed_ms=2289
2026-04-05T14:34:59.968826Z  INFO ThreadId(07) pipeline{execution_id=252d7fcf-eb8c-4bf2-b40d-efad2f51bd07 chain_id=1 from_address=0xfea6645D31443cF7Cf96eF1dB7823EB9365f98bf}: cortex::pipeline: transaction confirmed on-chain elapsed_ms=2291 block_number=24814115 confirmations=1
2026-04-05T14:34:59.968873Z  INFO ThreadId(07) pipeline{execution_id=252d7fcf-eb8c-4bf2-b40d-efad2f51bd07 chain_id=1 from_address=0xfea6645D31443cF7Cf96eF1dB7823EB9365f98bf}: cortex::pipeline: pipeline completed elapsed_ms=2291
2026-04-05T14:34:59.969439Z  INFO ThreadId(09) pipeline{execution_id=09096b86-891d-42aa-b99a-bcb4db31ca64 chain_id=137 from_address=0xCFA80F1f22b0AD533F7d8e2CcC0A783aa4BCaFF3}: cortex::pipeline: transaction confirmed on-chain elapsed_ms=2292 block_number=85139841 confirmations=1
2026-04-05T14:34:59.969491Z  INFO ThreadId(09) pipeline{execution_id=09096b86-891d-42aa-b99a-bcb4db31ca64 chain_id=137 from_address=0xCFA80F1f22b0AD533F7d8e2CcC0A783aa4BCaFF3}: cortex::pipeline: pipeline completed elapsed_ms=2292
2026-04-05T14:34:59.970990Z  INFO ThreadId(09) pipeline{execution_id=ca2faee7-13bc-4b89-9c8b-2d4069c0e430 chain_id=1 from_address=0x8AfE43fF49EBd5c4B8Cd1497ee77b437dd1711fc}: cortex::pipeline: transaction confirmed on-chain elapsed_ms=2293 block_number=24814115 confirmations=1
2026-04-05T14:34:59.971026Z  INFO ThreadId(09) pipeline{execution_id=ca2faee7-13bc-4b89-9c8b-2d4069c0e430 chain_id=1 from_address=0x8AfE43fF49EBd5c4B8Cd1497ee77b437dd1711fc}: cortex::pipeline: pipeline completed elapsed_ms=2293
2026-04-05T14:34:59.971966Z  INFO ThreadId(11) pipeline{execution_id=e9436ca4-710e-4036-a7f9-11e219ea890c chain_id=137 from_address=0xfea6645D31443cF7Cf96eF1dB7823EB9365f98bf}: cortex::pipeline: transaction confirmed on-chain elapsed_ms=2294 block_number=85139841 confirmations=1
2026-04-05T14:34:59.972011Z  INFO ThreadId(11) pipeline{execution_id=e9436ca4-710e-4036-a7f9-11e219ea890c chain_id=137 from_address=0xfea6645D31443cF7Cf96eF1dB7823EB9365f98bf}: cortex::pipeline: pipeline completed elapsed_ms=2294
2026-04-05T14:34:59.973399Z  INFO ThreadId(11) pipeline{execution_id=d3cb766c-35e9-4e9a-8540-4eb5b94dded7 chain_id=1 from_address=0x8b172F820629b14cEAF859A6e159d1BcD3291Fe1}: cortex::pipeline: transaction confirmed on-chain elapsed_ms=2296 block_number=24814116 confirmations=1
2026-04-05T14:34:59.973438Z  INFO ThreadId(11) pipeline{execution_id=d3cb766c-35e9-4e9a-8540-4eb5b94dded7 chain_id=1 from_address=0x8b172F820629b14cEAF859A6e159d1BcD3291Fe1}: cortex::pipeline: pipeline completed elapsed_ms=2296
2026-04-05T14:34:59.974483Z  INFO ThreadId(10) pipeline{execution_id=025d7857-3cb5-4c45-8689-ac335ff35789 chain_id=137 from_address=0x8AfE43fF49EBd5c4B8Cd1497ee77b437dd1711fc}: cortex::pipeline: transaction confirmed on-chain elapsed_ms=2297 block_number=85139841 confirmations=1
2026-04-05T14:34:59.974581Z  INFO ThreadId(10) pipeline{execution_id=025d7857-3cb5-4c45-8689-ac335ff35789 chain_id=137 from_address=0x8AfE43fF49EBd5c4B8Cd1497ee77b437dd1711fc}: cortex::pipeline: pipeline completed elapsed_ms=2297
2026-04-05T14:34:59.975590Z  INFO ThreadId(10) pipeline{execution_id=4ac0e4a9-0fe0-40c4-b942-13d41a09e7c1 chain_id=1 from_address=0x2EAC739a1e05F4a05a5B8fD93D332c4353E5A7cD}: cortex::pipeline: transaction confirmed on-chain elapsed_ms=2298 block_number=24814113 confirmations=1
2026-04-05T14:34:59.975623Z  INFO ThreadId(10) pipeline{execution_id=4ac0e4a9-0fe0-40c4-b942-13d41a09e7c1 chain_id=1 from_address=0x2EAC739a1e05F4a05a5B8fD93D332c4353E5A7cD}: cortex::pipeline: pipeline completed elapsed_ms=2298
2026-04-05T14:34:59.976884Z  INFO ThreadId(07) pipeline{execution_id=73d4e5e3-c667-4b00-afcb-7c216b0231f5 chain_id=137 from_address=0xfea6645D31443cF7Cf96eF1dB7823EB9365f98bf}: cortex::pipeline: transaction confirmed on-chain elapsed_ms=2299 block_number=85139841 confirmations=1
2026-04-05T14:34:59.976916Z  INFO ThreadId(07) pipeline{execution_id=73d4e5e3-c667-4b00-afcb-7c216b0231f5 chain_id=137 from_address=0xfea6645D31443cF7Cf96eF1dB7823EB9365f98bf}: cortex::pipeline: pipeline completed elapsed_ms=2299
2026-04-05T14:34:59.977945Z  INFO ThreadId(10) pipeline{execution_id=39bc186f-100f-4bdf-a6d0-783eda82aec2 chain_id=1 from_address=0x8b172F820629b14cEAF859A6e159d1BcD3291Fe1}: cortex::pipeline: transaction confirmed on-chain elapsed_ms=2300 block_number=24814116 confirmations=1
2026-04-05T14:34:59.977983Z  INFO ThreadId(10) pipeline{execution_id=39bc186f-100f-4bdf-a6d0-783eda82aec2 chain_id=1 from_address=0x8b172F820629b14cEAF859A6e159d1BcD3291Fe1}: cortex::pipeline: pipeline completed elapsed_ms=2300
2026-04-05T14:34:59.979632Z  INFO ThreadId(10) pipeline{execution_id=52a59a4c-3ff7-458c-b719-f004d32455ee chain_id=137 from_address=0xfea6645D31443cF7Cf96eF1dB7823EB9365f98bf}: cortex::pipeline: transaction confirmed on-chain elapsed_ms=2302 block_number=85139841 confirmations=1
2026-04-05T14:34:59.979694Z  INFO ThreadId(10) pipeline{execution_id=52a59a4c-3ff7-458c-b719-f004d32455ee chain_id=137 from_address=0xfea6645D31443cF7Cf96eF1dB7823EB9365f98bf}: cortex::pipeline: pipeline completed elapsed_ms=2302
2026-04-05T14:34:59.980439Z  INFO ThreadId(16) pipeline{execution_id=e770c658-efd0-441d-bcbd-a8ef795e543f chain_id=1 from_address=0xCFA80F1f22b0AD533F7d8e2CcC0A783aa4BCaFF3}: cortex::pipeline: transaction confirmed on-chain elapsed_ms=2303 block_number=24814113 confirmations=1
2026-04-05T14:34:59.980473Z  INFO ThreadId(16) pipeline{execution_id=e770c658-efd0-441d-bcbd-a8ef795e543f chain_id=1 from_address=0xCFA80F1f22b0AD533F7d8e2CcC0A783aa4BCaFF3}: cortex::pipeline: pipeline completed elapsed_ms=2303
2026-04-05T14:34:59.982168Z  INFO ThreadId(10) pipeline{execution_id=8fd0967b-4ca9-42df-9ecb-9c17c8d596b3 chain_id=137 from_address=0xfea6645D31443cF7Cf96eF1dB7823EB9365f98bf}: cortex::pipeline: transaction confirmed on-chain elapsed_ms=2304 block_number=85139841 confirmations=1
2026-04-05T14:34:59.982201Z  INFO ThreadId(10) pipeline{execution_id=8fd0967b-4ca9-42df-9ecb-9c17c8d596b3 chain_id=137 from_address=0xfea6645D31443cF7Cf96eF1dB7823EB9365f98bf}: cortex::pipeline: pipeline completed elapsed_ms=2304
2026-04-05T14:34:59.982921Z  INFO ThreadId(10) pipeline{execution_id=c609ca17-061d-48bf-b9a7-b4edfb0ad793 chain_id=1 from_address=0x2EAC739a1e05F4a05a5B8fD93D332c4353E5A7cD}: cortex::pipeline: transaction confirmed on-chain elapsed_ms=2305 block_number=24814113 confirmations=1
2026-04-05T14:34:59.982953Z  INFO ThreadId(10) pipeline{execution_id=c609ca17-061d-48bf-b9a7-b4edfb0ad793 chain_id=1 from_address=0x2EAC739a1e05F4a05a5B8fD93D332c4353E5A7cD}: cortex::pipeline: pipeline completed elapsed_ms=2305
2026-04-05T14:34:59.984162Z  INFO ThreadId(10) pipeline{execution_id=29f26dee-a773-437f-a08a-909bcee4a9fe chain_id=137 from_address=0x2EAC739a1e05F4a05a5B8fD93D332c4353E5A7cD}: cortex::pipeline: transaction confirmed on-chain elapsed_ms=2306 block_number=85139841 confirmations=1
2026-04-05T14:34:59.984214Z  INFO ThreadId(10) pipeline{execution_id=29f26dee-a773-437f-a08a-909bcee4a9fe chain_id=137 from_address=0x2EAC739a1e05F4a05a5B8fD93D332c4353E5A7cD}: cortex::pipeline: pipeline completed elapsed_ms=2306
2026-04-05T14:34:59.985000Z  INFO ThreadId(10) pipeline{execution_id=c76d8410-a9a5-4a25-9c77-f0d224809b3f chain_id=1 from_address=0x8AfE43fF49EBd5c4B8Cd1497ee77b437dd1711fc}: cortex::pipeline: transaction confirmed on-chain elapsed_ms=2307 block_number=24814115 confirmations=1
2026-04-05T14:34:59.985045Z  INFO ThreadId(10) pipeline{execution_id=c76d8410-a9a5-4a25-9c77-f0d224809b3f chain_id=1 from_address=0x8AfE43fF49EBd5c4B8Cd1497ee77b437dd1711fc}: cortex::pipeline: pipeline completed elapsed_ms=2307
2026-04-05T14:34:59.986955Z  INFO ThreadId(16) pipeline{execution_id=9ede1d89-07b0-4238-a147-9253ada82aa9 chain_id=137 from_address=0x8AfE43fF49EBd5c4B8Cd1497ee77b437dd1711fc}: cortex::pipeline: transaction confirmed on-chain elapsed_ms=2309 block_number=85139841 confirmations=1
2026-04-05T14:34:59.987015Z  INFO ThreadId(16) pipeline{execution_id=9ede1d89-07b0-4238-a147-9253ada82aa9 chain_id=137 from_address=0x8AfE43fF49EBd5c4B8Cd1497ee77b437dd1711fc}: cortex::pipeline: pipeline completed elapsed_ms=2309
2026-04-05T14:34:59.987726Z  INFO ThreadId(10) pipeline{execution_id=17219a99-ebfc-480c-853d-217fe7740c71 chain_id=1 from_address=0xfea6645D31443cF7Cf96eF1dB7823EB9365f98bf}: cortex::pipeline: transaction confirmed on-chain elapsed_ms=2309 block_number=24814115 confirmations=1
2026-04-05T14:34:59.987770Z  INFO ThreadId(10) pipeline{execution_id=17219a99-ebfc-480c-853d-217fe7740c71 chain_id=1 from_address=0xfea6645D31443cF7Cf96eF1dB7823EB9365f98bf}: cortex::pipeline: pipeline completed elapsed_ms=2310
2026-04-05T14:34:59.989071Z  INFO ThreadId(16) pipeline{execution_id=c57fae4a-400d-45c4-b381-dd7143e82a5a chain_id=137 from_address=0x2EAC739a1e05F4a05a5B8fD93D332c4353E5A7cD}: cortex::pipeline: transaction confirmed on-chain elapsed_ms=2311 block_number=85139841 confirmations=1
2026-04-05T14:34:59.989114Z  INFO ThreadId(16) pipeline{execution_id=c57fae4a-400d-45c4-b381-dd7143e82a5a chain_id=137 from_address=0x2EAC739a1e05F4a05a5B8fD93D332c4353E5A7cD}: cortex::pipeline: pipeline completed elapsed_ms=2311
2026-04-05T14:34:59.989787Z  INFO ThreadId(09) pipeline{execution_id=49c3252e-e91b-4173-91b8-fb60e10c719d chain_id=1 from_address=0x8b172F820629b14cEAF859A6e159d1BcD3291Fe1}: cortex::pipeline: transaction confirmed on-chain elapsed_ms=2312 block_number=24814116 confirmations=1
2026-04-05T14:34:59.989824Z  INFO ThreadId(09) pipeline{execution_id=49c3252e-e91b-4173-91b8-fb60e10c719d chain_id=1 from_address=0x8b172F820629b14cEAF859A6e159d1BcD3291Fe1}: cortex::pipeline: pipeline completed elapsed_ms=2312
2026-04-05T14:34:59.992105Z  INFO ThreadId(09) pipeline{execution_id=500e6f08-dc41-44f3-8f07-e18bbb0392f8 chain_id=137 from_address=0x8b172F820629b14cEAF859A6e159d1BcD3291Fe1}: cortex::pipeline: transaction confirmed on-chain elapsed_ms=2314 block_number=85139842 confirmations=1
2026-04-05T14:34:59.992153Z  INFO ThreadId(09) pipeline{execution_id=500e6f08-dc41-44f3-8f07-e18bbb0392f8 chain_id=137 from_address=0x8b172F820629b14cEAF859A6e159d1BcD3291Fe1}: cortex::pipeline: pipeline completed elapsed_ms=2314
2026-04-05T14:34:59.992842Z  INFO ThreadId(10) pipeline{execution_id=4c656bd0-f6df-495b-99f5-5d4b6aa11fdb chain_id=1 from_address=0x8b172F820629b14cEAF859A6e159d1BcD3291Fe1}: cortex::pipeline: transaction confirmed on-chain elapsed_ms=2315 block_number=24814116 confirmations=1
2026-04-05T14:34:59.992903Z  INFO ThreadId(10) pipeline{execution_id=4c656bd0-f6df-495b-99f5-5d4b6aa11fdb chain_id=1 from_address=0x8b172F820629b14cEAF859A6e159d1BcD3291Fe1}: cortex::pipeline: pipeline completed elapsed_ms=2315
2026-04-05T14:34:59.996008Z  INFO ThreadId(07) pipeline{execution_id=6ce280fa-125b-4f70-9381-5c233367294c chain_id=137 from_address=0xCFA80F1f22b0AD533F7d8e2CcC0A783aa4BCaFF3}: cortex::pipeline: transaction confirmed on-chain elapsed_ms=2318 block_number=85139841 confirmations=1
2026-04-05T14:34:59.996007Z  INFO ThreadId(10) pipeline{execution_id=861bc838-3d78-4363-9cde-e6eeaa9dd255 chain_id=1 from_address=0x8b172F820629b14cEAF859A6e159d1BcD3291Fe1}: cortex::pipeline: transaction confirmed on-chain elapsed_ms=2318 block_number=24814116 confirmations=1
2026-04-05T14:34:59.996091Z  INFO ThreadId(07) pipeline{execution_id=6ce280fa-125b-4f70-9381-5c233367294c chain_id=137 from_address=0xCFA80F1f22b0AD533F7d8e2CcC0A783aa4BCaFF3}: cortex::pipeline: pipeline completed elapsed_ms=2318
2026-04-05T14:34:59.996113Z  INFO ThreadId(10) pipeline{execution_id=861bc838-3d78-4363-9cde-e6eeaa9dd255 chain_id=1 from_address=0x8b172F820629b14cEAF859A6e159d1BcD3291Fe1}: cortex::pipeline: pipeline completed elapsed_ms=2318
2026-04-05T14:35:00.001856Z  INFO ThreadId(10) pipeline{execution_id=dcf71d2d-cef5-4b18-8630-01b770ffb626 chain_id=1 from_address=0x8b172F820629b14cEAF859A6e159d1BcD3291Fe1}: cortex::pipeline: transaction confirmed on-chain elapsed_ms=2323 block_number=24814116 confirmations=1
2026-04-05T14:35:00.001856Z  INFO ThreadId(11) pipeline{execution_id=d4930676-4169-4732-9fbf-05a1cb959b3a chain_id=137 from_address=0x8AfE43fF49EBd5c4B8Cd1497ee77b437dd1711fc}: cortex::pipeline: transaction confirmed on-chain elapsed_ms=2324 block_number=85139841 confirmations=1
2026-04-05T14:35:00.001984Z  INFO ThreadId(10) pipeline{execution_id=dcf71d2d-cef5-4b18-8630-01b770ffb626 chain_id=1 from_address=0x8b172F820629b14cEAF859A6e159d1BcD3291Fe1}: cortex::pipeline: pipeline completed elapsed_ms=2323
2026-04-05T14:35:00.002008Z  INFO ThreadId(11) pipeline{execution_id=d4930676-4169-4732-9fbf-05a1cb959b3a chain_id=137 from_address=0x8AfE43fF49EBd5c4B8Cd1497ee77b437dd1711fc}: cortex::pipeline: pipeline completed elapsed_ms=2324
2026-04-05T14:35:00.007349Z  INFO ThreadId(10) pipeline{execution_id=7e175645-ddfa-4b3d-a6ba-fbae9686b8ad chain_id=1 from_address=0x2EAC739a1e05F4a05a5B8fD93D332c4353E5A7cD}: cortex::pipeline: transaction confirmed on-chain elapsed_ms=2329 block_number=24814113 confirmations=1
2026-04-05T14:35:00.008491Z  INFO ThreadId(10) pipeline{execution_id=7e175645-ddfa-4b3d-a6ba-fbae9686b8ad chain_id=1 from_address=0x2EAC739a1e05F4a05a5B8fD93D332c4353E5A7cD}: cortex::pipeline: pipeline completed elapsed_ms=2330
2026-04-05T14:35:00.012223Z  INFO ThreadId(09) pipeline{execution_id=8e6fad68-ea5e-4228-83f1-fdd36f00fb01 chain_id=137 from_address=0xCFA80F1f22b0AD533F7d8e2CcC0A783aa4BCaFF3}: cortex::pipeline: transaction confirmed on-chain elapsed_ms=2334 block_number=85139841 confirmations=1
2026-04-05T14:35:00.012293Z  INFO ThreadId(09) pipeline{execution_id=8e6fad68-ea5e-4228-83f1-fdd36f00fb01 chain_id=137 from_address=0xCFA80F1f22b0AD533F7d8e2CcC0A783aa4BCaFF3}: cortex::pipeline: pipeline completed elapsed_ms=2334
2026-04-05T14:35:00.012580Z  INFO ThreadId(09) pipeline{execution_id=fdac0e28-0133-4bbe-bd4c-2fc91e88faf7 chain_id=1 from_address=0x8AfE43fF49EBd5c4B8Cd1497ee77b437dd1711fc}: cortex::pipeline: transaction confirmed on-chain elapsed_ms=2334 block_number=24814115 confirmations=1
2026-04-05T14:35:00.012627Z  INFO ThreadId(09) pipeline{execution_id=fdac0e28-0133-4bbe-bd4c-2fc91e88faf7 chain_id=1 from_address=0x8AfE43fF49EBd5c4B8Cd1497ee77b437dd1711fc}: cortex::pipeline: pipeline completed elapsed_ms=2334
2026-04-05T14:35:00.013287Z  INFO ThreadId(09) pipeline{execution_id=3eaf9209-4dee-4a0a-9bda-289643d336a7 chain_id=137 from_address=0xCFA80F1f22b0AD533F7d8e2CcC0A783aa4BCaFF3}: cortex::pipeline: transaction confirmed on-chain elapsed_ms=2335 block_number=85139841 confirmations=1
2026-04-05T14:35:00.013367Z  INFO ThreadId(09) pipeline{execution_id=3eaf9209-4dee-4a0a-9bda-289643d336a7 chain_id=137 from_address=0xCFA80F1f22b0AD533F7d8e2CcC0A783aa4BCaFF3}: cortex::pipeline: pipeline completed elapsed_ms=2335
2026-04-05T14:35:00.015824Z  INFO ThreadId(10) pipeline{execution_id=d3458d64-6760-4c68-9960-1640f11905a4 chain_id=1 from_address=0x2EAC739a1e05F4a05a5B8fD93D332c4353E5A7cD}: cortex::pipeline: transaction confirmed on-chain elapsed_ms=2337 block_number=24814113 confirmations=1
2026-04-05T14:35:00.015892Z  INFO ThreadId(10) pipeline{execution_id=d3458d64-6760-4c68-9960-1640f11905a4 chain_id=1 from_address=0x2EAC739a1e05F4a05a5B8fD93D332c4353E5A7cD}: cortex::pipeline: pipeline completed elapsed_ms=2337
2026-04-05T14:35:00.017277Z  INFO ThreadId(10) pipeline{execution_id=2b2ba8e3-9a20-4ef6-a456-49129f133c03 chain_id=137 from_address=0x2EAC739a1e05F4a05a5B8fD93D332c4353E5A7cD}: cortex::pipeline: transaction confirmed on-chain elapsed_ms=2339 block_number=85139841 confirmations=1
2026-04-05T14:35:00.017488Z  INFO ThreadId(10) pipeline{execution_id=2b2ba8e3-9a20-4ef6-a456-49129f133c03 chain_id=137 from_address=0x2EAC739a1e05F4a05a5B8fD93D332c4353E5A7cD}: cortex::pipeline: pipeline completed elapsed_ms=2339
2026-04-05T14:35:00.019691Z  INFO ThreadId(07) pipeline{execution_id=9d097808-1582-4642-a38b-6e028901b177 chain_id=1 from_address=0x2EAC739a1e05F4a05a5B8fD93D332c4353E5A7cD}: cortex::pipeline: transaction confirmed on-chain elapsed_ms=2341 block_number=24814113 confirmations=1
2026-04-05T14:35:00.019743Z  INFO ThreadId(07) pipeline{execution_id=9d097808-1582-4642-a38b-6e028901b177 chain_id=1 from_address=0x2EAC739a1e05F4a05a5B8fD93D332c4353E5A7cD}: cortex::pipeline: pipeline completed elapsed_ms=2341
2026-04-05T14:35:00.023737Z  INFO ThreadId(07) pipeline{execution_id=1711ddff-6e12-47ef-8aa0-791fc98a7869 chain_id=137 from_address=0xCFA80F1f22b0AD533F7d8e2CcC0A783aa4BCaFF3}: cortex::pipeline: transaction confirmed on-chain elapsed_ms=2345 block_number=85139841 confirmations=1
2026-04-05T14:35:00.023809Z  INFO ThreadId(07) pipeline{execution_id=1711ddff-6e12-47ef-8aa0-791fc98a7869 chain_id=137 from_address=0xCFA80F1f22b0AD533F7d8e2CcC0A783aa4BCaFF3}: cortex::pipeline: pipeline completed elapsed_ms=2345
2026-04-05T14:35:00.024787Z  INFO ThreadId(16) pipeline{execution_id=0946602b-83e7-4238-a1f1-271b0a61b639 chain_id=1 from_address=0x8AfE43fF49EBd5c4B8Cd1497ee77b437dd1711fc}: cortex::pipeline: transaction confirmed on-chain elapsed_ms=2346 block_number=24814115 confirmations=1
2026-04-05T14:35:00.024877Z  INFO ThreadId(16) pipeline{execution_id=0946602b-83e7-4238-a1f1-271b0a61b639 chain_id=1 from_address=0x8AfE43fF49EBd5c4B8Cd1497ee77b437dd1711fc}: cortex::pipeline: pipeline completed elapsed_ms=2346
2026-04-05T14:35:00.028234Z  INFO ThreadId(09) pipeline{execution_id=20aaf8c0-3118-484f-a409-490002945d65 chain_id=137 from_address=0xfea6645D31443cF7Cf96eF1dB7823EB9365f98bf}: cortex::pipeline: transaction confirmed on-chain elapsed_ms=2350 block_number=85139841 confirmations=1
2026-04-05T14:35:00.028297Z  INFO ThreadId(09) pipeline{execution_id=20aaf8c0-3118-484f-a409-490002945d65 chain_id=137 from_address=0xfea6645D31443cF7Cf96eF1dB7823EB9365f98bf}: cortex::pipeline: pipeline completed elapsed_ms=2350
2026-04-05T14:35:00.032265Z  INFO ThreadId(07) pipeline{execution_id=a352e8ff-87c7-400f-9143-1db6fb82d2c3 chain_id=137 from_address=0xfea6645D31443cF7Cf96eF1dB7823EB9365f98bf}: cortex::pipeline: transaction confirmed on-chain elapsed_ms=2354 block_number=85139841 confirmations=1
2026-04-05T14:35:00.032354Z  INFO ThreadId(07) pipeline{execution_id=a352e8ff-87c7-400f-9143-1db6fb82d2c3 chain_id=137 from_address=0xfea6645D31443cF7Cf96eF1dB7823EB9365f98bf}: cortex::pipeline: pipeline completed elapsed_ms=2354
2026-04-05T14:35:00.032405Z  INFO ThreadId(16) pipeline{execution_id=feb859bb-6dc2-43c0-ad37-7ba41ace2bb9 chain_id=1 from_address=0x2EAC739a1e05F4a05a5B8fD93D332c4353E5A7cD}: cortex::pipeline: transaction confirmed on-chain elapsed_ms=2353 block_number=24814113 confirmations=1
2026-04-05T14:35:00.032440Z  INFO ThreadId(16) pipeline{execution_id=feb859bb-6dc2-43c0-ad37-7ba41ace2bb9 chain_id=1 from_address=0x2EAC739a1e05F4a05a5B8fD93D332c4353E5A7cD}: cortex::pipeline: pipeline completed elapsed_ms=2353
2026-04-05T14:35:00.034988Z  INFO ThreadId(07) pipeline{execution_id=0f1d18c6-b624-4d2b-b97c-da4a0a2ca03f chain_id=1 from_address=0x8b172F820629b14cEAF859A6e159d1BcD3291Fe1}: cortex::pipeline: transaction confirmed on-chain elapsed_ms=2356 block_number=24814116 confirmations=1
2026-04-05T14:35:00.035056Z  INFO ThreadId(07) pipeline{execution_id=0f1d18c6-b624-4d2b-b97c-da4a0a2ca03f chain_id=1 from_address=0x8b172F820629b14cEAF859A6e159d1BcD3291Fe1}: cortex::pipeline: pipeline completed elapsed_ms=2356
2026-04-05T14:35:00.035243Z  INFO ThreadId(07) pipeline{execution_id=4b5a0251-9184-446f-ba78-6bcb6ab53463 chain_id=137 from_address=0x8AfE43fF49EBd5c4B8Cd1497ee77b437dd1711fc}: cortex::pipeline: transaction confirmed on-chain elapsed_ms=2357 block_number=85139841 confirmations=1
2026-04-05T14:35:00.035288Z  INFO ThreadId(07) pipeline{execution_id=4b5a0251-9184-446f-ba78-6bcb6ab53463 chain_id=137 from_address=0x8AfE43fF49EBd5c4B8Cd1497ee77b437dd1711fc}: cortex::pipeline: pipeline completed elapsed_ms=2357
2026-04-05T14:35:00.038800Z  INFO ThreadId(07) pipeline{execution_id=7a69601f-a5c7-4cdb-b692-504a895817a0 chain_id=1 from_address=0xCFA80F1f22b0AD533F7d8e2CcC0A783aa4BCaFF3}: cortex::pipeline: transaction confirmed on-chain elapsed_ms=2360 block_number=24814113 confirmations=1
2026-04-05T14:35:00.038877Z  INFO ThreadId(07) pipeline{execution_id=7a69601f-a5c7-4cdb-b692-504a895817a0 chain_id=1 from_address=0xCFA80F1f22b0AD533F7d8e2CcC0A783aa4BCaFF3}: cortex::pipeline: pipeline completed elapsed_ms=2360
2026-04-05T14:35:00.039817Z  INFO ThreadId(16) pipeline{execution_id=799ee5cd-a2ef-458b-9685-80f716836f23 chain_id=137 from_address=0xCFA80F1f22b0AD533F7d8e2CcC0A783aa4BCaFF3}: cortex::pipeline: transaction confirmed on-chain elapsed_ms=2361 block_number=85139841 confirmations=1
2026-04-05T14:35:00.039871Z  INFO ThreadId(16) pipeline{execution_id=799ee5cd-a2ef-458b-9685-80f716836f23 chain_id=137 from_address=0xCFA80F1f22b0AD533F7d8e2CcC0A783aa4BCaFF3}: cortex::pipeline: pipeline completed elapsed_ms=2361
2026-04-05T14:35:00.042489Z  INFO ThreadId(10) pipeline{execution_id=cffb3bd1-27b1-45a4-93ea-ebccd40aacf4 chain_id=137 from_address=0x8AfE43fF49EBd5c4B8Cd1497ee77b437dd1711fc}: cortex::pipeline: transaction confirmed on-chain elapsed_ms=2364 block_number=85139841 confirmations=1
2026-04-05T14:35:00.042526Z  INFO ThreadId(09) pipeline{execution_id=3e327108-ec82-4478-8794-26f46bdefc22 chain_id=1 from_address=0xfea6645D31443cF7Cf96eF1dB7823EB9365f98bf}: cortex::pipeline: transaction confirmed on-chain elapsed_ms=2363 block_number=24814115 confirmations=1
2026-04-05T14:35:00.042566Z  INFO ThreadId(10) pipeline{execution_id=cffb3bd1-27b1-45a4-93ea-ebccd40aacf4 chain_id=137 from_address=0x8AfE43fF49EBd5c4B8Cd1497ee77b437dd1711fc}: cortex::pipeline: pipeline completed elapsed_ms=2364
2026-04-05T14:35:00.042571Z  INFO ThreadId(09) pipeline{execution_id=3e327108-ec82-4478-8794-26f46bdefc22 chain_id=1 from_address=0xfea6645D31443cF7Cf96eF1dB7823EB9365f98bf}: cortex::pipeline: pipeline completed elapsed_ms=2363
2026-04-05T14:35:00.045278Z  INFO ThreadId(10) pipeline{execution_id=595dd564-fd7c-4c64-bbe3-2c743e457fe8 chain_id=1 from_address=0x8b172F820629b14cEAF859A6e159d1BcD3291Fe1}: cortex::pipeline: transaction confirmed on-chain elapsed_ms=2366 block_number=24814116 confirmations=1
2026-04-05T14:35:00.045502Z  INFO ThreadId(10) pipeline{execution_id=595dd564-fd7c-4c64-bbe3-2c743e457fe8 chain_id=1 from_address=0x8b172F820629b14cEAF859A6e159d1BcD3291Fe1}: cortex::pipeline: pipeline completed elapsed_ms=2366
2026-04-05T14:35:00.046967Z  INFO ThreadId(10) pipeline{execution_id=3156bbae-6f1e-4c9e-933f-9e73dbf2428e chain_id=137 from_address=0x2EAC739a1e05F4a05a5B8fD93D332c4353E5A7cD}: cortex::pipeline: transaction confirmed on-chain elapsed_ms=2368 block_number=85139841 confirmations=1
2026-04-05T14:35:00.047234Z  INFO ThreadId(10) pipeline{execution_id=3156bbae-6f1e-4c9e-933f-9e73dbf2428e chain_id=137 from_address=0x2EAC739a1e05F4a05a5B8fD93D332c4353E5A7cD}: cortex::pipeline: pipeline completed elapsed_ms=2368
2026-04-05T14:35:00.049830Z  INFO ThreadId(10) pipeline{execution_id=229003c4-e665-42da-a671-0a74a7f54e05 chain_id=1 from_address=0x8AfE43fF49EBd5c4B8Cd1497ee77b437dd1711fc}: cortex::pipeline: transaction confirmed on-chain elapsed_ms=2370 block_number=24814115 confirmations=1
2026-04-05T14:35:00.049900Z  INFO ThreadId(10) pipeline{execution_id=229003c4-e665-42da-a671-0a74a7f54e05 chain_id=1 from_address=0x8AfE43fF49EBd5c4B8Cd1497ee77b437dd1711fc}: cortex::pipeline: pipeline completed elapsed_ms=2370
2026-04-05T14:35:00.051627Z  INFO ThreadId(04) pipeline{execution_id=bb56be3e-85f3-4c90-a222-3547e46c1093 chain_id=137 from_address=0x8b172F820629b14cEAF859A6e159d1BcD3291Fe1}: cortex::pipeline: transaction confirmed on-chain elapsed_ms=2373 block_number=85139842 confirmations=1
2026-04-05T14:35:00.051718Z  INFO ThreadId(04) pipeline{execution_id=bb56be3e-85f3-4c90-a222-3547e46c1093 chain_id=137 from_address=0x8b172F820629b14cEAF859A6e159d1BcD3291Fe1}: cortex::pipeline: pipeline completed elapsed_ms=2373
2026-04-05T14:35:00.053892Z  INFO ThreadId(11) pipeline{execution_id=3e400ff6-a5ba-41f1-9689-8994e2a0a3e0 chain_id=1 from_address=0xCFA80F1f22b0AD533F7d8e2CcC0A783aa4BCaFF3}: cortex::pipeline: transaction confirmed on-chain elapsed_ms=2375 block_number=24814113 confirmations=1
2026-04-05T14:35:00.054152Z  INFO ThreadId(11) pipeline{execution_id=3e400ff6-a5ba-41f1-9689-8994e2a0a3e0 chain_id=1 from_address=0xCFA80F1f22b0AD533F7d8e2CcC0A783aa4BCaFF3}: cortex::pipeline: pipeline completed elapsed_ms=2375
2026-04-05T14:35:00.055004Z  INFO ThreadId(03) pipeline{execution_id=ff41b467-f9cd-4ffc-82f1-509e0bdf64cd chain_id=137 from_address=0xCFA80F1f22b0AD533F7d8e2CcC0A783aa4BCaFF3}: cortex::pipeline: transaction confirmed on-chain elapsed_ms=2376 block_number=85139841 confirmations=1
2026-04-05T14:35:00.055202Z  INFO ThreadId(03) pipeline{execution_id=ff41b467-f9cd-4ffc-82f1-509e0bdf64cd chain_id=137 from_address=0xCFA80F1f22b0AD533F7d8e2CcC0A783aa4BCaFF3}: cortex::pipeline: pipeline completed elapsed_ms=2376
2026-04-05T14:35:00.056869Z  INFO ThreadId(11) pipeline{execution_id=52f0640e-55d7-4461-b934-e6f7d10318b1 chain_id=1 from_address=0x8b172F820629b14cEAF859A6e159d1BcD3291Fe1}: cortex::pipeline: transaction confirmed on-chain elapsed_ms=2377 block_number=24814116 confirmations=1
2026-04-05T14:35:00.057076Z  INFO ThreadId(11) pipeline{execution_id=52f0640e-55d7-4461-b934-e6f7d10318b1 chain_id=1 from_address=0x8b172F820629b14cEAF859A6e159d1BcD3291Fe1}: cortex::pipeline: pipeline completed elapsed_ms=2378
2026-04-05T14:35:00.059202Z  INFO ThreadId(11) pipeline{execution_id=445bc0e0-e37a-4762-9c6a-a09438abc1e1 chain_id=137 from_address=0x8b172F820629b14cEAF859A6e159d1BcD3291Fe1}: cortex::pipeline: transaction confirmed on-chain elapsed_ms=2380 block_number=85139842 confirmations=1
2026-04-05T14:35:00.059270Z  INFO ThreadId(11) pipeline{execution_id=445bc0e0-e37a-4762-9c6a-a09438abc1e1 chain_id=137 from_address=0x8b172F820629b14cEAF859A6e159d1BcD3291Fe1}: cortex::pipeline: pipeline completed elapsed_ms=2380
2026-04-05T14:35:00.060554Z  INFO ThreadId(11) pipeline{execution_id=15c32e39-915f-44b6-b942-5a5d0e3354f8 chain_id=1 from_address=0x8AfE43fF49EBd5c4B8Cd1497ee77b437dd1711fc}: cortex::pipeline: transaction confirmed on-chain elapsed_ms=2381 block_number=24814115 confirmations=1
2026-04-05T14:35:00.060625Z  INFO ThreadId(11) pipeline{execution_id=15c32e39-915f-44b6-b942-5a5d0e3354f8 chain_id=1 from_address=0x8AfE43fF49EBd5c4B8Cd1497ee77b437dd1711fc}: cortex::pipeline: pipeline completed elapsed_ms=2381
2026-04-05T14:35:00.061823Z  INFO ThreadId(10) pipeline{execution_id=7137d954-8fcb-4f39-ad87-17c57b306cb2 chain_id=137 from_address=0xCFA80F1f22b0AD533F7d8e2CcC0A783aa4BCaFF3}: cortex::pipeline: transaction confirmed on-chain elapsed_ms=2383 block_number=85139841 confirmations=1
2026-04-05T14:35:00.061892Z  INFO ThreadId(10) pipeline{execution_id=7137d954-8fcb-4f39-ad87-17c57b306cb2 chain_id=137 from_address=0xCFA80F1f22b0AD533F7d8e2CcC0A783aa4BCaFF3}: cortex::pipeline: pipeline completed elapsed_ms=2383
2026-04-05T14:35:00.063627Z  INFO ThreadId(10) pipeline{execution_id=9d7cc800-d054-419c-8e8b-8eafec250866 chain_id=1 from_address=0xCFA80F1f22b0AD533F7d8e2CcC0A783aa4BCaFF3}: cortex::pipeline: transaction confirmed on-chain elapsed_ms=2384 block_number=24814113 confirmations=1
2026-04-05T14:35:00.063677Z  INFO ThreadId(10) pipeline{execution_id=9d7cc800-d054-419c-8e8b-8eafec250866 chain_id=1 from_address=0xCFA80F1f22b0AD533F7d8e2CcC0A783aa4BCaFF3}: cortex::pipeline: pipeline completed elapsed_ms=2384
2026-04-05T14:35:00.064756Z  INFO ThreadId(03) pipeline{execution_id=6859d38f-4705-4000-8060-b17341043112 chain_id=137 from_address=0x8b172F820629b14cEAF859A6e159d1BcD3291Fe1}: cortex::pipeline: transaction confirmed on-chain elapsed_ms=2385 block_number=85139842 confirmations=1
2026-04-05T14:35:00.064802Z  INFO ThreadId(03) pipeline{execution_id=6859d38f-4705-4000-8060-b17341043112 chain_id=137 from_address=0x8b172F820629b14cEAF859A6e159d1BcD3291Fe1}: cortex::pipeline: pipeline completed elapsed_ms=2386
2026-04-05T14:35:00.065810Z  INFO ThreadId(10) pipeline{execution_id=ff25dade-2950-45be-8c2b-e878dd9311c3 chain_id=1 from_address=0x8b172F820629b14cEAF859A6e159d1BcD3291Fe1}: cortex::pipeline: transaction confirmed on-chain elapsed_ms=2386 block_number=24814116 confirmations=1
2026-04-05T14:35:00.065852Z  INFO ThreadId(10) pipeline{execution_id=ff25dade-2950-45be-8c2b-e878dd9311c3 chain_id=1 from_address=0x8b172F820629b14cEAF859A6e159d1BcD3291Fe1}: cortex::pipeline: pipeline completed elapsed_ms=2386
2026-04-05T14:35:00.066790Z  INFO ThreadId(10) pipeline{execution_id=6a91180c-d7da-49fb-ba2e-21e23b896221 chain_id=137 from_address=0xCFA80F1f22b0AD533F7d8e2CcC0A783aa4BCaFF3}: cortex::pipeline: transaction confirmed on-chain elapsed_ms=2388 block_number=85139841 confirmations=1
2026-04-05T14:35:00.066833Z  INFO ThreadId(10) pipeline{execution_id=6a91180c-d7da-49fb-ba2e-21e23b896221 chain_id=137 from_address=0xCFA80F1f22b0AD533F7d8e2CcC0A783aa4BCaFF3}: cortex::pipeline: pipeline completed elapsed_ms=2388
2026-04-05T14:35:00.067627Z  INFO ThreadId(03) pipeline{execution_id=9a3546f1-e14d-44a3-80e3-e45a7b76a2b9 chain_id=1 from_address=0xfea6645D31443cF7Cf96eF1dB7823EB9365f98bf}: cortex::pipeline: transaction confirmed on-chain elapsed_ms=2388 block_number=24814115 confirmations=1
2026-04-05T14:35:00.067664Z  INFO ThreadId(03) pipeline{execution_id=9a3546f1-e14d-44a3-80e3-e45a7b76a2b9 chain_id=1 from_address=0xfea6645D31443cF7Cf96eF1dB7823EB9365f98bf}: cortex::pipeline: pipeline completed elapsed_ms=2388
2026-04-05T14:35:00.069116Z  INFO ThreadId(11) pipeline{execution_id=abb90605-627f-41d1-8366-ed837821f171 chain_id=137 from_address=0x2EAC739a1e05F4a05a5B8fD93D332c4353E5A7cD}: cortex::pipeline: transaction confirmed on-chain elapsed_ms=2390 block_number=85139841 confirmations=1
2026-04-05T14:35:00.069169Z  INFO ThreadId(11) pipeline{execution_id=abb90605-627f-41d1-8366-ed837821f171 chain_id=137 from_address=0x2EAC739a1e05F4a05a5B8fD93D332c4353E5A7cD}: cortex::pipeline: pipeline completed elapsed_ms=2390
2026-04-05T14:35:00.069755Z  INFO ThreadId(04) pipeline{execution_id=ce932809-2f46-4f42-8617-2a92ecb125a3 chain_id=1 from_address=0x2EAC739a1e05F4a05a5B8fD93D332c4353E5A7cD}: cortex::pipeline: transaction confirmed on-chain elapsed_ms=2390 block_number=24814113 confirmations=1
2026-04-05T14:35:00.069802Z  INFO ThreadId(04) pipeline{execution_id=ce932809-2f46-4f42-8617-2a92ecb125a3 chain_id=1 from_address=0x2EAC739a1e05F4a05a5B8fD93D332c4353E5A7cD}: cortex::pipeline: pipeline completed elapsed_ms=2390
2026-04-05T14:35:00.071882Z  INFO ThreadId(10) pipeline{execution_id=cf5a13d8-5397-475f-8098-e23560eef5b7 chain_id=1 from_address=0x2EAC739a1e05F4a05a5B8fD93D332c4353E5A7cD}: cortex::pipeline: transaction confirmed on-chain elapsed_ms=2392 block_number=24814113 confirmations=1
2026-04-05T14:35:00.071930Z  INFO ThreadId(10) pipeline{execution_id=cf5a13d8-5397-475f-8098-e23560eef5b7 chain_id=1 from_address=0x2EAC739a1e05F4a05a5B8fD93D332c4353E5A7cD}: cortex::pipeline: pipeline completed elapsed_ms=2392
2026-04-05T14:35:00.073852Z  INFO ThreadId(03) pipeline{execution_id=36c4d727-abd1-4d89-a3ad-0825a1638830 chain_id=137 from_address=0xfea6645D31443cF7Cf96eF1dB7823EB9365f98bf}: cortex::pipeline: transaction confirmed on-chain elapsed_ms=2394 block_number=85139841 confirmations=1
2026-04-05T14:35:00.073905Z  INFO ThreadId(03) pipeline{execution_id=36c4d727-abd1-4d89-a3ad-0825a1638830 chain_id=137 from_address=0xfea6645D31443cF7Cf96eF1dB7823EB9365f98bf}: cortex::pipeline: pipeline completed elapsed_ms=2394
2026-04-05T14:35:00.074090Z  INFO ThreadId(04) pipeline{execution_id=068c6625-5304-461d-9cd6-65b5eebf28a0 chain_id=137 from_address=0x8b172F820629b14cEAF859A6e159d1BcD3291Fe1}: cortex::pipeline: transaction confirmed on-chain elapsed_ms=2395 block_number=85139842 confirmations=2
2026-04-05T14:35:00.074125Z  INFO ThreadId(04) pipeline{execution_id=068c6625-5304-461d-9cd6-65b5eebf28a0 chain_id=137 from_address=0x8b172F820629b14cEAF859A6e159d1BcD3291Fe1}: cortex::pipeline: pipeline completed elapsed_ms=2395
2026-04-05T14:35:00.074609Z  INFO ThreadId(04) pipeline{execution_id=ec4e8eb6-993c-430d-be20-dc4a17b64af5 chain_id=1 from_address=0x8b172F820629b14cEAF859A6e159d1BcD3291Fe1}: cortex::pipeline: transaction confirmed on-chain elapsed_ms=2395 block_number=24814116 confirmations=1
2026-04-05T14:35:00.074673Z  INFO ThreadId(04) pipeline{execution_id=ec4e8eb6-993c-430d-be20-dc4a17b64af5 chain_id=1 from_address=0x8b172F820629b14cEAF859A6e159d1BcD3291Fe1}: cortex::pipeline: pipeline completed elapsed_ms=2395
2026-04-05T14:35:00.076826Z  INFO ThreadId(04) pipeline{execution_id=b7b6194d-0e32-4f78-aa1d-6e9a73392827 chain_id=1 from_address=0xfea6645D31443cF7Cf96eF1dB7823EB9365f98bf}: cortex::pipeline: transaction confirmed on-chain elapsed_ms=2397 block_number=24814115 confirmations=1
2026-04-05T14:35:00.076836Z  INFO ThreadId(11) pipeline{execution_id=4abec477-75f1-455d-9694-349a85c12c87 chain_id=137 from_address=0x8b172F820629b14cEAF859A6e159d1BcD3291Fe1}: cortex::pipeline: transaction confirmed on-chain elapsed_ms=2397 block_number=85139842 confirmations=2
2026-04-05T14:35:00.076884Z  INFO ThreadId(04) pipeline{execution_id=b7b6194d-0e32-4f78-aa1d-6e9a73392827 chain_id=1 from_address=0xfea6645D31443cF7Cf96eF1dB7823EB9365f98bf}: cortex::pipeline: pipeline completed elapsed_ms=2397
2026-04-05T14:35:00.076902Z  INFO ThreadId(11) pipeline{execution_id=4abec477-75f1-455d-9694-349a85c12c87 chain_id=137 from_address=0x8b172F820629b14cEAF859A6e159d1BcD3291Fe1}: cortex::pipeline: pipeline completed elapsed_ms=2397
2026-04-05T14:35:00.079420Z  INFO ThreadId(09) pipeline{execution_id=3babb02d-d66b-4e0e-a12f-d4babb58f102 chain_id=1 from_address=0x2EAC739a1e05F4a05a5B8fD93D332c4353E5A7cD}: cortex::pipeline: transaction confirmed on-chain elapsed_ms=2399 block_number=24814113 confirmations=1
2026-04-05T14:35:00.079480Z  INFO ThreadId(09) pipeline{execution_id=3babb02d-d66b-4e0e-a12f-d4babb58f102 chain_id=1 from_address=0x2EAC739a1e05F4a05a5B8fD93D332c4353E5A7cD}: cortex::pipeline: pipeline completed elapsed_ms=2399
2026-04-05T14:35:00.079661Z  INFO ThreadId(04) pipeline{execution_id=8a5c397c-b07e-45e1-a6e5-f9ea505df3b2 chain_id=137 from_address=0xCFA80F1f22b0AD533F7d8e2CcC0A783aa4BCaFF3}: cortex::pipeline: transaction confirmed on-chain elapsed_ms=2400 block_number=85139841 confirmations=1
2026-04-05T14:35:00.079700Z  INFO ThreadId(04) pipeline{execution_id=8a5c397c-b07e-45e1-a6e5-f9ea505df3b2 chain_id=137 from_address=0xCFA80F1f22b0AD533F7d8e2CcC0A783aa4BCaFF3}: cortex::pipeline: pipeline completed elapsed_ms=2400
2026-04-05T14:35:00.081737Z  INFO ThreadId(09) pipeline{execution_id=771b7514-c5e2-4cb8-a9e9-0389a347225e chain_id=137 from_address=0x2EAC739a1e05F4a05a5B8fD93D332c4353E5A7cD}: cortex::pipeline: transaction confirmed on-chain elapsed_ms=2402 block_number=85139841 confirmations=1
2026-04-05T14:35:00.081781Z  INFO ThreadId(09) pipeline{execution_id=771b7514-c5e2-4cb8-a9e9-0389a347225e chain_id=137 from_address=0x2EAC739a1e05F4a05a5B8fD93D332c4353E5A7cD}: cortex::pipeline: pipeline completed elapsed_ms=2402
2026-04-05T14:35:00.081827Z  INFO ThreadId(03) pipeline{execution_id=366675cc-96aa-47fd-bcec-b0d8836c4409 chain_id=1 from_address=0x8AfE43fF49EBd5c4B8Cd1497ee77b437dd1711fc}: cortex::pipeline: transaction confirmed on-chain elapsed_ms=2402 block_number=24814115 confirmations=1
2026-04-05T14:35:00.081867Z  INFO ThreadId(03) pipeline{execution_id=366675cc-96aa-47fd-bcec-b0d8836c4409 chain_id=1 from_address=0x8AfE43fF49EBd5c4B8Cd1497ee77b437dd1711fc}: cortex::pipeline: pipeline completed elapsed_ms=2402
2026-04-05T14:35:00.084744Z  INFO ThreadId(10) pipeline{execution_id=185be67e-cc66-4f60-a582-756addc0bdbc chain_id=1 from_address=0x2EAC739a1e05F4a05a5B8fD93D332c4353E5A7cD}: cortex::pipeline: transaction confirmed on-chain elapsed_ms=2405 block_number=24814113 confirmations=1
2026-04-05T14:35:00.084830Z  INFO ThreadId(10) pipeline{execution_id=185be67e-cc66-4f60-a582-756addc0bdbc chain_id=1 from_address=0x2EAC739a1e05F4a05a5B8fD93D332c4353E5A7cD}: cortex::pipeline: pipeline completed elapsed_ms=2405
2026-04-05T14:35:00.085640Z  INFO ThreadId(03) pipeline{execution_id=988c7dd5-53f1-4e43-85b7-4fc8a2e3ad96 chain_id=137 from_address=0xfea6645D31443cF7Cf96eF1dB7823EB9365f98bf}: cortex::pipeline: transaction confirmed on-chain elapsed_ms=2406 block_number=85139841 confirmations=1
2026-04-05T14:35:00.085712Z  INFO ThreadId(03) pipeline{execution_id=988c7dd5-53f1-4e43-85b7-4fc8a2e3ad96 chain_id=137 from_address=0xfea6645D31443cF7Cf96eF1dB7823EB9365f98bf}: cortex::pipeline: pipeline completed elapsed_ms=2406
2026-04-05T14:35:00.088132Z  INFO ThreadId(11) pipeline{execution_id=06a858dd-1089-4643-bd1d-0cfb1526f85c chain_id=1 from_address=0x2EAC739a1e05F4a05a5B8fD93D332c4353E5A7cD}: cortex::pipeline: transaction confirmed on-chain elapsed_ms=2408 block_number=24814113 confirmations=1
2026-04-05T14:35:00.088208Z  INFO ThreadId(11) pipeline{execution_id=06a858dd-1089-4643-bd1d-0cfb1526f85c chain_id=1 from_address=0x2EAC739a1e05F4a05a5B8fD93D332c4353E5A7cD}: cortex::pipeline: pipeline completed elapsed_ms=2408
2026-04-05T14:35:00.090213Z  INFO ThreadId(03) pipeline{execution_id=b42a0c22-3863-4e83-97cb-81b35f4b7051 chain_id=137 from_address=0xCFA80F1f22b0AD533F7d8e2CcC0A783aa4BCaFF3}: cortex::pipeline: transaction confirmed on-chain elapsed_ms=2410 block_number=85139841 confirmations=1
2026-04-05T14:35:00.090300Z  INFO ThreadId(03) pipeline{execution_id=b42a0c22-3863-4e83-97cb-81b35f4b7051 chain_id=137 from_address=0xCFA80F1f22b0AD533F7d8e2CcC0A783aa4BCaFF3}: cortex::pipeline: pipeline completed elapsed_ms=2411
2026-04-05T14:35:00.092054Z  INFO ThreadId(04) pipeline{execution_id=c886998c-8ed8-44aa-a659-1c588ea64c1e chain_id=1 from_address=0x8AfE43fF49EBd5c4B8Cd1497ee77b437dd1711fc}: cortex::pipeline: transaction confirmed on-chain elapsed_ms=2412 block_number=24814115 confirmations=1
2026-04-05T14:35:00.092152Z  INFO ThreadId(04) pipeline{execution_id=c886998c-8ed8-44aa-a659-1c588ea64c1e chain_id=1 from_address=0x8AfE43fF49EBd5c4B8Cd1497ee77b437dd1711fc}: cortex::pipeline: pipeline completed elapsed_ms=2412
2026-04-05T14:35:00.093916Z  INFO ThreadId(11) pipeline{execution_id=0f83e131-ab08-4843-b731-0fce6f1019b0 chain_id=137 from_address=0xCFA80F1f22b0AD533F7d8e2CcC0A783aa4BCaFF3}: cortex::pipeline: transaction confirmed on-chain elapsed_ms=2414 block_number=85139841 confirmations=1
2026-04-05T14:35:00.093997Z  INFO ThreadId(11) pipeline{execution_id=0f83e131-ab08-4843-b731-0fce6f1019b0 chain_id=137 from_address=0xCFA80F1f22b0AD533F7d8e2CcC0A783aa4BCaFF3}: cortex::pipeline: pipeline completed elapsed_ms=2414
2026-04-05T14:35:00.094771Z  INFO ThreadId(11) pipeline{execution_id=cf1b3b65-e21b-41d6-9dd2-8fc80fd96fe5 chain_id=1 from_address=0x8b172F820629b14cEAF859A6e159d1BcD3291Fe1}: cortex::pipeline: transaction confirmed on-chain elapsed_ms=2414 block_number=24814116 confirmations=1
2026-04-05T14:35:00.094817Z  INFO ThreadId(11) pipeline{execution_id=cf1b3b65-e21b-41d6-9dd2-8fc80fd96fe5 chain_id=1 from_address=0x8b172F820629b14cEAF859A6e159d1BcD3291Fe1}: cortex::pipeline: pipeline completed elapsed_ms=2414
2026-04-05T14:35:00.096072Z  INFO ThreadId(04) pipeline{execution_id=2e837fbd-c354-4fbd-8a96-f395877145f5 chain_id=137 from_address=0x8AfE43fF49EBd5c4B8Cd1497ee77b437dd1711fc}: cortex::pipeline: transaction confirmed on-chain elapsed_ms=2416 block_number=85139841 confirmations=1
2026-04-05T14:35:00.096121Z  INFO ThreadId(04) pipeline{execution_id=2e837fbd-c354-4fbd-8a96-f395877145f5 chain_id=137 from_address=0x8AfE43fF49EBd5c4B8Cd1497ee77b437dd1711fc}: cortex::pipeline: pipeline completed elapsed_ms=2416
2026-04-05T14:35:00.096219Z  INFO ThreadId(04) pipeline{execution_id=35257fd1-2162-4687-be72-4a6d87c810cc chain_id=1 from_address=0x2EAC739a1e05F4a05a5B8fD93D332c4353E5A7cD}: cortex::pipeline: transaction confirmed on-chain elapsed_ms=2416 block_number=24814113 confirmations=1
2026-04-05T14:35:00.096239Z  INFO ThreadId(04) pipeline{execution_id=35257fd1-2162-4687-be72-4a6d87c810cc chain_id=1 from_address=0x2EAC739a1e05F4a05a5B8fD93D332c4353E5A7cD}: cortex::pipeline: pipeline completed elapsed_ms=2416
2026-04-05T14:35:00.097812Z  INFO ThreadId(04) pipeline{execution_id=1db4fb4c-bb12-4127-858b-6bc83cd21d6b chain_id=137 from_address=0x2EAC739a1e05F4a05a5B8fD93D332c4353E5A7cD}: cortex::pipeline: transaction confirmed on-chain elapsed_ms=2418 block_number=85139841 confirmations=1
2026-04-05T14:35:00.097853Z  INFO ThreadId(04) pipeline{execution_id=1db4fb4c-bb12-4127-858b-6bc83cd21d6b chain_id=137 from_address=0x2EAC739a1e05F4a05a5B8fD93D332c4353E5A7cD}: cortex::pipeline: pipeline completed elapsed_ms=2418
2026-04-05T14:35:00.097980Z  INFO ThreadId(04) pipeline{execution_id=7eaa6d23-4a54-4964-bf22-af4a0b599579 chain_id=1 from_address=0xfea6645D31443cF7Cf96eF1dB7823EB9365f98bf}: cortex::pipeline: transaction confirmed on-chain elapsed_ms=2417 block_number=24814115 confirmations=1
2026-04-05T14:35:00.098005Z  INFO ThreadId(04) pipeline{execution_id=7eaa6d23-4a54-4964-bf22-af4a0b599579 chain_id=1 from_address=0xfea6645D31443cF7Cf96eF1dB7823EB9365f98bf}: cortex::pipeline: pipeline completed elapsed_ms=2418
2026-04-05T14:35:00.099570Z  INFO ThreadId(10) pipeline{execution_id=045490d7-0443-40e1-bec7-c1b8af4a457e chain_id=1 from_address=0x8b172F820629b14cEAF859A6e159d1BcD3291Fe1}: cortex::pipeline: transaction confirmed on-chain elapsed_ms=2419 block_number=24814116 confirmations=1
2026-04-05T14:35:00.099569Z  INFO ThreadId(04) pipeline{execution_id=0488c1a7-e8fc-47af-be26-a731bfcfa7a4 chain_id=137 from_address=0xfea6645D31443cF7Cf96eF1dB7823EB9365f98bf}: cortex::pipeline: transaction confirmed on-chain elapsed_ms=2420 block_number=85139841 confirmations=1
2026-04-05T14:35:00.099623Z  INFO ThreadId(10) pipeline{execution_id=045490d7-0443-40e1-bec7-c1b8af4a457e chain_id=1 from_address=0x8b172F820629b14cEAF859A6e159d1BcD3291Fe1}: cortex::pipeline: pipeline completed elapsed_ms=2419
2026-04-05T14:35:00.099637Z  INFO ThreadId(04) pipeline{execution_id=0488c1a7-e8fc-47af-be26-a731bfcfa7a4 chain_id=137 from_address=0xfea6645D31443cF7Cf96eF1dB7823EB9365f98bf}: cortex::pipeline: pipeline completed elapsed_ms=2420
2026-04-05T14:35:00.101431Z  INFO ThreadId(09) pipeline{execution_id=b648d5f0-3077-4ae1-ba00-85a7adb7cd1a chain_id=137 from_address=0xfea6645D31443cF7Cf96eF1dB7823EB9365f98bf}: cortex::pipeline: transaction confirmed on-chain elapsed_ms=2421 block_number=85139841 confirmations=1
2026-04-05T14:35:00.101460Z  INFO ThreadId(03) pipeline{execution_id=cb52525f-65d6-40e7-9041-19bf72d6d3ae chain_id=1 from_address=0x8AfE43fF49EBd5c4B8Cd1497ee77b437dd1711fc}: cortex::pipeline: transaction confirmed on-chain elapsed_ms=2421 block_number=24814115 confirmations=1
2026-04-05T14:35:00.101483Z  INFO ThreadId(09) pipeline{execution_id=b648d5f0-3077-4ae1-ba00-85a7adb7cd1a chain_id=137 from_address=0xfea6645D31443cF7Cf96eF1dB7823EB9365f98bf}: cortex::pipeline: pipeline completed elapsed_ms=2422
2026-04-05T14:35:00.101496Z  INFO ThreadId(03) pipeline{execution_id=cb52525f-65d6-40e7-9041-19bf72d6d3ae chain_id=1 from_address=0x8AfE43fF49EBd5c4B8Cd1497ee77b437dd1711fc}: cortex::pipeline: pipeline completed elapsed_ms=2421
2026-04-05T14:35:00.102630Z  INFO ThreadId(11) pipeline{execution_id=6245c4bf-e9e6-47c7-b4af-f172a9ce3845 chain_id=1 from_address=0x8b172F820629b14cEAF859A6e159d1BcD3291Fe1}: cortex::pipeline: transaction confirmed on-chain elapsed_ms=2422 block_number=24814116 confirmations=1
2026-04-05T14:35:00.102663Z  INFO ThreadId(11) pipeline{execution_id=6245c4bf-e9e6-47c7-b4af-f172a9ce3845 chain_id=1 from_address=0x8b172F820629b14cEAF859A6e159d1BcD3291Fe1}: cortex::pipeline: pipeline completed elapsed_ms=2422
2026-04-05T14:35:00.102881Z  INFO ThreadId(04) pipeline{execution_id=08ae0bf2-2dd0-441d-a395-928194ffd37e chain_id=137 from_address=0x8AfE43fF49EBd5c4B8Cd1497ee77b437dd1711fc}: cortex::pipeline: transaction confirmed on-chain elapsed_ms=2423 block_number=85139841 confirmations=1
2026-04-05T14:35:00.102906Z  INFO ThreadId(04) pipeline{execution_id=08ae0bf2-2dd0-441d-a395-928194ffd37e chain_id=137 from_address=0x8AfE43fF49EBd5c4B8Cd1497ee77b437dd1711fc}: cortex::pipeline: pipeline completed elapsed_ms=2423
2026-04-05T14:35:00.103831Z  INFO ThreadId(11) pipeline{execution_id=ecde9761-0790-4400-8b50-ee411ae5760d chain_id=1 from_address=0xfea6645D31443cF7Cf96eF1dB7823EB9365f98bf}: cortex::pipeline: transaction confirmed on-chain elapsed_ms=2423 block_number=24814115 confirmations=1
2026-04-05T14:35:00.103859Z  INFO ThreadId(11) pipeline{execution_id=ecde9761-0790-4400-8b50-ee411ae5760d chain_id=1 from_address=0xfea6645D31443cF7Cf96eF1dB7823EB9365f98bf}: cortex::pipeline: pipeline completed elapsed_ms=2423
2026-04-05T14:35:00.104094Z  INFO ThreadId(11) pipeline{execution_id=34a691d5-a1ee-427e-b9d7-1c3e1273a276 chain_id=137 from_address=0x8b172F820629b14cEAF859A6e159d1BcD3291Fe1}: cortex::pipeline: transaction confirmed on-chain elapsed_ms=2424 block_number=85139842 confirmations=2
2026-04-05T14:35:00.104112Z  INFO ThreadId(11) pipeline{execution_id=34a691d5-a1ee-427e-b9d7-1c3e1273a276 chain_id=137 from_address=0x8b172F820629b14cEAF859A6e159d1BcD3291Fe1}: cortex::pipeline: pipeline completed elapsed_ms=2424
2026-04-05T14:35:00.105014Z  INFO ThreadId(03) pipeline{execution_id=ae7288a6-4b51-441d-8bcb-15ffa4d287dd chain_id=1 from_address=0x8b172F820629b14cEAF859A6e159d1BcD3291Fe1}: cortex::pipeline: transaction confirmed on-chain elapsed_ms=2424 block_number=24814116 confirmations=1
2026-04-05T14:35:00.105047Z  INFO ThreadId(03) pipeline{execution_id=ae7288a6-4b51-441d-8bcb-15ffa4d287dd chain_id=1 from_address=0x8b172F820629b14cEAF859A6e159d1BcD3291Fe1}: cortex::pipeline: pipeline completed elapsed_ms=2424
2026-04-05T14:35:00.105318Z  INFO ThreadId(04) pipeline{execution_id=a681f8e1-51b9-488f-9c5f-16fb8b207551 chain_id=137 from_address=0x8AfE43fF49EBd5c4B8Cd1497ee77b437dd1711fc}: cortex::pipeline: transaction confirmed on-chain elapsed_ms=2425 block_number=85139841 confirmations=1
2026-04-05T14:35:00.105359Z  INFO ThreadId(04) pipeline{execution_id=a681f8e1-51b9-488f-9c5f-16fb8b207551 chain_id=137 from_address=0x8AfE43fF49EBd5c4B8Cd1497ee77b437dd1711fc}: cortex::pipeline: pipeline completed elapsed_ms=2425
2026-04-05T14:35:00.106585Z  INFO ThreadId(10) pipeline{execution_id=6e300485-5067-4acf-8664-862ac45c1e73 chain_id=1 from_address=0x8b172F820629b14cEAF859A6e159d1BcD3291Fe1}: cortex::pipeline: transaction confirmed on-chain elapsed_ms=2426 block_number=24814116 confirmations=1
2026-04-05T14:35:00.106620Z  INFO ThreadId(10) pipeline{execution_id=6e300485-5067-4acf-8664-862ac45c1e73 chain_id=1 from_address=0x8b172F820629b14cEAF859A6e159d1BcD3291Fe1}: cortex::pipeline: pipeline completed elapsed_ms=2426
2026-04-05T14:35:00.107332Z  INFO ThreadId(11) pipeline{execution_id=c1f45561-cf7f-4a54-b23b-697ca11de1fa chain_id=137 from_address=0xfea6645D31443cF7Cf96eF1dB7823EB9365f98bf}: cortex::pipeline: transaction confirmed on-chain elapsed_ms=2427 block_number=85139841 confirmations=1
2026-04-05T14:35:00.107363Z  INFO ThreadId(11) pipeline{execution_id=c1f45561-cf7f-4a54-b23b-697ca11de1fa chain_id=137 from_address=0xfea6645D31443cF7Cf96eF1dB7823EB9365f98bf}: cortex::pipeline: pipeline completed elapsed_ms=2427
2026-04-05T14:35:00.108207Z  INFO ThreadId(03) pipeline{execution_id=461e6181-c954-4179-a206-aa9bd4bbd4fc chain_id=1 from_address=0x8AfE43fF49EBd5c4B8Cd1497ee77b437dd1711fc}: cortex::pipeline: transaction confirmed on-chain elapsed_ms=2427 block_number=24814115 confirmations=1
2026-04-05T14:35:00.108229Z  INFO ThreadId(03) pipeline{execution_id=461e6181-c954-4179-a206-aa9bd4bbd4fc chain_id=1 from_address=0x8AfE43fF49EBd5c4B8Cd1497ee77b437dd1711fc}: cortex::pipeline: pipeline completed elapsed_ms=2427
2026-04-05T14:35:00.108911Z  INFO ThreadId(10) pipeline{execution_id=940fb76a-c5b3-4832-ba45-987cf017c680 chain_id=137 from_address=0x2EAC739a1e05F4a05a5B8fD93D332c4353E5A7cD}: cortex::pipeline: transaction confirmed on-chain elapsed_ms=2429 block_number=85139841 confirmations=1
2026-04-05T14:35:00.108939Z  INFO ThreadId(10) pipeline{execution_id=940fb76a-c5b3-4832-ba45-987cf017c680 chain_id=137 from_address=0x2EAC739a1e05F4a05a5B8fD93D332c4353E5A7cD}: cortex::pipeline: pipeline completed elapsed_ms=2429
2026-04-05T14:35:00.109813Z  INFO ThreadId(10) pipeline{execution_id=a61f132e-b035-44e1-bd5b-c4de39457115 chain_id=1 from_address=0xCFA80F1f22b0AD533F7d8e2CcC0A783aa4BCaFF3}: cortex::pipeline: transaction confirmed on-chain elapsed_ms=2429 block_number=24814113 confirmations=1
2026-04-05T14:35:00.109836Z  INFO ThreadId(10) pipeline{execution_id=a61f132e-b035-44e1-bd5b-c4de39457115 chain_id=1 from_address=0xCFA80F1f22b0AD533F7d8e2CcC0A783aa4BCaFF3}: cortex::pipeline: pipeline completed elapsed_ms=2429
2026-04-05T14:35:00.110017Z  INFO ThreadId(04) pipeline{execution_id=1523f4ae-a45b-41d0-8f6a-30f26b37453c chain_id=137 from_address=0x2EAC739a1e05F4a05a5B8fD93D332c4353E5A7cD}: cortex::pipeline: transaction confirmed on-chain elapsed_ms=2430 block_number=85139841 confirmations=1
2026-04-05T14:35:00.110043Z  INFO ThreadId(04) pipeline{execution_id=1523f4ae-a45b-41d0-8f6a-30f26b37453c chain_id=137 from_address=0x2EAC739a1e05F4a05a5B8fD93D332c4353E5A7cD}: cortex::pipeline: pipeline completed elapsed_ms=2430
2026-04-05T14:35:00.111070Z  INFO ThreadId(03) pipeline{execution_id=67347a58-26d1-4405-ad21-0bb7d8ce9e5a chain_id=1 from_address=0x8AfE43fF49EBd5c4B8Cd1497ee77b437dd1711fc}: cortex::pipeline: transaction confirmed on-chain elapsed_ms=2430 block_number=24814115 confirmations=1
2026-04-05T14:35:00.111110Z  INFO ThreadId(03) pipeline{execution_id=67347a58-26d1-4405-ad21-0bb7d8ce9e5a chain_id=1 from_address=0x8AfE43fF49EBd5c4B8Cd1497ee77b437dd1711fc}: cortex::pipeline: pipeline completed elapsed_ms=2430
2026-04-05T14:35:00.111486Z  INFO ThreadId(03) pipeline{execution_id=fb068c51-9050-4018-b6fc-7a34bf2e8a3b chain_id=137 from_address=0xfea6645D31443cF7Cf96eF1dB7823EB9365f98bf}: cortex::pipeline: transaction confirmed on-chain elapsed_ms=2431 block_number=85139841 confirmations=1
2026-04-05T14:35:00.111527Z  INFO ThreadId(03) pipeline{execution_id=fb068c51-9050-4018-b6fc-7a34bf2e8a3b chain_id=137 from_address=0xfea6645D31443cF7Cf96eF1dB7823EB9365f98bf}: cortex::pipeline: pipeline completed elapsed_ms=2431
2026-04-05T14:35:00.112824Z  INFO ThreadId(11) pipeline{execution_id=8747e0ac-7150-4dfa-89d6-a980843b9110 chain_id=1 from_address=0xCFA80F1f22b0AD533F7d8e2CcC0A783aa4BCaFF3}: cortex::pipeline: transaction confirmed on-chain elapsed_ms=2432 block_number=24814113 confirmations=1
2026-04-05T14:35:00.112861Z  INFO ThreadId(11) pipeline{execution_id=8747e0ac-7150-4dfa-89d6-a980843b9110 chain_id=1 from_address=0xCFA80F1f22b0AD533F7d8e2CcC0A783aa4BCaFF3}: cortex::pipeline: pipeline completed elapsed_ms=2432
2026-04-05T14:35:00.113102Z  INFO ThreadId(03) pipeline{execution_id=17884ae0-4901-4796-a8af-1b3f3c8007f6 chain_id=137 from_address=0x2EAC739a1e05F4a05a5B8fD93D332c4353E5A7cD}: cortex::pipeline: transaction confirmed on-chain elapsed_ms=2433 block_number=85139841 confirmations=1
2026-04-05T14:35:00.113129Z  INFO ThreadId(03) pipeline{execution_id=17884ae0-4901-4796-a8af-1b3f3c8007f6 chain_id=137 from_address=0x2EAC739a1e05F4a05a5B8fD93D332c4353E5A7cD}: cortex::pipeline: pipeline completed elapsed_ms=2433
2026-04-05T14:35:00.114196Z  INFO ThreadId(10) pipeline{execution_id=af81b8df-cec6-4ed9-ae6f-f3f8e3d1d47d chain_id=1 from_address=0x8AfE43fF49EBd5c4B8Cd1497ee77b437dd1711fc}: cortex::pipeline: transaction confirmed on-chain elapsed_ms=2433 block_number=24814115 confirmations=1
2026-04-05T14:35:00.114229Z  INFO ThreadId(10) pipeline{execution_id=af81b8df-cec6-4ed9-ae6f-f3f8e3d1d47d chain_id=1 from_address=0x8AfE43fF49EBd5c4B8Cd1497ee77b437dd1711fc}: cortex::pipeline: pipeline completed elapsed_ms=2433
2026-04-05T14:35:00.114789Z  INFO ThreadId(10) pipeline{execution_id=cc46a4a9-d713-4382-913f-5cf211ecec4a chain_id=137 from_address=0x8AfE43fF49EBd5c4B8Cd1497ee77b437dd1711fc}: cortex::pipeline: transaction confirmed on-chain elapsed_ms=2434 block_number=85139841 confirmations=1
2026-04-05T14:35:00.114817Z  INFO ThreadId(10) pipeline{execution_id=cc46a4a9-d713-4382-913f-5cf211ecec4a chain_id=137 from_address=0x8AfE43fF49EBd5c4B8Cd1497ee77b437dd1711fc}: cortex::pipeline: pipeline completed elapsed_ms=2434
2026-04-05T14:35:00.116074Z  INFO ThreadId(10) pipeline{execution_id=e8b84cf5-1825-4762-8d47-bdbd0346498d chain_id=137 from_address=0x8AfE43fF49EBd5c4B8Cd1497ee77b437dd1711fc}: cortex::pipeline: transaction confirmed on-chain elapsed_ms=2435 block_number=85139841 confirmations=1
2026-04-05T14:35:00.116081Z  INFO ThreadId(11) pipeline{execution_id=d9347358-73c9-4523-a3f3-a9b3bdc5ced0 chain_id=1 from_address=0x8b172F820629b14cEAF859A6e159d1BcD3291Fe1}: cortex::pipeline: transaction confirmed on-chain elapsed_ms=2435 block_number=24814116 confirmations=1
2026-04-05T14:35:00.116114Z  INFO ThreadId(10) pipeline{execution_id=e8b84cf5-1825-4762-8d47-bdbd0346498d chain_id=137 from_address=0x8AfE43fF49EBd5c4B8Cd1497ee77b437dd1711fc}: cortex::pipeline: pipeline completed elapsed_ms=2435
2026-04-05T14:35:00.116122Z  INFO ThreadId(11) pipeline{execution_id=d9347358-73c9-4523-a3f3-a9b3bdc5ced0 chain_id=1 from_address=0x8b172F820629b14cEAF859A6e159d1BcD3291Fe1}: cortex::pipeline: pipeline completed elapsed_ms=2435
2026-04-05T14:35:00.117659Z  INFO ThreadId(04) pipeline{execution_id=1c8af07b-bb2a-44e3-b26c-bdc287c7fa15 chain_id=137 from_address=0x8b172F820629b14cEAF859A6e159d1BcD3291Fe1}: cortex::pipeline: transaction confirmed on-chain elapsed_ms=2437 block_number=85139842 confirmations=2
2026-04-05T14:35:00.117682Z  INFO ThreadId(03) pipeline{execution_id=370dc8da-5091-4276-8064-a4e735b8a206 chain_id=1 from_address=0xCFA80F1f22b0AD533F7d8e2CcC0A783aa4BCaFF3}: cortex::pipeline: transaction confirmed on-chain elapsed_ms=2419 block_number=24814113 confirmations=1
2026-04-05T14:35:00.117709Z  INFO ThreadId(04) pipeline{execution_id=1c8af07b-bb2a-44e3-b26c-bdc287c7fa15 chain_id=137 from_address=0x8b172F820629b14cEAF859A6e159d1BcD3291Fe1}: cortex::pipeline: pipeline completed elapsed_ms=2437
2026-04-05T14:35:00.117723Z  INFO ThreadId(03) pipeline{execution_id=370dc8da-5091-4276-8064-a4e735b8a206 chain_id=1 from_address=0xCFA80F1f22b0AD533F7d8e2CcC0A783aa4BCaFF3}: cortex::pipeline: pipeline completed elapsed_ms=2419
2026-04-05T14:35:00.119284Z  INFO ThreadId(11) pipeline{execution_id=f3d2f383-73a6-409b-b777-5b9c33e5bce5 chain_id=137 from_address=0x8AfE43fF49EBd5c4B8Cd1497ee77b437dd1711fc}: cortex::pipeline: transaction confirmed on-chain elapsed_ms=2420 block_number=85139841 confirmations=1
2026-04-05T14:35:00.119317Z  INFO ThreadId(04) pipeline{execution_id=26dfb0ba-231b-414d-ba2b-2684485839d2 chain_id=1 from_address=0xfea6645D31443cF7Cf96eF1dB7823EB9365f98bf}: cortex::pipeline: transaction confirmed on-chain elapsed_ms=2420 block_number=24814115 confirmations=1
2026-04-05T14:35:00.119356Z  INFO ThreadId(11) pipeline{execution_id=f3d2f383-73a6-409b-b777-5b9c33e5bce5 chain_id=137 from_address=0x8AfE43fF49EBd5c4B8Cd1497ee77b437dd1711fc}: cortex::pipeline: pipeline completed elapsed_ms=2420
2026-04-05T14:35:00.119370Z  INFO ThreadId(04) pipeline{execution_id=26dfb0ba-231b-414d-ba2b-2684485839d2 chain_id=1 from_address=0xfea6645D31443cF7Cf96eF1dB7823EB9365f98bf}: cortex::pipeline: pipeline completed elapsed_ms=2420
2026-04-05T14:35:00.120831Z  INFO ThreadId(09) pipeline{execution_id=5ee94608-342d-43fd-9ca1-edd8daec9b5c chain_id=1 from_address=0xCFA80F1f22b0AD533F7d8e2CcC0A783aa4BCaFF3}: cortex::pipeline: transaction confirmed on-chain elapsed_ms=2422 block_number=24814113 confirmations=1
2026-04-05T14:35:00.120851Z  INFO ThreadId(10) pipeline{execution_id=1adf1587-313c-4872-a5fb-ce9ece0a34c7 chain_id=137 from_address=0x2EAC739a1e05F4a05a5B8fD93D332c4353E5A7cD}: cortex::pipeline: transaction confirmed on-chain elapsed_ms=2422 block_number=85139841 confirmations=1
2026-04-05T14:35:00.120886Z  INFO ThreadId(10) pipeline{execution_id=1adf1587-313c-4872-a5fb-ce9ece0a34c7 chain_id=137 from_address=0x2EAC739a1e05F4a05a5B8fD93D332c4353E5A7cD}: cortex::pipeline: pipeline completed elapsed_ms=2422
2026-04-05T14:35:00.120875Z  INFO ThreadId(09) pipeline{execution_id=5ee94608-342d-43fd-9ca1-edd8daec9b5c chain_id=1 from_address=0xCFA80F1f22b0AD533F7d8e2CcC0A783aa4BCaFF3}: cortex::pipeline: pipeline completed elapsed_ms=2422
2026-04-05T14:35:00.122169Z  INFO ThreadId(04) pipeline{execution_id=c7987cf2-127c-4cd6-944a-f41bd76cffc2 chain_id=1 from_address=0x2EAC739a1e05F4a05a5B8fD93D332c4353E5A7cD}: cortex::pipeline: transaction confirmed on-chain elapsed_ms=2423 block_number=24814113 confirmations=1
2026-04-05T14:35:00.122186Z  INFO ThreadId(10) pipeline{execution_id=a5fc3ad6-0c6e-4467-bdb0-dc7d4ee52933 chain_id=137 from_address=0xfea6645D31443cF7Cf96eF1dB7823EB9365f98bf}: cortex::pipeline: transaction confirmed on-chain elapsed_ms=2423 block_number=85139841 confirmations=1
2026-04-05T14:35:00.122205Z  INFO ThreadId(04) pipeline{execution_id=c7987cf2-127c-4cd6-944a-f41bd76cffc2 chain_id=1 from_address=0x2EAC739a1e05F4a05a5B8fD93D332c4353E5A7cD}: cortex::pipeline: pipeline completed elapsed_ms=2423
2026-04-05T14:35:00.122213Z  INFO ThreadId(10) pipeline{execution_id=a5fc3ad6-0c6e-4467-bdb0-dc7d4ee52933 chain_id=137 from_address=0xfea6645D31443cF7Cf96eF1dB7823EB9365f98bf}: cortex::pipeline: pipeline completed elapsed_ms=2423
2026-04-05T14:35:00.123458Z  INFO ThreadId(11) pipeline{execution_id=cdc57cee-e0f3-4c39-b510-6e3720da26b9 chain_id=1 from_address=0xCFA80F1f22b0AD533F7d8e2CcC0A783aa4BCaFF3}: cortex::pipeline: transaction confirmed on-chain elapsed_ms=2424 block_number=24814113 confirmations=1
2026-04-05T14:35:00.123485Z  INFO ThreadId(11) pipeline{execution_id=cdc57cee-e0f3-4c39-b510-6e3720da26b9 chain_id=1 from_address=0xCFA80F1f22b0AD533F7d8e2CcC0A783aa4BCaFF3}: cortex::pipeline: pipeline completed elapsed_ms=2424
2026-04-05T14:35:00.123536Z  INFO ThreadId(10) pipeline{execution_id=46ca916b-49ce-47b5-a30e-558cf0735ba4 chain_id=137 from_address=0xfea6645D31443cF7Cf96eF1dB7823EB9365f98bf}: cortex::pipeline: transaction confirmed on-chain elapsed_ms=2424 block_number=85139841 confirmations=1
2026-04-05T14:35:00.123568Z  INFO ThreadId(10) pipeline{execution_id=46ca916b-49ce-47b5-a30e-558cf0735ba4 chain_id=137 from_address=0xfea6645D31443cF7Cf96eF1dB7823EB9365f98bf}: cortex::pipeline: pipeline completed elapsed_ms=2424
2026-04-05T14:35:00.124924Z  INFO ThreadId(04) pipeline{execution_id=ac259ffe-767d-4157-a4c3-c993fdcd31fa chain_id=1 from_address=0xfea6645D31443cF7Cf96eF1dB7823EB9365f98bf}: cortex::pipeline: transaction confirmed on-chain elapsed_ms=2426 block_number=24814115 confirmations=1
2026-04-05T14:35:00.124971Z  INFO ThreadId(04) pipeline{execution_id=ac259ffe-767d-4157-a4c3-c993fdcd31fa chain_id=1 from_address=0xfea6645D31443cF7Cf96eF1dB7823EB9365f98bf}: cortex::pipeline: pipeline completed elapsed_ms=2426
2026-04-05T14:35:00.125139Z  INFO ThreadId(03) pipeline{execution_id=ea2ddc1d-0dbe-463f-8d59-e66a09d2de46 chain_id=137 from_address=0x8AfE43fF49EBd5c4B8Cd1497ee77b437dd1711fc}: cortex::pipeline: transaction confirmed on-chain elapsed_ms=2426 block_number=85139841 confirmations=1
2026-04-05T14:35:00.125165Z  INFO ThreadId(03) pipeline{execution_id=ea2ddc1d-0dbe-463f-8d59-e66a09d2de46 chain_id=137 from_address=0x8AfE43fF49EBd5c4B8Cd1497ee77b437dd1711fc}: cortex::pipeline: pipeline completed elapsed_ms=2426
2026-04-05T14:35:00.126762Z  INFO ThreadId(03) pipeline{execution_id=75fdf190-9c84-42a9-8365-847b5515db4f chain_id=1 from_address=0x8AfE43fF49EBd5c4B8Cd1497ee77b437dd1711fc}: cortex::pipeline: transaction confirmed on-chain elapsed_ms=2427 block_number=24814115 confirmations=1
2026-04-05T14:35:00.126801Z  INFO ThreadId(03) pipeline{execution_id=75fdf190-9c84-42a9-8365-847b5515db4f chain_id=1 from_address=0x8AfE43fF49EBd5c4B8Cd1497ee77b437dd1711fc}: cortex::pipeline: pipeline completed elapsed_ms=2427
2026-04-05T14:35:00.126896Z  INFO ThreadId(03) pipeline{execution_id=9cd976d5-1804-4927-a75c-02035d91bfd9 chain_id=137 from_address=0x8b172F820629b14cEAF859A6e159d1BcD3291Fe1}: cortex::pipeline: transaction confirmed on-chain elapsed_ms=2428 block_number=85139842 confirmations=2
2026-04-05T14:35:00.126919Z  INFO ThreadId(03) pipeline{execution_id=9cd976d5-1804-4927-a75c-02035d91bfd9 chain_id=137 from_address=0x8b172F820629b14cEAF859A6e159d1BcD3291Fe1}: cortex::pipeline: pipeline completed elapsed_ms=2428
2026-04-05T14:35:00.128021Z  INFO ThreadId(04) pipeline{execution_id=bd388ee7-19fa-448d-8516-ebc360f051b7 chain_id=1 from_address=0xfea6645D31443cF7Cf96eF1dB7823EB9365f98bf}: cortex::pipeline: transaction confirmed on-chain elapsed_ms=2428 block_number=24814115 confirmations=1
2026-04-05T14:35:00.128035Z  INFO ThreadId(03) pipeline{execution_id=dd6e1c38-31e8-4839-8e38-2072981b3656 chain_id=137 from_address=0x8AfE43fF49EBd5c4B8Cd1497ee77b437dd1711fc}: cortex::pipeline: transaction confirmed on-chain elapsed_ms=2447 block_number=85139841 confirmations=1
2026-04-05T14:35:00.128060Z  INFO ThreadId(04) pipeline{execution_id=bd388ee7-19fa-448d-8516-ebc360f051b7 chain_id=1 from_address=0xfea6645D31443cF7Cf96eF1dB7823EB9365f98bf}: cortex::pipeline: pipeline completed elapsed_ms=2428
2026-04-05T14:35:00.128073Z  INFO ThreadId(03) pipeline{execution_id=dd6e1c38-31e8-4839-8e38-2072981b3656 chain_id=137 from_address=0x8AfE43fF49EBd5c4B8Cd1497ee77b437dd1711fc}: cortex::pipeline: pipeline completed elapsed_ms=2447
2026-04-05T14:35:00.129401Z  INFO ThreadId(03) pipeline{execution_id=c4167fc8-574f-4527-befb-fd254df88b2a chain_id=1 from_address=0xCFA80F1f22b0AD533F7d8e2CcC0A783aa4BCaFF3}: cortex::pipeline: transaction confirmed on-chain elapsed_ms=2430 block_number=24814113 confirmations=1
2026-04-05T14:35:00.129436Z  INFO ThreadId(03) pipeline{execution_id=c4167fc8-574f-4527-befb-fd254df88b2a chain_id=1 from_address=0xCFA80F1f22b0AD533F7d8e2CcC0A783aa4BCaFF3}: cortex::pipeline: pipeline completed elapsed_ms=2430
2026-04-05T14:35:00.129823Z  INFO ThreadId(10) pipeline{execution_id=808cd819-8444-4ac4-81d4-a07ee70e053f chain_id=137 from_address=0xCFA80F1f22b0AD533F7d8e2CcC0A783aa4BCaFF3}: cortex::pipeline: transaction confirmed on-chain elapsed_ms=2431 block_number=85139841 confirmations=1
2026-04-05T14:35:00.129872Z  INFO ThreadId(10) pipeline{execution_id=808cd819-8444-4ac4-81d4-a07ee70e053f chain_id=137 from_address=0xCFA80F1f22b0AD533F7d8e2CcC0A783aa4BCaFF3}: cortex::pipeline: pipeline completed elapsed_ms=2431
2026-04-05T14:35:00.130873Z  INFO ThreadId(09) pipeline{execution_id=a3d62bc5-0eac-45cd-8712-d48d721ad6c9 chain_id=1 from_address=0xfea6645D31443cF7Cf96eF1dB7823EB9365f98bf}: cortex::pipeline: transaction confirmed on-chain elapsed_ms=2431 block_number=24814115 confirmations=1
2026-04-05T14:35:00.130910Z  INFO ThreadId(09) pipeline{execution_id=a3d62bc5-0eac-45cd-8712-d48d721ad6c9 chain_id=1 from_address=0xfea6645D31443cF7Cf96eF1dB7823EB9365f98bf}: cortex::pipeline: pipeline completed elapsed_ms=2431
2026-04-05T14:35:00.131044Z  INFO ThreadId(11) pipeline{execution_id=374d67c7-f551-477a-a859-5030b49c4b8e chain_id=137 from_address=0x2EAC739a1e05F4a05a5B8fD93D332c4353E5A7cD}: cortex::pipeline: transaction confirmed on-chain elapsed_ms=2431 block_number=85139841 confirmations=1
2026-04-05T14:35:00.131077Z  INFO ThreadId(11) pipeline{execution_id=374d67c7-f551-477a-a859-5030b49c4b8e chain_id=137 from_address=0x2EAC739a1e05F4a05a5B8fD93D332c4353E5A7cD}: cortex::pipeline: pipeline completed elapsed_ms=2432
2026-04-05T14:35:00.132578Z  INFO ThreadId(04) pipeline{execution_id=497643eb-a624-4ca9-b049-49fb96e141a2 chain_id=137 from_address=0x8b172F820629b14cEAF859A6e159d1BcD3291Fe1}: cortex::pipeline: transaction confirmed on-chain elapsed_ms=2433 block_number=85139842 confirmations=2
2026-04-05T14:35:00.132620Z  INFO ThreadId(04) pipeline{execution_id=497643eb-a624-4ca9-b049-49fb96e141a2 chain_id=137 from_address=0x8b172F820629b14cEAF859A6e159d1BcD3291Fe1}: cortex::pipeline: pipeline completed elapsed_ms=2433
2026-04-05T14:35:00.132814Z  INFO ThreadId(11) pipeline{execution_id=010ed797-e678-4bcb-902b-5b0d385ec0ca chain_id=1 from_address=0xCFA80F1f22b0AD533F7d8e2CcC0A783aa4BCaFF3}: cortex::pipeline: transaction confirmed on-chain elapsed_ms=2433 block_number=24814113 confirmations=1
2026-04-05T14:35:00.132850Z  INFO ThreadId(11) pipeline{execution_id=010ed797-e678-4bcb-902b-5b0d385ec0ca chain_id=1 from_address=0xCFA80F1f22b0AD533F7d8e2CcC0A783aa4BCaFF3}: cortex::pipeline: pipeline completed elapsed_ms=2433
2026-04-05T14:35:00.133972Z  INFO ThreadId(10) pipeline{execution_id=0e7cad4b-08b0-4e3c-9fc1-974a879bbb34 chain_id=137 from_address=0xfea6645D31443cF7Cf96eF1dB7823EB9365f98bf}: cortex::pipeline: transaction confirmed on-chain elapsed_ms=2434 block_number=85139841 confirmations=1
2026-04-05T14:35:00.133993Z  INFO ThreadId(04) pipeline{execution_id=ebcaa24e-6d7f-488d-868b-03e275531496 chain_id=1 from_address=0x2EAC739a1e05F4a05a5B8fD93D332c4353E5A7cD}: cortex::pipeline: transaction confirmed on-chain elapsed_ms=2434 block_number=24814113 confirmations=1
2026-04-05T14:35:00.134011Z  INFO ThreadId(10) pipeline{execution_id=0e7cad4b-08b0-4e3c-9fc1-974a879bbb34 chain_id=137 from_address=0xfea6645D31443cF7Cf96eF1dB7823EB9365f98bf}: cortex::pipeline: pipeline completed elapsed_ms=2434
2026-04-05T14:35:00.134020Z  INFO ThreadId(04) pipeline{execution_id=ebcaa24e-6d7f-488d-868b-03e275531496 chain_id=1 from_address=0x2EAC739a1e05F4a05a5B8fD93D332c4353E5A7cD}: cortex::pipeline: pipeline completed elapsed_ms=2434
2026-04-05T14:35:00.135402Z  INFO ThreadId(10) pipeline{execution_id=7cce9c7e-fe39-48c9-9ed8-ee601a29805d chain_id=1 from_address=0xfea6645D31443cF7Cf96eF1dB7823EB9365f98bf}: cortex::pipeline: transaction confirmed on-chain elapsed_ms=2436 block_number=24814115 confirmations=1
2026-04-05T14:35:00.135428Z  INFO ThreadId(03) pipeline{execution_id=7e4c83d6-c582-4c07-8df0-8e1773f5e642 chain_id=137 from_address=0x8AfE43fF49EBd5c4B8Cd1497ee77b437dd1711fc}: cortex::pipeline: transaction confirmed on-chain elapsed_ms=2436 block_number=85139841 confirmations=1
2026-04-05T14:35:00.135446Z  INFO ThreadId(10) pipeline{execution_id=7cce9c7e-fe39-48c9-9ed8-ee601a29805d chain_id=1 from_address=0xfea6645D31443cF7Cf96eF1dB7823EB9365f98bf}: cortex::pipeline: pipeline completed elapsed_ms=2436
2026-04-05T14:35:00.135454Z  INFO ThreadId(03) pipeline{execution_id=7e4c83d6-c582-4c07-8df0-8e1773f5e642 chain_id=137 from_address=0x8AfE43fF49EBd5c4B8Cd1497ee77b437dd1711fc}: cortex::pipeline: pipeline completed elapsed_ms=2436
2026-04-05T14:35:00.137414Z  INFO ThreadId(03) pipeline{execution_id=50e8389c-e916-4227-8f67-7d4b5f93654e chain_id=137 from_address=0x2EAC739a1e05F4a05a5B8fD93D332c4353E5A7cD}: cortex::pipeline: transaction confirmed on-chain elapsed_ms=2437 block_number=85139841 confirmations=1
2026-04-05T14:35:00.137448Z  INFO ThreadId(03) pipeline{execution_id=50e8389c-e916-4227-8f67-7d4b5f93654e chain_id=137 from_address=0x2EAC739a1e05F4a05a5B8fD93D332c4353E5A7cD}: cortex::pipeline: pipeline completed elapsed_ms=2437
2026-04-05T14:35:00.137892Z  INFO ThreadId(04) pipeline{execution_id=b2730545-5cc9-4cc3-b624-af26abf00b4f chain_id=1 from_address=0x2EAC739a1e05F4a05a5B8fD93D332c4353E5A7cD}: cortex::pipeline: transaction confirmed on-chain elapsed_ms=2438 block_number=24814113 confirmations=1
2026-04-05T14:35:00.137927Z  INFO ThreadId(04) pipeline{execution_id=b2730545-5cc9-4cc3-b624-af26abf00b4f chain_id=1 from_address=0x2EAC739a1e05F4a05a5B8fD93D332c4353E5A7cD}: cortex::pipeline: pipeline completed elapsed_ms=2438
2026-04-05T14:35:00.139282Z  INFO ThreadId(04) pipeline{execution_id=c2ee9171-b4f4-4e28-9f06-aea64e8351c2 chain_id=1 from_address=0x8b172F820629b14cEAF859A6e159d1BcD3291Fe1}: cortex::pipeline: transaction confirmed on-chain elapsed_ms=2439 block_number=24814116 confirmations=1
2026-04-05T14:35:00.139345Z  INFO ThreadId(04) pipeline{execution_id=c2ee9171-b4f4-4e28-9f06-aea64e8351c2 chain_id=1 from_address=0x8b172F820629b14cEAF859A6e159d1BcD3291Fe1}: cortex::pipeline: pipeline completed elapsed_ms=2439
2026-04-05T14:35:00.140110Z  INFO ThreadId(11) pipeline{execution_id=cc171be9-0039-42c7-9d1d-86d09f983a24 chain_id=137 from_address=0x8b172F820629b14cEAF859A6e159d1BcD3291Fe1}: cortex::pipeline: transaction confirmed on-chain elapsed_ms=2440 block_number=85139842 confirmations=2
2026-04-05T14:35:00.140151Z  INFO ThreadId(11) pipeline{execution_id=cc171be9-0039-42c7-9d1d-86d09f983a24 chain_id=137 from_address=0x8b172F820629b14cEAF859A6e159d1BcD3291Fe1}: cortex::pipeline: pipeline completed elapsed_ms=2440
2026-04-05T14:35:00.141034Z  INFO ThreadId(04) pipeline{execution_id=84d5a456-5bd4-4b76-b304-a8c34ba3ec8f chain_id=1 from_address=0x2EAC739a1e05F4a05a5B8fD93D332c4353E5A7cD}: cortex::pipeline: transaction confirmed on-chain elapsed_ms=2441 block_number=24814113 confirmations=1
2026-04-05T14:35:00.141082Z  INFO ThreadId(04) pipeline{execution_id=84d5a456-5bd4-4b76-b304-a8c34ba3ec8f chain_id=1 from_address=0x2EAC739a1e05F4a05a5B8fD93D332c4353E5A7cD}: cortex::pipeline: pipeline completed elapsed_ms=2441
2026-04-05T14:35:00.141506Z  INFO ThreadId(09) pipeline{execution_id=5421506a-b950-4733-9bfc-846613469acc chain_id=137 from_address=0x2EAC739a1e05F4a05a5B8fD93D332c4353E5A7cD}: cortex::pipeline: transaction confirmed on-chain elapsed_ms=2442 block_number=85139841 confirmations=1
2026-04-05T14:35:00.141548Z  INFO ThreadId(09) pipeline{execution_id=5421506a-b950-4733-9bfc-846613469acc chain_id=137 from_address=0x2EAC739a1e05F4a05a5B8fD93D332c4353E5A7cD}: cortex::pipeline: pipeline completed elapsed_ms=2442
2026-04-05T14:35:00.143132Z  INFO ThreadId(11) pipeline{execution_id=5c8087c5-f67d-4457-ad37-c76f274b7ce2 chain_id=1 from_address=0xCFA80F1f22b0AD533F7d8e2CcC0A783aa4BCaFF3}: cortex::pipeline: transaction confirmed on-chain elapsed_ms=2443 block_number=24814113 confirmations=1
2026-04-05T14:35:00.143132Z  INFO ThreadId(04) pipeline{execution_id=bb68ef05-fdce-4949-a10e-fd2cb6f97cb2 chain_id=137 from_address=0x8b172F820629b14cEAF859A6e159d1BcD3291Fe1}: cortex::pipeline: transaction confirmed on-chain elapsed_ms=2443 block_number=85139842 confirmations=2
2026-04-05T14:35:00.143187Z  INFO ThreadId(11) pipeline{execution_id=5c8087c5-f67d-4457-ad37-c76f274b7ce2 chain_id=1 from_address=0xCFA80F1f22b0AD533F7d8e2CcC0A783aa4BCaFF3}: cortex::pipeline: pipeline completed elapsed_ms=2443
2026-04-05T14:35:00.143226Z  INFO ThreadId(04) pipeline{execution_id=bb68ef05-fdce-4949-a10e-fd2cb6f97cb2 chain_id=137 from_address=0x8b172F820629b14cEAF859A6e159d1BcD3291Fe1}: cortex::pipeline: pipeline completed elapsed_ms=2443
2026-04-05T14:35:00.144946Z  INFO ThreadId(09) pipeline{execution_id=da00a99a-ef13-41fd-b2cd-ff879283b099 chain_id=137 from_address=0xfea6645D31443cF7Cf96eF1dB7823EB9365f98bf}: cortex::pipeline: transaction confirmed on-chain elapsed_ms=2445 block_number=85139841 confirmations=1
2026-04-05T14:35:00.144965Z  INFO ThreadId(03) pipeline{execution_id=46f06d09-2e71-4bf7-9364-f1df703287f9 chain_id=1 from_address=0xCFA80F1f22b0AD533F7d8e2CcC0A783aa4BCaFF3}: cortex::pipeline: transaction confirmed on-chain elapsed_ms=2445 block_number=24814113 confirmations=1
2026-04-05T14:35:00.144999Z  INFO ThreadId(09) pipeline{execution_id=da00a99a-ef13-41fd-b2cd-ff879283b099 chain_id=137 from_address=0xfea6645D31443cF7Cf96eF1dB7823EB9365f98bf}: cortex::pipeline: pipeline completed elapsed_ms=2445
2026-04-05T14:35:00.145015Z  INFO ThreadId(03) pipeline{execution_id=46f06d09-2e71-4bf7-9364-f1df703287f9 chain_id=1 from_address=0xCFA80F1f22b0AD533F7d8e2CcC0A783aa4BCaFF3}: cortex::pipeline: pipeline completed elapsed_ms=2445
2026-04-05T14:35:00.146821Z  INFO ThreadId(03) pipeline{execution_id=6778b9b7-fb6d-4887-ac51-d3494a72bb75 chain_id=1 from_address=0x8b172F820629b14cEAF859A6e159d1BcD3291Fe1}: cortex::pipeline: transaction confirmed on-chain elapsed_ms=2446 block_number=24814116 confirmations=1
2026-04-05T14:35:00.146870Z  INFO ThreadId(03) pipeline{execution_id=6778b9b7-fb6d-4887-ac51-d3494a72bb75 chain_id=1 from_address=0x8b172F820629b14cEAF859A6e159d1BcD3291Fe1}: cortex::pipeline: pipeline completed elapsed_ms=2447
2026-04-05T14:35:00.146916Z  INFO ThreadId(04) pipeline{execution_id=92c91efa-91ed-424b-b523-2fd712a6f193 chain_id=137 from_address=0x8AfE43fF49EBd5c4B8Cd1497ee77b437dd1711fc}: cortex::pipeline: transaction confirmed on-chain elapsed_ms=2447 block_number=85139841 confirmations=1
2026-04-05T14:35:00.146948Z  INFO ThreadId(04) pipeline{execution_id=92c91efa-91ed-424b-b523-2fd712a6f193 chain_id=137 from_address=0x8AfE43fF49EBd5c4B8Cd1497ee77b437dd1711fc}: cortex::pipeline: pipeline completed elapsed_ms=2447
2026-04-05T14:35:00.148609Z  INFO ThreadId(03) pipeline{execution_id=c956483d-ca44-4224-8261-859ce32d1806 chain_id=1 from_address=0x2EAC739a1e05F4a05a5B8fD93D332c4353E5A7cD}: cortex::pipeline: transaction confirmed on-chain elapsed_ms=2448 block_number=24814113 confirmations=1
2026-04-05T14:35:00.148658Z  INFO ThreadId(03) pipeline{execution_id=c956483d-ca44-4224-8261-859ce32d1806 chain_id=1 from_address=0x2EAC739a1e05F4a05a5B8fD93D332c4353E5A7cD}: cortex::pipeline: pipeline completed elapsed_ms=2448
2026-04-05T14:35:00.148794Z  INFO ThreadId(11) pipeline{execution_id=b774fc6d-2136-4977-8b99-daa837cce924 chain_id=137 from_address=0x8AfE43fF49EBd5c4B8Cd1497ee77b437dd1711fc}: cortex::pipeline: transaction confirmed on-chain elapsed_ms=2449 block_number=85139841 confirmations=1
2026-04-05T14:35:00.148831Z  INFO ThreadId(11) pipeline{execution_id=b774fc6d-2136-4977-8b99-daa837cce924 chain_id=137 from_address=0x8AfE43fF49EBd5c4B8Cd1497ee77b437dd1711fc}: cortex::pipeline: pipeline completed elapsed_ms=2449
2026-04-05T14:35:00.150647Z  INFO ThreadId(11) pipeline{execution_id=99e3c0eb-b1e6-4f94-9683-f69dfbfbe266 chain_id=1 from_address=0xfea6645D31443cF7Cf96eF1dB7823EB9365f98bf}: cortex::pipeline: transaction confirmed on-chain elapsed_ms=2450 block_number=24814115 confirmations=1
2026-04-05T14:35:00.150710Z  INFO ThreadId(11) pipeline{execution_id=99e3c0eb-b1e6-4f94-9683-f69dfbfbe266 chain_id=1 from_address=0xfea6645D31443cF7Cf96eF1dB7823EB9365f98bf}: cortex::pipeline: pipeline completed elapsed_ms=2450
2026-04-05T14:35:00.150769Z  INFO ThreadId(10) pipeline{execution_id=9ee86137-207a-46b5-9124-6ba474cb2198 chain_id=137 from_address=0x8b172F820629b14cEAF859A6e159d1BcD3291Fe1}: cortex::pipeline: transaction confirmed on-chain elapsed_ms=2451 block_number=85139842 confirmations=2
2026-04-05T14:35:00.150799Z  INFO ThreadId(10) pipeline{execution_id=9ee86137-207a-46b5-9124-6ba474cb2198 chain_id=137 from_address=0x8b172F820629b14cEAF859A6e159d1BcD3291Fe1}: cortex::pipeline: pipeline completed elapsed_ms=2451
2026-04-05T14:35:00.152841Z  INFO ThreadId(03) pipeline{execution_id=2b743e0c-d79a-4e5e-be2b-20a7cc211736 chain_id=137 from_address=0xfea6645D31443cF7Cf96eF1dB7823EB9365f98bf}: cortex::pipeline: transaction confirmed on-chain elapsed_ms=2453 block_number=85139841 confirmations=1
2026-04-05T14:35:00.152893Z  INFO ThreadId(03) pipeline{execution_id=2b743e0c-d79a-4e5e-be2b-20a7cc211736 chain_id=137 from_address=0xfea6645D31443cF7Cf96eF1dB7823EB9365f98bf}: cortex::pipeline: pipeline completed elapsed_ms=2453
2026-04-05T14:35:00.153363Z  INFO ThreadId(03) pipeline{execution_id=468cc092-3bb5-4dfc-866d-c9a255770c56 chain_id=1 from_address=0xfea6645D31443cF7Cf96eF1dB7823EB9365f98bf}: cortex::pipeline: transaction confirmed on-chain elapsed_ms=2453 block_number=24814115 confirmations=1
2026-04-05T14:35:00.153407Z  INFO ThreadId(03) pipeline{execution_id=468cc092-3bb5-4dfc-866d-c9a255770c56 chain_id=1 from_address=0xfea6645D31443cF7Cf96eF1dB7823EB9365f98bf}: cortex::pipeline: pipeline completed elapsed_ms=2453
2026-04-05T14:35:00.154561Z  INFO ThreadId(03) pipeline{execution_id=55f4ddca-e60c-4fba-9812-c7e8736ba0d4 chain_id=1 from_address=0xCFA80F1f22b0AD533F7d8e2CcC0A783aa4BCaFF3}: cortex::pipeline: transaction confirmed on-chain elapsed_ms=2454 block_number=24814113 confirmations=1
2026-04-05T14:35:00.154600Z  INFO ThreadId(03) pipeline{execution_id=55f4ddca-e60c-4fba-9812-c7e8736ba0d4 chain_id=1 from_address=0xCFA80F1f22b0AD533F7d8e2CcC0A783aa4BCaFF3}: cortex::pipeline: pipeline completed elapsed_ms=2454
2026-04-05T14:35:00.154595Z  INFO ThreadId(09) pipeline{execution_id=16053a8b-3288-4549-9ddf-164f16dcab38 chain_id=137 from_address=0x2EAC739a1e05F4a05a5B8fD93D332c4353E5A7cD}: cortex::pipeline: transaction confirmed on-chain elapsed_ms=2454 block_number=85139841 confirmations=1
2026-04-05T14:35:00.154622Z  INFO ThreadId(09) pipeline{execution_id=16053a8b-3288-4549-9ddf-164f16dcab38 chain_id=137 from_address=0x2EAC739a1e05F4a05a5B8fD93D332c4353E5A7cD}: cortex::pipeline: pipeline completed elapsed_ms=2454
2026-04-05T14:35:00.156089Z  INFO ThreadId(04) pipeline{execution_id=babdb45e-854c-4198-9004-07d296a566e6 chain_id=137 from_address=0x8b172F820629b14cEAF859A6e159d1BcD3291Fe1}: cortex::pipeline: transaction confirmed on-chain elapsed_ms=2456 block_number=85139842 confirmations=2
2026-04-05T14:35:00.156089Z  INFO ThreadId(03) pipeline{execution_id=9f6719b7-4c6f-4298-948d-c88b137e3a12 chain_id=1 from_address=0x8AfE43fF49EBd5c4B8Cd1497ee77b437dd1711fc}: cortex::pipeline: transaction confirmed on-chain elapsed_ms=2455 block_number=24814115 confirmations=1
2026-04-05T14:35:00.156135Z  INFO ThreadId(04) pipeline{execution_id=babdb45e-854c-4198-9004-07d296a566e6 chain_id=137 from_address=0x8b172F820629b14cEAF859A6e159d1BcD3291Fe1}: cortex::pipeline: pipeline completed elapsed_ms=2456
2026-04-05T14:35:00.156149Z  INFO ThreadId(03) pipeline{execution_id=9f6719b7-4c6f-4298-948d-c88b137e3a12 chain_id=1 from_address=0x8AfE43fF49EBd5c4B8Cd1497ee77b437dd1711fc}: cortex::pipeline: pipeline completed elapsed_ms=2455
2026-04-05T14:35:00.157668Z  INFO ThreadId(11) pipeline{execution_id=a5645a6d-d84d-491a-9ea4-26035351a6c8 chain_id=137 from_address=0x8AfE43fF49EBd5c4B8Cd1497ee77b437dd1711fc}: cortex::pipeline: transaction confirmed on-chain elapsed_ms=2457 block_number=85139841 confirmations=1
2026-04-05T14:35:00.157708Z  INFO ThreadId(11) pipeline{execution_id=a5645a6d-d84d-491a-9ea4-26035351a6c8 chain_id=137 from_address=0x8AfE43fF49EBd5c4B8Cd1497ee77b437dd1711fc}: cortex::pipeline: pipeline completed elapsed_ms=2457
2026-04-05T14:35:00.158111Z  INFO ThreadId(11) pipeline{execution_id=132d3e07-554a-4733-9de2-6450bb41b291 chain_id=1 from_address=0x8AfE43fF49EBd5c4B8Cd1497ee77b437dd1711fc}: cortex::pipeline: transaction confirmed on-chain elapsed_ms=2457 block_number=24814115 confirmations=1
2026-04-05T14:35:00.158136Z  INFO ThreadId(11) pipeline{execution_id=132d3e07-554a-4733-9de2-6450bb41b291 chain_id=1 from_address=0x8AfE43fF49EBd5c4B8Cd1497ee77b437dd1711fc}: cortex::pipeline: pipeline completed elapsed_ms=2457
2026-04-05T14:35:00.158954Z  INFO ThreadId(03) pipeline{execution_id=77b47146-431c-4309-a1c1-310092798f4f chain_id=137 from_address=0x8AfE43fF49EBd5c4B8Cd1497ee77b437dd1711fc}: cortex::pipeline: transaction confirmed on-chain elapsed_ms=2458 block_number=85139841 confirmations=1
2026-04-05T14:35:00.158976Z  INFO ThreadId(04) pipeline{execution_id=cc231a16-5899-418a-be0b-f8ba1d7c0803 chain_id=1 from_address=0x2EAC739a1e05F4a05a5B8fD93D332c4353E5A7cD}: cortex::pipeline: transaction confirmed on-chain elapsed_ms=2458 block_number=24814113 confirmations=1
2026-04-05T14:35:00.158989Z  INFO ThreadId(03) pipeline{execution_id=77b47146-431c-4309-a1c1-310092798f4f chain_id=137 from_address=0x8AfE43fF49EBd5c4B8Cd1497ee77b437dd1711fc}: cortex::pipeline: pipeline completed elapsed_ms=2458
2026-04-05T14:35:00.158994Z  INFO ThreadId(04) pipeline{execution_id=cc231a16-5899-418a-be0b-f8ba1d7c0803 chain_id=1 from_address=0x2EAC739a1e05F4a05a5B8fD93D332c4353E5A7cD}: cortex::pipeline: pipeline completed elapsed_ms=2458
2026-04-05T14:35:00.160292Z  INFO ThreadId(11) pipeline{execution_id=de4b07ac-6e5f-4f96-a8dd-75d348c1a338 chain_id=1 from_address=0x8b172F820629b14cEAF859A6e159d1BcD3291Fe1}: cortex::pipeline: transaction confirmed on-chain elapsed_ms=2459 block_number=24814116 confirmations=1
2026-04-05T14:35:00.160337Z  INFO ThreadId(04) pipeline{execution_id=12077b33-8f37-4efc-9945-48c038d20815 chain_id=137 from_address=0x8AfE43fF49EBd5c4B8Cd1497ee77b437dd1711fc}: cortex::pipeline: transaction confirmed on-chain elapsed_ms=2460 block_number=85139841 confirmations=1
2026-04-05T14:35:00.160352Z  INFO ThreadId(11) pipeline{execution_id=de4b07ac-6e5f-4f96-a8dd-75d348c1a338 chain_id=1 from_address=0x8b172F820629b14cEAF859A6e159d1BcD3291Fe1}: cortex::pipeline: pipeline completed elapsed_ms=2460
2026-04-05T14:35:00.160366Z  INFO ThreadId(04) pipeline{execution_id=12077b33-8f37-4efc-9945-48c038d20815 chain_id=137 from_address=0x8AfE43fF49EBd5c4B8Cd1497ee77b437dd1711fc}: cortex::pipeline: pipeline completed elapsed_ms=2460
2026-04-05T14:35:00.161853Z  INFO ThreadId(09) pipeline{execution_id=68266553-17d9-40a9-a254-35e0676e0a87 chain_id=137 from_address=0x8AfE43fF49EBd5c4B8Cd1497ee77b437dd1711fc}: cortex::pipeline: transaction confirmed on-chain elapsed_ms=2461 block_number=85139841 confirmations=1
2026-04-05T14:35:00.161876Z  INFO ThreadId(11) pipeline{execution_id=26c027de-729c-402a-ae50-e960c4f80cb0 chain_id=1 from_address=0xfea6645D31443cF7Cf96eF1dB7823EB9365f98bf}: cortex::pipeline: transaction confirmed on-chain elapsed_ms=2461 block_number=24814115 confirmations=1
2026-04-05T14:35:00.161898Z  INFO ThreadId(09) pipeline{execution_id=68266553-17d9-40a9-a254-35e0676e0a87 chain_id=137 from_address=0x8AfE43fF49EBd5c4B8Cd1497ee77b437dd1711fc}: cortex::pipeline: pipeline completed elapsed_ms=2461
2026-04-05T14:35:00.161911Z  INFO ThreadId(11) pipeline{execution_id=26c027de-729c-402a-ae50-e960c4f80cb0 chain_id=1 from_address=0xfea6645D31443cF7Cf96eF1dB7823EB9365f98bf}: cortex::pipeline: pipeline completed elapsed_ms=2461
2026-04-05T14:35:00.163151Z  INFO ThreadId(04) pipeline{execution_id=ae3583fd-9f29-4ead-b283-0f08afe1f7c0 chain_id=1 from_address=0x8AfE43fF49EBd5c4B8Cd1497ee77b437dd1711fc}: cortex::pipeline: transaction confirmed on-chain elapsed_ms=2462 block_number=24814115 confirmations=1
2026-04-05T14:35:00.163159Z  INFO ThreadId(09) pipeline{execution_id=a9c6c9cf-77ce-4a83-89a7-5c4f0fad7508 chain_id=137 from_address=0xfea6645D31443cF7Cf96eF1dB7823EB9365f98bf}: cortex::pipeline: transaction confirmed on-chain elapsed_ms=2462 block_number=85139841 confirmations=1
2026-04-05T14:35:00.163180Z  INFO ThreadId(04) pipeline{execution_id=ae3583fd-9f29-4ead-b283-0f08afe1f7c0 chain_id=1 from_address=0x8AfE43fF49EBd5c4B8Cd1497ee77b437dd1711fc}: cortex::pipeline: pipeline completed elapsed_ms=2462
2026-04-05T14:35:00.163186Z  INFO ThreadId(09) pipeline{execution_id=a9c6c9cf-77ce-4a83-89a7-5c4f0fad7508 chain_id=137 from_address=0xfea6645D31443cF7Cf96eF1dB7823EB9365f98bf}: cortex::pipeline: pipeline completed elapsed_ms=2462
2026-04-05T14:35:00.164266Z  INFO ThreadId(09) pipeline{execution_id=f280d7a9-b1e0-4c38-a1cd-1717e8ca4917 chain_id=137 from_address=0xCFA80F1f22b0AD533F7d8e2CcC0A783aa4BCaFF3}: cortex::pipeline: transaction confirmed on-chain elapsed_ms=2463 block_number=85139841 confirmations=1
2026-04-05T14:35:00.164296Z  INFO ThreadId(09) pipeline{execution_id=f280d7a9-b1e0-4c38-a1cd-1717e8ca4917 chain_id=137 from_address=0xCFA80F1f22b0AD533F7d8e2CcC0A783aa4BCaFF3}: cortex::pipeline: pipeline completed elapsed_ms=2463
2026-04-05T14:35:00.164348Z  INFO ThreadId(04) pipeline{execution_id=bc5fd64b-f16e-4419-8d6e-c26734d903cf chain_id=1 from_address=0x8AfE43fF49EBd5c4B8Cd1497ee77b437dd1711fc}: cortex::pipeline: transaction confirmed on-chain elapsed_ms=2463 block_number=24814115 confirmations=1
2026-04-05T14:35:00.164370Z  INFO ThreadId(04) pipeline{execution_id=bc5fd64b-f16e-4419-8d6e-c26734d903cf chain_id=1 from_address=0x8AfE43fF49EBd5c4B8Cd1497ee77b437dd1711fc}: cortex::pipeline: pipeline completed elapsed_ms=2463
2026-04-05T14:35:00.165347Z  INFO ThreadId(09) pipeline{execution_id=a53d037a-0d06-4d83-8abf-0adb384a8025 chain_id=137 from_address=0x2EAC739a1e05F4a05a5B8fD93D332c4353E5A7cD}: cortex::pipeline: transaction confirmed on-chain elapsed_ms=2464 block_number=85139841 confirmations=1
2026-04-05T14:35:00.165375Z  INFO ThreadId(09) pipeline{execution_id=a53d037a-0d06-4d83-8abf-0adb384a8025 chain_id=137 from_address=0x2EAC739a1e05F4a05a5B8fD93D332c4353E5A7cD}: cortex::pipeline: pipeline completed elapsed_ms=2464
2026-04-05T14:35:00.165452Z  INFO ThreadId(11) pipeline{execution_id=7d16b2a1-86f3-4e7d-b67f-8267fc929d1e chain_id=1 from_address=0xfea6645D31443cF7Cf96eF1dB7823EB9365f98bf}: cortex::pipeline: transaction confirmed on-chain elapsed_ms=2464 block_number=24814115 confirmations=1
2026-04-05T14:35:00.165473Z  INFO ThreadId(11) pipeline{execution_id=7d16b2a1-86f3-4e7d-b67f-8267fc929d1e chain_id=1 from_address=0xfea6645D31443cF7Cf96eF1dB7823EB9365f98bf}: cortex::pipeline: pipeline completed elapsed_ms=2464
2026-04-05T14:35:00.166730Z  INFO ThreadId(04) pipeline{execution_id=06f4991b-3784-4760-89db-bd88125150d4 chain_id=1 from_address=0xfea6645D31443cF7Cf96eF1dB7823EB9365f98bf}: cortex::pipeline: transaction confirmed on-chain elapsed_ms=2466 block_number=24814115 confirmations=1
2026-04-05T14:35:00.166778Z  INFO ThreadId(04) pipeline{execution_id=06f4991b-3784-4760-89db-bd88125150d4 chain_id=1 from_address=0xfea6645D31443cF7Cf96eF1dB7823EB9365f98bf}: cortex::pipeline: pipeline completed elapsed_ms=2466
2026-04-05T14:35:00.167220Z  INFO ThreadId(04) pipeline{execution_id=7f0f4ac4-8abd-4e32-9514-75701571a94f chain_id=137 from_address=0xfea6645D31443cF7Cf96eF1dB7823EB9365f98bf}: cortex::pipeline: transaction confirmed on-chain elapsed_ms=2466 block_number=85139841 confirmations=1
2026-04-05T14:35:00.167257Z  INFO ThreadId(04) pipeline{execution_id=7f0f4ac4-8abd-4e32-9514-75701571a94f chain_id=137 from_address=0xfea6645D31443cF7Cf96eF1dB7823EB9365f98bf}: cortex::pipeline: pipeline completed elapsed_ms=2466
2026-04-05T14:35:00.168216Z  INFO ThreadId(04) pipeline{execution_id=6c5173a3-3f38-4d92-9192-53c932a06ec0 chain_id=137 from_address=0xCFA80F1f22b0AD533F7d8e2CcC0A783aa4BCaFF3}: cortex::pipeline: transaction confirmed on-chain elapsed_ms=2467 block_number=85139841 confirmations=1
2026-04-05T14:35:00.168215Z  INFO ThreadId(03) pipeline{execution_id=fcad6a53-728e-436e-81ea-3add6488fb5c chain_id=1 from_address=0x8b172F820629b14cEAF859A6e159d1BcD3291Fe1}: cortex::pipeline: transaction confirmed on-chain elapsed_ms=2467 block_number=24814116 confirmations=1
2026-04-05T14:35:00.168288Z  INFO ThreadId(04) pipeline{execution_id=6c5173a3-3f38-4d92-9192-53c932a06ec0 chain_id=137 from_address=0xCFA80F1f22b0AD533F7d8e2CcC0A783aa4BCaFF3}: cortex::pipeline: pipeline completed elapsed_ms=2467
2026-04-05T14:35:00.168299Z  INFO ThreadId(03) pipeline{execution_id=fcad6a53-728e-436e-81ea-3add6488fb5c chain_id=1 from_address=0x8b172F820629b14cEAF859A6e159d1BcD3291Fe1}: cortex::pipeline: pipeline completed elapsed_ms=2467
2026-04-05T14:35:00.169629Z  INFO ThreadId(03) pipeline{execution_id=e185cf8b-5caa-4eaa-a43a-ef70637d4c5d chain_id=1 from_address=0x2EAC739a1e05F4a05a5B8fD93D332c4353E5A7cD}: cortex::pipeline: transaction confirmed on-chain elapsed_ms=2468 block_number=24814113 confirmations=1
2026-04-05T14:35:00.169648Z  INFO ThreadId(10) pipeline{execution_id=40085a80-303c-4d81-86ed-9e1aec637f49 chain_id=137 from_address=0x8b172F820629b14cEAF859A6e159d1BcD3291Fe1}: cortex::pipeline: transaction confirmed on-chain elapsed_ms=2468 block_number=85139842 confirmations=2
2026-04-05T14:35:00.169656Z  INFO ThreadId(03) pipeline{execution_id=e185cf8b-5caa-4eaa-a43a-ef70637d4c5d chain_id=1 from_address=0x2EAC739a1e05F4a05a5B8fD93D332c4353E5A7cD}: cortex::pipeline: pipeline completed elapsed_ms=2468
2026-04-05T14:35:00.169670Z  INFO ThreadId(10) pipeline{execution_id=40085a80-303c-4d81-86ed-9e1aec637f49 chain_id=137 from_address=0x8b172F820629b14cEAF859A6e159d1BcD3291Fe1}: cortex::pipeline: pipeline completed elapsed_ms=2468
2026-04-05T14:35:00.170829Z  INFO ThreadId(10) pipeline{execution_id=629c56dc-becd-4120-8ad7-927d57e51e89 chain_id=137 from_address=0xCFA80F1f22b0AD533F7d8e2CcC0A783aa4BCaFF3}: cortex::pipeline: transaction confirmed on-chain elapsed_ms=2469 block_number=85139841 confirmations=1
2026-04-05T14:35:00.170858Z  INFO ThreadId(04) pipeline{execution_id=4482a52b-934f-4f19-a20c-425ba44693f8 chain_id=1 from_address=0xfea6645D31443cF7Cf96eF1dB7823EB9365f98bf}: cortex::pipeline: transaction confirmed on-chain elapsed_ms=2470 block_number=24814115 confirmations=1
2026-04-05T14:35:00.170863Z  INFO ThreadId(10) pipeline{execution_id=629c56dc-becd-4120-8ad7-927d57e51e89 chain_id=137 from_address=0xCFA80F1f22b0AD533F7d8e2CcC0A783aa4BCaFF3}: cortex::pipeline: pipeline completed elapsed_ms=2469
2026-04-05T14:35:00.170882Z  INFO ThreadId(04) pipeline{execution_id=4482a52b-934f-4f19-a20c-425ba44693f8 chain_id=1 from_address=0xfea6645D31443cF7Cf96eF1dB7823EB9365f98bf}: cortex::pipeline: pipeline completed elapsed_ms=2470
2026-04-05T14:35:00.172069Z  INFO ThreadId(10) pipeline{execution_id=70753b02-5686-41a1-a3c1-dee7683fd599 chain_id=137 from_address=0xCFA80F1f22b0AD533F7d8e2CcC0A783aa4BCaFF3}: cortex::pipeline: transaction confirmed on-chain elapsed_ms=2471 block_number=85139841 confirmations=1
2026-04-05T14:35:00.172087Z  INFO ThreadId(03) pipeline{execution_id=0171e005-a1b6-4549-9e23-81119fde01d7 chain_id=1 from_address=0x8b172F820629b14cEAF859A6e159d1BcD3291Fe1}: cortex::pipeline: transaction confirmed on-chain elapsed_ms=2470 block_number=24814116 confirmations=1
2026-04-05T14:35:00.172105Z  INFO ThreadId(10) pipeline{execution_id=70753b02-5686-41a1-a3c1-dee7683fd599 chain_id=137 from_address=0xCFA80F1f22b0AD533F7d8e2CcC0A783aa4BCaFF3}: cortex::pipeline: pipeline completed elapsed_ms=2471
2026-04-05T14:35:00.172116Z  INFO ThreadId(03) pipeline{execution_id=0171e005-a1b6-4549-9e23-81119fde01d7 chain_id=1 from_address=0x8b172F820629b14cEAF859A6e159d1BcD3291Fe1}: cortex::pipeline: pipeline completed elapsed_ms=2471
2026-04-05T14:35:00.173342Z  INFO ThreadId(10) pipeline{execution_id=d3a0eacb-d9ca-45be-b12f-3abab0069181 chain_id=1 from_address=0x8AfE43fF49EBd5c4B8Cd1497ee77b437dd1711fc}: cortex::pipeline: transaction confirmed on-chain elapsed_ms=2472 block_number=24814115 confirmations=1
2026-04-05T14:35:00.173357Z  INFO ThreadId(03) pipeline{execution_id=f3029369-a301-47f9-b7de-2182363dd1e2 chain_id=137 from_address=0x2EAC739a1e05F4a05a5B8fD93D332c4353E5A7cD}: cortex::pipeline: transaction confirmed on-chain elapsed_ms=2472 block_number=85139841 confirmations=1
2026-04-05T14:35:00.173381Z  INFO ThreadId(10) pipeline{execution_id=d3a0eacb-d9ca-45be-b12f-3abab0069181 chain_id=1 from_address=0x8AfE43fF49EBd5c4B8Cd1497ee77b437dd1711fc}: cortex::pipeline: pipeline completed elapsed_ms=2472
2026-04-05T14:35:00.173393Z  INFO ThreadId(03) pipeline{execution_id=f3029369-a301-47f9-b7de-2182363dd1e2 chain_id=137 from_address=0x2EAC739a1e05F4a05a5B8fD93D332c4353E5A7cD}: cortex::pipeline: pipeline completed elapsed_ms=2472
2026-04-05T14:35:00.174796Z  INFO ThreadId(04) pipeline{execution_id=692eb4f6-fb67-4c77-8949-f1444a942db1 chain_id=1 from_address=0xCFA80F1f22b0AD533F7d8e2CcC0A783aa4BCaFF3}: cortex::pipeline: transaction confirmed on-chain elapsed_ms=2473 block_number=24814113 confirmations=1
2026-04-05T14:35:00.174815Z  INFO ThreadId(03) pipeline{execution_id=a8d6e8e7-2a0c-40f3-87df-a372068bfc49 chain_id=137 from_address=0xfea6645D31443cF7Cf96eF1dB7823EB9365f98bf}: cortex::pipeline: transaction confirmed on-chain elapsed_ms=2473 block_number=85139841 confirmations=1
2026-04-05T14:35:00.174841Z  INFO ThreadId(04) pipeline{execution_id=692eb4f6-fb67-4c77-8949-f1444a942db1 chain_id=1 from_address=0xCFA80F1f22b0AD533F7d8e2CcC0A783aa4BCaFF3}: cortex::pipeline: pipeline completed elapsed_ms=2473
2026-04-05T14:35:00.174862Z  INFO ThreadId(03) pipeline{execution_id=a8d6e8e7-2a0c-40f3-87df-a372068bfc49 chain_id=137 from_address=0xfea6645D31443cF7Cf96eF1dB7823EB9365f98bf}: cortex::pipeline: pipeline completed elapsed_ms=2473
2026-04-05T14:35:00.175983Z  INFO ThreadId(04) pipeline{execution_id=b17e3878-4db4-4ea8-8986-054734347a92 chain_id=137 from_address=0xfea6645D31443cF7Cf96eF1dB7823EB9365f98bf}: cortex::pipeline: transaction confirmed on-chain elapsed_ms=2474 block_number=85139841 confirmations=1
2026-04-05T14:35:00.176012Z  INFO ThreadId(04) pipeline{execution_id=b17e3878-4db4-4ea8-8986-054734347a92 chain_id=137 from_address=0xfea6645D31443cF7Cf96eF1dB7823EB9365f98bf}: cortex::pipeline: pipeline completed elapsed_ms=2474
2026-04-05T14:35:00.177352Z  INFO ThreadId(04) pipeline{execution_id=8f0ae135-8a70-4c4f-9344-321bb55e3887 chain_id=137 from_address=0x8b172F820629b14cEAF859A6e159d1BcD3291Fe1}: cortex::pipeline: transaction confirmed on-chain elapsed_ms=2476 block_number=85139842 confirmations=2
2026-04-05T14:35:00.177384Z  INFO ThreadId(04) pipeline{execution_id=8f0ae135-8a70-4c4f-9344-321bb55e3887 chain_id=137 from_address=0x8b172F820629b14cEAF859A6e159d1BcD3291Fe1}: cortex::pipeline: pipeline completed elapsed_ms=2476
2026-04-05T14:35:00.178705Z  INFO ThreadId(03) pipeline{execution_id=126dcb48-be19-4134-9dcd-3ab54a5bc9ca chain_id=137 from_address=0xfea6645D31443cF7Cf96eF1dB7823EB9365f98bf}: cortex::pipeline: transaction confirmed on-chain elapsed_ms=2477 block_number=85139841 confirmations=1
2026-04-05T14:35:00.178731Z  INFO ThreadId(03) pipeline{execution_id=126dcb48-be19-4134-9dcd-3ab54a5bc9ca chain_id=137 from_address=0xfea6645D31443cF7Cf96eF1dB7823EB9365f98bf}: cortex::pipeline: pipeline completed elapsed_ms=2477
2026-04-05T14:35:00.179976Z  INFO ThreadId(11) pipeline{execution_id=631eb548-c3bb-427b-ad7b-ad58152e576c chain_id=137 from_address=0x8b172F820629b14cEAF859A6e159d1BcD3291Fe1}: cortex::pipeline: transaction confirmed on-chain elapsed_ms=2478 block_number=85139842 confirmations=2
2026-04-05T14:35:00.180007Z  INFO ThreadId(11) pipeline{execution_id=631eb548-c3bb-427b-ad7b-ad58152e576c chain_id=137 from_address=0x8b172F820629b14cEAF859A6e159d1BcD3291Fe1}: cortex::pipeline: pipeline completed elapsed_ms=2478
2026-04-05T14:35:00.181300Z  INFO ThreadId(04) pipeline{execution_id=c94862d6-da5e-400a-a069-418da23282c3 chain_id=137 from_address=0x8b172F820629b14cEAF859A6e159d1BcD3291Fe1}: cortex::pipeline: transaction confirmed on-chain elapsed_ms=2479 block_number=85139842 confirmations=2
2026-04-05T14:35:00.181378Z  INFO ThreadId(04) pipeline{execution_id=c94862d6-da5e-400a-a069-418da23282c3 chain_id=137 from_address=0x8b172F820629b14cEAF859A6e159d1BcD3291Fe1}: cortex::pipeline: pipeline completed elapsed_ms=2479
2026-04-05T14:35:00.182643Z  INFO ThreadId(04) pipeline{execution_id=946e677a-d8f1-416c-b327-f59c5994e129 chain_id=137 from_address=0xCFA80F1f22b0AD533F7d8e2CcC0A783aa4BCaFF3}: cortex::pipeline: transaction confirmed on-chain elapsed_ms=2480 block_number=85139841 confirmations=1
2026-04-05T14:35:00.182671Z  INFO ThreadId(04) pipeline{execution_id=946e677a-d8f1-416c-b327-f59c5994e129 chain_id=137 from_address=0xCFA80F1f22b0AD533F7d8e2CcC0A783aa4BCaFF3}: cortex::pipeline: pipeline completed elapsed_ms=2480
2026-04-05T14:35:00.183922Z  INFO ThreadId(03) pipeline{execution_id=a7167d85-53a1-4138-8032-55b5f2bf0ea5 chain_id=137 from_address=0xCFA80F1f22b0AD533F7d8e2CcC0A783aa4BCaFF3}: cortex::pipeline: transaction confirmed on-chain elapsed_ms=2482 block_number=85139841 confirmations=1
2026-04-05T14:35:00.183950Z  INFO ThreadId(03) pipeline{execution_id=a7167d85-53a1-4138-8032-55b5f2bf0ea5 chain_id=137 from_address=0xCFA80F1f22b0AD533F7d8e2CcC0A783aa4BCaFF3}: cortex::pipeline: pipeline completed elapsed_ms=2482
2026-04-05T14:35:00.184959Z  INFO ThreadId(04) pipeline{execution_id=2ef7ef58-df64-4542-adf8-0401c45da273 chain_id=137 from_address=0x2EAC739a1e05F4a05a5B8fD93D332c4353E5A7cD}: cortex::pipeline: transaction confirmed on-chain elapsed_ms=2483 block_number=85139841 confirmations=1
2026-04-05T14:35:00.184983Z  INFO ThreadId(04) pipeline{execution_id=2ef7ef58-df64-4542-adf8-0401c45da273 chain_id=137 from_address=0x2EAC739a1e05F4a05a5B8fD93D332c4353E5A7cD}: cortex::pipeline: pipeline completed elapsed_ms=2483
2026-04-05T14:35:00.186221Z  INFO ThreadId(03) pipeline{execution_id=12967906-c4d9-4b96-a559-b1be6fca49e5 chain_id=137 from_address=0x8AfE43fF49EBd5c4B8Cd1497ee77b437dd1711fc}: cortex::pipeline: transaction confirmed on-chain elapsed_ms=2484 block_number=85139841 confirmations=1
2026-04-05T14:35:00.186247Z  INFO ThreadId(03) pipeline{execution_id=12967906-c4d9-4b96-a559-b1be6fca49e5 chain_id=137 from_address=0x8AfE43fF49EBd5c4B8Cd1497ee77b437dd1711fc}: cortex::pipeline: pipeline completed elapsed_ms=2484
2026-04-05T14:35:00.187613Z  INFO ThreadId(04) pipeline{execution_id=efcba1de-0984-4f57-9d6a-8fefe0865277 chain_id=137 from_address=0x2EAC739a1e05F4a05a5B8fD93D332c4353E5A7cD}: cortex::pipeline: transaction confirmed on-chain elapsed_ms=2485 block_number=85139841 confirmations=1
2026-04-05T14:35:00.187671Z  INFO ThreadId(04) pipeline{execution_id=efcba1de-0984-4f57-9d6a-8fefe0865277 chain_id=137 from_address=0x2EAC739a1e05F4a05a5B8fD93D332c4353E5A7cD}: cortex::pipeline: pipeline completed elapsed_ms=2485
2026-04-05T14:35:00.189053Z  INFO ThreadId(03) pipeline{execution_id=44407b64-e29d-43b5-b6a3-a43193bd160e chain_id=137 from_address=0xCFA80F1f22b0AD533F7d8e2CcC0A783aa4BCaFF3}: cortex::pipeline: transaction confirmed on-chain elapsed_ms=2487 block_number=85139841 confirmations=1
2026-04-05T14:35:00.189094Z  INFO ThreadId(03) pipeline{execution_id=44407b64-e29d-43b5-b6a3-a43193bd160e chain_id=137 from_address=0xCFA80F1f22b0AD533F7d8e2CcC0A783aa4BCaFF3}: cortex::pipeline: pipeline completed elapsed_ms=2487
2026-04-05T14:35:00.190402Z  INFO ThreadId(11) pipeline{execution_id=33762520-8522-4dde-9b77-4479a5efc60c chain_id=137 from_address=0xCFA80F1f22b0AD533F7d8e2CcC0A783aa4BCaFF3}: cortex::pipeline: transaction confirmed on-chain elapsed_ms=2488 block_number=85139841 confirmations=1
2026-04-05T14:35:00.190433Z  INFO ThreadId(11) pipeline{execution_id=33762520-8522-4dde-9b77-4479a5efc60c chain_id=137 from_address=0xCFA80F1f22b0AD533F7d8e2CcC0A783aa4BCaFF3}: cortex::pipeline: pipeline completed elapsed_ms=2488
2026-04-05T14:35:00.191529Z  INFO ThreadId(04) pipeline{execution_id=8a692aac-148b-4759-ac1e-52f7971f4d7e chain_id=137 from_address=0x8b172F820629b14cEAF859A6e159d1BcD3291Fe1}: cortex::pipeline: transaction confirmed on-chain elapsed_ms=2489 block_number=85139842 confirmations=2
2026-04-05T14:35:00.191552Z  INFO ThreadId(04) pipeline{execution_id=8a692aac-148b-4759-ac1e-52f7971f4d7e chain_id=137 from_address=0x8b172F820629b14cEAF859A6e159d1BcD3291Fe1}: cortex::pipeline: pipeline completed elapsed_ms=2489
2026-04-05T14:35:00.192588Z  INFO ThreadId(11) pipeline{execution_id=eedb2ba0-6ceb-4226-ad4e-0a316c85b77d chain_id=137 from_address=0x8b172F820629b14cEAF859A6e159d1BcD3291Fe1}: cortex::pipeline: transaction confirmed on-chain elapsed_ms=2490 block_number=85139842 confirmations=2
2026-04-05T14:35:00.192609Z  INFO ThreadId(11) pipeline{execution_id=eedb2ba0-6ceb-4226-ad4e-0a316c85b77d chain_id=137 from_address=0x8b172F820629b14cEAF859A6e159d1BcD3291Fe1}: cortex::pipeline: pipeline completed elapsed_ms=2490
2026-04-05T14:35:00.193843Z  INFO ThreadId(03) pipeline{execution_id=1b64de8c-b9d9-4db7-af49-d3d260764402 chain_id=137 from_address=0xCFA80F1f22b0AD533F7d8e2CcC0A783aa4BCaFF3}: cortex::pipeline: transaction confirmed on-chain elapsed_ms=2491 block_number=85139841 confirmations=1
2026-04-05T14:35:00.193879Z  INFO ThreadId(03) pipeline{execution_id=1b64de8c-b9d9-4db7-af49-d3d260764402 chain_id=137 from_address=0xCFA80F1f22b0AD533F7d8e2CcC0A783aa4BCaFF3}: cortex::pipeline: pipeline completed elapsed_ms=2491
2026-04-05T14:35:00.195359Z  INFO ThreadId(04) pipeline{execution_id=f949fa0c-5a9e-457e-af23-28a18c743398 chain_id=137 from_address=0x8b172F820629b14cEAF859A6e159d1BcD3291Fe1}: cortex::pipeline: transaction confirmed on-chain elapsed_ms=2492 block_number=85139843 confirmations=1
2026-04-05T14:35:00.195402Z  INFO ThreadId(04) pipeline{execution_id=f949fa0c-5a9e-457e-af23-28a18c743398 chain_id=137 from_address=0x8b172F820629b14cEAF859A6e159d1BcD3291Fe1}: cortex::pipeline: pipeline completed elapsed_ms=2492
2026-04-05T14:35:00.196544Z  INFO ThreadId(04) pipeline{execution_id=1464e45e-b6ad-45fa-9b68-d83f2f89ea3c chain_id=137 from_address=0xCFA80F1f22b0AD533F7d8e2CcC0A783aa4BCaFF3}: cortex::pipeline: transaction confirmed on-chain elapsed_ms=2494 block_number=85139841 confirmations=1
2026-04-05T14:35:00.196570Z  INFO ThreadId(04) pipeline{execution_id=1464e45e-b6ad-45fa-9b68-d83f2f89ea3c chain_id=137 from_address=0xCFA80F1f22b0AD533F7d8e2CcC0A783aa4BCaFF3}: cortex::pipeline: pipeline completed elapsed_ms=2494
2026-04-05T14:35:00.197951Z  INFO ThreadId(04) pipeline{execution_id=c5974ba3-c051-4223-a67e-bbe8c9bc01c9 chain_id=137 from_address=0x2EAC739a1e05F4a05a5B8fD93D332c4353E5A7cD}: cortex::pipeline: transaction confirmed on-chain elapsed_ms=2495 block_number=85139841 confirmations=1
2026-04-05T14:35:00.197973Z  INFO ThreadId(04) pipeline{execution_id=c5974ba3-c051-4223-a67e-bbe8c9bc01c9 chain_id=137 from_address=0x2EAC739a1e05F4a05a5B8fD93D332c4353E5A7cD}: cortex::pipeline: pipeline completed elapsed_ms=2495
2026-04-05T14:35:00.199070Z  INFO ThreadId(04) pipeline{execution_id=99ba0ddd-962f-490e-8df7-d17da613d8f8 chain_id=137 from_address=0x8AfE43fF49EBd5c4B8Cd1497ee77b437dd1711fc}: cortex::pipeline: transaction confirmed on-chain elapsed_ms=2496 block_number=85139841 confirmations=1
2026-04-05T14:35:00.199093Z  INFO ThreadId(04) pipeline{execution_id=99ba0ddd-962f-490e-8df7-d17da613d8f8 chain_id=137 from_address=0x8AfE43fF49EBd5c4B8Cd1497ee77b437dd1711fc}: cortex::pipeline: pipeline completed elapsed_ms=2496
2026-04-05T14:35:00.200442Z  INFO ThreadId(04) pipeline{execution_id=480d1a5c-4181-474c-af4b-354f8665f593 chain_id=137 from_address=0xfea6645D31443cF7Cf96eF1dB7823EB9365f98bf}: cortex::pipeline: transaction confirmed on-chain elapsed_ms=2497 block_number=85139841 confirmations=1
2026-04-05T14:35:00.200467Z  INFO ThreadId(04) pipeline{execution_id=480d1a5c-4181-474c-af4b-354f8665f593 chain_id=137 from_address=0xfea6645D31443cF7Cf96eF1dB7823EB9365f98bf}: cortex::pipeline: pipeline completed elapsed_ms=2497
2026-04-05T14:35:00.201825Z  INFO ThreadId(10) pipeline{execution_id=f270d7f3-19c4-49fa-b821-7c398d598259 chain_id=137 from_address=0xfea6645D31443cF7Cf96eF1dB7823EB9365f98bf}: cortex::pipeline: transaction confirmed on-chain elapsed_ms=2498 block_number=85139841 confirmations=1
2026-04-05T14:35:00.201862Z  INFO ThreadId(10) pipeline{execution_id=f270d7f3-19c4-49fa-b821-7c398d598259 chain_id=137 from_address=0xfea6645D31443cF7Cf96eF1dB7823EB9365f98bf}: cortex::pipeline: pipeline completed elapsed_ms=2498
2026-04-05T14:35:00.203183Z  INFO ThreadId(11) pipeline{execution_id=2136ad7e-2b78-4b2c-90a1-ce86d05e7a67 chain_id=137 from_address=0x2EAC739a1e05F4a05a5B8fD93D332c4353E5A7cD}: cortex::pipeline: transaction confirmed on-chain elapsed_ms=2500 block_number=85139841 confirmations=1
2026-04-05T14:35:00.203215Z  INFO ThreadId(11) pipeline{execution_id=2136ad7e-2b78-4b2c-90a1-ce86d05e7a67 chain_id=137 from_address=0x2EAC739a1e05F4a05a5B8fD93D332c4353E5A7cD}: cortex::pipeline: pipeline completed elapsed_ms=2500
2026-04-05T14:35:00.204385Z  INFO ThreadId(10) pipeline{execution_id=ce52e28d-5fcf-4cde-807a-6a00a7efb262 chain_id=137 from_address=0xCFA80F1f22b0AD533F7d8e2CcC0A783aa4BCaFF3}: cortex::pipeline: transaction confirmed on-chain elapsed_ms=2501 block_number=85139841 confirmations=1
2026-04-05T14:35:00.204413Z  INFO ThreadId(10) pipeline{execution_id=ce52e28d-5fcf-4cde-807a-6a00a7efb262 chain_id=137 from_address=0xCFA80F1f22b0AD533F7d8e2CcC0A783aa4BCaFF3}: cortex::pipeline: pipeline completed elapsed_ms=2501
2026-04-05T14:35:00.205871Z  INFO ThreadId(11) pipeline{execution_id=55e326fe-4c84-44df-897c-ecc0316ce038 chain_id=137 from_address=0xfea6645D31443cF7Cf96eF1dB7823EB9365f98bf}: cortex::pipeline: transaction confirmed on-chain elapsed_ms=2502 block_number=85139841 confirmations=1
2026-04-05T14:35:00.205898Z  INFO ThreadId(11) pipeline{execution_id=55e326fe-4c84-44df-897c-ecc0316ce038 chain_id=137 from_address=0xfea6645D31443cF7Cf96eF1dB7823EB9365f98bf}: cortex::pipeline: pipeline completed elapsed_ms=2502
2026-04-05T14:35:00.207077Z  INFO ThreadId(11) pipeline{execution_id=56864c79-0395-40ff-9756-d7a5519dd7b0 chain_id=137 from_address=0xCFA80F1f22b0AD533F7d8e2CcC0A783aa4BCaFF3}: cortex::pipeline: transaction confirmed on-chain elapsed_ms=2502 block_number=85139841 confirmations=1
2026-04-05T14:35:00.207099Z  INFO ThreadId(11) pipeline{execution_id=56864c79-0395-40ff-9756-d7a5519dd7b0 chain_id=137 from_address=0xCFA80F1f22b0AD533F7d8e2CcC0A783aa4BCaFF3}: cortex::pipeline: pipeline completed elapsed_ms=2502
2026-04-05T14:35:00.208763Z  INFO ThreadId(09) pipeline{execution_id=3a2db5ca-fd67-4837-b25a-e25557d3180d chain_id=137 from_address=0x2EAC739a1e05F4a05a5B8fD93D332c4353E5A7cD}: cortex::pipeline: transaction confirmed on-chain elapsed_ms=2504 block_number=85139841 confirmations=1
2026-04-05T14:35:00.208798Z  INFO ThreadId(09) pipeline{execution_id=3a2db5ca-fd67-4837-b25a-e25557d3180d chain_id=137 from_address=0x2EAC739a1e05F4a05a5B8fD93D332c4353E5A7cD}: cortex::pipeline: pipeline completed elapsed_ms=2504
2026-04-05T14:35:00.210677Z  INFO ThreadId(11) pipeline{execution_id=4359ae7e-5c9d-4cd2-a9c1-65af4a122303 chain_id=137 from_address=0x2EAC739a1e05F4a05a5B8fD93D332c4353E5A7cD}: cortex::pipeline: transaction confirmed on-chain elapsed_ms=2505 block_number=85139841 confirmations=1
2026-04-05T14:35:00.210718Z  INFO ThreadId(11) pipeline{execution_id=4359ae7e-5c9d-4cd2-a9c1-65af4a122303 chain_id=137 from_address=0x2EAC739a1e05F4a05a5B8fD93D332c4353E5A7cD}: cortex::pipeline: pipeline completed elapsed_ms=2505
2026-04-05T14:35:00.212278Z  INFO ThreadId(10) pipeline{execution_id=23883318-6a36-417d-8612-73e617d43b6d chain_id=137 from_address=0x8AfE43fF49EBd5c4B8Cd1497ee77b437dd1711fc}: cortex::pipeline: transaction confirmed on-chain elapsed_ms=2507 block_number=85139841 confirmations=1
2026-04-05T14:35:00.212314Z  INFO ThreadId(10) pipeline{execution_id=23883318-6a36-417d-8612-73e617d43b6d chain_id=137 from_address=0x8AfE43fF49EBd5c4B8Cd1497ee77b437dd1711fc}: cortex::pipeline: pipeline completed elapsed_ms=2507
2026-04-05T14:35:00.213581Z  INFO ThreadId(09) pipeline{execution_id=67f0d0ad-7444-4283-b4e9-24b472647d23 chain_id=137 from_address=0x2EAC739a1e05F4a05a5B8fD93D332c4353E5A7cD}: cortex::pipeline: transaction confirmed on-chain elapsed_ms=2511 block_number=85139841 confirmations=1
2026-04-05T14:35:00.213610Z  INFO ThreadId(09) pipeline{execution_id=67f0d0ad-7444-4283-b4e9-24b472647d23 chain_id=137 from_address=0x2EAC739a1e05F4a05a5B8fD93D332c4353E5A7cD}: cortex::pipeline: pipeline completed elapsed_ms=2511
2026-04-05T14:35:00.214734Z  INFO ThreadId(09) pipeline{execution_id=ce285697-3fd4-4d65-b750-811f02014255 chain_id=137 from_address=0x8AfE43fF49EBd5c4B8Cd1497ee77b437dd1711fc}: cortex::pipeline: transaction confirmed on-chain elapsed_ms=2494 block_number=85139841 confirmations=1
2026-04-05T14:35:00.214768Z  INFO ThreadId(09) pipeline{execution_id=ce285697-3fd4-4d65-b750-811f02014255 chain_id=137 from_address=0x8AfE43fF49EBd5c4B8Cd1497ee77b437dd1711fc}: cortex::pipeline: pipeline completed elapsed_ms=2494
2026-04-05T14:35:00.216616Z  INFO ThreadId(10) pipeline{execution_id=3894f87f-f686-471f-98c2-aa6082f5d06e chain_id=137 from_address=0x2EAC739a1e05F4a05a5B8fD93D332c4353E5A7cD}: cortex::pipeline: transaction confirmed on-chain elapsed_ms=2496 block_number=85139841 confirmations=1
2026-04-05T14:35:00.216662Z  INFO ThreadId(10) pipeline{execution_id=3894f87f-f686-471f-98c2-aa6082f5d06e chain_id=137 from_address=0x2EAC739a1e05F4a05a5B8fD93D332c4353E5A7cD}: cortex::pipeline: pipeline completed elapsed_ms=2496
2026-04-05T14:35:00.218049Z  INFO ThreadId(11) pipeline{execution_id=a54a0d9f-86c7-4c62-8e2e-024594888e0b chain_id=137 from_address=0xfea6645D31443cF7Cf96eF1dB7823EB9365f98bf}: cortex::pipeline: transaction confirmed on-chain elapsed_ms=2497 block_number=85139841 confirmations=1
2026-04-05T14:35:00.218083Z  INFO ThreadId(11) pipeline{execution_id=a54a0d9f-86c7-4c62-8e2e-024594888e0b chain_id=137 from_address=0xfea6645D31443cF7Cf96eF1dB7823EB9365f98bf}: cortex::pipeline: pipeline completed elapsed_ms=2497
2026-04-05T14:35:00.219333Z  INFO ThreadId(11) pipeline{execution_id=5c575255-d9b2-4407-b104-334c6ee1c5dd chain_id=137 from_address=0x2EAC739a1e05F4a05a5B8fD93D332c4353E5A7cD}: cortex::pipeline: transaction confirmed on-chain elapsed_ms=2498 block_number=85139841 confirmations=1
2026-04-05T14:35:00.219362Z  INFO ThreadId(11) pipeline{execution_id=5c575255-d9b2-4407-b104-334c6ee1c5dd chain_id=137 from_address=0x2EAC739a1e05F4a05a5B8fD93D332c4353E5A7cD}: cortex::pipeline: pipeline completed elapsed_ms=2498
2026-04-05T14:35:00.220563Z  INFO ThreadId(10) pipeline{execution_id=77482b54-d303-4cef-ab19-c1e32c8d435b chain_id=137 from_address=0x2EAC739a1e05F4a05a5B8fD93D332c4353E5A7cD}: cortex::pipeline: transaction confirmed on-chain elapsed_ms=2499 block_number=85139841 confirmations=1
2026-04-05T14:35:00.220595Z  INFO ThreadId(10) pipeline{execution_id=77482b54-d303-4cef-ab19-c1e32c8d435b chain_id=137 from_address=0x2EAC739a1e05F4a05a5B8fD93D332c4353E5A7cD}: cortex::pipeline: pipeline completed elapsed_ms=2499
2026-04-05T14:35:00.221799Z  INFO ThreadId(10) pipeline{execution_id=accb85a0-01ce-4cc3-ac98-4cc167effdaf chain_id=137 from_address=0xfea6645D31443cF7Cf96eF1dB7823EB9365f98bf}: cortex::pipeline: transaction confirmed on-chain elapsed_ms=2501 block_number=85139841 confirmations=1
2026-04-05T14:35:00.221837Z  INFO ThreadId(10) pipeline{execution_id=accb85a0-01ce-4cc3-ac98-4cc167effdaf chain_id=137 from_address=0xfea6645D31443cF7Cf96eF1dB7823EB9365f98bf}: cortex::pipeline: pipeline completed elapsed_ms=2501
2026-04-05T14:35:00.223274Z  INFO ThreadId(10) pipeline{execution_id=6d80f28b-7f71-4a1b-bc2d-412fc0e37b13 chain_id=137 from_address=0x8AfE43fF49EBd5c4B8Cd1497ee77b437dd1711fc}: cortex::pipeline: transaction confirmed on-chain elapsed_ms=2502 block_number=85139841 confirmations=1
2026-04-05T14:35:00.223325Z  INFO ThreadId(10) pipeline{execution_id=6d80f28b-7f71-4a1b-bc2d-412fc0e37b13 chain_id=137 from_address=0x8AfE43fF49EBd5c4B8Cd1497ee77b437dd1711fc}: cortex::pipeline: pipeline completed elapsed_ms=2502
2026-04-05T14:35:00.224878Z  INFO ThreadId(11) pipeline{execution_id=cb6675df-e8f8-4902-b543-44d56e0eca85 chain_id=137 from_address=0xfea6645D31443cF7Cf96eF1dB7823EB9365f98bf}: cortex::pipeline: transaction confirmed on-chain elapsed_ms=2504 block_number=85139841 confirmations=1
2026-04-05T14:35:00.224921Z  INFO ThreadId(11) pipeline{execution_id=cb6675df-e8f8-4902-b543-44d56e0eca85 chain_id=137 from_address=0xfea6645D31443cF7Cf96eF1dB7823EB9365f98bf}: cortex::pipeline: pipeline completed elapsed_ms=2504
2026-04-05T14:35:00.226270Z  INFO ThreadId(11) pipeline{execution_id=695c7cb9-576a-48c9-aeb6-5e87b053ec7a chain_id=137 from_address=0x2EAC739a1e05F4a05a5B8fD93D332c4353E5A7cD}: cortex::pipeline: transaction confirmed on-chain elapsed_ms=2505 block_number=85139841 confirmations=1
2026-04-05T14:35:00.226301Z  INFO ThreadId(11) pipeline{execution_id=695c7cb9-576a-48c9-aeb6-5e87b053ec7a chain_id=137 from_address=0x2EAC739a1e05F4a05a5B8fD93D332c4353E5A7cD}: cortex::pipeline: pipeline completed elapsed_ms=2505
2026-04-05T14:35:00.227703Z  INFO ThreadId(10) pipeline{execution_id=667f5175-8e3f-4571-8ffa-2db36c0e04f0 chain_id=137 from_address=0x8AfE43fF49EBd5c4B8Cd1497ee77b437dd1711fc}: cortex::pipeline: transaction confirmed on-chain elapsed_ms=2506 block_number=85139841 confirmations=1
2026-04-05T14:35:00.227737Z  INFO ThreadId(10) pipeline{execution_id=667f5175-8e3f-4571-8ffa-2db36c0e04f0 chain_id=137 from_address=0x8AfE43fF49EBd5c4B8Cd1497ee77b437dd1711fc}: cortex::pipeline: pipeline completed elapsed_ms=2506
2026-04-05T14:35:00.229013Z  INFO ThreadId(09) pipeline{execution_id=42f57cc0-381b-4f73-94b1-3bc31b62614a chain_id=137 from_address=0xCFA80F1f22b0AD533F7d8e2CcC0A783aa4BCaFF3}: cortex::pipeline: transaction confirmed on-chain elapsed_ms=2508 block_number=85139841 confirmations=1
2026-04-05T14:35:00.229054Z  INFO ThreadId(09) pipeline{execution_id=42f57cc0-381b-4f73-94b1-3bc31b62614a chain_id=137 from_address=0xCFA80F1f22b0AD533F7d8e2CcC0A783aa4BCaFF3}: cortex::pipeline: pipeline completed elapsed_ms=2508
2026-04-05T14:35:00.230563Z  INFO ThreadId(11) pipeline{execution_id=331b3be0-7739-4115-9fb1-6237d4f92528 chain_id=137 from_address=0xCFA80F1f22b0AD533F7d8e2CcC0A783aa4BCaFF3}: cortex::pipeline: transaction confirmed on-chain elapsed_ms=2509 block_number=85139841 confirmations=1
2026-04-05T14:35:00.230599Z  INFO ThreadId(11) pipeline{execution_id=331b3be0-7739-4115-9fb1-6237d4f92528 chain_id=137 from_address=0xCFA80F1f22b0AD533F7d8e2CcC0A783aa4BCaFF3}: cortex::pipeline: pipeline completed elapsed_ms=2509
2026-04-05T14:35:00.232022Z  INFO ThreadId(10) pipeline{execution_id=4fd9200f-d9e6-48d8-8197-4cbaba1dc3cb chain_id=137 from_address=0xCFA80F1f22b0AD533F7d8e2CcC0A783aa4BCaFF3}: cortex::pipeline: transaction confirmed on-chain elapsed_ms=2511 block_number=85139841 confirmations=1
2026-04-05T14:35:00.232064Z  INFO ThreadId(10) pipeline{execution_id=4fd9200f-d9e6-48d8-8197-4cbaba1dc3cb chain_id=137 from_address=0xCFA80F1f22b0AD533F7d8e2CcC0A783aa4BCaFF3}: cortex::pipeline: pipeline completed elapsed_ms=2511
2026-04-05T14:35:00.233519Z  INFO ThreadId(11) pipeline{execution_id=2aae21b7-abf4-474b-8380-a42b233f5891 chain_id=137 from_address=0xCFA80F1f22b0AD533F7d8e2CcC0A783aa4BCaFF3}: cortex::pipeline: transaction confirmed on-chain elapsed_ms=2512 block_number=85139841 confirmations=1
2026-04-05T14:35:00.233554Z  INFO ThreadId(11) pipeline{execution_id=2aae21b7-abf4-474b-8380-a42b233f5891 chain_id=137 from_address=0xCFA80F1f22b0AD533F7d8e2CcC0A783aa4BCaFF3}: cortex::pipeline: pipeline completed elapsed_ms=2512
2026-04-05T14:35:00.234766Z  INFO ThreadId(09) pipeline{execution_id=d415afd5-1f4a-45d3-bf15-2f7ebc789fbc chain_id=137 from_address=0xfea6645D31443cF7Cf96eF1dB7823EB9365f98bf}: cortex::pipeline: transaction confirmed on-chain elapsed_ms=2513 block_number=85139841 confirmations=1
2026-04-05T14:35:00.234804Z  INFO ThreadId(09) pipeline{execution_id=d415afd5-1f4a-45d3-bf15-2f7ebc789fbc chain_id=137 from_address=0xfea6645D31443cF7Cf96eF1dB7823EB9365f98bf}: cortex::pipeline: pipeline completed elapsed_ms=2513
2026-04-05T14:35:00.236185Z  INFO ThreadId(11) pipeline{execution_id=d2321373-f877-4211-8197-2ed152594472 chain_id=137 from_address=0xCFA80F1f22b0AD533F7d8e2CcC0A783aa4BCaFF3}: cortex::pipeline: transaction confirmed on-chain elapsed_ms=2515 block_number=85139841 confirmations=1
2026-04-05T14:35:00.236217Z  INFO ThreadId(11) pipeline{execution_id=d2321373-f877-4211-8197-2ed152594472 chain_id=137 from_address=0xCFA80F1f22b0AD533F7d8e2CcC0A783aa4BCaFF3}: cortex::pipeline: pipeline completed elapsed_ms=2515
2026-04-05T14:35:00.237739Z  INFO ThreadId(11) pipeline{execution_id=4908762a-ea35-44b0-96ca-e9445fdfb1f4 chain_id=137 from_address=0x8AfE43fF49EBd5c4B8Cd1497ee77b437dd1711fc}: cortex::pipeline: transaction confirmed on-chain elapsed_ms=2516 block_number=85139841 confirmations=1
2026-04-05T14:35:00.237777Z  INFO ThreadId(11) pipeline{execution_id=4908762a-ea35-44b0-96ca-e9445fdfb1f4 chain_id=137 from_address=0x8AfE43fF49EBd5c4B8Cd1497ee77b437dd1711fc}: cortex::pipeline: pipeline completed elapsed_ms=2516
2026-04-05T14:35:00.239477Z  INFO ThreadId(11) pipeline{execution_id=7122a995-18b1-44cf-a7af-5a3e46ca778a chain_id=137 from_address=0x8AfE43fF49EBd5c4B8Cd1497ee77b437dd1711fc}: cortex::pipeline: transaction confirmed on-chain elapsed_ms=2518 block_number=85139841 confirmations=1
2026-04-05T14:35:00.239518Z  INFO ThreadId(11) pipeline{execution_id=7122a995-18b1-44cf-a7af-5a3e46ca778a chain_id=137 from_address=0x8AfE43fF49EBd5c4B8Cd1497ee77b437dd1711fc}: cortex::pipeline: pipeline completed elapsed_ms=2518
2026-04-05T14:35:00.240917Z  INFO ThreadId(10) pipeline{execution_id=0091899c-8631-422c-bd1c-d3a26a77c8c7 chain_id=137 from_address=0xCFA80F1f22b0AD533F7d8e2CcC0A783aa4BCaFF3}: cortex::pipeline: transaction confirmed on-chain elapsed_ms=2519 block_number=85139841 confirmations=1
2026-04-05T14:35:00.240951Z  INFO ThreadId(10) pipeline{execution_id=0091899c-8631-422c-bd1c-d3a26a77c8c7 chain_id=137 from_address=0xCFA80F1f22b0AD533F7d8e2CcC0A783aa4BCaFF3}: cortex::pipeline: pipeline completed elapsed_ms=2519
2026-04-05T14:35:00.242085Z  INFO ThreadId(11) pipeline{execution_id=4dc3d410-d133-47c0-aa0f-28b0822ff61b chain_id=137 from_address=0x8b172F820629b14cEAF859A6e159d1BcD3291Fe1}: cortex::pipeline: transaction confirmed on-chain elapsed_ms=2520 block_number=85139843 confirmations=1
2026-04-05T14:35:00.242113Z  INFO ThreadId(11) pipeline{execution_id=4dc3d410-d133-47c0-aa0f-28b0822ff61b chain_id=137 from_address=0x8b172F820629b14cEAF859A6e159d1BcD3291Fe1}: cortex::pipeline: pipeline completed elapsed_ms=2520
2026-04-05T14:35:00.243675Z  INFO ThreadId(09) pipeline{execution_id=b68c46fa-ede2-4982-822d-3b84636dc9f9 chain_id=137 from_address=0x8b172F820629b14cEAF859A6e159d1BcD3291Fe1}: cortex::pipeline: transaction confirmed on-chain elapsed_ms=2522 block_number=85139843 confirmations=1
2026-04-05T14:35:00.243725Z  INFO ThreadId(09) pipeline{execution_id=b68c46fa-ede2-4982-822d-3b84636dc9f9 chain_id=137 from_address=0x8b172F820629b14cEAF859A6e159d1BcD3291Fe1}: cortex::pipeline: pipeline completed elapsed_ms=2522
2026-04-05T14:35:00.245404Z  INFO ThreadId(11) pipeline{execution_id=5cff7a63-54e0-4a77-a07d-9daf66950789 chain_id=137 from_address=0xfea6645D31443cF7Cf96eF1dB7823EB9365f98bf}: cortex::pipeline: transaction confirmed on-chain elapsed_ms=2523 block_number=85139841 confirmations=1
2026-04-05T14:35:00.245438Z  INFO ThreadId(11) pipeline{execution_id=5cff7a63-54e0-4a77-a07d-9daf66950789 chain_id=137 from_address=0xfea6645D31443cF7Cf96eF1dB7823EB9365f98bf}: cortex::pipeline: pipeline completed elapsed_ms=2523
2026-04-05T14:35:00.246973Z  INFO ThreadId(10) pipeline{execution_id=832db3e7-1304-4efd-908e-47866a7293a2 chain_id=137 from_address=0x8AfE43fF49EBd5c4B8Cd1497ee77b437dd1711fc}: cortex::pipeline: transaction confirmed on-chain elapsed_ms=2525 block_number=85139841 confirmations=1
2026-04-05T14:35:00.247013Z  INFO ThreadId(10) pipeline{execution_id=832db3e7-1304-4efd-908e-47866a7293a2 chain_id=137 from_address=0x8AfE43fF49EBd5c4B8Cd1497ee77b437dd1711fc}: cortex::pipeline: pipeline completed elapsed_ms=2525
2026-04-05T14:35:00.248450Z  INFO ThreadId(11) pipeline{execution_id=160ed42c-cd88-4fb0-9fd3-99aea523b5ba chain_id=137 from_address=0x8b172F820629b14cEAF859A6e159d1BcD3291Fe1}: cortex::pipeline: transaction confirmed on-chain elapsed_ms=2526 block_number=85139843 confirmations=1
2026-04-05T14:35:00.248481Z  INFO ThreadId(11) pipeline{execution_id=160ed42c-cd88-4fb0-9fd3-99aea523b5ba chain_id=137 from_address=0x8b172F820629b14cEAF859A6e159d1BcD3291Fe1}: cortex::pipeline: pipeline completed elapsed_ms=2526
2026-04-05T14:35:00.250329Z  INFO ThreadId(09) pipeline{execution_id=65b499a2-0025-4c16-b7ce-f8fef784d913 chain_id=137 from_address=0x8AfE43fF49EBd5c4B8Cd1497ee77b437dd1711fc}: cortex::pipeline: transaction confirmed on-chain elapsed_ms=2528 block_number=85139841 confirmations=1
2026-04-05T14:35:00.250379Z  INFO ThreadId(09) pipeline{execution_id=65b499a2-0025-4c16-b7ce-f8fef784d913 chain_id=137 from_address=0x8AfE43fF49EBd5c4B8Cd1497ee77b437dd1711fc}: cortex::pipeline: pipeline completed elapsed_ms=2528
2026-04-05T14:35:00.251648Z  INFO ThreadId(11) pipeline{execution_id=dc961968-ae82-4802-81d3-8da212eeed64 chain_id=137 from_address=0xfea6645D31443cF7Cf96eF1dB7823EB9365f98bf}: cortex::pipeline: transaction confirmed on-chain elapsed_ms=2529 block_number=85139841 confirmations=1
2026-04-05T14:35:00.251681Z  INFO ThreadId(11) pipeline{execution_id=dc961968-ae82-4802-81d3-8da212eeed64 chain_id=137 from_address=0xfea6645D31443cF7Cf96eF1dB7823EB9365f98bf}: cortex::pipeline: pipeline completed elapsed_ms=2529
2026-04-05T14:35:00.252872Z  INFO ThreadId(10) pipeline{execution_id=73e88fd0-c41d-4e6f-ada8-3803c59655e5 chain_id=137 from_address=0x2EAC739a1e05F4a05a5B8fD93D332c4353E5A7cD}: cortex::pipeline: transaction confirmed on-chain elapsed_ms=2530 block_number=85139841 confirmations=1
2026-04-05T14:35:00.252899Z  INFO ThreadId(10) pipeline{execution_id=73e88fd0-c41d-4e6f-ada8-3803c59655e5 chain_id=137 from_address=0x2EAC739a1e05F4a05a5B8fD93D332c4353E5A7cD}: cortex::pipeline: pipeline completed elapsed_ms=2530
2026-04-05T14:35:00.254229Z  INFO ThreadId(11) pipeline{execution_id=01e0be84-79f0-466c-bffd-b719ea8bd8fb chain_id=137 from_address=0x8AfE43fF49EBd5c4B8Cd1497ee77b437dd1711fc}: cortex::pipeline: transaction confirmed on-chain elapsed_ms=2532 block_number=85139841 confirmations=1
2026-04-05T14:35:00.254268Z  INFO ThreadId(11) pipeline{execution_id=01e0be84-79f0-466c-bffd-b719ea8bd8fb chain_id=137 from_address=0x8AfE43fF49EBd5c4B8Cd1497ee77b437dd1711fc}: cortex::pipeline: pipeline completed elapsed_ms=2532
2026-04-05T14:35:00.255562Z  INFO ThreadId(11) pipeline{execution_id=c9654dfc-b1f5-4ad8-a7aa-3f39bb7c146d chain_id=137 from_address=0xCFA80F1f22b0AD533F7d8e2CcC0A783aa4BCaFF3}: cortex::pipeline: transaction confirmed on-chain elapsed_ms=2533 block_number=85139841 confirmations=1
2026-04-05T14:35:00.255613Z  INFO ThreadId(11) pipeline{execution_id=c9654dfc-b1f5-4ad8-a7aa-3f39bb7c146d chain_id=137 from_address=0xCFA80F1f22b0AD533F7d8e2CcC0A783aa4BCaFF3}: cortex::pipeline: pipeline completed elapsed_ms=2533
2026-04-05T14:35:00.257489Z  INFO ThreadId(09) pipeline{execution_id=6f0a8582-1e07-4105-a628-589d3e3217d3 chain_id=137 from_address=0x8AfE43fF49EBd5c4B8Cd1497ee77b437dd1711fc}: cortex::pipeline: transaction confirmed on-chain elapsed_ms=2535 block_number=85139841 confirmations=1
2026-04-05T14:35:00.257527Z  INFO ThreadId(09) pipeline{execution_id=6f0a8582-1e07-4105-a628-589d3e3217d3 chain_id=137 from_address=0x8AfE43fF49EBd5c4B8Cd1497ee77b437dd1711fc}: cortex::pipeline: pipeline completed elapsed_ms=2535
2026-04-05T14:35:00.258919Z  INFO ThreadId(09) pipeline{execution_id=8cd799a2-f222-4d83-b442-419b3a63da96 chain_id=137 from_address=0x2EAC739a1e05F4a05a5B8fD93D332c4353E5A7cD}: cortex::pipeline: transaction confirmed on-chain elapsed_ms=2536 block_number=85139841 confirmations=1
2026-04-05T14:35:00.258953Z  INFO ThreadId(09) pipeline{execution_id=8cd799a2-f222-4d83-b442-419b3a63da96 chain_id=137 from_address=0x2EAC739a1e05F4a05a5B8fD93D332c4353E5A7cD}: cortex::pipeline: pipeline completed elapsed_ms=2536
2026-04-05T14:35:00.260300Z  INFO ThreadId(11) pipeline{execution_id=0f5a7ccf-f194-4917-a32d-5109793acb43 chain_id=137 from_address=0x8AfE43fF49EBd5c4B8Cd1497ee77b437dd1711fc}: cortex::pipeline: transaction confirmed on-chain elapsed_ms=2537 block_number=85139841 confirmations=1
2026-04-05T14:35:00.260342Z  INFO ThreadId(11) pipeline{execution_id=0f5a7ccf-f194-4917-a32d-5109793acb43 chain_id=137 from_address=0x8AfE43fF49EBd5c4B8Cd1497ee77b437dd1711fc}: cortex::pipeline: pipeline completed elapsed_ms=2537
2026-04-05T14:35:00.261840Z  INFO ThreadId(10) pipeline{execution_id=129a6162-c51f-46e9-882e-9a76b8f6b713 chain_id=137 from_address=0x2EAC739a1e05F4a05a5B8fD93D332c4353E5A7cD}: cortex::pipeline: transaction confirmed on-chain elapsed_ms=2539 block_number=85139841 confirmations=1
2026-04-05T14:35:00.261878Z  INFO ThreadId(10) pipeline{execution_id=129a6162-c51f-46e9-882e-9a76b8f6b713 chain_id=137 from_address=0x2EAC739a1e05F4a05a5B8fD93D332c4353E5A7cD}: cortex::pipeline: pipeline completed elapsed_ms=2539
2026-04-05T14:35:00.263000Z  INFO ThreadId(11) pipeline{execution_id=65d8d86e-27da-47c4-8377-12fff13bda51 chain_id=137 from_address=0x2EAC739a1e05F4a05a5B8fD93D332c4353E5A7cD}: cortex::pipeline: transaction confirmed on-chain elapsed_ms=2540 block_number=85139841 confirmations=1
2026-04-05T14:35:00.263036Z  INFO ThreadId(11) pipeline{execution_id=65d8d86e-27da-47c4-8377-12fff13bda51 chain_id=137 from_address=0x2EAC739a1e05F4a05a5B8fD93D332c4353E5A7cD}: cortex::pipeline: pipeline completed elapsed_ms=2540
2026-04-05T14:35:00.264712Z  INFO ThreadId(10) pipeline{execution_id=69352a8d-03a9-488c-b9ae-c5181a769635 chain_id=137 from_address=0x8AfE43fF49EBd5c4B8Cd1497ee77b437dd1711fc}: cortex::pipeline: transaction confirmed on-chain elapsed_ms=2542 block_number=85139841 confirmations=1
2026-04-05T14:35:00.264753Z  INFO ThreadId(10) pipeline{execution_id=69352a8d-03a9-488c-b9ae-c5181a769635 chain_id=137 from_address=0x8AfE43fF49EBd5c4B8Cd1497ee77b437dd1711fc}: cortex::pipeline: pipeline completed elapsed_ms=2542
2026-04-05T14:35:00.266318Z  INFO ThreadId(10) pipeline{execution_id=19e368be-7ef3-4609-91bd-e66ce80d013b chain_id=137 from_address=0x2EAC739a1e05F4a05a5B8fD93D332c4353E5A7cD}: cortex::pipeline: transaction confirmed on-chain elapsed_ms=2543 block_number=85139841 confirmations=1
2026-04-05T14:35:00.266354Z  INFO ThreadId(10) pipeline{execution_id=19e368be-7ef3-4609-91bd-e66ce80d013b chain_id=137 from_address=0x2EAC739a1e05F4a05a5B8fD93D332c4353E5A7cD}: cortex::pipeline: pipeline completed elapsed_ms=2543
2026-04-05T14:35:00.267696Z  INFO ThreadId(09) pipeline{execution_id=81dcc4c9-b6f5-4091-8fe9-1773baedac42 chain_id=137 from_address=0xfea6645D31443cF7Cf96eF1dB7823EB9365f98bf}: cortex::pipeline: transaction confirmed on-chain elapsed_ms=2545 block_number=85139841 confirmations=1
2026-04-05T14:35:00.267727Z  INFO ThreadId(09) pipeline{execution_id=81dcc4c9-b6f5-4091-8fe9-1773baedac42 chain_id=137 from_address=0xfea6645D31443cF7Cf96eF1dB7823EB9365f98bf}: cortex::pipeline: pipeline completed elapsed_ms=2545
2026-04-05T14:35:00.268728Z  INFO ThreadId(10) pipeline{execution_id=1c61cee0-1f55-44ea-9fa2-bda0ef70fc2d chain_id=137 from_address=0xfea6645D31443cF7Cf96eF1dB7823EB9365f98bf}: cortex::pipeline: transaction confirmed on-chain elapsed_ms=2546 block_number=85139841 confirmations=1
2026-04-05T14:35:00.268753Z  INFO ThreadId(10) pipeline{execution_id=1c61cee0-1f55-44ea-9fa2-bda0ef70fc2d chain_id=137 from_address=0xfea6645D31443cF7Cf96eF1dB7823EB9365f98bf}: cortex::pipeline: pipeline completed elapsed_ms=2546
2026-04-05T14:35:00.269834Z  INFO ThreadId(11) pipeline{execution_id=6ba82b54-6f42-4ae9-8902-2b8bddf33b64 chain_id=137 from_address=0x8AfE43fF49EBd5c4B8Cd1497ee77b437dd1711fc}: cortex::pipeline: transaction confirmed on-chain elapsed_ms=2546 block_number=85139841 confirmations=1
2026-04-05T14:35:00.269874Z  INFO ThreadId(11) pipeline{execution_id=6ba82b54-6f42-4ae9-8902-2b8bddf33b64 chain_id=137 from_address=0x8AfE43fF49EBd5c4B8Cd1497ee77b437dd1711fc}: cortex::pipeline: pipeline completed elapsed_ms=2546
2026-04-05T14:35:00.271456Z  INFO ThreadId(11) pipeline{execution_id=72394633-291c-4ed9-bf6d-48e412539456 chain_id=137 from_address=0xCFA80F1f22b0AD533F7d8e2CcC0A783aa4BCaFF3}: cortex::pipeline: transaction confirmed on-chain elapsed_ms=2548 block_number=85139841 confirmations=1
2026-04-05T14:35:00.271484Z  INFO ThreadId(11) pipeline{execution_id=72394633-291c-4ed9-bf6d-48e412539456 chain_id=137 from_address=0xCFA80F1f22b0AD533F7d8e2CcC0A783aa4BCaFF3}: cortex::pipeline: pipeline completed elapsed_ms=2548
2026-04-05T14:35:01.940907Z  INFO ThreadId(12) pipeline{execution_id=8c309e3a-e3fd-453b-8498-3361a45c87c7 chain_id=42161 from_address=0x8AfE43fF49EBd5c4B8Cd1497ee77b437dd1711fc}: cortex::pipeline: transaction confirmed on-chain elapsed_ms=4264 block_number=449326574 confirmations=2
2026-04-05T14:35:01.940955Z  INFO ThreadId(12) pipeline{execution_id=8c309e3a-e3fd-453b-8498-3361a45c87c7 chain_id=42161 from_address=0x8AfE43fF49EBd5c4B8Cd1497ee77b437dd1711fc}: cortex::pipeline: pipeline completed elapsed_ms=4264
2026-04-05T14:35:01.943521Z  INFO ThreadId(12) pipeline{execution_id=fd386471-42e0-4d2f-a06e-ab0c4dc94c49 chain_id=42161 from_address=0xCFA80F1f22b0AD533F7d8e2CcC0A783aa4BCaFF3}: cortex::pipeline: transaction confirmed on-chain elapsed_ms=4266 block_number=449326581 confirmations=2
2026-04-05T14:35:01.943571Z  INFO ThreadId(12) pipeline{execution_id=fd386471-42e0-4d2f-a06e-ab0c4dc94c49 chain_id=42161 from_address=0xCFA80F1f22b0AD533F7d8e2CcC0A783aa4BCaFF3}: cortex::pipeline: pipeline completed elapsed_ms=4266
2026-04-05T14:35:01.945549Z  INFO ThreadId(12) pipeline{execution_id=de9f7ad3-d56d-48ee-88f5-9ce28b6cc4df chain_id=42161 from_address=0xCFA80F1f22b0AD533F7d8e2CcC0A783aa4BCaFF3}: cortex::pipeline: transaction confirmed on-chain elapsed_ms=4268 block_number=449326581 confirmations=2
2026-04-05T14:35:01.945596Z  INFO ThreadId(12) pipeline{execution_id=de9f7ad3-d56d-48ee-88f5-9ce28b6cc4df chain_id=42161 from_address=0xCFA80F1f22b0AD533F7d8e2CcC0A783aa4BCaFF3}: cortex::pipeline: pipeline completed elapsed_ms=4268
2026-04-05T14:35:01.947525Z  INFO ThreadId(03) pipeline{execution_id=19c3f07a-70eb-4af7-bae7-30311e3d7077 chain_id=42161 from_address=0x8AfE43fF49EBd5c4B8Cd1497ee77b437dd1711fc}: cortex::pipeline: transaction confirmed on-chain elapsed_ms=4270 block_number=449326574 confirmations=2
2026-04-05T14:35:01.947574Z  INFO ThreadId(03) pipeline{execution_id=19c3f07a-70eb-4af7-bae7-30311e3d7077 chain_id=42161 from_address=0x8AfE43fF49EBd5c4B8Cd1497ee77b437dd1711fc}: cortex::pipeline: pipeline completed elapsed_ms=4270
2026-04-05T14:35:01.949903Z  INFO ThreadId(12) pipeline{execution_id=64e59c5b-ca22-45c3-b8c9-b0b79cafe246 chain_id=42161 from_address=0xCFA80F1f22b0AD533F7d8e2CcC0A783aa4BCaFF3}: cortex::pipeline: transaction confirmed on-chain elapsed_ms=4273 block_number=449326581 confirmations=2
2026-04-05T14:35:01.949948Z  INFO ThreadId(12) pipeline{execution_id=64e59c5b-ca22-45c3-b8c9-b0b79cafe246 chain_id=42161 from_address=0xCFA80F1f22b0AD533F7d8e2CcC0A783aa4BCaFF3}: cortex::pipeline: pipeline completed elapsed_ms=4273
2026-04-05T14:35:01.952011Z  INFO ThreadId(03) pipeline{execution_id=d6ad9453-156a-4132-a2f2-691ddbf75302 chain_id=42161 from_address=0x8AfE43fF49EBd5c4B8Cd1497ee77b437dd1711fc}: cortex::pipeline: transaction confirmed on-chain elapsed_ms=4275 block_number=449326574 confirmations=2
2026-04-05T14:35:01.952050Z  INFO ThreadId(03) pipeline{execution_id=d6ad9453-156a-4132-a2f2-691ddbf75302 chain_id=42161 from_address=0x8AfE43fF49EBd5c4B8Cd1497ee77b437dd1711fc}: cortex::pipeline: pipeline completed elapsed_ms=4275
2026-04-05T14:35:01.953549Z  INFO ThreadId(06) pipeline{execution_id=6bc967bb-7376-44d6-b2f2-9b520cff1a27 chain_id=42161 from_address=0x8b172F820629b14cEAF859A6e159d1BcD3291Fe1}: cortex::pipeline: transaction confirmed on-chain elapsed_ms=4276 block_number=449326567 confirmations=2
2026-04-05T14:35:01.953602Z  INFO ThreadId(06) pipeline{execution_id=6bc967bb-7376-44d6-b2f2-9b520cff1a27 chain_id=42161 from_address=0x8b172F820629b14cEAF859A6e159d1BcD3291Fe1}: cortex::pipeline: pipeline completed elapsed_ms=4276
2026-04-05T14:35:01.955305Z  INFO ThreadId(06) pipeline{execution_id=d318fe64-914e-4a32-8474-4c18c192d5de chain_id=42161 from_address=0xfea6645D31443cF7Cf96eF1dB7823EB9365f98bf}: cortex::pipeline: transaction confirmed on-chain elapsed_ms=4278 block_number=449326574 confirmations=2
2026-04-05T14:35:01.955359Z  INFO ThreadId(06) pipeline{execution_id=d318fe64-914e-4a32-8474-4c18c192d5de chain_id=42161 from_address=0xfea6645D31443cF7Cf96eF1dB7823EB9365f98bf}: cortex::pipeline: pipeline completed elapsed_ms=4278
2026-04-05T14:35:01.957613Z  INFO ThreadId(06) pipeline{execution_id=8c3f9e99-d8b4-449b-bcd0-48c9099de05d chain_id=42161 from_address=0xfea6645D31443cF7Cf96eF1dB7823EB9365f98bf}: cortex::pipeline: transaction confirmed on-chain elapsed_ms=4280 block_number=449326574 confirmations=2
2026-04-05T14:35:01.957649Z  INFO ThreadId(06) pipeline{execution_id=8c3f9e99-d8b4-449b-bcd0-48c9099de05d chain_id=42161 from_address=0xfea6645D31443cF7Cf96eF1dB7823EB9365f98bf}: cortex::pipeline: pipeline completed elapsed_ms=4280
2026-04-05T14:35:01.959643Z  INFO ThreadId(06) pipeline{execution_id=b3271309-f366-40cd-a77a-f3b34f31dfae chain_id=42161 from_address=0xfea6645D31443cF7Cf96eF1dB7823EB9365f98bf}: cortex::pipeline: transaction confirmed on-chain elapsed_ms=4282 block_number=449326574 confirmations=2
2026-04-05T14:35:01.959696Z  INFO ThreadId(06) pipeline{execution_id=b3271309-f366-40cd-a77a-f3b34f31dfae chain_id=42161 from_address=0xfea6645D31443cF7Cf96eF1dB7823EB9365f98bf}: cortex::pipeline: pipeline completed elapsed_ms=4282
2026-04-05T14:35:01.961351Z  INFO ThreadId(12) pipeline{execution_id=5f87f67c-7a22-49f2-a20d-bf7f15b2654b chain_id=42161 from_address=0x2EAC739a1e05F4a05a5B8fD93D332c4353E5A7cD}: cortex::pipeline: transaction confirmed on-chain elapsed_ms=4284 block_number=449326581 confirmations=2
2026-04-05T14:35:01.961388Z  INFO ThreadId(12) pipeline{execution_id=5f87f67c-7a22-49f2-a20d-bf7f15b2654b chain_id=42161 from_address=0x2EAC739a1e05F4a05a5B8fD93D332c4353E5A7cD}: cortex::pipeline: pipeline completed elapsed_ms=4284
2026-04-05T14:35:01.962983Z  INFO ThreadId(06) pipeline{execution_id=091e59b4-d033-4346-81e9-77668e5cbfea chain_id=42161 from_address=0x8AfE43fF49EBd5c4B8Cd1497ee77b437dd1711fc}: cortex::pipeline: transaction confirmed on-chain elapsed_ms=4285 block_number=449326574 confirmations=2
2026-04-05T14:35:01.963019Z  INFO ThreadId(06) pipeline{execution_id=091e59b4-d033-4346-81e9-77668e5cbfea chain_id=42161 from_address=0x8AfE43fF49EBd5c4B8Cd1497ee77b437dd1711fc}: cortex::pipeline: pipeline completed elapsed_ms=4285
2026-04-05T14:35:01.965405Z  INFO ThreadId(06) pipeline{execution_id=1efabeb9-4809-4bab-b186-a750498c0046 chain_id=42161 from_address=0x8b172F820629b14cEAF859A6e159d1BcD3291Fe1}: cortex::pipeline: transaction confirmed on-chain elapsed_ms=4287 block_number=449326567 confirmations=2
2026-04-05T14:35:01.965462Z  INFO ThreadId(06) pipeline{execution_id=1efabeb9-4809-4bab-b186-a750498c0046 chain_id=42161 from_address=0x8b172F820629b14cEAF859A6e159d1BcD3291Fe1}: cortex::pipeline: pipeline completed elapsed_ms=4287
2026-04-05T14:35:01.967280Z  INFO ThreadId(12) pipeline{execution_id=098a8f58-dee4-46fd-9e02-0dd75286a38c chain_id=42161 from_address=0x2EAC739a1e05F4a05a5B8fD93D332c4353E5A7cD}: cortex::pipeline: transaction confirmed on-chain elapsed_ms=4290 block_number=449326581 confirmations=2
2026-04-05T14:35:01.967332Z  INFO ThreadId(12) pipeline{execution_id=098a8f58-dee4-46fd-9e02-0dd75286a38c chain_id=42161 from_address=0x2EAC739a1e05F4a05a5B8fD93D332c4353E5A7cD}: cortex::pipeline: pipeline completed elapsed_ms=4290
2026-04-05T14:35:01.969012Z  INFO ThreadId(03) pipeline{execution_id=cd562bfc-078e-4b5f-a41f-abbc5e22f8ff chain_id=42161 from_address=0xfea6645D31443cF7Cf96eF1dB7823EB9365f98bf}: cortex::pipeline: transaction confirmed on-chain elapsed_ms=4291 block_number=449326574 confirmations=2
2026-04-05T14:35:01.969047Z  INFO ThreadId(03) pipeline{execution_id=cd562bfc-078e-4b5f-a41f-abbc5e22f8ff chain_id=42161 from_address=0xfea6645D31443cF7Cf96eF1dB7823EB9365f98bf}: cortex::pipeline: pipeline completed elapsed_ms=4291
2026-04-05T14:35:01.970887Z  INFO ThreadId(12) pipeline{execution_id=8ec1a75f-5d8e-4c5b-95af-e4f85b570853 chain_id=42161 from_address=0x8b172F820629b14cEAF859A6e159d1BcD3291Fe1}: cortex::pipeline: transaction confirmed on-chain elapsed_ms=4293 block_number=449326567 confirmations=2
2026-04-05T14:35:01.970931Z  INFO ThreadId(12) pipeline{execution_id=8ec1a75f-5d8e-4c5b-95af-e4f85b570853 chain_id=42161 from_address=0x8b172F820629b14cEAF859A6e159d1BcD3291Fe1}: cortex::pipeline: pipeline completed elapsed_ms=4293
2026-04-05T14:35:01.972820Z  INFO ThreadId(03) pipeline{execution_id=778c9503-cd0e-4be3-8e6d-7cde683759b8 chain_id=42161 from_address=0xfea6645D31443cF7Cf96eF1dB7823EB9365f98bf}: cortex::pipeline: transaction confirmed on-chain elapsed_ms=4295 block_number=449326574 confirmations=2
2026-04-05T14:35:01.972860Z  INFO ThreadId(03) pipeline{execution_id=778c9503-cd0e-4be3-8e6d-7cde683759b8 chain_id=42161 from_address=0xfea6645D31443cF7Cf96eF1dB7823EB9365f98bf}: cortex::pipeline: pipeline completed elapsed_ms=4295
2026-04-05T14:35:01.974573Z  INFO ThreadId(03) pipeline{execution_id=ecfbd8a9-3144-4728-84c6-1ccf240d180f chain_id=42161 from_address=0xCFA80F1f22b0AD533F7d8e2CcC0A783aa4BCaFF3}: cortex::pipeline: transaction confirmed on-chain elapsed_ms=4296 block_number=449326581 confirmations=2
2026-04-05T14:35:01.974620Z  INFO ThreadId(03) pipeline{execution_id=ecfbd8a9-3144-4728-84c6-1ccf240d180f chain_id=42161 from_address=0xCFA80F1f22b0AD533F7d8e2CcC0A783aa4BCaFF3}: cortex::pipeline: pipeline completed elapsed_ms=4296
2026-04-05T14:35:01.975872Z  INFO ThreadId(03) pipeline{execution_id=c5fdfdbc-1e78-4177-acfc-b7bd47a5e977 chain_id=42161 from_address=0xfea6645D31443cF7Cf96eF1dB7823EB9365f98bf}: cortex::pipeline: transaction confirmed on-chain elapsed_ms=4297 block_number=449326574 confirmations=2
2026-04-05T14:35:01.975910Z  INFO ThreadId(03) pipeline{execution_id=c5fdfdbc-1e78-4177-acfc-b7bd47a5e977 chain_id=42161 from_address=0xfea6645D31443cF7Cf96eF1dB7823EB9365f98bf}: cortex::pipeline: pipeline completed elapsed_ms=4298
2026-04-05T14:35:01.977776Z  INFO ThreadId(10) pipeline{execution_id=1a1dbb00-32fb-4ea2-9b04-1c959e77ea01 chain_id=42161 from_address=0x8AfE43fF49EBd5c4B8Cd1497ee77b437dd1711fc}: cortex::pipeline: transaction confirmed on-chain elapsed_ms=4299 block_number=449326574 confirmations=2
2026-04-05T14:35:01.977837Z  INFO ThreadId(10) pipeline{execution_id=1a1dbb00-32fb-4ea2-9b04-1c959e77ea01 chain_id=42161 from_address=0x8AfE43fF49EBd5c4B8Cd1497ee77b437dd1711fc}: cortex::pipeline: pipeline completed elapsed_ms=4299
2026-04-05T14:35:01.979898Z  INFO ThreadId(12) pipeline{execution_id=ed59899f-93ee-431e-91ad-d842d8ef1147 chain_id=42161 from_address=0x2EAC739a1e05F4a05a5B8fD93D332c4353E5A7cD}: cortex::pipeline: transaction confirmed on-chain elapsed_ms=4301 block_number=449326581 confirmations=2
2026-04-05T14:35:01.979952Z  INFO ThreadId(12) pipeline{execution_id=ed59899f-93ee-431e-91ad-d842d8ef1147 chain_id=42161 from_address=0x2EAC739a1e05F4a05a5B8fD93D332c4353E5A7cD}: cortex::pipeline: pipeline completed elapsed_ms=4301
2026-04-05T14:35:01.982067Z  INFO ThreadId(10) pipeline{execution_id=3ab5eb21-dc61-4425-8328-b84341a10630 chain_id=42161 from_address=0x2EAC739a1e05F4a05a5B8fD93D332c4353E5A7cD}: cortex::pipeline: transaction confirmed on-chain elapsed_ms=4303 block_number=449326581 confirmations=2
2026-04-05T14:35:01.982121Z  INFO ThreadId(10) pipeline{execution_id=3ab5eb21-dc61-4425-8328-b84341a10630 chain_id=42161 from_address=0x2EAC739a1e05F4a05a5B8fD93D332c4353E5A7cD}: cortex::pipeline: pipeline completed elapsed_ms=4303
2026-04-05T14:35:01.983530Z  INFO ThreadId(10) pipeline{execution_id=7adcd22a-5a6f-4b92-a146-3b38b60dd6fd chain_id=42161 from_address=0x2EAC739a1e05F4a05a5B8fD93D332c4353E5A7cD}: cortex::pipeline: transaction confirmed on-chain elapsed_ms=4305 block_number=449326581 confirmations=2
2026-04-05T14:35:01.983565Z  INFO ThreadId(10) pipeline{execution_id=7adcd22a-5a6f-4b92-a146-3b38b60dd6fd chain_id=42161 from_address=0x2EAC739a1e05F4a05a5B8fD93D332c4353E5A7cD}: cortex::pipeline: pipeline completed elapsed_ms=4305
2026-04-05T14:35:01.985237Z  INFO ThreadId(06) pipeline{execution_id=54d9bc9f-31ae-4e18-9b16-01aa676b13ae chain_id=42161 from_address=0x2EAC739a1e05F4a05a5B8fD93D332c4353E5A7cD}: cortex::pipeline: transaction confirmed on-chain elapsed_ms=4306 block_number=449326581 confirmations=2
2026-04-05T14:35:01.985279Z  INFO ThreadId(06) pipeline{execution_id=54d9bc9f-31ae-4e18-9b16-01aa676b13ae chain_id=42161 from_address=0x2EAC739a1e05F4a05a5B8fD93D332c4353E5A7cD}: cortex::pipeline: pipeline completed elapsed_ms=4307
2026-04-05T14:35:01.987204Z  INFO ThreadId(06) pipeline{execution_id=d1ad20eb-9ef2-4c5f-8097-d12b7086e671 chain_id=42161 from_address=0x8AfE43fF49EBd5c4B8Cd1497ee77b437dd1711fc}: cortex::pipeline: transaction confirmed on-chain elapsed_ms=4308 block_number=449326574 confirmations=2
2026-04-05T14:35:01.987245Z  INFO ThreadId(06) pipeline{execution_id=d1ad20eb-9ef2-4c5f-8097-d12b7086e671 chain_id=42161 from_address=0x8AfE43fF49EBd5c4B8Cd1497ee77b437dd1711fc}: cortex::pipeline: pipeline completed elapsed_ms=4308
2026-04-05T14:35:01.989395Z  INFO ThreadId(06) pipeline{execution_id=fb39accb-1843-4dd0-8fb9-bba17d7cdd72 chain_id=42161 from_address=0x2EAC739a1e05F4a05a5B8fD93D332c4353E5A7cD}: cortex::pipeline: transaction confirmed on-chain elapsed_ms=4311 block_number=449326581 confirmations=2
2026-04-05T14:35:01.989444Z  INFO ThreadId(06) pipeline{execution_id=fb39accb-1843-4dd0-8fb9-bba17d7cdd72 chain_id=42161 from_address=0x2EAC739a1e05F4a05a5B8fD93D332c4353E5A7cD}: cortex::pipeline: pipeline completed elapsed_ms=4311
2026-04-05T14:35:01.990928Z  INFO ThreadId(10) pipeline{execution_id=5f5aa1ed-d85f-4533-88eb-270b218239c9 chain_id=42161 from_address=0xfea6645D31443cF7Cf96eF1dB7823EB9365f98bf}: cortex::pipeline: transaction confirmed on-chain elapsed_ms=4312 block_number=449326574 confirmations=2
2026-04-05T14:35:01.990972Z  INFO ThreadId(10) pipeline{execution_id=5f5aa1ed-d85f-4533-88eb-270b218239c9 chain_id=42161 from_address=0xfea6645D31443cF7Cf96eF1dB7823EB9365f98bf}: cortex::pipeline: pipeline completed elapsed_ms=4312
2026-04-05T14:35:01.992653Z  INFO ThreadId(12) pipeline{execution_id=809fd1f1-9bb7-4514-8cd8-ab202ed6e264 chain_id=42161 from_address=0x8b172F820629b14cEAF859A6e159d1BcD3291Fe1}: cortex::pipeline: transaction confirmed on-chain elapsed_ms=4314 block_number=449326567 confirmations=2
2026-04-05T14:35:01.992700Z  INFO ThreadId(12) pipeline{execution_id=809fd1f1-9bb7-4514-8cd8-ab202ed6e264 chain_id=42161 from_address=0x8b172F820629b14cEAF859A6e159d1BcD3291Fe1}: cortex::pipeline: pipeline completed elapsed_ms=4314
2026-04-05T14:35:01.994727Z  INFO ThreadId(12) pipeline{execution_id=1930b73f-c185-41cf-817e-c18ceed3690e chain_id=42161 from_address=0x8AfE43fF49EBd5c4B8Cd1497ee77b437dd1711fc}: cortex::pipeline: transaction confirmed on-chain elapsed_ms=4316 block_number=449326574 confirmations=2
2026-04-05T14:35:01.994775Z  INFO ThreadId(12) pipeline{execution_id=1930b73f-c185-41cf-817e-c18ceed3690e chain_id=42161 from_address=0x8AfE43fF49EBd5c4B8Cd1497ee77b437dd1711fc}: cortex::pipeline: pipeline completed elapsed_ms=4316
2026-04-05T14:35:01.996528Z  INFO ThreadId(12) pipeline{execution_id=58e645c8-7b2c-427d-9745-ba401135d004 chain_id=42161 from_address=0x8AfE43fF49EBd5c4B8Cd1497ee77b437dd1711fc}: cortex::pipeline: transaction confirmed on-chain elapsed_ms=4318 block_number=449326574 confirmations=2
2026-04-05T14:35:01.996573Z  INFO ThreadId(12) pipeline{execution_id=58e645c8-7b2c-427d-9745-ba401135d004 chain_id=42161 from_address=0x8AfE43fF49EBd5c4B8Cd1497ee77b437dd1711fc}: cortex::pipeline: pipeline completed elapsed_ms=4318
2026-04-05T14:35:01.998279Z  INFO ThreadId(12) pipeline{execution_id=47ff4f10-a011-4c66-9da1-db9487af0615 chain_id=42161 from_address=0x8b172F820629b14cEAF859A6e159d1BcD3291Fe1}: cortex::pipeline: transaction confirmed on-chain elapsed_ms=4319 block_number=449326567 confirmations=2
2026-04-05T14:35:01.998330Z  INFO ThreadId(12) pipeline{execution_id=47ff4f10-a011-4c66-9da1-db9487af0615 chain_id=42161 from_address=0x8b172F820629b14cEAF859A6e159d1BcD3291Fe1}: cortex::pipeline: pipeline completed elapsed_ms=4319
2026-04-05T14:35:02.000009Z  INFO ThreadId(12) pipeline{execution_id=159e3ff1-4b57-4ba1-a46a-c7469ad4e998 chain_id=42161 from_address=0xfea6645D31443cF7Cf96eF1dB7823EB9365f98bf}: cortex::pipeline: transaction confirmed on-chain elapsed_ms=4321 block_number=449326574 confirmations=2
2026-04-05T14:35:02.000052Z  INFO ThreadId(12) pipeline{execution_id=159e3ff1-4b57-4ba1-a46a-c7469ad4e998 chain_id=42161 from_address=0xfea6645D31443cF7Cf96eF1dB7823EB9365f98bf}: cortex::pipeline: pipeline completed elapsed_ms=4321
2026-04-05T14:35:02.002078Z  INFO ThreadId(10) pipeline{execution_id=3aecead3-3c53-40ea-8b00-393f0d8c3be8 chain_id=42161 from_address=0x8b172F820629b14cEAF859A6e159d1BcD3291Fe1}: cortex::pipeline: transaction confirmed on-chain elapsed_ms=4323 block_number=449326567 confirmations=2
2026-04-05T14:35:02.002124Z  INFO ThreadId(10) pipeline{execution_id=3aecead3-3c53-40ea-8b00-393f0d8c3be8 chain_id=42161 from_address=0x8b172F820629b14cEAF859A6e159d1BcD3291Fe1}: cortex::pipeline: pipeline completed elapsed_ms=4323
2026-04-05T14:35:02.004297Z  INFO ThreadId(03) pipeline{execution_id=12e6372f-c384-4a7a-8957-682066654218 chain_id=42161 from_address=0x2EAC739a1e05F4a05a5B8fD93D332c4353E5A7cD}: cortex::pipeline: transaction confirmed on-chain elapsed_ms=4325 block_number=449326581 confirmations=2
2026-04-05T14:35:02.004388Z  INFO ThreadId(03) pipeline{execution_id=12e6372f-c384-4a7a-8957-682066654218 chain_id=42161 from_address=0x2EAC739a1e05F4a05a5B8fD93D332c4353E5A7cD}: cortex::pipeline: pipeline completed elapsed_ms=4325
2026-04-05T14:35:02.006296Z  INFO ThreadId(03) pipeline{execution_id=2fb79264-99bb-402d-acaf-022d8ffed209 chain_id=42161 from_address=0xfea6645D31443cF7Cf96eF1dB7823EB9365f98bf}: cortex::pipeline: transaction confirmed on-chain elapsed_ms=4327 block_number=449326574 confirmations=2
2026-04-05T14:35:02.006350Z  INFO ThreadId(03) pipeline{execution_id=2fb79264-99bb-402d-acaf-022d8ffed209 chain_id=42161 from_address=0xfea6645D31443cF7Cf96eF1dB7823EB9365f98bf}: cortex::pipeline: pipeline completed elapsed_ms=4327
2026-04-05T14:35:02.007929Z  INFO ThreadId(10) pipeline{execution_id=9b4f42f3-c848-4afa-bd4a-06503f310955 chain_id=42161 from_address=0x8AfE43fF49EBd5c4B8Cd1497ee77b437dd1711fc}: cortex::pipeline: transaction confirmed on-chain elapsed_ms=4329 block_number=449326574 confirmations=2
2026-04-05T14:35:02.007965Z  INFO ThreadId(10) pipeline{execution_id=9b4f42f3-c848-4afa-bd4a-06503f310955 chain_id=42161 from_address=0x8AfE43fF49EBd5c4B8Cd1497ee77b437dd1711fc}: cortex::pipeline: pipeline completed elapsed_ms=4329
2026-04-05T14:35:02.009756Z  INFO ThreadId(10) pipeline{execution_id=836e8ded-8d6b-4289-b98b-bb34ec51cc0c chain_id=42161 from_address=0xCFA80F1f22b0AD533F7d8e2CcC0A783aa4BCaFF3}: cortex::pipeline: transaction confirmed on-chain elapsed_ms=4330 block_number=449326581 confirmations=2
2026-04-05T14:35:02.009807Z  INFO ThreadId(10) pipeline{execution_id=836e8ded-8d6b-4289-b98b-bb34ec51cc0c chain_id=42161 from_address=0xCFA80F1f22b0AD533F7d8e2CcC0A783aa4BCaFF3}: cortex::pipeline: pipeline completed elapsed_ms=4330
2026-04-05T14:35:02.011996Z  INFO ThreadId(03) pipeline{execution_id=09e62266-b8d6-49fc-bbaf-750539c64e5b chain_id=42161 from_address=0x2EAC739a1e05F4a05a5B8fD93D332c4353E5A7cD}: cortex::pipeline: transaction confirmed on-chain elapsed_ms=4333 block_number=449326581 confirmations=2
2026-04-05T14:35:02.012034Z  INFO ThreadId(03) pipeline{execution_id=09e62266-b8d6-49fc-bbaf-750539c64e5b chain_id=42161 from_address=0x2EAC739a1e05F4a05a5B8fD93D332c4353E5A7cD}: cortex::pipeline: pipeline completed elapsed_ms=4333
2026-04-05T14:35:02.013896Z  INFO ThreadId(03) pipeline{execution_id=3ae51dcf-92de-4f8f-a322-ee05223d04fa chain_id=42161 from_address=0xCFA80F1f22b0AD533F7d8e2CcC0A783aa4BCaFF3}: cortex::pipeline: transaction confirmed on-chain elapsed_ms=4334 block_number=449326581 confirmations=2
2026-04-05T14:35:02.013938Z  INFO ThreadId(03) pipeline{execution_id=3ae51dcf-92de-4f8f-a322-ee05223d04fa chain_id=42161 from_address=0xCFA80F1f22b0AD533F7d8e2CcC0A783aa4BCaFF3}: cortex::pipeline: pipeline completed elapsed_ms=4334
2026-04-05T14:35:02.015821Z  INFO ThreadId(10) pipeline{execution_id=4a684cac-e9d5-4840-8e49-7c12df9d5b6e chain_id=42161 from_address=0x8b172F820629b14cEAF859A6e159d1BcD3291Fe1}: cortex::pipeline: transaction confirmed on-chain elapsed_ms=4336 block_number=449326567 confirmations=2
2026-04-05T14:35:02.015875Z  INFO ThreadId(10) pipeline{execution_id=4a684cac-e9d5-4840-8e49-7c12df9d5b6e chain_id=42161 from_address=0x8b172F820629b14cEAF859A6e159d1BcD3291Fe1}: cortex::pipeline: pipeline completed elapsed_ms=4336
2026-04-05T14:35:02.018049Z  INFO ThreadId(12) pipeline{execution_id=0b865c4b-b370-41d2-ab68-6d05a9f52415 chain_id=42161 from_address=0x8AfE43fF49EBd5c4B8Cd1497ee77b437dd1711fc}: cortex::pipeline: transaction confirmed on-chain elapsed_ms=4338 block_number=449326574 confirmations=2
2026-04-05T14:35:02.018098Z  INFO ThreadId(12) pipeline{execution_id=0b865c4b-b370-41d2-ab68-6d05a9f52415 chain_id=42161 from_address=0x8AfE43fF49EBd5c4B8Cd1497ee77b437dd1711fc}: cortex::pipeline: pipeline completed elapsed_ms=4338
2026-04-05T14:35:02.020023Z  INFO ThreadId(12) pipeline{execution_id=9e50087c-74f2-488a-b58a-d31b9405d4f5 chain_id=42161 from_address=0x8AfE43fF49EBd5c4B8Cd1497ee77b437dd1711fc}: cortex::pipeline: transaction confirmed on-chain elapsed_ms=4340 block_number=449326574 confirmations=2
2026-04-05T14:35:02.020061Z  INFO ThreadId(12) pipeline{execution_id=9e50087c-74f2-488a-b58a-d31b9405d4f5 chain_id=42161 from_address=0x8AfE43fF49EBd5c4B8Cd1497ee77b437dd1711fc}: cortex::pipeline: pipeline completed elapsed_ms=4340
2026-04-05T14:35:02.021676Z  INFO ThreadId(10) pipeline{execution_id=48c6d3ad-9506-4a6a-91e4-7ae5cf1abd9c chain_id=42161 from_address=0x8AfE43fF49EBd5c4B8Cd1497ee77b437dd1711fc}: cortex::pipeline: transaction confirmed on-chain elapsed_ms=4342 block_number=449326574 confirmations=2
2026-04-05T14:35:02.021717Z  INFO ThreadId(10) pipeline{execution_id=48c6d3ad-9506-4a6a-91e4-7ae5cf1abd9c chain_id=42161 from_address=0x8AfE43fF49EBd5c4B8Cd1497ee77b437dd1711fc}: cortex::pipeline: pipeline completed elapsed_ms=4342
2026-04-05T14:35:02.023371Z  INFO ThreadId(10) pipeline{execution_id=e7ae0de2-1a82-4ffd-b856-632621583135 chain_id=42161 from_address=0x8AfE43fF49EBd5c4B8Cd1497ee77b437dd1711fc}: cortex::pipeline: transaction confirmed on-chain elapsed_ms=4343 block_number=449326574 confirmations=2
2026-04-05T14:35:02.023421Z  INFO ThreadId(10) pipeline{execution_id=e7ae0de2-1a82-4ffd-b856-632621583135 chain_id=42161 from_address=0x8AfE43fF49EBd5c4B8Cd1497ee77b437dd1711fc}: cortex::pipeline: pipeline completed elapsed_ms=4343
2026-04-05T14:35:02.025274Z  INFO ThreadId(10) pipeline{execution_id=418e2ebc-0b26-4313-8a2b-d1b2427a7349 chain_id=42161 from_address=0x8b172F820629b14cEAF859A6e159d1BcD3291Fe1}: cortex::pipeline: transaction confirmed on-chain elapsed_ms=4345 block_number=449326567 confirmations=2
2026-04-05T14:35:02.025335Z  INFO ThreadId(10) pipeline{execution_id=418e2ebc-0b26-4313-8a2b-d1b2427a7349 chain_id=42161 from_address=0x8b172F820629b14cEAF859A6e159d1BcD3291Fe1}: cortex::pipeline: pipeline completed elapsed_ms=4345
2026-04-05T14:35:02.027601Z  INFO ThreadId(12) pipeline{execution_id=3c909b5c-a496-4023-9b50-3646bc47becd chain_id=42161 from_address=0x2EAC739a1e05F4a05a5B8fD93D332c4353E5A7cD}: cortex::pipeline: transaction confirmed on-chain elapsed_ms=4347 block_number=449326581 confirmations=2
2026-04-05T14:35:02.027654Z  INFO ThreadId(12) pipeline{execution_id=3c909b5c-a496-4023-9b50-3646bc47becd chain_id=42161 from_address=0x2EAC739a1e05F4a05a5B8fD93D332c4353E5A7cD}: cortex::pipeline: pipeline completed elapsed_ms=4347
2026-04-05T14:35:02.029322Z  INFO ThreadId(03) pipeline{execution_id=45d44939-aad9-45d6-8526-a88540263511 chain_id=42161 from_address=0xfea6645D31443cF7Cf96eF1dB7823EB9365f98bf}: cortex::pipeline: transaction confirmed on-chain elapsed_ms=4349 block_number=449326574 confirmations=2
2026-04-05T14:35:02.029362Z  INFO ThreadId(03) pipeline{execution_id=45d44939-aad9-45d6-8526-a88540263511 chain_id=42161 from_address=0xfea6645D31443cF7Cf96eF1dB7823EB9365f98bf}: cortex::pipeline: pipeline completed elapsed_ms=4349
2026-04-05T14:35:02.031292Z  INFO ThreadId(06) pipeline{execution_id=6f0a74a4-38d8-4727-bd79-cb020293e0d5 chain_id=42161 from_address=0x2EAC739a1e05F4a05a5B8fD93D332c4353E5A7cD}: cortex::pipeline: transaction confirmed on-chain elapsed_ms=4351 block_number=449326581 confirmations=2
2026-04-05T14:35:02.031353Z  INFO ThreadId(06) pipeline{execution_id=6f0a74a4-38d8-4727-bd79-cb020293e0d5 chain_id=42161 from_address=0x2EAC739a1e05F4a05a5B8fD93D332c4353E5A7cD}: cortex::pipeline: pipeline completed elapsed_ms=4351
2026-04-05T14:35:02.033265Z  INFO ThreadId(06) pipeline{execution_id=bdb9cb93-6ebd-4b22-9820-6c5676425c83 chain_id=42161 from_address=0xCFA80F1f22b0AD533F7d8e2CcC0A783aa4BCaFF3}: cortex::pipeline: transaction confirmed on-chain elapsed_ms=4353 block_number=449326581 confirmations=2
2026-04-05T14:35:02.033315Z  INFO ThreadId(06) pipeline{execution_id=bdb9cb93-6ebd-4b22-9820-6c5676425c83 chain_id=42161 from_address=0xCFA80F1f22b0AD533F7d8e2CcC0A783aa4BCaFF3}: cortex::pipeline: pipeline completed elapsed_ms=4353
2026-04-05T14:35:02.034965Z  INFO ThreadId(12) pipeline{execution_id=facd2814-034f-4b3d-9763-a16438478d08 chain_id=42161 from_address=0xCFA80F1f22b0AD533F7d8e2CcC0A783aa4BCaFF3}: cortex::pipeline: transaction confirmed on-chain elapsed_ms=4354 block_number=449326581 confirmations=2
2026-04-05T14:35:02.035001Z  INFO ThreadId(12) pipeline{execution_id=facd2814-034f-4b3d-9763-a16438478d08 chain_id=42161 from_address=0xCFA80F1f22b0AD533F7d8e2CcC0A783aa4BCaFF3}: cortex::pipeline: pipeline completed elapsed_ms=4354
2026-04-05T14:35:02.036571Z  INFO ThreadId(03) pipeline{execution_id=6863236f-11b5-44d6-b10e-60b11964b121 chain_id=42161 from_address=0xfea6645D31443cF7Cf96eF1dB7823EB9365f98bf}: cortex::pipeline: transaction confirmed on-chain elapsed_ms=4356 block_number=449326574 confirmations=2
2026-04-05T14:35:02.036606Z  INFO ThreadId(03) pipeline{execution_id=6863236f-11b5-44d6-b10e-60b11964b121 chain_id=42161 from_address=0xfea6645D31443cF7Cf96eF1dB7823EB9365f98bf}: cortex::pipeline: pipeline completed elapsed_ms=4356
2026-04-05T14:35:02.038472Z  INFO ThreadId(03) pipeline{execution_id=797487b0-0d90-4831-bacd-637f1ed0b338 chain_id=42161 from_address=0xfea6645D31443cF7Cf96eF1dB7823EB9365f98bf}: cortex::pipeline: transaction confirmed on-chain elapsed_ms=4358 block_number=449326574 confirmations=2
2026-04-05T14:35:02.038520Z  INFO ThreadId(03) pipeline{execution_id=797487b0-0d90-4831-bacd-637f1ed0b338 chain_id=42161 from_address=0xfea6645D31443cF7Cf96eF1dB7823EB9365f98bf}: cortex::pipeline: pipeline completed elapsed_ms=4358
2026-04-05T14:35:02.040206Z  INFO ThreadId(06) pipeline{execution_id=93daf78c-a023-4d8f-b79e-d94e9c8dd893 chain_id=42161 from_address=0x8AfE43fF49EBd5c4B8Cd1497ee77b437dd1711fc}: cortex::pipeline: transaction confirmed on-chain elapsed_ms=4359 block_number=449326574 confirmations=2
2026-04-05T14:35:02.040247Z  INFO ThreadId(06) pipeline{execution_id=93daf78c-a023-4d8f-b79e-d94e9c8dd893 chain_id=42161 from_address=0x8AfE43fF49EBd5c4B8Cd1497ee77b437dd1711fc}: cortex::pipeline: pipeline completed elapsed_ms=4359
2026-04-05T14:35:02.041833Z  INFO ThreadId(03) pipeline{execution_id=0e0d0061-4976-4bd1-8d5e-9a8c632f25ce chain_id=42161 from_address=0xCFA80F1f22b0AD533F7d8e2CcC0A783aa4BCaFF3}: cortex::pipeline: transaction confirmed on-chain elapsed_ms=4361 block_number=449326581 confirmations=2
2026-04-05T14:35:02.041877Z  INFO ThreadId(03) pipeline{execution_id=0e0d0061-4976-4bd1-8d5e-9a8c632f25ce chain_id=42161 from_address=0xCFA80F1f22b0AD533F7d8e2CcC0A783aa4BCaFF3}: cortex::pipeline: pipeline completed elapsed_ms=4361
2026-04-05T14:35:02.043450Z  INFO ThreadId(06) pipeline{execution_id=7e3ead72-f0de-4ff9-a69f-abecf5162726 chain_id=42161 from_address=0x2EAC739a1e05F4a05a5B8fD93D332c4353E5A7cD}: cortex::pipeline: transaction confirmed on-chain elapsed_ms=4363 block_number=449326581 confirmations=2
2026-04-05T14:35:02.043486Z  INFO ThreadId(06) pipeline{execution_id=7e3ead72-f0de-4ff9-a69f-abecf5162726 chain_id=42161 from_address=0x2EAC739a1e05F4a05a5B8fD93D332c4353E5A7cD}: cortex::pipeline: pipeline completed elapsed_ms=4363
2026-04-05T14:35:02.045179Z  INFO ThreadId(06) pipeline{execution_id=525d538b-d54e-4efe-967d-bf025d291fc1 chain_id=42161 from_address=0x8AfE43fF49EBd5c4B8Cd1497ee77b437dd1711fc}: cortex::pipeline: transaction confirmed on-chain elapsed_ms=4346 block_number=449326574 confirmations=2
2026-04-05T14:35:02.045226Z  INFO ThreadId(06) pipeline{execution_id=525d538b-d54e-4efe-967d-bf025d291fc1 chain_id=42161 from_address=0x8AfE43fF49EBd5c4B8Cd1497ee77b437dd1711fc}: cortex::pipeline: pipeline completed elapsed_ms=4346
2026-04-05T14:35:02.047097Z  INFO ThreadId(12) pipeline{execution_id=59cac1af-3a80-4614-b983-4f4225277534 chain_id=42161 from_address=0x2EAC739a1e05F4a05a5B8fD93D332c4353E5A7cD}: cortex::pipeline: transaction confirmed on-chain elapsed_ms=4348 block_number=449326581 confirmations=2
2026-04-05T14:35:02.047145Z  INFO ThreadId(12) pipeline{execution_id=59cac1af-3a80-4614-b983-4f4225277534 chain_id=42161 from_address=0x2EAC739a1e05F4a05a5B8fD93D332c4353E5A7cD}: cortex::pipeline: pipeline completed elapsed_ms=4348
2026-04-05T14:35:02.048687Z  INFO ThreadId(03) pipeline{execution_id=d14a56c9-35c5-45df-abf3-a59d2c674975 chain_id=42161 from_address=0xCFA80F1f22b0AD533F7d8e2CcC0A783aa4BCaFF3}: cortex::pipeline: transaction confirmed on-chain elapsed_ms=4350 block_number=449326581 confirmations=2
2026-04-05T14:35:02.048723Z  INFO ThreadId(03) pipeline{execution_id=d14a56c9-35c5-45df-abf3-a59d2c674975 chain_id=42161 from_address=0xCFA80F1f22b0AD533F7d8e2CcC0A783aa4BCaFF3}: cortex::pipeline: pipeline completed elapsed_ms=4350
2026-04-05T14:35:02.050219Z  INFO ThreadId(06) pipeline{execution_id=399fb190-ec64-40e9-aeb7-77ce34ee534d chain_id=42161 from_address=0x8b172F820629b14cEAF859A6e159d1BcD3291Fe1}: cortex::pipeline: transaction confirmed on-chain elapsed_ms=4351 block_number=449326567 confirmations=2
2026-04-05T14:35:02.050256Z  INFO ThreadId(06) pipeline{execution_id=399fb190-ec64-40e9-aeb7-77ce34ee534d chain_id=42161 from_address=0x8b172F820629b14cEAF859A6e159d1BcD3291Fe1}: cortex::pipeline: pipeline completed elapsed_ms=4351
2026-04-05T14:35:02.051950Z  INFO ThreadId(06) pipeline{execution_id=305d0635-a857-4f56-bdb3-2ee0afb35fbc chain_id=42161 from_address=0xCFA80F1f22b0AD533F7d8e2CcC0A783aa4BCaFF3}: cortex::pipeline: transaction confirmed on-chain elapsed_ms=4353 block_number=449326581 confirmations=2
2026-04-05T14:35:02.051991Z  INFO ThreadId(06) pipeline{execution_id=305d0635-a857-4f56-bdb3-2ee0afb35fbc chain_id=42161 from_address=0xCFA80F1f22b0AD533F7d8e2CcC0A783aa4BCaFF3}: cortex::pipeline: pipeline completed elapsed_ms=4353
2026-04-05T14:35:02.053749Z  INFO ThreadId(03) pipeline{execution_id=41dbdd74-4f54-4755-a0f7-4bb4b154d04e chain_id=42161 from_address=0x8b172F820629b14cEAF859A6e159d1BcD3291Fe1}: cortex::pipeline: transaction confirmed on-chain elapsed_ms=4354 block_number=449326567 confirmations=2
2026-04-05T14:35:02.053788Z  INFO ThreadId(03) pipeline{execution_id=41dbdd74-4f54-4755-a0f7-4bb4b154d04e chain_id=42161 from_address=0x8b172F820629b14cEAF859A6e159d1BcD3291Fe1}: cortex::pipeline: pipeline completed elapsed_ms=4354
2026-04-05T14:35:02.055430Z  INFO ThreadId(03) pipeline{execution_id=c09775c6-1b1e-4903-9238-f30354701c95 chain_id=42161 from_address=0xfea6645D31443cF7Cf96eF1dB7823EB9365f98bf}: cortex::pipeline: transaction confirmed on-chain elapsed_ms=4356 block_number=449326574 confirmations=2
2026-04-05T14:35:02.055464Z  INFO ThreadId(03) pipeline{execution_id=c09775c6-1b1e-4903-9238-f30354701c95 chain_id=42161 from_address=0xfea6645D31443cF7Cf96eF1dB7823EB9365f98bf}: cortex::pipeline: pipeline completed elapsed_ms=4356
2026-04-05T14:35:02.057271Z  INFO ThreadId(06) pipeline{execution_id=d342c4f1-33a9-4f86-9a31-fa6687907e5a chain_id=42161 from_address=0xCFA80F1f22b0AD533F7d8e2CcC0A783aa4BCaFF3}: cortex::pipeline: transaction confirmed on-chain elapsed_ms=4358 block_number=449326581 confirmations=2
2026-04-05T14:35:02.057325Z  INFO ThreadId(06) pipeline{execution_id=d342c4f1-33a9-4f86-9a31-fa6687907e5a chain_id=42161 from_address=0xCFA80F1f22b0AD533F7d8e2CcC0A783aa4BCaFF3}: cortex::pipeline: pipeline completed elapsed_ms=4358
2026-04-05T14:35:02.059228Z  INFO ThreadId(06) pipeline{execution_id=85ad8b44-e02a-43e0-8d4e-f2b60a6e8db0 chain_id=42161 from_address=0xfea6645D31443cF7Cf96eF1dB7823EB9365f98bf}: cortex::pipeline: transaction confirmed on-chain elapsed_ms=4360 block_number=449326574 confirmations=2
2026-04-05T14:35:02.059272Z  INFO ThreadId(06) pipeline{execution_id=85ad8b44-e02a-43e0-8d4e-f2b60a6e8db0 chain_id=42161 from_address=0xfea6645D31443cF7Cf96eF1dB7823EB9365f98bf}: cortex::pipeline: pipeline completed elapsed_ms=4360
2026-04-05T14:35:02.060953Z  INFO ThreadId(06) pipeline{execution_id=76ec9c7b-80a1-4bd0-9102-e6325afd8efc chain_id=42161 from_address=0xfea6645D31443cF7Cf96eF1dB7823EB9365f98bf}: cortex::pipeline: transaction confirmed on-chain elapsed_ms=4361 block_number=449326574 confirmations=2
2026-04-05T14:35:02.061005Z  INFO ThreadId(06) pipeline{execution_id=76ec9c7b-80a1-4bd0-9102-e6325afd8efc chain_id=42161 from_address=0xfea6645D31443cF7Cf96eF1dB7823EB9365f98bf}: cortex::pipeline: pipeline completed elapsed_ms=4361
2026-04-05T14:35:02.062850Z  INFO ThreadId(12) pipeline{execution_id=954c0d14-4806-445d-9ff1-3ba8b4cfc1c4 chain_id=42161 from_address=0x8b172F820629b14cEAF859A6e159d1BcD3291Fe1}: cortex::pipeline: transaction confirmed on-chain elapsed_ms=4363 block_number=449326567 confirmations=2
2026-04-05T14:35:02.062896Z  INFO ThreadId(12) pipeline{execution_id=954c0d14-4806-445d-9ff1-3ba8b4cfc1c4 chain_id=42161 from_address=0x8b172F820629b14cEAF859A6e159d1BcD3291Fe1}: cortex::pipeline: pipeline completed elapsed_ms=4363
2026-04-05T14:35:02.064478Z  INFO ThreadId(03) pipeline{execution_id=cd995919-ec9e-48bf-a4ba-6573f299e74d chain_id=42161 from_address=0x8b172F820629b14cEAF859A6e159d1BcD3291Fe1}: cortex::pipeline: transaction confirmed on-chain elapsed_ms=4365 block_number=449326567 confirmations=2
2026-04-05T14:35:02.064515Z  INFO ThreadId(03) pipeline{execution_id=cd995919-ec9e-48bf-a4ba-6573f299e74d chain_id=42161 from_address=0x8b172F820629b14cEAF859A6e159d1BcD3291Fe1}: cortex::pipeline: pipeline completed elapsed_ms=4365
2026-04-05T14:35:02.066290Z  INFO ThreadId(06) pipeline{execution_id=f4bc7a7f-2004-4dda-b7fa-97a7ce795047 chain_id=42161 from_address=0xfea6645D31443cF7Cf96eF1dB7823EB9365f98bf}: cortex::pipeline: transaction confirmed on-chain elapsed_ms=4367 block_number=449326574 confirmations=2
2026-04-05T14:35:02.066350Z  INFO ThreadId(06) pipeline{execution_id=f4bc7a7f-2004-4dda-b7fa-97a7ce795047 chain_id=42161 from_address=0xfea6645D31443cF7Cf96eF1dB7823EB9365f98bf}: cortex::pipeline: pipeline completed elapsed_ms=4367
2026-04-05T14:35:02.068149Z  INFO ThreadId(03) pipeline{execution_id=07dd9f3c-1df4-4dfe-a395-289b0ab47724 chain_id=42161 from_address=0x8b172F820629b14cEAF859A6e159d1BcD3291Fe1}: cortex::pipeline: transaction confirmed on-chain elapsed_ms=4368 block_number=449326567 confirmations=2
2026-04-05T14:35:02.068195Z  INFO ThreadId(03) pipeline{execution_id=07dd9f3c-1df4-4dfe-a395-289b0ab47724 chain_id=42161 from_address=0x8b172F820629b14cEAF859A6e159d1BcD3291Fe1}: cortex::pipeline: pipeline completed elapsed_ms=4368
2026-04-05T14:35:02.069836Z  INFO ThreadId(03) pipeline{execution_id=4e00c204-188d-42b1-8365-a668a376edb6 chain_id=42161 from_address=0xfea6645D31443cF7Cf96eF1dB7823EB9365f98bf}: cortex::pipeline: transaction confirmed on-chain elapsed_ms=4370 block_number=449326574 confirmations=2
2026-04-05T14:35:02.069872Z  INFO ThreadId(03) pipeline{execution_id=4e00c204-188d-42b1-8365-a668a376edb6 chain_id=42161 from_address=0xfea6645D31443cF7Cf96eF1dB7823EB9365f98bf}: cortex::pipeline: pipeline completed elapsed_ms=4370
2026-04-05T14:35:02.071388Z  INFO ThreadId(12) pipeline{execution_id=7a6ce361-6fdd-43ac-85a8-2cbb3c3d9b1a chain_id=42161 from_address=0x8b172F820629b14cEAF859A6e159d1BcD3291Fe1}: cortex::pipeline: transaction confirmed on-chain elapsed_ms=4371 block_number=449326567 confirmations=2
2026-04-05T14:35:02.071427Z  INFO ThreadId(12) pipeline{execution_id=7a6ce361-6fdd-43ac-85a8-2cbb3c3d9b1a chain_id=42161 from_address=0x8b172F820629b14cEAF859A6e159d1BcD3291Fe1}: cortex::pipeline: pipeline completed elapsed_ms=4371
2026-04-05T14:35:02.073238Z  INFO ThreadId(06) pipeline{execution_id=e3f07370-3f92-4427-a314-fd8065876d47 chain_id=42161 from_address=0x8AfE43fF49EBd5c4B8Cd1497ee77b437dd1711fc}: cortex::pipeline: transaction confirmed on-chain elapsed_ms=4373 block_number=449326574 confirmations=2
2026-04-05T14:35:02.073281Z  INFO ThreadId(06) pipeline{execution_id=e3f07370-3f92-4427-a314-fd8065876d47 chain_id=42161 from_address=0x8AfE43fF49EBd5c4B8Cd1497ee77b437dd1711fc}: cortex::pipeline: pipeline completed elapsed_ms=4373
2026-04-05T14:35:02.074741Z  INFO ThreadId(03) pipeline{execution_id=fe8b180e-480d-4a33-9ed6-eb99b1806f1e chain_id=42161 from_address=0x8AfE43fF49EBd5c4B8Cd1497ee77b437dd1711fc}: cortex::pipeline: transaction confirmed on-chain elapsed_ms=4374 block_number=449326574 confirmations=2
2026-04-05T14:35:02.074776Z  INFO ThreadId(03) pipeline{execution_id=fe8b180e-480d-4a33-9ed6-eb99b1806f1e chain_id=42161 from_address=0x8AfE43fF49EBd5c4B8Cd1497ee77b437dd1711fc}: cortex::pipeline: pipeline completed elapsed_ms=4374
2026-04-05T14:35:02.076474Z  INFO ThreadId(12) pipeline{execution_id=860bc43f-358a-411a-83ad-9e2e6387013d chain_id=42161 from_address=0x8AfE43fF49EBd5c4B8Cd1497ee77b437dd1711fc}: cortex::pipeline: transaction confirmed on-chain elapsed_ms=4376 block_number=449326574 confirmations=2
2026-04-05T14:35:02.076520Z  INFO ThreadId(12) pipeline{execution_id=860bc43f-358a-411a-83ad-9e2e6387013d chain_id=42161 from_address=0x8AfE43fF49EBd5c4B8Cd1497ee77b437dd1711fc}: cortex::pipeline: pipeline completed elapsed_ms=4376
2026-04-05T14:35:02.078440Z  INFO ThreadId(06) pipeline{execution_id=d67fba38-e1c8-4bb5-801e-2306582bfe0a chain_id=42161 from_address=0x8b172F820629b14cEAF859A6e159d1BcD3291Fe1}: cortex::pipeline: transaction confirmed on-chain elapsed_ms=4378 block_number=449326567 confirmations=2
2026-04-05T14:35:02.078480Z  INFO ThreadId(06) pipeline{execution_id=d67fba38-e1c8-4bb5-801e-2306582bfe0a chain_id=42161 from_address=0x8b172F820629b14cEAF859A6e159d1BcD3291Fe1}: cortex::pipeline: pipeline completed elapsed_ms=4378
2026-04-05T14:35:02.080356Z  INFO ThreadId(12) pipeline{execution_id=7406e18e-97ef-4213-83cd-609d9f90d795 chain_id=42161 from_address=0xfea6645D31443cF7Cf96eF1dB7823EB9365f98bf}: cortex::pipeline: transaction confirmed on-chain elapsed_ms=4380 block_number=449326574 confirmations=2
2026-04-05T14:35:02.080438Z  INFO ThreadId(12) pipeline{execution_id=7406e18e-97ef-4213-83cd-609d9f90d795 chain_id=42161 from_address=0xfea6645D31443cF7Cf96eF1dB7823EB9365f98bf}: cortex::pipeline: pipeline completed elapsed_ms=4380
2026-04-05T14:35:02.082078Z  INFO ThreadId(12) pipeline{execution_id=cedc7ce1-a1a0-4dd8-af8e-8eb1fd8136cc chain_id=42161 from_address=0xfea6645D31443cF7Cf96eF1dB7823EB9365f98bf}: cortex::pipeline: transaction confirmed on-chain elapsed_ms=4381 block_number=449326574 confirmations=2
2026-04-05T14:35:02.082119Z  INFO ThreadId(12) pipeline{execution_id=cedc7ce1-a1a0-4dd8-af8e-8eb1fd8136cc chain_id=42161 from_address=0xfea6645D31443cF7Cf96eF1dB7823EB9365f98bf}: cortex::pipeline: pipeline completed elapsed_ms=4381
2026-04-05T14:35:02.083774Z  INFO ThreadId(12) pipeline{execution_id=fb6192a7-c740-4a44-a628-921afec4611b chain_id=42161 from_address=0x8AfE43fF49EBd5c4B8Cd1497ee77b437dd1711fc}: cortex::pipeline: transaction confirmed on-chain elapsed_ms=4383 block_number=449326574 confirmations=2
2026-04-05T14:35:02.083809Z  INFO ThreadId(12) pipeline{execution_id=fb6192a7-c740-4a44-a628-921afec4611b chain_id=42161 from_address=0x8AfE43fF49EBd5c4B8Cd1497ee77b437dd1711fc}: cortex::pipeline: pipeline completed elapsed_ms=4383
2026-04-05T14:35:02.085347Z  INFO ThreadId(03) pipeline{execution_id=4aac2b91-cb4d-490a-8af7-29432a9f2d0b chain_id=42161 from_address=0x8b172F820629b14cEAF859A6e159d1BcD3291Fe1}: cortex::pipeline: transaction confirmed on-chain elapsed_ms=4384 block_number=449326567 confirmations=2
2026-04-05T14:35:02.085385Z  INFO ThreadId(03) pipeline{execution_id=4aac2b91-cb4d-490a-8af7-29432a9f2d0b chain_id=42161 from_address=0x8b172F820629b14cEAF859A6e159d1BcD3291Fe1}: cortex::pipeline: pipeline completed elapsed_ms=4384
2026-04-05T14:35:02.087229Z  INFO ThreadId(12) pipeline{execution_id=fcd00ab5-19cf-4054-bdb7-fa06768fb0de chain_id=42161 from_address=0xCFA80F1f22b0AD533F7d8e2CcC0A783aa4BCaFF3}: cortex::pipeline: transaction confirmed on-chain elapsed_ms=4386 block_number=449326581 confirmations=2
2026-04-05T14:35:02.087288Z  INFO ThreadId(12) pipeline{execution_id=fcd00ab5-19cf-4054-bdb7-fa06768fb0de chain_id=42161 from_address=0xCFA80F1f22b0AD533F7d8e2CcC0A783aa4BCaFF3}: cortex::pipeline: pipeline completed elapsed_ms=4386
2026-04-05T14:35:02.088930Z  INFO ThreadId(06) pipeline{execution_id=8b6a6f2d-0a3b-4058-81c8-cc567f8e2655 chain_id=42161 from_address=0xCFA80F1f22b0AD533F7d8e2CcC0A783aa4BCaFF3}: cortex::pipeline: transaction confirmed on-chain elapsed_ms=4388 block_number=449326581 confirmations=2
2026-04-05T14:35:02.088966Z  INFO ThreadId(06) pipeline{execution_id=8b6a6f2d-0a3b-4058-81c8-cc567f8e2655 chain_id=42161 from_address=0xCFA80F1f22b0AD533F7d8e2CcC0A783aa4BCaFF3}: cortex::pipeline: pipeline completed elapsed_ms=4388
2026-04-05T14:35:02.090474Z  INFO ThreadId(12) pipeline{execution_id=f56a3643-8756-46cc-9b1d-c880cdc7b840 chain_id=42161 from_address=0xfea6645D31443cF7Cf96eF1dB7823EB9365f98bf}: cortex::pipeline: transaction confirmed on-chain elapsed_ms=4389 block_number=449326574 confirmations=2
2026-04-05T14:35:02.090514Z  INFO ThreadId(12) pipeline{execution_id=f56a3643-8756-46cc-9b1d-c880cdc7b840 chain_id=42161 from_address=0xfea6645D31443cF7Cf96eF1dB7823EB9365f98bf}: cortex::pipeline: pipeline completed elapsed_ms=4389
2026-04-05T14:35:02.092025Z  INFO ThreadId(03) pipeline{execution_id=7227a85e-9067-4cf1-b625-e41f422bc247 chain_id=42161 from_address=0xCFA80F1f22b0AD533F7d8e2CcC0A783aa4BCaFF3}: cortex::pipeline: transaction confirmed on-chain elapsed_ms=4391 block_number=449326581 confirmations=2
2026-04-05T14:35:02.092065Z  INFO ThreadId(03) pipeline{execution_id=7227a85e-9067-4cf1-b625-e41f422bc247 chain_id=42161 from_address=0xCFA80F1f22b0AD533F7d8e2CcC0A783aa4BCaFF3}: cortex::pipeline: pipeline completed elapsed_ms=4391
2026-04-05T14:35:02.093869Z  INFO ThreadId(06) pipeline{execution_id=156803f0-2566-4272-a0b3-4d09baad2753 chain_id=42161 from_address=0xfea6645D31443cF7Cf96eF1dB7823EB9365f98bf}: cortex::pipeline: transaction confirmed on-chain elapsed_ms=4393 block_number=449326574 confirmations=2
2026-04-05T14:35:02.093928Z  INFO ThreadId(06) pipeline{execution_id=156803f0-2566-4272-a0b3-4d09baad2753 chain_id=42161 from_address=0xfea6645D31443cF7Cf96eF1dB7823EB9365f98bf}: cortex::pipeline: pipeline completed elapsed_ms=4393
2026-04-05T14:35:02.095630Z  INFO ThreadId(12) pipeline{execution_id=1eda9517-c33c-4e1a-95d8-4868eb614b3d chain_id=42161 from_address=0xfea6645D31443cF7Cf96eF1dB7823EB9365f98bf}: cortex::pipeline: transaction confirmed on-chain elapsed_ms=4394 block_number=449326574 confirmations=2
2026-04-05T14:35:02.095673Z  INFO ThreadId(12) pipeline{execution_id=1eda9517-c33c-4e1a-95d8-4868eb614b3d chain_id=42161 from_address=0xfea6645D31443cF7Cf96eF1dB7823EB9365f98bf}: cortex::pipeline: pipeline completed elapsed_ms=4394
2026-04-05T14:35:02.097481Z  INFO ThreadId(06) pipeline{execution_id=613edf0b-392a-4092-a9ea-fa78456fc325 chain_id=42161 from_address=0xCFA80F1f22b0AD533F7d8e2CcC0A783aa4BCaFF3}: cortex::pipeline: transaction confirmed on-chain elapsed_ms=4396 block_number=449326581 confirmations=2
2026-04-05T14:35:02.097518Z  INFO ThreadId(06) pipeline{execution_id=613edf0b-392a-4092-a9ea-fa78456fc325 chain_id=42161 from_address=0xCFA80F1f22b0AD533F7d8e2CcC0A783aa4BCaFF3}: cortex::pipeline: pipeline completed elapsed_ms=4396
2026-04-05T14:35:02.099238Z  INFO ThreadId(06) pipeline{execution_id=25fe3c39-5615-47a7-8ac4-29b01910a106 chain_id=42161 from_address=0x8b172F820629b14cEAF859A6e159d1BcD3291Fe1}: cortex::pipeline: transaction confirmed on-chain elapsed_ms=4398 block_number=449326567 confirmations=2
2026-04-05T14:35:02.099333Z  INFO ThreadId(06) pipeline{execution_id=25fe3c39-5615-47a7-8ac4-29b01910a106 chain_id=42161 from_address=0x8b172F820629b14cEAF859A6e159d1BcD3291Fe1}: cortex::pipeline: pipeline completed elapsed_ms=4398
2026-04-05T14:35:02.101349Z  INFO ThreadId(06) pipeline{execution_id=0c4de39d-333e-4d44-a38a-15d5586fce21 chain_id=42161 from_address=0x8b172F820629b14cEAF859A6e159d1BcD3291Fe1}: cortex::pipeline: transaction confirmed on-chain elapsed_ms=4400 block_number=449326567 confirmations=2
2026-04-05T14:35:02.101395Z  INFO ThreadId(06) pipeline{execution_id=0c4de39d-333e-4d44-a38a-15d5586fce21 chain_id=42161 from_address=0x8b172F820629b14cEAF859A6e159d1BcD3291Fe1}: cortex::pipeline: pipeline completed elapsed_ms=4400
2026-04-05T14:35:02.102954Z  INFO ThreadId(06) pipeline{execution_id=4d5395ba-6e4e-413d-b7ff-228affd3589e chain_id=42161 from_address=0x2EAC739a1e05F4a05a5B8fD93D332c4353E5A7cD}: cortex::pipeline: transaction confirmed on-chain elapsed_ms=4401 block_number=449326581 confirmations=2
2026-04-05T14:35:02.102985Z  INFO ThreadId(06) pipeline{execution_id=4d5395ba-6e4e-413d-b7ff-228affd3589e chain_id=42161 from_address=0x2EAC739a1e05F4a05a5B8fD93D332c4353E5A7cD}: cortex::pipeline: pipeline completed elapsed_ms=4401
2026-04-05T14:35:02.104579Z  INFO ThreadId(10) pipeline{execution_id=de0f08c8-ba39-45c5-93b4-77280c08da2f chain_id=42161 from_address=0xfea6645D31443cF7Cf96eF1dB7823EB9365f98bf}: cortex::pipeline: transaction confirmed on-chain elapsed_ms=4403 block_number=449326574 confirmations=2
2026-04-05T14:35:02.104621Z  INFO ThreadId(10) pipeline{execution_id=de0f08c8-ba39-45c5-93b4-77280c08da2f chain_id=42161 from_address=0xfea6645D31443cF7Cf96eF1dB7823EB9365f98bf}: cortex::pipeline: pipeline completed elapsed_ms=4403
2026-04-05T14:35:02.106651Z  INFO ThreadId(10) pipeline{execution_id=229a2447-0396-4812-a9e3-aefdfca9c136 chain_id=42161 from_address=0x8b172F820629b14cEAF859A6e159d1BcD3291Fe1}: cortex::pipeline: transaction confirmed on-chain elapsed_ms=4405 block_number=449326567 confirmations=2
2026-04-05T14:35:02.106706Z  INFO ThreadId(10) pipeline{execution_id=229a2447-0396-4812-a9e3-aefdfca9c136 chain_id=42161 from_address=0x8b172F820629b14cEAF859A6e159d1BcD3291Fe1}: cortex::pipeline: pipeline completed elapsed_ms=4405
2026-04-05T14:35:02.108805Z  INFO ThreadId(03) pipeline{execution_id=abbab915-8ca9-4d2c-8e17-3bac0500e387 chain_id=42161 from_address=0xCFA80F1f22b0AD533F7d8e2CcC0A783aa4BCaFF3}: cortex::pipeline: transaction confirmed on-chain elapsed_ms=4407 block_number=449326581 confirmations=2
2026-04-05T14:35:02.108847Z  INFO ThreadId(03) pipeline{execution_id=abbab915-8ca9-4d2c-8e17-3bac0500e387 chain_id=42161 from_address=0xCFA80F1f22b0AD533F7d8e2CcC0A783aa4BCaFF3}: cortex::pipeline: pipeline completed elapsed_ms=4407
2026-04-05T14:35:02.110810Z  INFO ThreadId(03) pipeline{execution_id=fb701dd6-6e3f-49e9-9c71-950015b8951d chain_id=42161 from_address=0x2EAC739a1e05F4a05a5B8fD93D332c4353E5A7cD}: cortex::pipeline: transaction confirmed on-chain elapsed_ms=4409 block_number=449326581 confirmations=2
2026-04-05T14:35:02.110860Z  INFO ThreadId(03) pipeline{execution_id=fb701dd6-6e3f-49e9-9c71-950015b8951d chain_id=42161 from_address=0x2EAC739a1e05F4a05a5B8fD93D332c4353E5A7cD}: cortex::pipeline: pipeline completed elapsed_ms=4409
2026-04-05T14:35:02.112858Z  INFO ThreadId(03) pipeline{execution_id=86e6eaf6-1ea9-4c5b-9c33-437096ca83b1 chain_id=42161 from_address=0x2EAC739a1e05F4a05a5B8fD93D332c4353E5A7cD}: cortex::pipeline: transaction confirmed on-chain elapsed_ms=4411 block_number=449326581 confirmations=2
2026-04-05T14:35:02.112910Z  INFO ThreadId(03) pipeline{execution_id=86e6eaf6-1ea9-4c5b-9c33-437096ca83b1 chain_id=42161 from_address=0x2EAC739a1e05F4a05a5B8fD93D332c4353E5A7cD}: cortex::pipeline: pipeline completed elapsed_ms=4411
2026-04-05T14:35:02.114868Z  INFO ThreadId(03) pipeline{execution_id=a69621f3-2f12-41bd-b5ea-8c1b2c367dba chain_id=42161 from_address=0x8AfE43fF49EBd5c4B8Cd1497ee77b437dd1711fc}: cortex::pipeline: transaction confirmed on-chain elapsed_ms=4412 block_number=449326574 confirmations=2
2026-04-05T14:35:02.114916Z  INFO ThreadId(03) pipeline{execution_id=a69621f3-2f12-41bd-b5ea-8c1b2c367dba chain_id=42161 from_address=0x8AfE43fF49EBd5c4B8Cd1497ee77b437dd1711fc}: cortex::pipeline: pipeline completed elapsed_ms=4413
2026-04-05T14:35:02.116901Z  INFO ThreadId(10) pipeline{execution_id=6eb92738-d166-419b-ae5b-e2ea6df1f90c chain_id=42161 from_address=0x8AfE43fF49EBd5c4B8Cd1497ee77b437dd1711fc}: cortex::pipeline: transaction confirmed on-chain elapsed_ms=4414 block_number=449326574 confirmations=2
2026-04-05T14:35:02.116954Z  INFO ThreadId(10) pipeline{execution_id=6eb92738-d166-419b-ae5b-e2ea6df1f90c chain_id=42161 from_address=0x8AfE43fF49EBd5c4B8Cd1497ee77b437dd1711fc}: cortex::pipeline: pipeline completed elapsed_ms=4414
2026-04-05T14:35:02.118773Z  INFO ThreadId(06) pipeline{execution_id=15260e09-0aa1-4783-a6da-d3ec456b3b97 chain_id=42161 from_address=0x2EAC739a1e05F4a05a5B8fD93D332c4353E5A7cD}: cortex::pipeline: transaction confirmed on-chain elapsed_ms=4416 block_number=449326581 confirmations=2
2026-04-05T14:35:02.118819Z  INFO ThreadId(06) pipeline{execution_id=15260e09-0aa1-4783-a6da-d3ec456b3b97 chain_id=42161 from_address=0x2EAC739a1e05F4a05a5B8fD93D332c4353E5A7cD}: cortex::pipeline: pipeline completed elapsed_ms=4416
2026-04-05T14:35:02.120627Z  INFO ThreadId(03) pipeline{execution_id=5de720ab-416e-4e8e-af91-19a847515c4e chain_id=42161 from_address=0x2EAC739a1e05F4a05a5B8fD93D332c4353E5A7cD}: cortex::pipeline: transaction confirmed on-chain elapsed_ms=4418 block_number=449326581 confirmations=2
2026-04-05T14:35:02.120682Z  INFO ThreadId(03) pipeline{execution_id=5de720ab-416e-4e8e-af91-19a847515c4e chain_id=42161 from_address=0x2EAC739a1e05F4a05a5B8fD93D332c4353E5A7cD}: cortex::pipeline: pipeline completed elapsed_ms=4418
2026-04-05T14:35:02.123033Z  INFO ThreadId(03) pipeline{execution_id=14b55ffc-74ed-4d51-9ab5-520bf14cbd5c chain_id=42161 from_address=0xfea6645D31443cF7Cf96eF1dB7823EB9365f98bf}: cortex::pipeline: transaction confirmed on-chain elapsed_ms=4420 block_number=449326574 confirmations=2
2026-04-05T14:35:02.123071Z  INFO ThreadId(03) pipeline{execution_id=14b55ffc-74ed-4d51-9ab5-520bf14cbd5c chain_id=42161 from_address=0xfea6645D31443cF7Cf96eF1dB7823EB9365f98bf}: cortex::pipeline: pipeline completed elapsed_ms=4420
2026-04-05T14:35:02.124877Z  INFO ThreadId(12) pipeline{execution_id=39fbf951-d900-4876-8f92-14c8e5133942 chain_id=42161 from_address=0x8b172F820629b14cEAF859A6e159d1BcD3291Fe1}: cortex::pipeline: transaction confirmed on-chain elapsed_ms=4422 block_number=449326567 confirmations=2
2026-04-05T14:35:02.124918Z  INFO ThreadId(12) pipeline{execution_id=39fbf951-d900-4876-8f92-14c8e5133942 chain_id=42161 from_address=0x8b172F820629b14cEAF859A6e159d1BcD3291Fe1}: cortex::pipeline: pipeline completed elapsed_ms=4422
2026-04-05T14:35:02.126480Z  INFO ThreadId(10) pipeline{execution_id=5a32af21-4fa3-4ebf-b232-407af7a130ed chain_id=42161 from_address=0x8b172F820629b14cEAF859A6e159d1BcD3291Fe1}: cortex::pipeline: transaction confirmed on-chain elapsed_ms=4423 block_number=449326567 confirmations=2
2026-04-05T14:35:02.126514Z  INFO ThreadId(10) pipeline{execution_id=5a32af21-4fa3-4ebf-b232-407af7a130ed chain_id=42161 from_address=0x8b172F820629b14cEAF859A6e159d1BcD3291Fe1}: cortex::pipeline: pipeline completed elapsed_ms=4423
2026-04-05T14:35:02.128596Z  INFO ThreadId(12) pipeline{execution_id=55206f0b-892e-4c72-86c2-feba2583c97d chain_id=42161 from_address=0xfea6645D31443cF7Cf96eF1dB7823EB9365f98bf}: cortex::pipeline: transaction confirmed on-chain elapsed_ms=4425 block_number=449326574 confirmations=2
2026-04-05T14:35:02.128644Z  INFO ThreadId(12) pipeline{execution_id=55206f0b-892e-4c72-86c2-feba2583c97d chain_id=42161 from_address=0xfea6645D31443cF7Cf96eF1dB7823EB9365f98bf}: cortex::pipeline: pipeline completed elapsed_ms=4426
2026-04-05T14:35:02.130602Z  INFO ThreadId(03) pipeline{execution_id=7433c8e0-c3e6-4945-8b04-b36805e1d7be chain_id=42161 from_address=0x8AfE43fF49EBd5c4B8Cd1497ee77b437dd1711fc}: cortex::pipeline: transaction confirmed on-chain elapsed_ms=4427 block_number=449326574 confirmations=2
2026-04-05T14:35:02.130645Z  INFO ThreadId(03) pipeline{execution_id=7433c8e0-c3e6-4945-8b04-b36805e1d7be chain_id=42161 from_address=0x8AfE43fF49EBd5c4B8Cd1497ee77b437dd1711fc}: cortex::pipeline: pipeline completed elapsed_ms=4427
2026-04-05T14:35:02.132261Z  INFO ThreadId(03) pipeline{execution_id=4eb9f39b-b7c8-47db-871d-e7b0c0a19354 chain_id=42161 from_address=0x8b172F820629b14cEAF859A6e159d1BcD3291Fe1}: cortex::pipeline: transaction confirmed on-chain elapsed_ms=4429 block_number=449326567 confirmations=2
2026-04-05T14:35:02.132314Z  INFO ThreadId(03) pipeline{execution_id=4eb9f39b-b7c8-47db-871d-e7b0c0a19354 chain_id=42161 from_address=0x8b172F820629b14cEAF859A6e159d1BcD3291Fe1}: cortex::pipeline: pipeline completed elapsed_ms=4429
2026-04-05T14:35:02.133838Z  INFO ThreadId(10) pipeline{execution_id=68d90cb5-3b03-49e4-a5c6-dc491b477456 chain_id=42161 from_address=0x8AfE43fF49EBd5c4B8Cd1497ee77b437dd1711fc}: cortex::pipeline: transaction confirmed on-chain elapsed_ms=4430 block_number=449326574 confirmations=2
2026-04-05T14:35:02.133895Z  INFO ThreadId(10) pipeline{execution_id=68d90cb5-3b03-49e4-a5c6-dc491b477456 chain_id=42161 from_address=0x8AfE43fF49EBd5c4B8Cd1497ee77b437dd1711fc}: cortex::pipeline: pipeline completed elapsed_ms=4430
2026-04-05T14:35:02.135999Z  INFO ThreadId(03) pipeline{execution_id=bdc4378b-7dca-48c4-b873-6dd2efbfae4e chain_id=42161 from_address=0x8AfE43fF49EBd5c4B8Cd1497ee77b437dd1711fc}: cortex::pipeline: transaction confirmed on-chain elapsed_ms=4433 block_number=449326574 confirmations=2
2026-04-05T14:35:02.136043Z  INFO ThreadId(03) pipeline{execution_id=bdc4378b-7dca-48c4-b873-6dd2efbfae4e chain_id=42161 from_address=0x8AfE43fF49EBd5c4B8Cd1497ee77b437dd1711fc}: cortex::pipeline: pipeline completed elapsed_ms=4433
2026-04-05T14:35:02.137740Z  INFO ThreadId(03) pipeline{execution_id=2d7ff386-89b1-4052-87ab-3cd17d40dc7d chain_id=42161 from_address=0x8b172F820629b14cEAF859A6e159d1BcD3291Fe1}: cortex::pipeline: transaction confirmed on-chain elapsed_ms=4434 block_number=449326567 confirmations=2
2026-04-05T14:35:02.137782Z  INFO ThreadId(03) pipeline{execution_id=2d7ff386-89b1-4052-87ab-3cd17d40dc7d chain_id=42161 from_address=0x8b172F820629b14cEAF859A6e159d1BcD3291Fe1}: cortex::pipeline: pipeline completed elapsed_ms=4434
2026-04-05T14:35:02.139467Z  INFO ThreadId(10) pipeline{execution_id=166a522e-a7cc-48da-99be-e132242d7ed2 chain_id=42161 from_address=0xCFA80F1f22b0AD533F7d8e2CcC0A783aa4BCaFF3}: cortex::pipeline: transaction confirmed on-chain elapsed_ms=4436 block_number=449326581 confirmations=2
2026-04-05T14:35:02.139502Z  INFO ThreadId(10) pipeline{execution_id=166a522e-a7cc-48da-99be-e132242d7ed2 chain_id=42161 from_address=0xCFA80F1f22b0AD533F7d8e2CcC0A783aa4BCaFF3}: cortex::pipeline: pipeline completed elapsed_ms=4436
2026-04-05T14:35:02.140913Z  INFO ThreadId(03) pipeline{execution_id=74dcf919-40a6-435e-a91a-0abc1a6fe9e2 chain_id=42161 from_address=0x8b172F820629b14cEAF859A6e159d1BcD3291Fe1}: cortex::pipeline: transaction confirmed on-chain elapsed_ms=4436 block_number=449326567 confirmations=2
2026-04-05T14:35:02.140957Z  INFO ThreadId(03) pipeline{execution_id=74dcf919-40a6-435e-a91a-0abc1a6fe9e2 chain_id=42161 from_address=0x8b172F820629b14cEAF859A6e159d1BcD3291Fe1}: cortex::pipeline: pipeline completed elapsed_ms=4436
2026-04-05T14:35:02.142950Z  INFO ThreadId(12) pipeline{execution_id=124ce61f-fd60-48c9-88f6-725d9aecb65a chain_id=42161 from_address=0x2EAC739a1e05F4a05a5B8fD93D332c4353E5A7cD}: cortex::pipeline: transaction confirmed on-chain elapsed_ms=4438 block_number=449326581 confirmations=2
2026-04-05T14:35:02.143006Z  INFO ThreadId(12) pipeline{execution_id=124ce61f-fd60-48c9-88f6-725d9aecb65a chain_id=42161 from_address=0x2EAC739a1e05F4a05a5B8fD93D332c4353E5A7cD}: cortex::pipeline: pipeline completed elapsed_ms=4438
2026-04-05T14:35:02.144568Z  INFO ThreadId(10) pipeline{execution_id=ee4cba95-25ec-433a-8238-ca6d5b390787 chain_id=42161 from_address=0x8b172F820629b14cEAF859A6e159d1BcD3291Fe1}: cortex::pipeline: transaction confirmed on-chain elapsed_ms=4424 block_number=449326567 confirmations=2
2026-04-05T14:35:02.144607Z  INFO ThreadId(10) pipeline{execution_id=ee4cba95-25ec-433a-8238-ca6d5b390787 chain_id=42161 from_address=0x8b172F820629b14cEAF859A6e159d1BcD3291Fe1}: cortex::pipeline: pipeline completed elapsed_ms=4424
2026-04-05T14:35:02.146277Z  INFO ThreadId(12) pipeline{execution_id=e9405f16-df70-4c71-bdda-6a281ddb630e chain_id=42161 from_address=0xfea6645D31443cF7Cf96eF1dB7823EB9365f98bf}: cortex::pipeline: transaction confirmed on-chain elapsed_ms=4425 block_number=449326574 confirmations=2
2026-04-05T14:35:02.146324Z  INFO ThreadId(12) pipeline{execution_id=e9405f16-df70-4c71-bdda-6a281ddb630e chain_id=42161 from_address=0xfea6645D31443cF7Cf96eF1dB7823EB9365f98bf}: cortex::pipeline: pipeline completed elapsed_ms=4426
2026-04-05T14:35:02.147817Z  INFO ThreadId(03) pipeline{execution_id=edb803be-9786-4dc8-9c9d-8a2125e108c7 chain_id=42161 from_address=0xCFA80F1f22b0AD533F7d8e2CcC0A783aa4BCaFF3}: cortex::pipeline: transaction confirmed on-chain elapsed_ms=4427 block_number=449326581 confirmations=2
2026-04-05T14:35:02.147872Z  INFO ThreadId(03) pipeline{execution_id=edb803be-9786-4dc8-9c9d-8a2125e108c7 chain_id=42161 from_address=0xCFA80F1f22b0AD533F7d8e2CcC0A783aa4BCaFF3}: cortex::pipeline: pipeline completed elapsed_ms=4427
2026-04-05T14:35:02.149876Z  INFO ThreadId(12) pipeline{execution_id=2d449c74-6b21-4590-b8d3-07778f75d1b6 chain_id=42161 from_address=0xCFA80F1f22b0AD533F7d8e2CcC0A783aa4BCaFF3}: cortex::pipeline: transaction confirmed on-chain elapsed_ms=4429 block_number=449326581 confirmations=2
2026-04-05T14:35:02.149920Z  INFO ThreadId(12) pipeline{execution_id=2d449c74-6b21-4590-b8d3-07778f75d1b6 chain_id=42161 from_address=0xCFA80F1f22b0AD533F7d8e2CcC0A783aa4BCaFF3}: cortex::pipeline: pipeline completed elapsed_ms=4429
2026-04-05T14:35:02.151568Z  INFO ThreadId(03) pipeline{execution_id=2050f101-087f-4b7c-9548-0655d1c17033 chain_id=42161 from_address=0x8b172F820629b14cEAF859A6e159d1BcD3291Fe1}: cortex::pipeline: transaction confirmed on-chain elapsed_ms=4430 block_number=449326567 confirmations=2
2026-04-05T14:35:02.151609Z  INFO ThreadId(03) pipeline{execution_id=2050f101-087f-4b7c-9548-0655d1c17033 chain_id=42161 from_address=0x8b172F820629b14cEAF859A6e159d1BcD3291Fe1}: cortex::pipeline: pipeline completed elapsed_ms=4430
2026-04-05T14:35:02.153197Z  INFO ThreadId(03) pipeline{execution_id=1c5dce34-ff55-4785-ab32-4c2b7122aa7d chain_id=42161 from_address=0x2EAC739a1e05F4a05a5B8fD93D332c4353E5A7cD}: cortex::pipeline: transaction confirmed on-chain elapsed_ms=4432 block_number=449326581 confirmations=2
2026-04-05T14:35:02.153241Z  INFO ThreadId(03) pipeline{execution_id=1c5dce34-ff55-4785-ab32-4c2b7122aa7d chain_id=42161 from_address=0x2EAC739a1e05F4a05a5B8fD93D332c4353E5A7cD}: cortex::pipeline: pipeline completed elapsed_ms=4432
2026-04-05T14:35:02.154738Z  INFO ThreadId(12) pipeline{execution_id=109a3147-1db1-4fe9-a6f4-e0666ed1a5b7 chain_id=42161 from_address=0x2EAC739a1e05F4a05a5B8fD93D332c4353E5A7cD}: cortex::pipeline: transaction confirmed on-chain elapsed_ms=4433 block_number=449326581 confirmations=2
2026-04-05T14:35:02.154770Z  INFO ThreadId(12) pipeline{execution_id=109a3147-1db1-4fe9-a6f4-e0666ed1a5b7 chain_id=42161 from_address=0x2EAC739a1e05F4a05a5B8fD93D332c4353E5A7cD}: cortex::pipeline: pipeline completed elapsed_ms=4433
2026-04-05T14:35:02.156585Z  INFO ThreadId(12) pipeline{execution_id=01a92783-6532-4173-96b3-b30226c82f2a chain_id=42161 from_address=0x2EAC739a1e05F4a05a5B8fD93D332c4353E5A7cD}: cortex::pipeline: transaction confirmed on-chain elapsed_ms=4435 block_number=449326581 confirmations=2
2026-04-05T14:35:02.156628Z  INFO ThreadId(12) pipeline{execution_id=01a92783-6532-4173-96b3-b30226c82f2a chain_id=42161 from_address=0x2EAC739a1e05F4a05a5B8fD93D332c4353E5A7cD}: cortex::pipeline: pipeline completed elapsed_ms=4435
2026-04-05T14:35:02.158304Z  INFO ThreadId(03) pipeline{execution_id=d0e10f12-41f8-479a-ab1a-e6ad5cb683dc chain_id=42161 from_address=0x8b172F820629b14cEAF859A6e159d1BcD3291Fe1}: cortex::pipeline: transaction confirmed on-chain elapsed_ms=4437 block_number=449326567 confirmations=2
2026-04-05T14:35:02.158360Z  INFO ThreadId(03) pipeline{execution_id=d0e10f12-41f8-479a-ab1a-e6ad5cb683dc chain_id=42161 from_address=0x8b172F820629b14cEAF859A6e159d1BcD3291Fe1}: cortex::pipeline: pipeline completed elapsed_ms=4437
2026-04-05T14:35:02.160031Z  INFO ThreadId(10) pipeline{execution_id=1a1c56df-bb45-46f5-85ca-1759e340b98c chain_id=42161 from_address=0x2EAC739a1e05F4a05a5B8fD93D332c4353E5A7cD}: cortex::pipeline: transaction confirmed on-chain elapsed_ms=4438 block_number=449326581 confirmations=2
2026-04-05T14:35:02.160068Z  INFO ThreadId(10) pipeline{execution_id=1a1c56df-bb45-46f5-85ca-1759e340b98c chain_id=42161 from_address=0x2EAC739a1e05F4a05a5B8fD93D332c4353E5A7cD}: cortex::pipeline: pipeline completed elapsed_ms=4438
2026-04-05T14:35:02.161490Z  INFO ThreadId(10) pipeline{execution_id=e3cee264-a538-452a-b895-bb16ebc4cc24 chain_id=42161 from_address=0xCFA80F1f22b0AD533F7d8e2CcC0A783aa4BCaFF3}: cortex::pipeline: transaction confirmed on-chain elapsed_ms=4440 block_number=449326581 confirmations=2
2026-04-05T14:35:02.161531Z  INFO ThreadId(10) pipeline{execution_id=e3cee264-a538-452a-b895-bb16ebc4cc24 chain_id=42161 from_address=0xCFA80F1f22b0AD533F7d8e2CcC0A783aa4BCaFF3}: cortex::pipeline: pipeline completed elapsed_ms=4440
2026-04-05T14:35:02.163117Z  INFO ThreadId(03) pipeline{execution_id=3361fa14-35da-4aed-aa99-d6ec149e3b67 chain_id=42161 from_address=0xCFA80F1f22b0AD533F7d8e2CcC0A783aa4BCaFF3}: cortex::pipeline: transaction confirmed on-chain elapsed_ms=4441 block_number=449326581 confirmations=2
2026-04-05T14:35:02.163172Z  INFO ThreadId(03) pipeline{execution_id=3361fa14-35da-4aed-aa99-d6ec149e3b67 chain_id=42161 from_address=0xCFA80F1f22b0AD533F7d8e2CcC0A783aa4BCaFF3}: cortex::pipeline: pipeline completed elapsed_ms=4441
2026-04-05T14:35:02.165313Z  INFO ThreadId(12) pipeline{execution_id=9c256c15-bd56-4370-9558-9991ce27ac26 chain_id=42161 from_address=0x8AfE43fF49EBd5c4B8Cd1497ee77b437dd1711fc}: cortex::pipeline: transaction confirmed on-chain elapsed_ms=4443 block_number=449326574 confirmations=2
2026-04-05T14:35:02.165356Z  INFO ThreadId(12) pipeline{execution_id=9c256c15-bd56-4370-9558-9991ce27ac26 chain_id=42161 from_address=0x8AfE43fF49EBd5c4B8Cd1497ee77b437dd1711fc}: cortex::pipeline: pipeline completed elapsed_ms=4444
2026-04-05T14:35:02.167054Z  INFO ThreadId(12) pipeline{execution_id=e669d500-7281-4fa1-99a3-4605d2043c51 chain_id=42161 from_address=0xCFA80F1f22b0AD533F7d8e2CcC0A783aa4BCaFF3}: cortex::pipeline: transaction confirmed on-chain elapsed_ms=4445 block_number=449326581 confirmations=2
2026-04-05T14:35:02.167086Z  INFO ThreadId(12) pipeline{execution_id=e669d500-7281-4fa1-99a3-4605d2043c51 chain_id=42161 from_address=0xCFA80F1f22b0AD533F7d8e2CcC0A783aa4BCaFF3}: cortex::pipeline: pipeline completed elapsed_ms=4445
2026-04-05T14:35:02.168665Z  INFO ThreadId(10) pipeline{execution_id=45d4e570-e05c-4a7f-960f-bac5c866af1b chain_id=42161 from_address=0xfea6645D31443cF7Cf96eF1dB7823EB9365f98bf}: cortex::pipeline: transaction confirmed on-chain elapsed_ms=4447 block_number=449326574 confirmations=2
2026-04-05T14:35:02.168698Z  INFO ThreadId(10) pipeline{execution_id=45d4e570-e05c-4a7f-960f-bac5c866af1b chain_id=42161 from_address=0xfea6645D31443cF7Cf96eF1dB7823EB9365f98bf}: cortex::pipeline: pipeline completed elapsed_ms=4447
2026-04-05T14:35:02.170463Z  INFO ThreadId(10) pipeline{execution_id=4dc88355-a2c3-4e73-99af-5dc88164ab7d chain_id=42161 from_address=0x8b172F820629b14cEAF859A6e159d1BcD3291Fe1}: cortex::pipeline: transaction confirmed on-chain elapsed_ms=4448 block_number=449326567 confirmations=2
2026-04-05T14:35:02.170502Z  INFO ThreadId(10) pipeline{execution_id=4dc88355-a2c3-4e73-99af-5dc88164ab7d chain_id=42161 from_address=0x8b172F820629b14cEAF859A6e159d1BcD3291Fe1}: cortex::pipeline: pipeline completed elapsed_ms=4448
2026-04-05T14:35:02.172165Z  INFO ThreadId(03) pipeline{execution_id=8bc664a4-2b91-49f4-9d10-e9a9dd7394ed chain_id=42161 from_address=0xfea6645D31443cF7Cf96eF1dB7823EB9365f98bf}: cortex::pipeline: transaction confirmed on-chain elapsed_ms=4450 block_number=449326574 confirmations=2
2026-04-05T14:35:02.172208Z  INFO ThreadId(03) pipeline{execution_id=8bc664a4-2b91-49f4-9d10-e9a9dd7394ed chain_id=42161 from_address=0xfea6645D31443cF7Cf96eF1dB7823EB9365f98bf}: cortex::pipeline: pipeline completed elapsed_ms=4450
2026-04-05T14:35:02.173816Z  INFO ThreadId(12) pipeline{execution_id=40dd29cf-5e5b-4cf0-9875-2ce4c41ea2b5 chain_id=42161 from_address=0xCFA80F1f22b0AD533F7d8e2CcC0A783aa4BCaFF3}: cortex::pipeline: transaction confirmed on-chain elapsed_ms=4452 block_number=449326581 confirmations=2
2026-04-05T14:35:02.173851Z  INFO ThreadId(12) pipeline{execution_id=40dd29cf-5e5b-4cf0-9875-2ce4c41ea2b5 chain_id=42161 from_address=0xCFA80F1f22b0AD533F7d8e2CcC0A783aa4BCaFF3}: cortex::pipeline: pipeline completed elapsed_ms=4452
2026-04-05T14:35:02.175262Z  INFO ThreadId(10) pipeline{execution_id=a12c7cda-db24-4a3d-bca8-c03a59ca7e74 chain_id=42161 from_address=0x8AfE43fF49EBd5c4B8Cd1497ee77b437dd1711fc}: cortex::pipeline: transaction confirmed on-chain elapsed_ms=4453 block_number=449326574 confirmations=2
2026-04-05T14:35:02.175304Z  INFO ThreadId(10) pipeline{execution_id=a12c7cda-db24-4a3d-bca8-c03a59ca7e74 chain_id=42161 from_address=0x8AfE43fF49EBd5c4B8Cd1497ee77b437dd1711fc}: cortex::pipeline: pipeline completed elapsed_ms=4453
2026-04-05T14:35:02.177079Z  INFO ThreadId(10) pipeline{execution_id=41567d95-2cd9-4d45-a44b-29b357c7ac86 chain_id=1 from_address=0xCFA80F1f22b0AD533F7d8e2CcC0A783aa4BCaFF3}: cortex::pipeline: transaction confirmed on-chain elapsed_ms=4475 block_number=24814114 confirmations=3
2026-04-05T14:35:02.177131Z  INFO ThreadId(10) pipeline{execution_id=41567d95-2cd9-4d45-a44b-29b357c7ac86 chain_id=1 from_address=0xCFA80F1f22b0AD533F7d8e2CcC0A783aa4BCaFF3}: cortex::pipeline: pipeline completed elapsed_ms=4475
2026-04-05T14:35:02.177275Z  INFO ThreadId(10) pipeline{execution_id=21711bad-3002-4674-ab79-c3c8280e7e77 chain_id=42161 from_address=0x8b172F820629b14cEAF859A6e159d1BcD3291Fe1}: cortex::pipeline: transaction confirmed on-chain elapsed_ms=4455 block_number=449326567 confirmations=2
2026-04-05T14:35:02.177330Z  INFO ThreadId(10) pipeline{execution_id=21711bad-3002-4674-ab79-c3c8280e7e77 chain_id=42161 from_address=0x8b172F820629b14cEAF859A6e159d1BcD3291Fe1}: cortex::pipeline: pipeline completed elapsed_ms=4455
2026-04-05T14:35:02.179341Z  INFO ThreadId(06) pipeline{execution_id=022abd4a-3bd2-44bd-9609-cd2efa43e520 chain_id=1 from_address=0x2EAC739a1e05F4a05a5B8fD93D332c4353E5A7cD}: cortex::pipeline: transaction confirmed on-chain elapsed_ms=4478 block_number=24814114 confirmations=3
2026-04-05T14:35:02.179393Z  INFO ThreadId(06) pipeline{execution_id=022abd4a-3bd2-44bd-9609-cd2efa43e520 chain_id=1 from_address=0x2EAC739a1e05F4a05a5B8fD93D332c4353E5A7cD}: cortex::pipeline: pipeline completed elapsed_ms=4478
2026-04-05T14:35:02.179904Z  INFO ThreadId(06) pipeline{execution_id=f3432cfd-9db1-4c7e-a0e3-5d07593e9674 chain_id=42161 from_address=0x2EAC739a1e05F4a05a5B8fD93D332c4353E5A7cD}: cortex::pipeline: transaction confirmed on-chain elapsed_ms=4457 block_number=449326581 confirmations=2
2026-04-05T14:35:02.179938Z  INFO ThreadId(06) pipeline{execution_id=f3432cfd-9db1-4c7e-a0e3-5d07593e9674 chain_id=42161 from_address=0x2EAC739a1e05F4a05a5B8fD93D332c4353E5A7cD}: cortex::pipeline: pipeline completed elapsed_ms=4457
2026-04-05T14:35:02.180758Z  INFO ThreadId(06) pipeline{execution_id=408956dd-a074-4068-b25f-224d509874cb chain_id=42161 from_address=0xfea6645D31443cF7Cf96eF1dB7823EB9365f98bf}: cortex::pipeline: transaction confirmed on-chain elapsed_ms=4458 block_number=449326574 confirmations=2
2026-04-05T14:35:02.180793Z  INFO ThreadId(06) pipeline{execution_id=408956dd-a074-4068-b25f-224d509874cb chain_id=42161 from_address=0xfea6645D31443cF7Cf96eF1dB7823EB9365f98bf}: cortex::pipeline: pipeline completed elapsed_ms=4458
2026-04-05T14:35:02.180903Z  INFO ThreadId(06) pipeline{execution_id=7d8d2523-364e-4f05-99b4-ff211bd521f3 chain_id=1 from_address=0x2EAC739a1e05F4a05a5B8fD93D332c4353E5A7cD}: cortex::pipeline: transaction confirmed on-chain elapsed_ms=4479 block_number=24814114 confirmations=3
2026-04-05T14:35:02.180929Z  INFO ThreadId(06) pipeline{execution_id=7d8d2523-364e-4f05-99b4-ff211bd521f3 chain_id=1 from_address=0x2EAC739a1e05F4a05a5B8fD93D332c4353E5A7cD}: cortex::pipeline: pipeline completed elapsed_ms=4479
2026-04-05T14:35:02.182500Z  INFO ThreadId(12) pipeline{execution_id=484cf38d-1020-4f4c-a7f9-cda4d767e6d0 chain_id=42161 from_address=0x8b172F820629b14cEAF859A6e159d1BcD3291Fe1}: cortex::pipeline: transaction confirmed on-chain elapsed_ms=4460 block_number=449326567 confirmations=2
2026-04-05T14:35:02.182543Z  INFO ThreadId(12) pipeline{execution_id=484cf38d-1020-4f4c-a7f9-cda4d767e6d0 chain_id=42161 from_address=0x8b172F820629b14cEAF859A6e159d1BcD3291Fe1}: cortex::pipeline: pipeline completed elapsed_ms=4460
2026-04-05T14:35:02.182910Z  INFO ThreadId(10) pipeline{execution_id=0e03c340-f2de-41cc-839e-d5e296f9048a chain_id=1 from_address=0x8AfE43fF49EBd5c4B8Cd1497ee77b437dd1711fc}: cortex::pipeline: transaction confirmed on-chain elapsed_ms=4481 block_number=24814115 confirmations=3
2026-04-05T14:35:02.182968Z  INFO ThreadId(10) pipeline{execution_id=0e03c340-f2de-41cc-839e-d5e296f9048a chain_id=1 from_address=0x8AfE43fF49EBd5c4B8Cd1497ee77b437dd1711fc}: cortex::pipeline: pipeline completed elapsed_ms=4481
2026-04-05T14:35:02.184553Z  INFO ThreadId(03) pipeline{execution_id=fc23b9aa-cf44-4510-a116-65d51c98d3dc chain_id=42161 from_address=0xCFA80F1f22b0AD533F7d8e2CcC0A783aa4BCaFF3}: cortex::pipeline: transaction confirmed on-chain elapsed_ms=4462 block_number=449326581 confirmations=2
2026-04-05T14:35:02.184599Z  INFO ThreadId(03) pipeline{execution_id=fc23b9aa-cf44-4510-a116-65d51c98d3dc chain_id=42161 from_address=0xCFA80F1f22b0AD533F7d8e2CcC0A783aa4BCaFF3}: cortex::pipeline: pipeline completed elapsed_ms=4462
2026-04-05T14:35:02.184661Z  INFO ThreadId(06) pipeline{execution_id=9ff4b3e8-be40-410d-997d-238a85485ac8 chain_id=1 from_address=0x8AfE43fF49EBd5c4B8Cd1497ee77b437dd1711fc}: cortex::pipeline: transaction confirmed on-chain elapsed_ms=4482 block_number=24814115 confirmations=3
2026-04-05T14:35:02.184700Z  INFO ThreadId(06) pipeline{execution_id=9ff4b3e8-be40-410d-997d-238a85485ac8 chain_id=1 from_address=0x8AfE43fF49EBd5c4B8Cd1497ee77b437dd1711fc}: cortex::pipeline: pipeline completed elapsed_ms=4482
2026-04-05T14:35:02.186665Z  INFO ThreadId(08) pipeline{execution_id=82b7484c-269c-4a88-ba1d-d1634abd695b chain_id=1 from_address=0x8AfE43fF49EBd5c4B8Cd1497ee77b437dd1711fc}: cortex::pipeline: transaction confirmed on-chain elapsed_ms=4485 block_number=24814115 confirmations=3
2026-04-05T14:35:02.186701Z  INFO ThreadId(08) pipeline{execution_id=82b7484c-269c-4a88-ba1d-d1634abd695b chain_id=1 from_address=0x8AfE43fF49EBd5c4B8Cd1497ee77b437dd1711fc}: cortex::pipeline: pipeline completed elapsed_ms=4485
2026-04-05T14:35:02.186776Z  INFO ThreadId(10) pipeline{execution_id=e12956ee-c7e6-47bc-a973-a011604e51a2 chain_id=42161 from_address=0xCFA80F1f22b0AD533F7d8e2CcC0A783aa4BCaFF3}: cortex::pipeline: transaction confirmed on-chain elapsed_ms=4464 block_number=449326581 confirmations=2
2026-04-05T14:35:02.186810Z  INFO ThreadId(10) pipeline{execution_id=e12956ee-c7e6-47bc-a973-a011604e51a2 chain_id=42161 from_address=0xCFA80F1f22b0AD533F7d8e2CcC0A783aa4BCaFF3}: cortex::pipeline: pipeline completed elapsed_ms=4464
2026-04-05T14:35:02.188551Z  INFO ThreadId(08) pipeline{execution_id=176033d8-bdd5-4bb1-8cb7-a81a9dc27b54 chain_id=1 from_address=0x2EAC739a1e05F4a05a5B8fD93D332c4353E5A7cD}: cortex::pipeline: transaction confirmed on-chain elapsed_ms=4486 block_number=24814114 confirmations=3
2026-04-05T14:35:02.188599Z  INFO ThreadId(08) pipeline{execution_id=176033d8-bdd5-4bb1-8cb7-a81a9dc27b54 chain_id=1 from_address=0x2EAC739a1e05F4a05a5B8fD93D332c4353E5A7cD}: cortex::pipeline: pipeline completed elapsed_ms=4486
2026-04-05T14:35:02.188752Z  INFO ThreadId(03) pipeline{execution_id=110bf31b-dafa-443f-a820-7a0419d532b8 chain_id=42161 from_address=0x8AfE43fF49EBd5c4B8Cd1497ee77b437dd1711fc}: cortex::pipeline: transaction confirmed on-chain elapsed_ms=4466 block_number=449326574 confirmations=2
2026-04-05T14:35:02.188786Z  INFO ThreadId(03) pipeline{execution_id=110bf31b-dafa-443f-a820-7a0419d532b8 chain_id=42161 from_address=0x8AfE43fF49EBd5c4B8Cd1497ee77b437dd1711fc}: cortex::pipeline: pipeline completed elapsed_ms=4466
2026-04-05T14:35:02.190454Z  INFO ThreadId(03) pipeline{execution_id=8d95b4e5-6195-4169-8311-2d7d93b21bfd chain_id=42161 from_address=0x8b172F820629b14cEAF859A6e159d1BcD3291Fe1}: cortex::pipeline: transaction confirmed on-chain elapsed_ms=4468 block_number=449326567 confirmations=2
2026-04-05T14:35:02.190496Z  INFO ThreadId(03) pipeline{execution_id=8d95b4e5-6195-4169-8311-2d7d93b21bfd chain_id=42161 from_address=0x8b172F820629b14cEAF859A6e159d1BcD3291Fe1}: cortex::pipeline: pipeline completed elapsed_ms=4468
2026-04-05T14:35:02.191157Z  INFO ThreadId(03) pipeline{execution_id=26a9b5f4-11a6-433c-ab55-2cbafb9bd367 chain_id=1 from_address=0x8b172F820629b14cEAF859A6e159d1BcD3291Fe1}: cortex::pipeline: transaction confirmed on-chain elapsed_ms=4489 block_number=24814116 confirmations=3
2026-04-05T14:35:02.191204Z  INFO ThreadId(03) pipeline{execution_id=26a9b5f4-11a6-433c-ab55-2cbafb9bd367 chain_id=1 from_address=0x8b172F820629b14cEAF859A6e159d1BcD3291Fe1}: cortex::pipeline: pipeline completed elapsed_ms=4489
2026-04-05T14:35:02.192422Z  INFO ThreadId(10) pipeline{execution_id=196a39b3-5175-4d71-9197-bf0fe339b83b chain_id=42161 from_address=0xCFA80F1f22b0AD533F7d8e2CcC0A783aa4BCaFF3}: cortex::pipeline: transaction confirmed on-chain elapsed_ms=4470 block_number=449326581 confirmations=2
2026-04-05T14:35:02.192430Z  INFO ThreadId(03) pipeline{execution_id=0e8c0047-ea85-4fe4-afed-6aa24f7897ac chain_id=1 from_address=0xfea6645D31443cF7Cf96eF1dB7823EB9365f98bf}: cortex::pipeline: transaction confirmed on-chain elapsed_ms=4490 block_number=24814115 confirmations=3
2026-04-05T14:35:02.192476Z  INFO ThreadId(10) pipeline{execution_id=196a39b3-5175-4d71-9197-bf0fe339b83b chain_id=42161 from_address=0xCFA80F1f22b0AD533F7d8e2CcC0A783aa4BCaFF3}: cortex::pipeline: pipeline completed elapsed_ms=4470
2026-04-05T14:35:02.192489Z  INFO ThreadId(03) pipeline{execution_id=0e8c0047-ea85-4fe4-afed-6aa24f7897ac chain_id=1 from_address=0xfea6645D31443cF7Cf96eF1dB7823EB9365f98bf}: cortex::pipeline: pipeline completed elapsed_ms=4490
2026-04-05T14:35:02.194351Z  INFO ThreadId(03) pipeline{execution_id=6a02fac5-6302-4ec4-9f77-34699b91d0ab chain_id=42161 from_address=0xCFA80F1f22b0AD533F7d8e2CcC0A783aa4BCaFF3}: cortex::pipeline: transaction confirmed on-chain elapsed_ms=4472 block_number=449326581 confirmations=2
2026-04-05T14:35:02.194459Z  INFO ThreadId(03) pipeline{execution_id=6a02fac5-6302-4ec4-9f77-34699b91d0ab chain_id=42161 from_address=0xCFA80F1f22b0AD533F7d8e2CcC0A783aa4BCaFF3}: cortex::pipeline: pipeline completed elapsed_ms=4472
2026-04-05T14:35:02.195102Z  INFO ThreadId(03) pipeline{execution_id=109d205a-bee9-414c-a7de-b7b67423a7ed chain_id=1 from_address=0xCFA80F1f22b0AD533F7d8e2CcC0A783aa4BCaFF3}: cortex::pipeline: transaction confirmed on-chain elapsed_ms=4492 block_number=24814114 confirmations=3
2026-04-05T14:35:02.195144Z  INFO ThreadId(03) pipeline{execution_id=109d205a-bee9-414c-a7de-b7b67423a7ed chain_id=1 from_address=0xCFA80F1f22b0AD533F7d8e2CcC0A783aa4BCaFF3}: cortex::pipeline: pipeline completed elapsed_ms=4492
2026-04-05T14:35:02.196706Z  INFO ThreadId(10) pipeline{execution_id=54f3c147-bde7-4cdf-94b3-5d6b064c53d0 chain_id=1 from_address=0x2EAC739a1e05F4a05a5B8fD93D332c4353E5A7cD}: cortex::pipeline: transaction confirmed on-chain elapsed_ms=4494 block_number=24814114 confirmations=3
2026-04-05T14:35:02.196740Z  INFO ThreadId(12) pipeline{execution_id=8cbba123-b756-4a1a-880a-1224c83dc8a6 chain_id=42161 from_address=0x8b172F820629b14cEAF859A6e159d1BcD3291Fe1}: cortex::pipeline: transaction confirmed on-chain elapsed_ms=4474 block_number=449326567 confirmations=2
2026-04-05T14:35:02.196752Z  INFO ThreadId(10) pipeline{execution_id=54f3c147-bde7-4cdf-94b3-5d6b064c53d0 chain_id=1 from_address=0x2EAC739a1e05F4a05a5B8fD93D332c4353E5A7cD}: cortex::pipeline: pipeline completed elapsed_ms=4494
2026-04-05T14:35:02.196790Z  INFO ThreadId(12) pipeline{execution_id=8cbba123-b756-4a1a-880a-1224c83dc8a6 chain_id=42161 from_address=0x8b172F820629b14cEAF859A6e159d1BcD3291Fe1}: cortex::pipeline: pipeline completed elapsed_ms=4474
2026-04-05T14:35:02.199011Z  INFO ThreadId(12) pipeline{execution_id=47c2cf45-7411-4a96-b8ab-c37cc69abf4a chain_id=1 from_address=0xfea6645D31443cF7Cf96eF1dB7823EB9365f98bf}: cortex::pipeline: transaction confirmed on-chain elapsed_ms=4496 block_number=24814115 confirmations=3
2026-04-05T14:35:02.199049Z  INFO ThreadId(08) pipeline{execution_id=6cc15b26-c9b3-427e-8b4b-3e39a9c45f6e chain_id=42161 from_address=0x8b172F820629b14cEAF859A6e159d1BcD3291Fe1}: cortex::pipeline: transaction confirmed on-chain elapsed_ms=4476 block_number=449326567 confirmations=2
2026-04-05T14:35:02.199063Z  INFO ThreadId(12) pipeline{execution_id=47c2cf45-7411-4a96-b8ab-c37cc69abf4a chain_id=1 from_address=0xfea6645D31443cF7Cf96eF1dB7823EB9365f98bf}: cortex::pipeline: pipeline completed elapsed_ms=4496
2026-04-05T14:35:02.199079Z  INFO ThreadId(08) pipeline{execution_id=6cc15b26-c9b3-427e-8b4b-3e39a9c45f6e chain_id=42161 from_address=0x8b172F820629b14cEAF859A6e159d1BcD3291Fe1}: cortex::pipeline: pipeline completed elapsed_ms=4476
2026-04-05T14:35:02.201297Z  INFO ThreadId(03) pipeline{execution_id=826f8ac1-c73e-42f1-8021-2f095a695f38 chain_id=1 from_address=0xfea6645D31443cF7Cf96eF1dB7823EB9365f98bf}: cortex::pipeline: transaction confirmed on-chain elapsed_ms=4498 block_number=24814115 confirmations=3
2026-04-05T14:35:02.201293Z  INFO ThreadId(12) pipeline{execution_id=815afb20-3335-472c-898b-609752dce267 chain_id=42161 from_address=0x8AfE43fF49EBd5c4B8Cd1497ee77b437dd1711fc}: cortex::pipeline: transaction confirmed on-chain elapsed_ms=4478 block_number=449326574 confirmations=2
2026-04-05T14:35:02.201366Z  INFO ThreadId(03) pipeline{execution_id=826f8ac1-c73e-42f1-8021-2f095a695f38 chain_id=1 from_address=0xfea6645D31443cF7Cf96eF1dB7823EB9365f98bf}: cortex::pipeline: pipeline completed elapsed_ms=4498
2026-04-05T14:35:02.201386Z  INFO ThreadId(12) pipeline{execution_id=815afb20-3335-472c-898b-609752dce267 chain_id=42161 from_address=0x8AfE43fF49EBd5c4B8Cd1497ee77b437dd1711fc}: cortex::pipeline: pipeline completed elapsed_ms=4478
2026-04-05T14:35:02.203660Z  INFO ThreadId(03) pipeline{execution_id=57bcdf64-7e81-46cb-a2ce-5fd10f47b6bf chain_id=1 from_address=0x8b172F820629b14cEAF859A6e159d1BcD3291Fe1}: cortex::pipeline: transaction confirmed on-chain elapsed_ms=4501 block_number=24814116 confirmations=3
2026-04-05T14:35:02.203698Z  INFO ThreadId(08) pipeline{execution_id=169a93dc-0b55-4aef-b9c0-70cd152d83fd chain_id=42161 from_address=0x8AfE43fF49EBd5c4B8Cd1497ee77b437dd1711fc}: cortex::pipeline: transaction confirmed on-chain elapsed_ms=4481 block_number=449326574 confirmations=2
2026-04-05T14:35:02.203729Z  INFO ThreadId(03) pipeline{execution_id=57bcdf64-7e81-46cb-a2ce-5fd10f47b6bf chain_id=1 from_address=0x8b172F820629b14cEAF859A6e159d1BcD3291Fe1}: cortex::pipeline: pipeline completed elapsed_ms=4501
2026-04-05T14:35:02.203741Z  INFO ThreadId(08) pipeline{execution_id=169a93dc-0b55-4aef-b9c0-70cd152d83fd chain_id=42161 from_address=0x8AfE43fF49EBd5c4B8Cd1497ee77b437dd1711fc}: cortex::pipeline: pipeline completed elapsed_ms=4481
2026-04-05T14:35:02.206351Z  INFO ThreadId(08) pipeline{execution_id=2ae4dc92-3254-4b18-84e4-6b7d889ea880 chain_id=1 from_address=0x2EAC739a1e05F4a05a5B8fD93D332c4353E5A7cD}: cortex::pipeline: transaction confirmed on-chain elapsed_ms=4503 block_number=24814114 confirmations=3
2026-04-05T14:35:02.206377Z  INFO ThreadId(10) pipeline{execution_id=b75e889a-342a-4062-9bdf-98087da69726 chain_id=42161 from_address=0x8b172F820629b14cEAF859A6e159d1BcD3291Fe1}: cortex::pipeline: transaction confirmed on-chain elapsed_ms=4483 block_number=449326567 confirmations=2
2026-04-05T14:35:02.206416Z  INFO ThreadId(08) pipeline{execution_id=2ae4dc92-3254-4b18-84e4-6b7d889ea880 chain_id=1 from_address=0x2EAC739a1e05F4a05a5B8fD93D332c4353E5A7cD}: cortex::pipeline: pipeline completed elapsed_ms=4503
2026-04-05T14:35:02.206435Z  INFO ThreadId(10) pipeline{execution_id=b75e889a-342a-4062-9bdf-98087da69726 chain_id=42161 from_address=0x8b172F820629b14cEAF859A6e159d1BcD3291Fe1}: cortex::pipeline: pipeline completed elapsed_ms=4483
2026-04-05T14:35:02.208893Z  INFO ThreadId(08) pipeline{execution_id=7d6bcc89-7ec4-4d8e-b042-8894425b923d chain_id=1 from_address=0x8AfE43fF49EBd5c4B8Cd1497ee77b437dd1711fc}: cortex::pipeline: transaction confirmed on-chain elapsed_ms=4506 block_number=24814115 confirmations=3
2026-04-05T14:35:02.208928Z  INFO ThreadId(15) pipeline{execution_id=d84ddb20-13f0-4484-8b7b-fc5aa0e95cd9 chain_id=42161 from_address=0x2EAC739a1e05F4a05a5B8fD93D332c4353E5A7cD}: cortex::pipeline: transaction confirmed on-chain elapsed_ms=4486 block_number=449326581 confirmations=2
2026-04-05T14:35:02.208953Z  INFO ThreadId(08) pipeline{execution_id=7d6bcc89-7ec4-4d8e-b042-8894425b923d chain_id=1 from_address=0x8AfE43fF49EBd5c4B8Cd1497ee77b437dd1711fc}: cortex::pipeline: pipeline completed elapsed_ms=4506
2026-04-05T14:35:02.208967Z  INFO ThreadId(15) pipeline{execution_id=d84ddb20-13f0-4484-8b7b-fc5aa0e95cd9 chain_id=42161 from_address=0x2EAC739a1e05F4a05a5B8fD93D332c4353E5A7cD}: cortex::pipeline: pipeline completed elapsed_ms=4486
2026-04-05T14:35:02.212552Z  INFO ThreadId(15) pipeline{execution_id=b3510c62-f047-48a2-ac87-189c347904a0 chain_id=1 from_address=0xfea6645D31443cF7Cf96eF1dB7823EB9365f98bf}: cortex::pipeline: transaction confirmed on-chain elapsed_ms=4509 block_number=24814115 confirmations=3
2026-04-05T14:35:02.212627Z  INFO ThreadId(15) pipeline{execution_id=b3510c62-f047-48a2-ac87-189c347904a0 chain_id=1 from_address=0xfea6645D31443cF7Cf96eF1dB7823EB9365f98bf}: cortex::pipeline: pipeline completed elapsed_ms=4509
2026-04-05T14:35:02.213289Z  INFO ThreadId(10) pipeline{execution_id=fb221eca-a942-4aa0-8276-1ed62961711a chain_id=42161 from_address=0xfea6645D31443cF7Cf96eF1dB7823EB9365f98bf}: cortex::pipeline: transaction confirmed on-chain elapsed_ms=4490 block_number=449326574 confirmations=3
2026-04-05T14:35:02.213355Z  INFO ThreadId(10) pipeline{execution_id=fb221eca-a942-4aa0-8276-1ed62961711a chain_id=42161 from_address=0xfea6645D31443cF7Cf96eF1dB7823EB9365f98bf}: cortex::pipeline: pipeline completed elapsed_ms=4491
2026-04-05T14:35:02.215290Z  INFO ThreadId(10) pipeline{execution_id=d8cf2439-e50e-47e4-985d-a939a5b0ad45 chain_id=1 from_address=0x8AfE43fF49EBd5c4B8Cd1497ee77b437dd1711fc}: cortex::pipeline: transaction confirmed on-chain elapsed_ms=4512 block_number=24814115 confirmations=3
2026-04-05T14:35:02.215294Z  INFO ThreadId(03) pipeline{execution_id=377f3c3c-db01-41b4-9259-bd05911b6d63 chain_id=42161 from_address=0xCFA80F1f22b0AD533F7d8e2CcC0A783aa4BCaFF3}: cortex::pipeline: transaction confirmed on-chain elapsed_ms=4493 block_number=449326581 confirmations=2
2026-04-05T14:35:02.215366Z  INFO ThreadId(10) pipeline{execution_id=d8cf2439-e50e-47e4-985d-a939a5b0ad45 chain_id=1 from_address=0x8AfE43fF49EBd5c4B8Cd1497ee77b437dd1711fc}: cortex::pipeline: pipeline completed elapsed_ms=4512
2026-04-05T14:35:02.215528Z  INFO ThreadId(03) pipeline{execution_id=377f3c3c-db01-41b4-9259-bd05911b6d63 chain_id=42161 from_address=0xCFA80F1f22b0AD533F7d8e2CcC0A783aa4BCaFF3}: cortex::pipeline: pipeline completed elapsed_ms=4493
2026-04-05T14:35:02.217757Z  INFO ThreadId(15) pipeline{execution_id=aac7c9a3-e4b7-4e0e-9367-bfa64002a6c4 chain_id=42161 from_address=0x8AfE43fF49EBd5c4B8Cd1497ee77b437dd1711fc}: cortex::pipeline: transaction confirmed on-chain elapsed_ms=4495 block_number=449326574 confirmations=3
2026-04-05T14:35:02.217814Z  INFO ThreadId(15) pipeline{execution_id=aac7c9a3-e4b7-4e0e-9367-bfa64002a6c4 chain_id=42161 from_address=0x8AfE43fF49EBd5c4B8Cd1497ee77b437dd1711fc}: cortex::pipeline: pipeline completed elapsed_ms=4495
2026-04-05T14:35:02.217825Z  INFO ThreadId(08) pipeline{execution_id=74c8d672-f0b4-459b-b7ae-5a014fc43d93 chain_id=1 from_address=0xCFA80F1f22b0AD533F7d8e2CcC0A783aa4BCaFF3}: cortex::pipeline: transaction confirmed on-chain elapsed_ms=4514 block_number=24814114 confirmations=3
2026-04-05T14:35:02.217861Z  INFO ThreadId(08) pipeline{execution_id=74c8d672-f0b4-459b-b7ae-5a014fc43d93 chain_id=1 from_address=0xCFA80F1f22b0AD533F7d8e2CcC0A783aa4BCaFF3}: cortex::pipeline: pipeline completed elapsed_ms=4514
2026-04-05T14:35:02.220535Z  INFO ThreadId(08) pipeline{execution_id=a36eed8f-e6b3-4f33-825a-41364eb2520b chain_id=1 from_address=0x2EAC739a1e05F4a05a5B8fD93D332c4353E5A7cD}: cortex::pipeline: transaction confirmed on-chain elapsed_ms=4517 block_number=24814114 confirmations=3
2026-04-05T14:35:02.220599Z  INFO ThreadId(08) pipeline{execution_id=a36eed8f-e6b3-4f33-825a-41364eb2520b chain_id=1 from_address=0x2EAC739a1e05F4a05a5B8fD93D332c4353E5A7cD}: cortex::pipeline: pipeline completed elapsed_ms=4517
2026-04-05T14:35:02.220640Z  INFO ThreadId(15) pipeline{execution_id=c5a0277d-3ffc-4076-bb80-cad0d67398bf chain_id=42161 from_address=0x8AfE43fF49EBd5c4B8Cd1497ee77b437dd1711fc}: cortex::pipeline: transaction confirmed on-chain elapsed_ms=4497 block_number=449326574 confirmations=3
2026-04-05T14:35:02.220685Z  INFO ThreadId(15) pipeline{execution_id=c5a0277d-3ffc-4076-bb80-cad0d67398bf chain_id=42161 from_address=0x8AfE43fF49EBd5c4B8Cd1497ee77b437dd1711fc}: cortex::pipeline: pipeline completed elapsed_ms=4497
2026-04-05T14:35:02.222952Z  INFO ThreadId(10) pipeline{execution_id=e9a27149-ac87-4fcf-8482-f885337e0244 chain_id=42161 from_address=0xfea6645D31443cF7Cf96eF1dB7823EB9365f98bf}: cortex::pipeline: transaction confirmed on-chain elapsed_ms=4499 block_number=449326574 confirmations=3
2026-04-05T14:35:02.222987Z  INFO ThreadId(08) pipeline{execution_id=8769c0ed-e05b-44f1-bfab-c0fc93cb227f chain_id=1 from_address=0xCFA80F1f22b0AD533F7d8e2CcC0A783aa4BCaFF3}: cortex::pipeline: transaction confirmed on-chain elapsed_ms=4519 block_number=24814114 confirmations=3
2026-04-05T14:35:02.223005Z  INFO ThreadId(10) pipeline{execution_id=e9a27149-ac87-4fcf-8482-f885337e0244 chain_id=42161 from_address=0xfea6645D31443cF7Cf96eF1dB7823EB9365f98bf}: cortex::pipeline: pipeline completed elapsed_ms=4499
2026-04-05T14:35:02.223025Z  INFO ThreadId(08) pipeline{execution_id=8769c0ed-e05b-44f1-bfab-c0fc93cb227f chain_id=1 from_address=0xCFA80F1f22b0AD533F7d8e2CcC0A783aa4BCaFF3}: cortex::pipeline: pipeline completed elapsed_ms=4519
2026-04-05T14:35:02.224988Z  INFO ThreadId(08) pipeline{execution_id=41228874-545d-4d04-a3b8-14b1dab76e8a chain_id=1 from_address=0x2EAC739a1e05F4a05a5B8fD93D332c4353E5A7cD}: cortex::pipeline: transaction confirmed on-chain elapsed_ms=4521 block_number=24814114 confirmations=3
2026-04-05T14:35:02.225047Z  INFO ThreadId(08) pipeline{execution_id=41228874-545d-4d04-a3b8-14b1dab76e8a chain_id=1 from_address=0x2EAC739a1e05F4a05a5B8fD93D332c4353E5A7cD}: cortex::pipeline: pipeline completed elapsed_ms=4521
2026-04-05T14:35:02.227097Z  INFO ThreadId(03) pipeline{execution_id=15034379-f674-4ea2-92fc-c78185be6b36 chain_id=1 from_address=0x2EAC739a1e05F4a05a5B8fD93D332c4353E5A7cD}: cortex::pipeline: transaction confirmed on-chain elapsed_ms=4506 block_number=24814114 confirmations=3
2026-04-05T14:35:02.227147Z  INFO ThreadId(03) pipeline{execution_id=15034379-f674-4ea2-92fc-c78185be6b36 chain_id=1 from_address=0x2EAC739a1e05F4a05a5B8fD93D332c4353E5A7cD}: cortex::pipeline: pipeline completed elapsed_ms=4506
2026-04-05T14:35:02.230075Z  INFO ThreadId(03) pipeline{execution_id=08fe1700-5060-44e7-b7de-552cc659f494 chain_id=1 from_address=0xfea6645D31443cF7Cf96eF1dB7823EB9365f98bf}: cortex::pipeline: transaction confirmed on-chain elapsed_ms=4509 block_number=24814115 confirmations=3
2026-04-05T14:35:02.230236Z  INFO ThreadId(03) pipeline{execution_id=08fe1700-5060-44e7-b7de-552cc659f494 chain_id=1 from_address=0xfea6645D31443cF7Cf96eF1dB7823EB9365f98bf}: cortex::pipeline: pipeline completed elapsed_ms=4509
2026-04-05T14:35:02.232389Z  INFO ThreadId(06) pipeline{execution_id=2f80cd87-4e64-4762-98ac-dbf5c16e73ca chain_id=1 from_address=0x2EAC739a1e05F4a05a5B8fD93D332c4353E5A7cD}: cortex::pipeline: transaction confirmed on-chain elapsed_ms=4511 block_number=24814114 confirmations=3
2026-04-05T14:35:02.232456Z  INFO ThreadId(06) pipeline{execution_id=2f80cd87-4e64-4762-98ac-dbf5c16e73ca chain_id=1 from_address=0x2EAC739a1e05F4a05a5B8fD93D332c4353E5A7cD}: cortex::pipeline: pipeline completed elapsed_ms=4511
2026-04-05T14:35:02.234746Z  INFO ThreadId(06) pipeline{execution_id=75862d83-4f65-439e-8829-ad32055d0b61 chain_id=1 from_address=0xCFA80F1f22b0AD533F7d8e2CcC0A783aa4BCaFF3}: cortex::pipeline: transaction confirmed on-chain elapsed_ms=4514 block_number=24814114 confirmations=3
2026-04-05T14:35:02.234808Z  INFO ThreadId(06) pipeline{execution_id=75862d83-4f65-439e-8829-ad32055d0b61 chain_id=1 from_address=0xCFA80F1f22b0AD533F7d8e2CcC0A783aa4BCaFF3}: cortex::pipeline: pipeline completed elapsed_ms=4514
2026-04-05T14:35:02.237590Z  INFO ThreadId(08) pipeline{execution_id=4b498b1f-bcf5-41d3-a4e6-4d6127f8e68a chain_id=1 from_address=0xCFA80F1f22b0AD533F7d8e2CcC0A783aa4BCaFF3}: cortex::pipeline: transaction confirmed on-chain elapsed_ms=4516 block_number=24814114 confirmations=3
2026-04-05T14:35:02.237660Z  INFO ThreadId(08) pipeline{execution_id=4b498b1f-bcf5-41d3-a4e6-4d6127f8e68a chain_id=1 from_address=0xCFA80F1f22b0AD533F7d8e2CcC0A783aa4BCaFF3}: cortex::pipeline: pipeline completed elapsed_ms=4516
2026-04-05T14:35:02.240417Z  INFO ThreadId(10) pipeline{execution_id=eb0fa17d-127a-45a4-a5fa-07f49bd6f076 chain_id=1 from_address=0xCFA80F1f22b0AD533F7d8e2CcC0A783aa4BCaFF3}: cortex::pipeline: transaction confirmed on-chain elapsed_ms=4519 block_number=24814114 confirmations=3
2026-04-05T14:35:02.240484Z  INFO ThreadId(10) pipeline{execution_id=eb0fa17d-127a-45a4-a5fa-07f49bd6f076 chain_id=1 from_address=0xCFA80F1f22b0AD533F7d8e2CcC0A783aa4BCaFF3}: cortex::pipeline: pipeline completed elapsed_ms=4519
2026-04-05T14:35:02.242567Z  INFO ThreadId(08) pipeline{execution_id=b428cc32-9ab7-4dbb-bc50-f8ffd8b33d15 chain_id=1 from_address=0xfea6645D31443cF7Cf96eF1dB7823EB9365f98bf}: cortex::pipeline: transaction confirmed on-chain elapsed_ms=4521 block_number=24814115 confirmations=3
2026-04-05T14:35:02.242627Z  INFO ThreadId(08) pipeline{execution_id=b428cc32-9ab7-4dbb-bc50-f8ffd8b33d15 chain_id=1 from_address=0xfea6645D31443cF7Cf96eF1dB7823EB9365f98bf}: cortex::pipeline: pipeline completed elapsed_ms=4521
2026-04-05T14:35:02.244936Z  INFO ThreadId(08) pipeline{execution_id=29cd1180-2bf0-4491-869b-bc6ba2527e5b chain_id=1 from_address=0xCFA80F1f22b0AD533F7d8e2CcC0A783aa4BCaFF3}: cortex::pipeline: transaction confirmed on-chain elapsed_ms=4523 block_number=24814114 confirmations=3
2026-04-05T14:35:02.245000Z  INFO ThreadId(08) pipeline{execution_id=29cd1180-2bf0-4491-869b-bc6ba2527e5b chain_id=1 from_address=0xCFA80F1f22b0AD533F7d8e2CcC0A783aa4BCaFF3}: cortex::pipeline: pipeline completed elapsed_ms=4523
2026-04-05T14:35:02.247186Z  INFO ThreadId(06) pipeline{execution_id=0a278dd8-bb1f-4c08-8dfb-e0551d4f540c chain_id=1 from_address=0x2EAC739a1e05F4a05a5B8fD93D332c4353E5A7cD}: cortex::pipeline: transaction confirmed on-chain elapsed_ms=4526 block_number=24814114 confirmations=3
2026-04-05T14:35:02.247249Z  INFO ThreadId(06) pipeline{execution_id=0a278dd8-bb1f-4c08-8dfb-e0551d4f540c chain_id=1 from_address=0x2EAC739a1e05F4a05a5B8fD93D332c4353E5A7cD}: cortex::pipeline: pipeline completed elapsed_ms=4526
2026-04-05T14:35:02.249743Z  INFO ThreadId(08) pipeline{execution_id=51697497-9afb-4bed-8066-ce2a98bbae6b chain_id=1 from_address=0x8AfE43fF49EBd5c4B8Cd1497ee77b437dd1711fc}: cortex::pipeline: transaction confirmed on-chain elapsed_ms=4528 block_number=24814115 confirmations=3
2026-04-05T14:35:02.249805Z  INFO ThreadId(08) pipeline{execution_id=51697497-9afb-4bed-8066-ce2a98bbae6b chain_id=1 from_address=0x8AfE43fF49EBd5c4B8Cd1497ee77b437dd1711fc}: cortex::pipeline: pipeline completed elapsed_ms=4528
2026-04-05T14:35:02.251959Z  INFO ThreadId(03) pipeline{execution_id=972eba48-fdc0-44fc-b3fb-6e99a049657d chain_id=1 from_address=0xCFA80F1f22b0AD533F7d8e2CcC0A783aa4BCaFF3}: cortex::pipeline: transaction confirmed on-chain elapsed_ms=4530 block_number=24814114 confirmations=3
2026-04-05T14:35:02.252014Z  INFO ThreadId(03) pipeline{execution_id=972eba48-fdc0-44fc-b3fb-6e99a049657d chain_id=1 from_address=0xCFA80F1f22b0AD533F7d8e2CcC0A783aa4BCaFF3}: cortex::pipeline: pipeline completed elapsed_ms=4530
2026-04-05T14:35:02.254163Z  INFO ThreadId(03) pipeline{execution_id=bec3213c-5788-49dc-b25e-a5a968d43525 chain_id=1 from_address=0xCFA80F1f22b0AD533F7d8e2CcC0A783aa4BCaFF3}: cortex::pipeline: transaction confirmed on-chain elapsed_ms=4533 block_number=24814114 confirmations=3
2026-04-05T14:35:02.254217Z  INFO ThreadId(03) pipeline{execution_id=bec3213c-5788-49dc-b25e-a5a968d43525 chain_id=1 from_address=0xCFA80F1f22b0AD533F7d8e2CcC0A783aa4BCaFF3}: cortex::pipeline: pipeline completed elapsed_ms=4533
2026-04-05T14:35:02.256174Z  INFO ThreadId(03) pipeline{execution_id=b15222ea-dd09-49d2-8c5a-f7562e0a662d chain_id=1 from_address=0x2EAC739a1e05F4a05a5B8fD93D332c4353E5A7cD}: cortex::pipeline: transaction confirmed on-chain elapsed_ms=4534 block_number=24814114 confirmations=3
2026-04-05T14:35:02.256215Z  INFO ThreadId(03) pipeline{execution_id=b15222ea-dd09-49d2-8c5a-f7562e0a662d chain_id=1 from_address=0x2EAC739a1e05F4a05a5B8fD93D332c4353E5A7cD}: cortex::pipeline: pipeline completed elapsed_ms=4534
2026-04-05T14:35:02.258125Z  INFO ThreadId(03) pipeline{execution_id=409d45c8-72f9-4fbb-a0a1-72c453b34384 chain_id=1 from_address=0xCFA80F1f22b0AD533F7d8e2CcC0A783aa4BCaFF3}: cortex::pipeline: transaction confirmed on-chain elapsed_ms=4536 block_number=24814114 confirmations=3
2026-04-05T14:35:02.258179Z  INFO ThreadId(03) pipeline{execution_id=409d45c8-72f9-4fbb-a0a1-72c453b34384 chain_id=1 from_address=0xCFA80F1f22b0AD533F7d8e2CcC0A783aa4BCaFF3}: cortex::pipeline: pipeline completed elapsed_ms=4536
2026-04-05T14:35:02.260012Z  INFO ThreadId(06) pipeline{execution_id=3209efef-4e14-4a5e-ab67-015da9109311 chain_id=1 from_address=0xfea6645D31443cF7Cf96eF1dB7823EB9365f98bf}: cortex::pipeline: transaction confirmed on-chain elapsed_ms=4538 block_number=24814115 confirmations=3
2026-04-05T14:35:02.260083Z  INFO ThreadId(06) pipeline{execution_id=3209efef-4e14-4a5e-ab67-015da9109311 chain_id=1 from_address=0xfea6645D31443cF7Cf96eF1dB7823EB9365f98bf}: cortex::pipeline: pipeline completed elapsed_ms=4538
2026-04-05T14:35:02.262699Z  INFO ThreadId(03) pipeline{execution_id=47628575-eb6d-40e6-a0bf-f6a9220ccc8f chain_id=1 from_address=0xCFA80F1f22b0AD533F7d8e2CcC0A783aa4BCaFF3}: cortex::pipeline: transaction confirmed on-chain elapsed_ms=4541 block_number=24814114 confirmations=3
2026-04-05T14:35:02.262752Z  INFO ThreadId(03) pipeline{execution_id=47628575-eb6d-40e6-a0bf-f6a9220ccc8f chain_id=1 from_address=0xCFA80F1f22b0AD533F7d8e2CcC0A783aa4BCaFF3}: cortex::pipeline: pipeline completed elapsed_ms=4541
2026-04-05T14:35:02.264772Z  INFO ThreadId(06) pipeline{execution_id=26175ddc-003b-449c-bea7-395618259d46 chain_id=1 from_address=0x8b172F820629b14cEAF859A6e159d1BcD3291Fe1}: cortex::pipeline: transaction confirmed on-chain elapsed_ms=4543 block_number=24814116 confirmations=3
2026-04-05T14:35:02.264815Z  INFO ThreadId(06) pipeline{execution_id=26175ddc-003b-449c-bea7-395618259d46 chain_id=1 from_address=0x8b172F820629b14cEAF859A6e159d1BcD3291Fe1}: cortex::pipeline: pipeline completed elapsed_ms=4543
2026-04-05T14:35:02.266833Z  INFO ThreadId(03) pipeline{execution_id=41a7fcad-f85b-41a5-9559-386dc65d0228 chain_id=1 from_address=0x2EAC739a1e05F4a05a5B8fD93D332c4353E5A7cD}: cortex::pipeline: transaction confirmed on-chain elapsed_ms=4545 block_number=24814114 confirmations=3
2026-04-05T14:35:02.266889Z  INFO ThreadId(03) pipeline{execution_id=41a7fcad-f85b-41a5-9559-386dc65d0228 chain_id=1 from_address=0x2EAC739a1e05F4a05a5B8fD93D332c4353E5A7cD}: cortex::pipeline: pipeline completed elapsed_ms=4545
2026-04-05T14:35:02.269158Z  INFO ThreadId(08) pipeline{execution_id=48bfd117-5930-4ae0-9290-7b84a49d23f9 chain_id=1 from_address=0xfea6645D31443cF7Cf96eF1dB7823EB9365f98bf}: cortex::pipeline: transaction confirmed on-chain elapsed_ms=4548 block_number=24814115 confirmations=3
2026-04-05T14:35:02.269216Z  INFO ThreadId(08) pipeline{execution_id=48bfd117-5930-4ae0-9290-7b84a49d23f9 chain_id=1 from_address=0xfea6645D31443cF7Cf96eF1dB7823EB9365f98bf}: cortex::pipeline: pipeline completed elapsed_ms=4548
2026-04-05T14:35:02.271516Z  INFO ThreadId(10) pipeline{execution_id=0d1cc793-adb6-4ec2-a3fc-efe5779d7326 chain_id=1 from_address=0x8AfE43fF49EBd5c4B8Cd1497ee77b437dd1711fc}: cortex::pipeline: transaction confirmed on-chain elapsed_ms=4549 block_number=24814115 confirmations=3
2026-04-05T14:35:02.271570Z  INFO ThreadId(10) pipeline{execution_id=0d1cc793-adb6-4ec2-a3fc-efe5779d7326 chain_id=1 from_address=0x8AfE43fF49EBd5c4B8Cd1497ee77b437dd1711fc}: cortex::pipeline: pipeline completed elapsed_ms=4549
2026-04-05T14:35:02.273652Z  INFO ThreadId(08) pipeline{execution_id=34dc995f-1fd8-478c-ba6b-6ffe89e45de2 chain_id=1 from_address=0xfea6645D31443cF7Cf96eF1dB7823EB9365f98bf}: cortex::pipeline: transaction confirmed on-chain elapsed_ms=4551 block_number=24814115 confirmations=3
2026-04-05T14:35:02.273710Z  INFO ThreadId(08) pipeline{execution_id=34dc995f-1fd8-478c-ba6b-6ffe89e45de2 chain_id=1 from_address=0xfea6645D31443cF7Cf96eF1dB7823EB9365f98bf}: cortex::pipeline: pipeline completed elapsed_ms=4551
2026-04-05T14:35:02.275975Z  INFO ThreadId(10) pipeline{execution_id=b6fd56c9-5c0d-4c6e-a659-ffcbe7961aff chain_id=1 from_address=0x8AfE43fF49EBd5c4B8Cd1497ee77b437dd1711fc}: cortex::pipeline: transaction confirmed on-chain elapsed_ms=4553 block_number=24814115 confirmations=3
2026-04-05T14:35:02.276026Z  INFO ThreadId(10) pipeline{execution_id=b6fd56c9-5c0d-4c6e-a659-ffcbe7961aff chain_id=1 from_address=0x8AfE43fF49EBd5c4B8Cd1497ee77b437dd1711fc}: cortex::pipeline: pipeline completed elapsed_ms=4553
2026-04-05T14:35:02.277699Z  INFO ThreadId(08) pipeline{execution_id=6202e46d-c208-43dd-87c9-f55b2afb9ec8 chain_id=1 from_address=0x8b172F820629b14cEAF859A6e159d1BcD3291Fe1}: cortex::pipeline: transaction confirmed on-chain elapsed_ms=4555 block_number=24814116 confirmations=3
2026-04-05T14:35:02.277732Z  INFO ThreadId(08) pipeline{execution_id=6202e46d-c208-43dd-87c9-f55b2afb9ec8 chain_id=1 from_address=0x8b172F820629b14cEAF859A6e159d1BcD3291Fe1}: cortex::pipeline: pipeline completed elapsed_ms=4555
2026-04-05T14:35:02.279168Z  INFO ThreadId(03) pipeline{execution_id=9a776693-8856-4dd6-8423-e693af90c962 chain_id=1 from_address=0x2EAC739a1e05F4a05a5B8fD93D332c4353E5A7cD}: cortex::pipeline: transaction confirmed on-chain elapsed_ms=4556 block_number=24814114 confirmations=3
2026-04-05T14:35:02.279212Z  INFO ThreadId(03) pipeline{execution_id=9a776693-8856-4dd6-8423-e693af90c962 chain_id=1 from_address=0x2EAC739a1e05F4a05a5B8fD93D332c4353E5A7cD}: cortex::pipeline: pipeline completed elapsed_ms=4556
2026-04-05T14:35:02.280665Z  INFO ThreadId(08) pipeline{execution_id=ff0a2d75-1597-4e24-9620-ad81326fd8a1 chain_id=1 from_address=0x8AfE43fF49EBd5c4B8Cd1497ee77b437dd1711fc}: cortex::pipeline: transaction confirmed on-chain elapsed_ms=4558 block_number=24814115 confirmations=3
2026-04-05T14:35:02.280712Z  INFO ThreadId(08) pipeline{execution_id=ff0a2d75-1597-4e24-9620-ad81326fd8a1 chain_id=1 from_address=0x8AfE43fF49EBd5c4B8Cd1497ee77b437dd1711fc}: cortex::pipeline: pipeline completed elapsed_ms=4558
2026-04-05T14:35:02.282494Z  INFO ThreadId(08) pipeline{execution_id=91984427-6a50-4d41-8d5e-401715bde02e chain_id=1 from_address=0xfea6645D31443cF7Cf96eF1dB7823EB9365f98bf}: cortex::pipeline: transaction confirmed on-chain elapsed_ms=4560 block_number=24814115 confirmations=3
2026-04-05T14:35:02.282540Z  INFO ThreadId(08) pipeline{execution_id=91984427-6a50-4d41-8d5e-401715bde02e chain_id=1 from_address=0xfea6645D31443cF7Cf96eF1dB7823EB9365f98bf}: cortex::pipeline: pipeline completed elapsed_ms=4560
2026-04-05T14:35:02.284070Z  INFO ThreadId(10) pipeline{execution_id=e8b81c23-4d19-4f0f-b442-a516e5f90ced chain_id=1 from_address=0xCFA80F1f22b0AD533F7d8e2CcC0A783aa4BCaFF3}: cortex::pipeline: transaction confirmed on-chain elapsed_ms=4561 block_number=24814114 confirmations=3
2026-04-05T14:35:02.284108Z  INFO ThreadId(10) pipeline{execution_id=e8b81c23-4d19-4f0f-b442-a516e5f90ced chain_id=1 from_address=0xCFA80F1f22b0AD533F7d8e2CcC0A783aa4BCaFF3}: cortex::pipeline: pipeline completed elapsed_ms=4561
2026-04-05T14:35:02.285533Z  INFO ThreadId(03) pipeline{execution_id=85220360-1959-4522-8509-af2fb5f90796 chain_id=1 from_address=0xCFA80F1f22b0AD533F7d8e2CcC0A783aa4BCaFF3}: cortex::pipeline: transaction confirmed on-chain elapsed_ms=4563 block_number=24814114 confirmations=3
2026-04-05T14:35:02.285566Z  INFO ThreadId(03) pipeline{execution_id=85220360-1959-4522-8509-af2fb5f90796 chain_id=1 from_address=0xCFA80F1f22b0AD533F7d8e2CcC0A783aa4BCaFF3}: cortex::pipeline: pipeline completed elapsed_ms=4563
2026-04-05T14:35:02.286695Z  INFO ThreadId(03) pipeline{execution_id=5e4765e9-2468-424d-acee-5c153424d899 chain_id=1 from_address=0x8b172F820629b14cEAF859A6e159d1BcD3291Fe1}: cortex::pipeline: transaction confirmed on-chain elapsed_ms=4564 block_number=24814116 confirmations=3
2026-04-05T14:35:02.286733Z  INFO ThreadId(03) pipeline{execution_id=5e4765e9-2468-424d-acee-5c153424d899 chain_id=1 from_address=0x8b172F820629b14cEAF859A6e159d1BcD3291Fe1}: cortex::pipeline: pipeline completed elapsed_ms=4564
2026-04-05T14:35:02.288150Z  INFO ThreadId(03) pipeline{execution_id=886b1494-79ec-48f8-86c3-ebbb436ebcce chain_id=1 from_address=0xfea6645D31443cF7Cf96eF1dB7823EB9365f98bf}: cortex::pipeline: transaction confirmed on-chain elapsed_ms=4565 block_number=24814115 confirmations=3
2026-04-05T14:35:02.288190Z  INFO ThreadId(03) pipeline{execution_id=886b1494-79ec-48f8-86c3-ebbb436ebcce chain_id=1 from_address=0xfea6645D31443cF7Cf96eF1dB7823EB9365f98bf}: cortex::pipeline: pipeline completed elapsed_ms=4565
2026-04-05T14:35:02.289766Z  INFO ThreadId(06) pipeline{execution_id=ff0cafa3-089e-425f-b118-74ed98185420 chain_id=1 from_address=0x8AfE43fF49EBd5c4B8Cd1497ee77b437dd1711fc}: cortex::pipeline: transaction confirmed on-chain elapsed_ms=4566 block_number=24814115 confirmations=3
2026-04-05T14:35:02.289805Z  INFO ThreadId(06) pipeline{execution_id=ff0cafa3-089e-425f-b118-74ed98185420 chain_id=1 from_address=0x8AfE43fF49EBd5c4B8Cd1497ee77b437dd1711fc}: cortex::pipeline: pipeline completed elapsed_ms=4566
2026-04-05T14:35:02.291241Z  INFO ThreadId(03) pipeline{execution_id=6d689104-d0af-49f7-a25c-148d0b0a4e8c chain_id=1 from_address=0x8b172F820629b14cEAF859A6e159d1BcD3291Fe1}: cortex::pipeline: transaction confirmed on-chain elapsed_ms=4568 block_number=24814116 confirmations=3
2026-04-05T14:35:02.291269Z  INFO ThreadId(03) pipeline{execution_id=6d689104-d0af-49f7-a25c-148d0b0a4e8c chain_id=1 from_address=0x8b172F820629b14cEAF859A6e159d1BcD3291Fe1}: cortex::pipeline: pipeline completed elapsed_ms=4568
2026-04-05T14:35:02.292695Z  INFO ThreadId(08) pipeline{execution_id=471e7a1d-45f6-43e0-8991-774557aa823c chain_id=1 from_address=0x8b172F820629b14cEAF859A6e159d1BcD3291Fe1}: cortex::pipeline: transaction confirmed on-chain elapsed_ms=4569 block_number=24814116 confirmations=3
2026-04-05T14:35:02.292729Z  INFO ThreadId(08) pipeline{execution_id=471e7a1d-45f6-43e0-8991-774557aa823c chain_id=1 from_address=0x8b172F820629b14cEAF859A6e159d1BcD3291Fe1}: cortex::pipeline: pipeline completed elapsed_ms=4569
2026-04-05T14:35:02.293940Z  INFO ThreadId(08) pipeline{execution_id=beec67a6-525a-413e-8800-e83f39bb60b0 chain_id=1 from_address=0xfea6645D31443cF7Cf96eF1dB7823EB9365f98bf}: cortex::pipeline: transaction confirmed on-chain elapsed_ms=4570 block_number=24814115 confirmations=3
2026-04-05T14:35:02.293962Z  INFO ThreadId(08) pipeline{execution_id=beec67a6-525a-413e-8800-e83f39bb60b0 chain_id=1 from_address=0xfea6645D31443cF7Cf96eF1dB7823EB9365f98bf}: cortex::pipeline: pipeline completed elapsed_ms=4570
2026-04-05T14:35:02.294969Z  INFO ThreadId(06) pipeline{execution_id=1fbdeb63-b9a5-4514-87d2-bb51d1ce31e9 chain_id=1 from_address=0xfea6645D31443cF7Cf96eF1dB7823EB9365f98bf}: cortex::pipeline: transaction confirmed on-chain elapsed_ms=4571 block_number=24814115 confirmations=3
2026-04-05T14:35:02.294992Z  INFO ThreadId(06) pipeline{execution_id=1fbdeb63-b9a5-4514-87d2-bb51d1ce31e9 chain_id=1 from_address=0xfea6645D31443cF7Cf96eF1dB7823EB9365f98bf}: cortex::pipeline: pipeline completed elapsed_ms=4571
2026-04-05T14:35:02.778505Z  INFO ThreadId(02) pipeline: ╔══════════════════════════════════════════════════════════════╗
2026-04-05T14:35:02.778578Z  INFO ThreadId(02) pipeline: ║           HEALTHY PATH TEST - RESULTS REPORT                 ║
2026-04-05T14:35:02.778601Z  INFO ThreadId(02) pipeline: ╠══════════════════════════════════════════════════════════════╣
2026-04-05T14:35:02.778618Z  INFO ThreadId(02) pipeline: ║ Total Transactions:                                      500 ║
2026-04-05T14:35:02.778636Z  INFO ThreadId(02) pipeline: ║ Successful:                                              500 ║
2026-04-05T14:35:02.778653Z  INFO ThreadId(02) pipeline: ║ Failed:                                                    0 ║
2026-04-05T14:35:02.778687Z  INFO ThreadId(02) pipeline: ║ Success Rate:                                        100.00% ║
2026-04-05T14:35:02.778710Z  INFO ThreadId(02) pipeline: ╚══════════════════════════════════════════════════════════════╝
2026-04-05T14:35:02.778728Z  INFO ThreadId(02) pipeline: 
 SUCCESS RATE: 100.00%
